date,time,source_url,heading,description
2019-01-15,08:00:00 UTC,https://www.wired.com/story/nike-adapt-bb-sneaker/,Nike's New Self-Lacing Basketball Shoe Is Actually Smart,"The Adapt BB isn't just an impressive riff on a sci-fi dream—it's a lightweight, NBA-ready kick that's ushering in a new age of smart footwear."
2019-01-16,19:51:32 UTC,https://qz.com/quartzy/1524594/nikes-new-adapt-bb-sneakers-to-be-worn-by-nba-player-jayson-tatum,Nike’s new $350 “smart” shoe is its most unusual sneaker yet,"All around you could hear the motors going, a slight mechanical wheeze announcing the tightening or loosening of sneakers. It was constantly in the..."
2019-01-23,08:00:00 UTC,https://investorplace.com/2019/01/is-nike-stock-attractive-after-analysts-upgrade/,Is Nike Stock Attractive After Analyst’s Upgrade?,"On Tuesday, athletic apparel maker Nike Inc. (NYSE:NKE) got a vote of confidence from Cowen,as the firm upgraded the retailer to Outperform from Market..."
2019-01-25,08:00:00 UTC,https://www.bloomberg.com/news/articles/2019-01-25/nike-lands-major-league-baseball-jersey-rights-in-10-year-deal,Nike Lands Major League Baseball Jersey Rights in 10-Year Deal,"Nike Inc. will be the next jersey supplier for Major League Baseball, a licensing deal originally awarded to rival Under Armour Inc. in 2016."
2019-01-31,08:00:00 UTC,https://africa.businessinsider.com/a-popular-nike-sneaker-is-facing-backlash-from-muslims-who-say-its-logo-looks-like/n1k0587,A popular Nike sneaker is facing backlash from Muslims who say its logo looks like the Arabic script for 'Allah' (NKE),"""It is outrageous and appalling of Nike to allow the name of God on a shoe,"" the petition reads. ""This is disrespectful and extremely offensive to Muslims and..."
2019-02-21,08:00:00 UTC,https://africa.businessinsider.com/nike-shares-slide-in-pre-market-trading-after-zion-williamsons-sneaker-malfunction/fsrmx1w,Nike shares slide in pre-market trading after Zion Williamson's sneaker malfunction (NKE),Shares in sportswear giant Nike are sliding in pre-market trading Thursday after a star college athlete was injured when his sneaker malfunctioned during a...
2019-02-21,08:00:00 UTC,https://www.foxbusiness.com/features/zion-williamsons-shoe-split-puts-nikes-brand-in-the-spotlight,Zion Williamson's shoe split puts Nike's brand in spotlight,Duke University is not the only one reeling after its big loss in Wednesday's marquee matchup with North Carolina -- Nike's brand legacy could be on the...
2019-02-21,08:00:00 UTC,https://www.theglobeandmail.com/business/international-business/us-business/article-nike-shares-slip-after-duke-basketball-star-zion-williamsons-sneaker/,Nike shares slip after Duke basketball star Zion Williamson’s sneaker rips,"Williamson was wearing the Nike PG 2.5 basketball shoe when he was injured, according to ESPN."
2019-02-25,08:00:00 UTC,https://www.bizjournals.com/bizwomen/news/latest-news/2019/02/serena-williams-embraces-crazy-in-new-nike-ad.html,Serena Williams embraces 'crazy' in new Nike ad,Nike debuted a commercial narrated by Serena Williams during the Academy Awards ceremony highlighting elite female athletes from the past and present and...
2019-03-03,08:00:00 UTC,https://finance.yahoo.com/news/better-buy-disney-vs-nike-190300314.html,Better Buy: Disney vs. Nike,"Walt Disney (NYSE: DIS) and Nike (NYSE: NKE) are two of the biggest brands in the world. They're leaders in their respective industries, they're masters of..."
2019-03-11,07:00:00 UTC,https://www.businessinsider.com/nike-reveals-plan-women-world-cup-deal-2019-3,Nike Reveals Plan for Women's Wear and World Cup Deal,"Nike plans to focus on women in 2019. On Monday, the retail giant announced it will be sponsoring 14 national teams for the FIFA Women's World Cup this..."
2019-03-14,07:00:00 UTC,https://news.alphastreet.com/nike-q3-2019-earnings-preview/,"Earnings preview: Innovation, digital push to drive Nike’s Q3 growth","After surviving the challenges posed by adverse market conditions, sneaker maker Nike (NKE) will be publishing its third-quarter earnings on March 21 after..."
2019-03-21,07:00:00 UTC,https://finance.yahoo.com/news/nike-is-trading-like-zion-williamsons-shoe-never-exploded-204736249.html,Nike is trading like Zion Williamson’s shoe never exploded,Having one of your sneakers explode on TV in front of millions of people would spell doom for most companies. Not Nike.
2019-03-21,07:00:00 UTC,https://www.bloomberg.com/news/articles/2019-03-21/nike-expected-to-continue-near-perfect-string-of-earnings-beats,Nike Is Expected to Continue Near-Perfect String of Earnings Beats,"Nike Inc. has topped quarterly earnings estimates 93% of the time over the past 11 years, supporting a stock rally that's more than tripled the market since..."
2019-03-21,07:00:00 UTC,https://www.proactiveinvestors.co.uk/companies/news/216948/late-movers-investors-snack-on-apple-and-chip-stocks-nike-trips-on-3q-results-216948.html,LATE MOVERS: Investors snack on Apple and chip stocks; Nike trips on 3Q results,"Also making moves were Nike, Darden Restaurants, Micron and Conagra."
2019-03-21,07:00:00 UTC,https://www.wsj.com/articles/nike-posts-quarterly-sales-gain-says-growth-will-slow-11553207322,"Nike Posts Quarterly Sales Gain, Says Growth Will Slow",Nike Inc. NKE 0.49%increase; up pointing triangle said strong consumer demand in the U.S. and China helped the company sell more products at full price and...
2019-03-22,07:00:00 UTC,https://finance.yahoo.com/news/nike-pushes-sports-bra-as-it-hopes-to-boost-worldwide-sales-124450122.html,Nike pushes sports bras as it hopes to boost worldwide sales,Nike (NKE) is all in on sports bras. The sportswear king told Wall Street analysts on a conference call Thursday it will debut 40 new styles of sports bras...
2019-03-25,07:00:00 UTC,https://www.supplychaindive.com/news/Nike-lead-times-speed/551227/,"Nike reaps benefits of short lead times, RFID","Nike is reaping the benefits from years of effort to speed up its supply chain through the use of digital tools. In 2018, the company posted a 7% revenue..."
2019-03-27,21:27:56 UTC,https://qz.com/1580166/michael-avenatti-has-been-charged-with-trying-to-extort-nike,Michael Avenatti has been charged with trying to extort money from Nike,It was just after noon in New York when the controversial attorney Michael Avenatti announced on Twitter that he would reveal a major scandal involving Nike...
2019-04-07,07:00:00 UTC,https://www.fool.com/investing/2019/04/07/nike-is-building-a-massive-digital-advantage.aspx,Nike Is Building a Massive Digital Advantage,One of the impressive things about the performance of Nike (NKE -2.24%) in the third quarter of 2019 was the acceleration in footwear sales compared with...
2019-04-18,06:15:36 UTC,https://www.gurufocus.com/stock/NKE/summary,"Nike Inc (NKE) Stock Price, Trades & News","If so, how much? The Dividend Yield % of Nike Inc(NKE) is 4.58% (As of Today), Highest Dividend Payout Ratio of Nike Inc(NKE) was 0.78. The lowest was 0.28. And..."
2019-05-04,07:15:46 UTC,https://qz.com/india/1610385/decathlon-showrooms-give-nike-puma-adidas-the-jitters-in-india,"How a French sports gear retailer is making Adidas, Nike, and Puma sweat in India",Nikhil Deshpande is a huge football fan and even plays seven-a-side matches every week. But that didn't prepare him for what a sportswear store did to sweep...
2019-05-09,07:00:00 UTC,https://www.businessinsider.com/nike-foot-scanning-technology-perfect-shoe-size-2019-5,Nike reveals a new form of tech to find shoppers' perfect shoe size,"The new technology, known as Nike Fit, will be rolled out in the US in July."
2019-05-13,07:00:00 UTC,https://www.wsj.com/articles/nikes-strategy-to-get-a-lot-more-personal-with-its-customers-11557799501,Nike’s Strategy to Get a Lot More Personal With Its Customers,"When shoppers enter the Nike Inc. NKE 0.49%increase; up pointing triangle flagship store in New York City and log into the app, the company knows who they..."
2019-05-28,07:00:00 UTC,https://www.foxbusiness.com/industrials/serena-williams-stands-by-nike,"Serena Williams stands by Nike, says ‘they want to support women that want to have families’",Serena Williams has faith in her longtime sponsor Nike after the brand was hit with backlash recently for freezing compensation for some pregnant women...
2019-06-07,07:00:00 UTC,https://www.bloomberg.com/news/articles/2019-06-07/nike-nke-employees-protest-changes-to-company-day-care-benefit,Nike Is Expanding Its Day Care Benefit and Employees Are Furious,"Nine miles outside of Portland, Oregon, Nike's corporate headquarters is a mecca of work-life balance. There are wooded trails, ponds and grassy knolls,..."
2019-06-10,07:00:00 UTC,https://www.bizjournals.com/phoenix/news/2019/06/10/valley-moving-company-lands-nike-sponsorship.html,Valley moving company lands Nike sponsorship,"The company's management regards their employees as “mover-athletes” and with that designation, the company has landed a sponsorship from one of the world's..."
2019-06-13,07:00:00 UTC,https://www.bizjournals.com/atlanta/news/2019/06/13/nike-partners-with-netflix-and-stranger-things-to.html,Nike partners with Netflix and 'Stranger Things' to bring back nostalgic 80s shoes and show inspired clothing,The third season of Netflix original TV show “Stranger Things” is set to premiere July 4 and Nike is getting in on the pre-release hype by releasing show...
2019-06-14,07:00:00 UTC,https://www.forbes.com/sites/gregpetro/2019/06/14/nike-adidas-under-armour-do-millennials-have-the-luxury-of-flexing-for-sport/,"Nike, Adidas, Under Armour: Do Millennials Have The Luxury Of Flexing For Sport?","If you haven't heard the word “flexing,” you may not have many teens or 20- or 30-somethings in your life. Flexing has been defined in a few ways,..."
2019-06-27,07:00:00 UTC,https://www.bloomberg.com/news/articles/2019-06-27/nike-slides-after-taxes-and-overhead-costs-weigh-on-earnings,Nike Misses Earnings Estimates for First Time in Seven Years,"Nike Inc. did something highly out of character on Thursday: It missed earnings estimates. The athletic brand posted profit of 62 cents a share,..."
2019-06-28,07:00:00 UTC,https://www.bizjournals.com/milwaukee/news/2019/06/28/nike-unveils-giannis-antetokounmpos-first.html,Nike unveils Giannis Antetokounmpo's first signature shoe and apparel line: Slideshow,Nike Inc. officially released images of its first signature shoe and apparel line for Milwaukee Bucks star and recently crowned NBA Most Valuable Player...
2019-07-01,07:00:00 UTC,https://www.cnn.com/2019/07/01/business/nike-air-max-1-quick-strike-fourth-of-july,Nike featuring Betsy Ross flag canceled after backlash,Nike is canceling a sneaker that featured a version of the American flag from the late 18th century.
2019-07-02,07:00:00 UTC,https://www.foxbusiness.com/retail/nike-betsy-ross-flag-sneakers-price-resale,Nike 'Betsy Ross flag' sneakers sold for $2K each on resale market,"A size 8 pair of the sneakers, which were nixed after criticism from Colin Kaepernick, sold for $2500."
2019-07-03,07:00:00 UTC,https://www.wsj.com/articles/arizona-governor-pulls-state-aid-for-nike-plant-over-betsy-ross-colin-kaepernick-controversy-11562072719,Nike Defends Pulling ‘Betsy Ross’ Shoe and Sparks a National Debate,"Nike employees were confused when Colin Kaepernick objected to early U.S. flag; Arizona's governor protests Nike, while New Mexico's woos it."
2019-07-16,07:00:00 UTC,https://www.foxbusiness.com/features/rare-nike-moon-shoe-sneaker-auction,Rare Nike 'Moon Shoe' expected to snag more than $100G at Sotheby’s sneaker auction,"Shoes from Nike, Air Jordan and Adidas are being sold in Sotheby's first-ever rare sneaker auction this month."
2019-07-26,07:00:00 UTC,https://www.ibtimes.com/nike-looks-possible-sale-surfwear-brand-hurley-amid-declining-consumer-demand-2809012,Nike Looks At A Possible Sale Of Surfwear Brand Hurley Amid Declining Consumer Demand,"Nike Inc. (NKE) reportedly is looking to offload its surfwear brand, Hurley International as consumers shift away for the brand's market."
2019-07-31,07:00:00 UTC,https://www.fool.com/investing/2019/07/30/where-will-nike-be-in-5-years.aspx,Where Will Nike Be in 5 Years?,"Nike (NKE -1.97%) has been a very rewarding investment for shareholders. Over the last five years, the stock has more than doubled. The brand is hotter than..."
2019-08-12,19:52:21 UTC,https://qz.com/quartzy/1679570/nike-launches-kids-sneaker-subscription-program-adventure-club,Nike’s kids’ sneaker subscription is here to create a new generation of Nike devotees,"For two years, Nike has been testing a subscription plan for kids sneakers, without letting on that it was an in-house Nike project."
2019-08-16,07:00:00 UTC,https://www.fool.com/investing/2019/08/16/nike-makes-moves-to-control-its-retail-inventory.aspx,Nike Makes Moves to Control Its Retail Inventory,Nike (NKE -1.36%) has been investing in technology to track its inventory. This includes putting RFID chips in its shoe packaging so it can know how its...
2019-08-19,07:00:00 UTC,https://www.bizjournals.com/phoenix/news/2019/08/19/nike-buys-facility-for-proposedgoodyear-plant.html,Nike buys facility for proposed Goodyear plant,"Nike Inc. has spent nearly $70 million for a building that will be transformed into its Goodyear shoe factory. The Beaverton, Oregon-based apparel maker..."
2019-08-19,07:00:00 UTC,https://www.fool.com/investing/2019/08/19/esg-investing-is-nike-a-responsible-investment.aspx,ESG Investing: Is Nike a Responsible Investment?,"If you're searching for a feel-good stock, see how Nike scores on The Motley Fool's ESG framework."
2019-08-23,07:00:00 UTC,https://houseofheat.co/nike/nike-react-element-55-suede-black-grey-red-release-date,The Nike React Element 55 Stacks on Suede Uppers,Nike's React Element 55 continues to grow and evolve into new material makeups — from ripstop to mesh to iridescent finishes — with this new suede-covered...
2019-08-30,07:00:00 UTC,https://www.coinspeaker.com/nike-smart-shoe-siri/,Nike (NKE) Set to Release New Smart Shoe That Can Be Laced with Siri,"In September Nike will release a new line of its Huarache shoes but this time, they will be equipped with FitAdapt technology, allowing users to control the..."
2019-09-20,06:03:30 UTC,https://qz.com/work/1700787/wiedenkennedy-chief-colleen-decourcy-on-becoming-a-strong-leader,The head of the agency behind Nike’s Kaepernick ad on finding allies and letting in fear,"When I first met Colleen DeCourcy, the chief creative officer of US advertising agency Wieden+Kennedy, and co-president of the firm alongside Tom..."
2019-09-24,07:00:00 UTC,https://www.bloomberg.com/news/articles/2019-09-24/nike-soars-after-first-quarter-results-top-analysts-estimates,Nike Leaps to Record After Sports Brand Dodges Trade-War Woes,Nike Inc.'s earnings shortfall this summer is looking like an aberration.
2019-09-24,07:00:00 UTC,https://www.cnbc.com/2019/09/24/nike-nke-reports-fiscal-q1-2020-earnings.html,"Nike shares hit all-time high as new products drive sales, earnings top expectations","Nike on Tuesday reported quarterly earnings and sales that topped analysts' expectations, as investments it's made to sell more directly to customers showed..."
2019-10-01,07:00:00 UTC,https://finance.yahoo.com/news/nike-skechers-lawsuit-191915352.html,'Skecherizing': Nike sues Skechers for allegedly 'free-riding' on its patented sneaker designs,"It's been said that imitation is the sincerest form of flattery. However, when it comes to shoe design, Nike (NKE) doesn't seem to be taking Skechers'..."
2019-10-01,07:00:00 UTC,https://www.investors.com/news/nike-sues-skechers-copying-vapormax-and-max-designs/,Nike Sues Skechers For Copying VaporMax And Air Max 270 Designs,Nike (NKE) has sued rival footwear maker Skechers (SKX) for allegedly copying the designs of its hottest new shoes. Nike stock edged lower as the broader...
2019-10-02,07:00:00 UTC,https://finance.yahoo.com/news/trump-news-guns-and-nike-americas-most-polarizing-brands-161620957.html,"Trump, news, guns, and Nike: America's most polarizing brands",Morning Consult is out with its annual ranking of the most polarizing brands in the U.S..
2019-10-15,07:00:00 UTC,https://www.foxbusiness.com/sports/nike-hong-kong-protests-lebron-james,Nike's billion-dollar reason for keeping quiet on NBA's China spat,Nike spokesperson LeBron James injected himself into the NBA's China controversy.
2019-10-18,00:06:41 UTC,https://marketrealist.com/2019/10/nikes-target-markets-everything-you-need-to-know/,Everything you need to know about the target markets of sneaker giant Nike,"Nike (NKE) faces some challenges in its target markets. In the US, economic growth rates have tapered down, and the trade war could affect its China market."
2019-10-22,07:00:00 UTC,https://about.nike.com/en/newsroom/releases/board-member-john-donahoe-will-succeed-mark-parker-as-president-and-ceo-in-2020-parker-to-become-executive-chairman,"NIKE, Inc. announces Board Member John Donahoe will succeed Mark Parker as President & CEO in 2020, Parker to become Executive Chairman","The Board of Directors of NIKE, Inc. (NYSE:NKE) announced today that John Donahoe will be appointed as the company's new President and Chief Executive..."
2019-10-24,07:00:00 UTC,https://www.fool.com/investing/2019/10/24/did-nike-create-the-greatest-running-shoe-ever.aspx,Did Nike Create the Greatest Running Shoe Ever?,Nike's newest shoe could be a game changer in a $13.16 billion industry.
2019-11-11,08:00:00 UTC,https://www.fool.com/investing/2019/11/11/if-you-invested-10000-in-nikes-ipo-this-is-how-muc.aspx,"If You Invested $10,000 in Nike’s IPO, This Is How Much Money You'd Have Now",Finding a great brand that's growing fast and buying the stock while the company is still small can lead to life-changing returns. Nike (NKE -2.24%) first...
2019-11-13,08:00:00 UTC,https://247wallst.com/investing/2019/11/13/top-analyst-upgrades-and-downgrades-aecom-albermarle-apple-chesapeake-energy-foot-locker-gap-gopro-nike-qualcomm-southwest-air-under-armour-wayfair-and-more/,"Top Analyst Upgrades and Downgrades: AECOM, Albermarle, Apple, Chesapeake Energy, Foot Locker, Gap, GoPro, Nike, Qualcomm, Southwest Air, Under Armour, Wayfair and More","Wednesday's top analyst upgrades, downgrades and initiations included AECOM, Albermarle, Apple, Chesapeake Energy, Foot Locker, Gap, GoPro, Nike, Qualcomm,..."
2019-11-13,08:00:00 UTC,https://www.retaildive.com/news/nike-to-stop-selling-on-amazon/567240/,Nike to stop selling on Amazon,"A company spokesperson said the brand was focused on ""elevating consumer experiences through more direct, personal relationships."""
2019-11-14,08:00:00 UTC,https://finance.yahoo.com/news/nike-exec-explains-why-the-company-broke-up-with-amazon-201502069.html,Nike exec explains why the company broke up with Amazon,It's been almost a year since Heidi O'Neill assumed the role of president of Nike's (NKE) direct-to-consumer business. The 20-year Nike veteran joined Yahoo...
2019-11-15,08:00:00 UTC,https://www.forbes.com/sites/greatspeculations/2019/11/15/was-nikes-acquisition-of-converse-a-bargain-or-a-disaster/,Was Nike’s Acquisition Of Converse A Bargain Or A Disaster?,"On September 4, 2003, Nike (NYSE: NKE) acquired Converse for $315 million – two years after the latter filed for bankruptcy. Converse had annual sales of..."
2019-11-16,08:00:00 UTC,https://www.barrons.com/articles/nike-roper-motorola-solutions-announced-dividend-hikes-51573909200,"Nike, Roper, Motorola Solutions Announced Dividend Hikes",Roper Technologies declared its 27th straight annual dividend increase in what was a busy week for dividend announcements.
2019-11-21,08:00:00 UTC,https://finance.yahoo.com/news/nba-legend-magic-johnsons-biggest-investing-regret-not-taking-nike-stock-151449533.html,NBA legend Magic Johnson's biggest investing regret: not taking stock from Nike founder Phil Knight,NBA great Magic Johnson isn't one to look backwards in life. But even the five-time NBA champion kicks himself for not pulling the trigger on some free Nike...
2019-12-09,08:00:00 UTC,https://www.wsj.com/articles/nike-workers-protest-companys-treatment-of-women-11575942354,Nike Workers Protest Company’s Treatment of Women,Nike Inc. NKE 0.49%increase; up pointing triangle employees staged a protest over the company's treatment of women on the same day the sportswear company...
2019-12-27,08:00:00 UTC,https://www.foxbusiness.com/sports/nike-colin-kaepernick-shoe-nfl,Nike playing both sides of Kaepernick: Ex-NFL player,Nike has sold out of its Colin Kaepernick branded shoe but is also profiting on NFL merchandise.
2019-12-28,08:00:00 UTC,https://www.sneakerfiles.com/nike-and-champs-launch-first-ever-football-retail-destination/,Nike and Champs Launch First-Ever Football Retail Destination,Nike and Champs Sports have teamed up to launch Yardline. Today Nike (NYSE:NKE) and Champs Sports celebrated the opening of its first-ever Nike football...
2020-01-02,22:53:24 UTC,https://qz.com/1778276/how-counterfeit-nikes-get-into-the-us,How $470 million worth of fake Nikes get into the US,An international counterfeiting ring shipped hundreds of millions of dollars worth of counterfeit sneakers to the United States using an elaborate web of...
2020-01-08,08:00:00 UTC,https://www.investopedia.com/nike-stock-setting-new-highs-but-nearing-risky-levels-4780880,Nike Stock Setting New Highs but Nearing Risky Levels,"Nike, Inc. (NKE) reported better-than-expected earnings on Dec. 19, and the stock keeps moving to new highs, with the latest at $102.74 on Jan. 7."
2020-01-08,08:00:00 UTC,https://www.wsj.com/articles/nike-scores-jersey-deal-with-epls-liverpool-11578412231,Nike Scores Jersey Deal With EPL’s Liverpool,"Nike Inc. NKE -1.69%decrease; down pointing triangle has signed a multiyear deal to be the official jersey provider for Liverpool Football Club,..."
2020-01-31,08:00:00 UTC,https://finance.yahoo.com/news/nike-kobebyrant-adidas-sneakers-resalemarket-155549782.html,Nike’s online store is sold out of Kobe Bryant items,"A day after the tragic death of NBA great Kobe Bryant, his 13-year-old daughter Gianna and seven others, several news outlets reported that Nike had pulled..."
2020-01-31,08:00:00 UTC,https://uk.finance.yahoo.com/news/rules-outlaw-nikes-record-breaking-152326595.html,Nike prototype Vaporfly shoe banned but current version going to Olympics,Nike Vaporfly shoes used to run the world's first sub-two hour marathon will be banned from professional sport under a landmark decision on Friday that also...
2020-01-31,08:00:00 UTC,https://www.bloomberg.com/news/articles/2020-01-31/governing-body-clears-nike-high-tech-running-shoes-for-olympics,Nike’s Carbon-Fiber Running Shoes Get Clearance for Olympics,"Nike Inc.'s high-tech running shoes will be permitted in competitions like the Olympics and World Championships, following a landmark ruling from track and..."
2020-02-02,08:00:00 UTC,https://dailytimes.com.pk/550580/nike-prototype-vaporfly-shoe-banned-but-current-version-going-to-olympics/,Nike prototype Vaporfly shoe banned but current version going to Olympics,Nike Vaporfly shoes used to run the world's first sub-two hour marathon will be banned from professional sport under a landmark decision on.
2020-02-05,08:00:00 UTC,https://www.businesswire.com/news/home/20200205005708/en/Nike-Extends-its-Athletic-Leadership,Nike Extends its Athletic Leadership,"Today, NIKE, Inc. (NYSE: NKE), unveiled breakthrough innovation for athletes competing in the Tokyo 2020 Games, including footwear designed to provide..."
2020-02-05,08:00:00 UTC,https://www.fijitimes.com.fj/nike-warns-of-financial-impact-from-coronavirus-outbreak/,Nike warns of financial impact from coronavirus outbreak,"(Reuters) - Nike Inc said on Tuesday the coronavirus outbreak in China would have a financial impact on its operations in the country, its biggest […]"
2020-02-06,08:00:00 UTC,https://shop-eat-surf-outdoor.com/press-releases/nike-to-move-to-distributor-model-in-south-america/488262/,Nike to Move to Distributor Model in South America,"NIKE, Inc. (NYSE: NKE) today announced it is transitioning its Nike Brand business in Brazil, Argentina, Chile and Uruguay to strategic distributor..."
2020-02-13,08:00:00 UTC,https://www.bizjournals.com/triangle/news/2020/02/13/former-nike-exec-joins-fortnite-maker-epic-games.html,Former Nike exec joins 'Fortnite' maker Epic Games,Former Nike executive Adam Sussman has joined Epic Games in Cary.
2020-02-14,08:00:00 UTC,https://www.investopedia.com/is-it-time-to-buy-nike-stock-4796506,Is It Time to Buy Nike Stock?,"Nike, Inc. (NKE) stock is trading above $100 for the first time since January, bouncing with the broad market after the coronavirus swoon."
2020-02-24,08:00:00 UTC,https://www.fool.com/investing/2020/02/24/if-you-invested-1000-in-nikes-ipo-this-is-the-stag.aspx,"If You Invested $1,000 in Nike's IPO, This Is the Staggering Amount of Money You'd Have Now","In December 1980, if you had invested $1,000 in Nike's (NKE +0.68%) initial public offering (IPO) -- or a parent or other person had gifted you the stock..."
2020-03-03,08:00:00 UTC,https://www.fijitimes.com.fj/nike-temporarily-closes-european-hq-in-the-netherlands-due-to-coronavirus-case/,Nike temporarily closes European HQ in the Netherlands due to coronavirus case,AMSTERDAM (Reuters) - U.S. sportswear giant Nike said on Monday its European headquarters in the Netherlands would be closed until Wednesday after an...
2020-03-12,07:00:00 UTC,https://www.investors.com/news/nike-stock-plunges-nba-suspends-season-coronavirus-outbreak/,"Nike Plunges As NBA, Sports Leagues Suspend Season, But Here's Why It Could Outperform Later","Nike (NKE) and key retail partner Foot Locker (FL) plunged after the NBA and other sports leagues suspended play, but analysts believe Nike stock could..."
2020-03-15,07:00:00 UTC,https://finance.yahoo.com/news/nike-closing-stores-coronavirus-130844582.html,Nike is closing all its U.S. stores in response to coronavirus,"Nike (NKE) announced on Sunday that it will close all its Nike-owned stores in multiple countries around the world, including in the United States, Canada,..."
2020-03-23,07:00:00 UTC,https://www.investopedia.com/nike-stock-could-rally-after-earnings-4800656,Nike Stock Could Rally After Earnings,"Dow component Nike, Inc. (NKE) reports earnings after Tuesday's closing bell, with Wall Street analysts expecting earnings per share (EPS) of $0.56 on third..."
2020-03-24,07:00:00 UTC,https://www.cnbc.com/2020/03/24/nike-nke-reports-q3-fiscal-2020-earnings.html,"Nike sales beat analysts' estimates, but earnings fall, hurt by coronavirus pandemic","Nike's fiscal third-quarter sales top analysts' estimates, thanks to a boost online and in North America. Nike said it is seeing a ""recovery"" in China,..."
2020-03-25,07:00:00 UTC,https://sgbonline.com/nike-ceo-john-donahoe-opens-up-coronavirus-playbook/,Nike CEO John Donahoe Opens Up Coronavirus ‘Playbook’,"By Eric Smith. <span style=""color: #666565;"">Nike Inc. didn't escape the fiscal third quarter entirely unscathed, and headwinds remain globally in Q4 and..."
2020-03-25,07:00:00 UTC,https://www.bloomberg.com/news/articles/2020-03-25/nike-uses-digital-sales-strength-to-overcome-weak-backdrop,Nike Uses Digital Sales Strength to Overcome Weak Backdrop,"Nike Inc. climbed on Wednesday as the sneaker maker's better-than-expected, digitally-driven third-quarter sales and performance in China, and commentary on..."
2020-04-21,07:00:00 UTC,https://www.nicekicks.com/stussy-x-nike-air-zoom-spiridon-kukini-release-date/,A Closer Look at the Upcoming Stüssy x Nike Air Zoom Spiridon Kukini,Leaked images suggest the latest Stussy collab brings two OGs together. Take a look at the upcoming Stussy x Nike Air Zoom Spiridon Kukini.
2020-05-03,07:00:00 UTC,https://www.forbes.com/sites/kurtbadenhausen/2020/05/03/michael-jordans-1-billion-nike-endorsement-is-the-biggest-bargain-in-sports/,Michael Jordan Has Made Over $1 Billion From Nike — The Biggest Endorsement Bargain In Sports,"Nike has paid Michael Jordan an estimated $1.3 billion over nearly four decades, but the Jordan Brand is easily worth more than $10 billion, in addition to..."
2020-05-04,07:00:00 UTC,https://www.foxbusiness.com/sports/michael-jordan-adidas-nike-air-jordan,Michael Jordan favored Adidas over Nike for now-historic shoe deal,"Michael Jordan had hoped to partner with Adidas for a shoe deal in 1984, but his mother forced him to sit in on Nike's pitch."
2020-05-08,07:00:00 UTC,https://www.foxbusiness.com/lifestyle/michael-jordan-nike-air-jordans-auction,Michael Jordan's first Nike Air Jordans up for auction at Sotheby's,The Air Jordan 1s were designed for Jordan in 1985 and were the first-ever signature sneakers.
2020-05-18,07:00:00 UTC,https://www.foxbusiness.com/retail/nike-us-store-reopenings-coronavirus-safety,Nike preps store reopenings after coronavirus shutdown,"As of May 14, only 5 percent of Nike retail locations in North America had reopened."
2020-05-25,07:00:00 UTC,https://www.forbes.com/sites/seandeveney/2020/05/25/new-documentary-tells-story-of-nike-air-jordans-warts-and-all/,"New Documentary Tells Story Of Nike Air Jordans, Warts And All","""One Man and His Shoes"" gives a fascinating look at Michael Jordan's career with Nike, for better and for worse."
2020-05-26,07:00:00 UTC,https://www.foxbusiness.com/lifestyle/nike-ben-jerrys-roll-out-sweet-new-sneaker-nike-sb-chunky-dunky,"Nike, Ben & Jerry’s new Nike SB Chunky Dunky sneakers selling for $2K",The sneakers were released through a drawing on the Nike SNKRS app Tuesday.
2020-06-11,07:00:00 UTC,https://finance.yahoo.com/news/nike-to-recognize-juneteenth-as-an-annual-paid-holiday-141219946.html,Nike to recognize Juneteenth as an annual paid holiday,"In an internal memo sent to Nike (NKE) staff obtained by Yahoo Finance, CEO John Donahoe announced that the company would recognize Juneteenth an annual..."
2020-06-19,07:00:00 UTC,https://seekingalpha.com/article/4354628-nike-the-past-present-and-future-of-sportswear,"Nike: The Past, Present And Future Of Sportswear (NYSE:NKE)","Nike is the world's leading supplier of athletic apparel and footwear, which generated $39 billion in revenue last year."
2020-06-25,07:00:00 UTC,https://www.cnbc.com/2020/06/25/nike-nke-reports-q4-2020-earnings.html,"Nike reports unexpected loss as sales tumble 38%, shares fall","Nike reports unexpected loss as sales tumble 38%, shares fall · Nike reported an unexpected quarterly net loss and a sales decline of 38% year-over-year."
2020-06-25,07:00:00 UTC,https://www.nicekicks.com/nke-lebron-7-mvp-release-information-2020/,"The Nike LeBron 7 ""MVP"" Drops Tomorrow","The Nike LeBron 7 ""MVP"" is coming this summer. Learn more about the latest LeBron 7 retro on Nice Kicks for more information."
2020-06-26,07:00:00 UTC,https://finance.yahoo.com/news/nike-digital-shines-tough-end-224748802.html,"Nike: Digital Shines, but a Tough End to 2020","On Thursday, Nike Inc. (NYSE:NKE) reported results for the fourth quarter of fiscal 2020. Revenue for the quarter declined by nearly 40%, which reflects the..."
2020-06-26,07:00:00 UTC,https://www.bloomberg.com/news/articles/2020-06-25/nike-declines-after-pandemic-hits-sales-harder-than-expected,"Nike Shares Tumble After Pandemic Batters Sales, Gross Margin","Nike Inc., which touted its ability to navigate the pandemic earlier this year, is finding it's not so easy."
2020-06-29,07:00:00 UTC,https://news.alphastreet.com/nike-nke-physical-and-digital-channels-to-work-hand-in-hand-to-drive-growth/,Nike (NKE): Physical and digital channels to work hand-in-hand to drive growth,"Nike Inc. (NYSE: NKE) reported the end of another fiscal year on Thursday and as expected, the results had taken a hit from the COVID-19 pandemic."
2020-07-14,07:00:00 UTC,https://www.foxbusiness.com/lifestyle/nike-reveals-grateful-dead-sneaker-release-date,Nike sets Grateful Dead sneaker release date,"Nike teamed up with the Grateful Dead band to design new kicks coming out July 18. The Nike SB Dunk Low Grateful Dead sneakers will debut in green,..."
2020-07-16,07:00:00 UTC,https://www.fool.com/investing/2020/07/16/where-will-nike-be-in-5-years.aspx,Where Will Nike Be in 5 Years?,"Not only are Nike (NKE -2.24%) shoes and apparel a great addition to your closet, the stock has proven to be a wealth builder for investment portfolios over..."
2020-07-20,07:00:00 UTC,https://www.bizjournals.com/atlanta/news/2020/07/20/nike-atlantic-station-atlanta.html,Nike Factory Store coming to Atlantic Station,The 12000-square-foot store joins a growing list of tenants set to open this fall in West Midtown.
2020-07-27,07:00:00 UTC,https://www.wsj.com/articles/nike-replaces-its-diversity-chief-11595905726,Nike Replaces Its Diversity Chief,"Nike Inc. NKE 0.49%increase; up pointing triangle said it is replacing its chief diversity officer, adding a Black woman to its leadership team at a time..."
2020-07-28,07:00:00 UTC,https://houseofheat.co/nike/nigeria-nike-air-max-95-naija-cw2360-300-release-date,The Nike Air Max 95 “Naija” Celebrates the Nigerian Football Team,"It looks like the Greek Freak's sophomore signature sneaker isn't the only Nike honoring the Nigerian football hits this Summer, with this Nike Air Max 95..."
2020-08-12,07:00:00 UTC,https://techround.co.uk/news/nike-adidas-puma-lost-e7-3bn-revenue-covid/,"Nike, Adidas, and Puma Revenue Dips","The first half of 2020 has brought a huge hit for the world's largest sports brands, with thousands of their shops closed amid coronavirus lockdown."
2020-08-23,07:00:00 UTC,https://finance.yahoo.com/news/nike-celebrates-the-life-and-legacy-of-kobe-bryant-with-mamba-week-140008685.html,Nike celebrates the life and legacy of Kobe Bryant with 'Mamba Week',"Nike (NKE) is kicking off a week-long celebration of the life and times of Kobe Bryant in what the brand is dubbing ""Mamba Week."" The weeklong celebration..."
2020-08-25,07:00:00 UTC,https://www.bizjournals.com/triangle/news/2020/08/25/jason-mayden-speaks-during-raleigh-chamber-event.html,"Former Nike designer stresses motivation, innovation during Triangle event",An entrepreneur and former shoe designer for Nike discussed how he found is career path during a event hosted by the Raleigh Chamber.
2020-09-01,07:00:00 UTC,https://www.reuters.com/world/asia-pacific/coffee-ketchup-nike-air-max-its-covid-consumer-economy-2020-09-01/,"Insight: -Coffee, ketchup and Nike Air Max: it's the COVID consumer economy","Instant coffee, ketchup, Lululemon yoga pants and Nike Air Max sneakers are all in. Bottled water, pricey diapers and Burberry luxury trench coats are out."
2020-09-09,07:00:00 UTC,https://www.businessinsider.com/power-list-top-brands-on-tiktok-include-chipotle-nike-crocs-2020-8,"POWER LIST: Top 22 Brands on TikTok Include Chipotle, Nike, Crocs","Brands like Chipotle, Kylie Cosmetics, and Dunkin' are leveraging the social media app to increase engagement with consumers."
2020-09-13,07:00:00 UTC,https://www.investing.com/analysis/nike-vs-nikola-1-stock-to-buy-1-stock-to-avoid-200537343,"Nike Vs. Nikola: 1 Stock Set To Show Strength, 1 To Struggle","Market Analysis by covering: S&P 500, Dow Jones Industrial Average, General Motors Company, Nike Inc. Read 's Market Analysis on Investing.com."
2020-09-21,07:00:00 UTC,https://www.investopedia.com/nike-earnings-4778827,Nike Earnings: What Happened with NKE,Nike (NKE) reported fiscal Q1 earnings after market close on September 22. Gross margin declined YOY but was higher than analysts expected.
2020-09-22,07:00:00 UTC,https://www.cnbc.com/2020/09/22/nike-nke-reports-fiscal-q1-2021-earnings-beat.html,"Nike shares soar 13% as online sales jump 82%, retailer sees rebound in China",Nike's business finally started to pick back up as parents stocked up on sneakers for their kids before back-to-school season amid the coronavirus pandemic.
2020-09-22,07:00:00 UTC,https://www.reuters.com/world/china/nike-expected-return-profit-online-sales-demand-china-pick-up-2020-09-22/,"Nike expected to return to profit as online sales, demand from China pick up","CHICAGO, Sept 22 (Reuters) - Strong online sales and demand from Chinese shoppers and students heading back to school are expected to have helped Nike (NKE."
2020-09-22,07:00:00 UTC,https://www.wsj.com/business/retail/nikes-quick-rebound-could-lead-to-sprains-11600825186,Nike’s Quick Rebound Could Lead to Sprains,Nike NKE -2.24%decrease; down pointing triangle has made an impressive rebound. The apparel brand's revenue was roughly flat in the quarter ended Aug.
2020-09-23,07:00:00 UTC,https://www.barrons.com/articles/nike-stock-jumps-as-strong-digital-sales-fuel-an-upbeat-quarter-51600808828,"Nike Stock Is Soaring. Yes, Its Earnings Were That Good.","For its fiscal first-quarter, Nike was able to beat consensus estimates. And while gross margins declined again, at 44.8% that metric was also sequentially..."
2020-09-23,07:00:00 UTC,https://www.foxbusiness.com/markets/nike-shakes-off-pandemic-blues-with-surging-online-sales,Nike shakes off pandemic blues with surging online sales,"Nike reported a net profit of $1.5 billion profit, up 11% from the same 2019 quarter."
2020-09-24,07:00:00 UTC,https://finance.yahoo.com/news/nikes-new-air-jordan-35-aims-to-combine-culture-and-a-functional-shoe-200754011.html,Nike's new Air Jordan 35 aims to combine 'culture and a functional shoe',"Nike (NKE) on Thursday unveiled the Air Jordan 35, the latest iteration of a shoe named after NBA legend Michael Jordan and unveiled all the way back in..."
2020-10-07,07:00:00 UTC,https://www.investopedia.com/nike-nke-trades-to-all-time-high-more-upside-likely-5081204,"Nike (NKE) Trades to All-Time High, More Upside Likely",Key Takeaways · Shares of Nike have been above a golden cross since June 22. · Its annual and semiannual pivots at $101.65 and $102.04 were penetrated and held...
2020-10-08,07:00:00 UTC,https://www.barrons.com/articles/nike-stock-surging-founder-phil-knight-sold-shares-51602085412,Nike Stock Is Surging. Co-Founder Phil Knight Sold a Large Block of Shares.,Nike co-founder and chairman emeritus Phil Knight sold $125 million of stock as it traded near a record high. Knight also donated nearly $1 billion in...
2020-10-26,07:00:00 UTC,https://www.highsnobiety.com/p/nike-air-force-1-orange-skeleton-release-date-price/,Where to Buy Nike’s Most Ghoulish Skeleton Air Force 1 Yet,"The Nike Air Force 1 “Orange Skeleton” is the third pair in this Halloween-themed, skeletal-featuring series. Find out more about the release here."
2020-11-03,01:21:53 UTC,https://qz.com/1925836/under-armour-follows-nike-by-cutting-retail-partners,It’s getting harder to find Nikes—and that’s just how Nike wants it,"A few weeks ago, Nike stirred up some anger in the Bronx borough of New York City. In a brief letter, it told Frank's Sport Shop, a local retailer that has..."
2020-11-12,08:00:00 UTC,https://www.bizjournals.com/phoenix/news/2020/11/12/phoenix-suns-unveil-new-nike-city-edition-jerseys.html,Phoenix Suns unveil new Nike City Edition jerseys paying homage to the Valley,"The Phoenix Suns will wear a new jersey this upcoming NBA season that is emblematic not just of the city of Phoenix, but the entire metro area."
2020-12-09,08:00:00 UTC,https://www.bloomberg.com/news/articles/2020-12-09/nike-nke-brings-social-justice-ads-to-japan-the-results-are-mixed,Nike’s Anti-Racism Campaign Is Making Japan Very Uncomfortable,"Two years ago, Nike Inc. put politics at the center of its U.S. marketing strategy, embracing Black activist and former NFL quarterback Colin Kaepernick as..."
2020-12-14,08:00:00 UTC,https://www.investopedia.com/nike-q2-2021-earnings-5092018,Nike Earnings: What Happened with NKE,"Temporary store closures and lower foot traffic decimated sales in the fiscal fourth quarter of the company's 2020 fiscal year (FY), ending in May. But store re..."
2020-12-22,08:00:00 UTC,https://www.fool.com/investing/2020/12/22/better-buy-nike-vs-levis/,Better Buy: Nike vs. Levi Strauss,"Nike (NKE +0.49%) and Levi Strauss (LEVI +0.20%) both suffered a drop in sales at the onset of the pandemic earlier this year, but Levi was hit much harder."
2020-12-23,08:00:00 UTC,https://www.fool.com/investing/2020/12/23/better-buy-nike-vs-lululemon/,Better Buy: Nike vs. Lululemon,"When considering iconic global brands to invest in, Nike (NKE -1.95%) and lululemon athletica (LULU -2.85%) are certainly two of the first that come to mind..."
2020-12-31,08:00:00 UTC,https://www.fool.com/investing/2020/12/31/what-happened-to-nike-stock-in-2020/,What Happened to Nike Stock in 2020?,"Nike (NKE +0.68%) stock is ending 2020 with a bang. Its outperformance over the S&P 500 reached its highest point in the final week of the year,..."
2021-01-08,08:00:00 UTC,https://www.bizjournals.com/portland/news/2021/01/08/former-nike-executive-medical-apparel-company.html,Former Nike executive launches medical apparel company,"Former Nike executive Michael Tang has launched Lago, the latest startup in the city's robust footwear and apparel ecosystem. Lago makes premium medical..."
2021-01-15,13:25:00 UTC,https://qz.com/1956057/nike-shoes-may-be-the-key-to-catching-washington-riot-suspect,A pair of rare Nike sneakers may be the key to catching a Washington riot suspect,US federal authorities are seeking help identifying a suspect in connection with pipe bombs found at the Republican and Democratic national committees on...
2021-01-19,08:00:00 UTC,https://www.bizjournals.com/portland/news/2021/01/19/nike-vacates-280-000-square-feet-sunset-corridor.html,"Nike leaves 280,000 square feet of Sunset Corridor real estate, report says","The pandemic shoved workers out of their familiar desk chairs and back home, slackening demand more broadly for offices."
2021-01-22,08:00:00 UTC,https://www.bizjournals.com/portland/news/2021/01/22/nike-opens-eugene-retail-store.html,Nike opens Eugene retail store,The store is less than 2 miles from where Nike co-founder Phil Knight ran collegiate track under the watchful eye of fellow co-founder Bill Bowerman.
2021-01-25,08:00:00 UTC,https://www.fm-magazine.com/news/2021/jan/coronavirus-supply-chain-disruptions-kelloggs-nike-hp/,"How Kellogg’s, Nike, and HP handled 2020 supply chain disruptions",Supply chain disruptions became a reality for many companies during the pandemic. Here's how several Fortune 500 companies rallied to deal with the changes.
2021-01-29,08:00:00 UTC,https://www.bizjournals.com/portland/news/2021/01/29/subcontractor-sues-nike.html,Subcontractor sues over Nike's headquarters expansion,The company alleges in court papers that it is owed nearly $3 million. Nike declined comment on the lawsuit.
2021-02-02,08:00:00 UTC,https://finance.yahoo.com/news/nike-launches-its-first-hands-free-shoe-140005096.html,"Nike launches its first fully hands-free shoe, the GO FlyEase","Of the hundreds or thousands of shoes that come out in a given year, some just feel different. The Nike (NKE) GO FlyEase is one of those shoes."
2021-02-02,08:00:00 UTC,https://www.bizjournals.com/portland/news/2021/02/02/nike-john-donahoe-one-year-aniversary.html,Nike CEO John Donahoe sails past one-year anniversary,The Nike leader is set to become the sportswear giant's longest-serving outside CEO.
2021-02-08,08:00:00 UTC,https://finance.yahoo.com/news/nike-continues-build-digital-momentum-220458518.html,Nike Continues to Build on Digital Momentum With Data Platform Acquisition,Nike Inc. continues to fuel its digital momentum with the acquisition of data integration platform Datalogue. The sportswear giant announced today that it...
2021-02-08,08:00:00 UTC,https://www.bizjournals.com/portland/news/2021/02/08/nike-acquires-datalogue.html,Nike acquires Datalogue as part of continued digital shift,"Nike on Monday announced the acquisition of New York-based Datalogue, the latest in a series of moves focused on digital sales."
2021-02-17,08:00:00 UTC,https://www.bizjournals.com/washington/news/2021/02/17/nike-in-talks-for-fair-lakes-store.html,"The swoosh comes to Fairfax? Nike in talks for a new store, and not in Tysons.","The Peterson Cos. is in negotiations with Nike Inc. (NYSE: NKE) to open a Factory outlet at Fair Lakes Center, replacing a shuttered sporting goods store."
2021-02-26,08:00:00 UTC,https://www.bizjournals.com/portland/news/2021/02/26/doernbecher-nike-auction-investigation.html,"After chaotic auction, Doernbecher halts bidding in Nike charity event",The children's hospital on Friday said it's investigating what went wrong during a Thursday night auction of limited-edition Nike merchandise.
2021-03-18,07:00:00 UTC,https://www.cnbc.com/2021/03/18/nike-nke-q3-2021-earnings.html,"Nike posts mixed results as sales fall short of estimates, hurt by U.S. port congestion","Total sales rose to $10.36 billion from $10.1 billion a year earlier. That was lower than the $11.02 billion forecast by analysts. In North America, revenue..."
2021-03-24,15:19:07 UTC,https://www.tradingview.com/symbols/NYSE-NKE/financials-overview/,"Nike, Inc. Financial Statements – NYSE:NKE","The Global Brand Divisions represents NIKE Brand licensing businesses. The Converse segment designs, markets, licenses, and sells casual sneakers, apparel, and..."
2021-03-25,07:00:00 UTC,https://www.bloomberg.com/news/articles/2021-03-25/nike-tumbles-with-investors-wary-over-potential-china-fallout,Nike Navigates Controversy Once Again in All-Important China,Nike Inc. is walking a fine line in China -- its fastest-growing market -- amid a brewing controversy over its business practices there.
2021-03-29,07:00:00 UTC,https://www.bizjournals.com/portland/news/2021/03/29/nike-sues-maker-of-satan-shoes.html,Nike sues maker of 'Satan Shoes',"The company on Monday filed a lawsuit for trademark infringement against a company that made custom Nike Air Max 97s with ""satanic-themed detailing."""
2021-04-07,07:00:00 UTC,https://www.bizjournals.com/portland/news/2021/04/07/lawsuits-nike-headquarters.html,"Liens, lawsuits stack up in wake of Nike headquarters expansion",The Oregonian on Wednesday reported more than $100 million in liens have been filed over the project. Three contractors have also taken the company to...
2021-04-11,07:00:00 UTC,https://finance.yahoo.com/news/other-satan-shoe-drops-lawyers-043033473.html,The Other ‘Satan Shoe’ Drops: Lawyers Size Up Nike’s Settlement With MSCHF,"Nike may have settled its lawsuit with MSCHF over the collective's Lil Nas X ""Satan Shoes,"" but the controversy leaves lots of questions for both brands..."
2021-04-20,07:00:00 UTC,https://sgbonline.com/nike-downgraded-by-citigroup-on-china-boycott-concerns/,Nike Downgraded By Citigroup On China Boycott Concerns,Nike's shares are trading lower on Tuesday after Citigroup reduced its rating and price target amid growing consumer boycotts in China.
2021-04-22,07:00:00 UTC,https://justfreshkicks.com/nike-sb-dunk-high-tv-signal/,"Official Look: Nike SB Dunk High ""TV Signal""","Nike SB will be treating their UK fans with a regional exclusive edition that features TV signal vibes. Unfortunately for US fans, the Nike SB Dunk High “TV..."
2021-04-27,07:00:00 UTC,https://sneakernews.com/2021/04/27/nike-vapormax-plus-spider-man-catch-release-info/,The Nike Vapormax Plus Pays Homage To Ken Griffey Jr.’s Spider-Man Catch,"Since the return of the Air Griffey Max 1, Nike has continued to celebrate Ken Griffey Jr. in a number of ways. And soon, said nods will get a bit more..."
2021-05-12,07:00:00 UTC,https://www.bizjournals.com/portland/news/2021/05/12/hannah-jones-earthshot.html,"Hannah Jones leaves Nike, becomes first CEO of Earthshot Prize","The Earthshot Prize on Wednesday named Nike veteran Hannah Jones the organization's first CEO. Jones is one of the company's most visible executives,..."
2021-05-13,07:00:00 UTC,https://www.bizjournals.com/triangle/news/2021/05/13/is-nike-looking-to-set-up-shop-in-chapel-hill.html,"First Google, then Apple — now is Nike looking to set up shop in the Triangle?",The $37 billion company could be the latest global giant to put its mark on the region.
2021-05-17,07:00:00 UTC,https://www.bizjournals.com/portland/news/2021/05/17/nike-ceo-stem-dartmouth.html,Nike CEO John Donahoe and wife Eileen Donahoe give $20 million to Dartmouth,"The gift is designed to increase opportunity and access for underrepresented groups in science, technology, engineering and mathematics."
2021-05-27,07:00:00 UTC,https://www.wsj.com/business/nike-split-with-neymar-amid-sexual-assault-probe-11622159616,Exclusive | Nike Split With Neymar Amid Sexual-Assault Probe,Sneaker giant investigated allegation by Nike employee that soccer star sexually assaulted her; Neymar denies allegation and says commercial reasons ended...
2021-05-29,07:00:00 UTC,https://guyanachronicle.com/2021/05/29/nike-ended-neymar-deal-after-non-cooperation-in-sexual-assault-probe/,Nike ended Neymar deal after non-cooperation in sexual-assault probe,"SAO PAULO, Brazil (Reuters) – Nike Inc. NKE.N said on Thursday it ended its partnership with Brazilian soccer star Neymar last year because he refused to..."
2021-06-24,07:00:00 UTC,https://www.reuters.com/business/retail-consumer/nike-revenue-beats-upbeat-north-america-demand-2021-06-24/,"Nike forecast for online sales boom, post-lockdown demand drives shares up 13%","Nike Inc (NKE.N) on Thursday forecast fiscal full-year sales ahead of Wall Street estimates, betting on its online business, higher demand as lockdowns ease..."
2021-06-24,07:00:00 UTC,https://www.reuters.com/business/retail-consumer/nikes-china-sales-spotlight-after-xinjiang-backlash-2021-06-24/,Nike's China sales in spotlight after Xinjiang backlash,All eyes will be on Nike Inc's (NKE.N) sales forecast for China as it reports quarterly numbers against the backdrop of calls to boycott global brands in...
2021-06-25,07:00:00 UTC,https://www.fool.com/investing/2021/06/25/why-nike-stock-surged-today/,Why Nike Stock Surged Today,Shares of Nike (NKE -2.24%) were soaring today after the sportswear giant smashed estimates in its fourth-quarter earnings report and offered guidance that...
2021-06-25,07:00:00 UTC,https://www.marketwatch.com/story/nike-stock-rallies-as-sales-surpass-street-estimates-by-more-than-1-billion-11624566438,Nike stock rallies as sales surpass Street estimates by more than $1 billion,"Nike Inc. shares rose in the extended session Thursday after the company topped Wall Street revenue estimates by more than $1 billion, a far cry from the..."
2021-07-15,07:00:00 UTC,https://www.reuters.com/business/retail-consumer/nike-supplier-halts-production-3-vietnam-plants-due-covid-19-2021-07-15/,Nike supplier halts production at 3 Vietnam plants due to COVID-19,"Changshin Vietnam, a South Korean shoemaker, became the second major Nike (NKE.N) supplier to suspend production in Vietnam as it shut three of its..."
2021-07-19,07:00:00 UTC,https://finance.yahoo.com/news/nike-could-run-out-of-sneakers-made-in-vietnam-as-the-covid-cases-spike-there-191540146.html,Nike could run out of sneakers made in Vietnam following COVID spike: S&P Global,"According to a new analysis from Panjiva, the supply chain research unit of S&P Global Market Intelligence, Nike (NKE), may run out of Vietnamese-made..."
2021-07-21,07:00:00 UTC,https://houseofheat.co/nike/ftc-nike-sb-dunk-low-bathhouse-dh7687-400-release-date,Where to Buy the FTC x Nike SB Dunk Low “Bathhouse”,"It's been a long time between drinks for Nike SB and San Francisco's FTC, with the skate shop's 2013 20th Anniversary SB Dunk Low collaboration their last..."
2021-07-25,18:36:54 UTC,https://qz.com/2037725/the-first-olympic-gold-medal-in-skateboarding-went-to-japan,The first Olympic gold medal in skateboarding went to a Nike athlete,"Skateboarding has its first-ever Olympic gold medal. Japan's Yuto Horigome beat out competition from Brazil and the US in the street skating competition,..."
2021-08-08,07:00:00 UTC,https://hypebeast.com/2021/8/goat-off-white-nike-dunk-lows-the-50-collection-release-favorites,Our Favorite Dunk Lows From the Upcoming Off-White x Nike Dunk Low “The 50” Collection,Our Favorite Dunk Lows From the Upcoming Off-White x Nike Dunk Low “The 50” Collection: Virgil Abloh and Nike make magic once again with 50 new iterations...
2021-08-17,07:00:00 UTC,https://www.wsj.com/business/retail/allbirds-to-sell-wool-and-tree-based-workout-clothes-taking-on-nike-and-lululemon-11629192602,"Allbirds to Sell Wool and Tree-Based Workout Clothes, Taking on Nike and Lululemon",Company known for wool sneakers has spent two years developing fabric used in new athletic apparel.
2021-08-18,07:00:00 UTC,https://www.bizjournals.com/louisville/bizwomen/news/profiles-strategies/2021/08/meet-melanie-strong-of-next-ventures.html?page=all,Ex-Nike exec Melanie Strong is taking on venture investing as partner at Next Ventures - Bizwomen,"Next Ventures is focused on sports, health and wellness startups."
2021-08-23,07:00:00 UTC,https://sneakernews.com/2021/08/23/nike-dunk-low-gs-pink-velvet-do6485-600/,Everything You Need To Know About Nike “Pink Dunks”,Pink Dunks by Nike are here! Click in to find out where you can find this sneaker made exclusively for girls and women.
2021-08-31,07:00:00 UTC,https://finance.yahoo.com/news/nike-closes-offices-one-week-163533653.html,Nike Closes Its Offices For One Week To Give Employees A Mental Health Break,"Nike is giving its employees a mental heath break, closing corporate offices for the week so employees can “enjoy additional time off to rest and recover."
2021-09-10,07:00:00 UTC,https://www.bizjournals.com/triangle/news/2021/09/10/digital-first-nike-store-may-open-at-fenton.html,Digital-first Nike store could open at Cary's Fenton,One of Nike's retail concepts could be added to a highly-anticipated mixed-used destination underway in Cary. A building permit application to make way for...
2021-09-22,07:00:00 UTC,https://www.reuters.com/business/retail-consumer/nikes-vietnam-supply-hurdles-focus-ahead-quarterly-results-2021-09-22/,Nike's Vietnam supply hurdles in focus ahead of quarterly results,"Sept 22 (Reuters) - Are sneakerheads in for a rough holiday season? Nike Inc's (NKE.N) , opens new tab updates to its full-year sales outlook on Thursday..."
2021-09-23,07:00:00 UTC,https://www.firstcallgolf.com/financial/feature/2021-09-23/nike-q1-results-miss-the-mark,Nike Q1 results miss the mark,Nike (NYSE: NKE) released its first quarter results on Thursday and will have bitter pills to swallow for 2022's performance due to the impacts of its...
2021-09-24,07:00:00 UTC,https://www.investors.com/news/nike-stock-nike-earnings-supply-crunch/,"Nike Tumbles As Supply Woes Hit Sales, Guidance","Sports apparel giant Nike (NKE) reported slightly better-than-expected first-quarter earnings but missed views on sales late Thursday, amid supply-chain..."
2021-09-27,07:00:00 UTC,https://huddleup.substack.com/p/nike-continues-to-face-global-supply,Nike Continues To Face Global Supply Chain Congestion,Huddle Up is a daily newsletter that breaks down the business and money behind sports.
2021-09-28,07:00:00 UTC,https://hypebeast.com/2021/9/patta-nike-air-max-1-monarch-closer-look-release-info-dh1348-001,"Closer Looks: Patta x Nike Air Max 1 ""Monarch""","Closer Looks: Patta x Nike Air Max 1 ""Monarch"": One of two iterations coming this fall."
2021-10-06,07:00:00 UTC,https://www.barrons.com/articles/teens-are-buying-more-clothes-nike-remains-the-top-brand-51633470931,Teens Are Buying More Clothes. Nike Remains the Top Brand,"A new Piper Sandler study shows buying clothes is the priority for teenagers for the first time since 2014, edging out food."
2021-10-06,07:00:00 UTC,https://www.cnbc.com/2021/10/06/nike-wins-teen-vote-but-this-footwear-stock-may-have-an-advantage.html,"Nike wins teen vote, but this footwear stock has an advantage, trader says","Crocs' growth story appears intact after a nearly 120% gain year to date, Inside Edge Capital Management's Todd Gordon says."
2021-10-07,07:00:00 UTC,https://www.marketwatch.com/story/nike-investors-wont-force-company-to-show-results-of-diversity-efforts-11633550100,Nike investors won’t force company to show results of diversity efforts,"Nike Inc. shareholders on Wednesday rejected a shareholder proposal asking the company to report on the effectiveness of its diversity, equity and inclusion..."
2021-10-14,07:00:00 UTC,https://www.wsj.com/business/media/lebron-jamess-media-company-sells-minority-stake-to-group-that-includes-nike-fortnite-creator-epic-games-11634211001,"LeBron James’s Media Company Sells Minority Stake to Group That Includes Nike, ‘Fortnite’ Creator Epic Games",Deal values SpringHill at $725 million; James and CEO Maverick Carter to remain largest shareholders.
2021-10-30,11:45:12 UTC,https://www.tradingview.com/symbols/NYSE-NKE/financials-statistics-and-ratios/price-earnings/,"Price to earnings ratio of Nike, Inc. – NYSE:NKE","Price to earnings ratio, quarterly and annual stats of Nike, Inc.."
2021-11-02,07:00:00 UTC,https://www.reuters.com/business/cop/vietnam-says-its-nike-manufacturers-back-full-operations-2021-11-03/,Vietnam says its Nike manufacturers back to full operations,"HANOI, Nov 3 (Reuters) - About 200 contracted factories that make sportswear for Nike Inc (NKE.N) , opens new tab across Vietnam have resumed operations..."
2021-11-03,07:00:00 UTC,https://www.marketwatch.com/story/dicks-sporting-goods-partners-with-nike-for-digital-platform-11635954929,Dick’s Sporting Goods partners with Nike for digital rewards platform,Dick's Sporting Goods and Nike have partnered on a digital deal that will benefit rewards members for both businesses.
2021-11-03,07:00:00 UTC,https://www.prnewswire.com/news-releases/dicks-sporting-goods-and-nike-create-connected-partnership-301414880.html,DICK'S Sporting Goods and NIKE Create Connected Partnership,"PRNewswire/ -- DICK'S Sporting Goods (NYSE: DKS) and NIKE, Inc. (NYSE: NKE) have forged a transformative, connected partnership designed to enhance the..."
2021-11-06,14:04:39 UTC,https://www.tradingview.com/symbols/NYSE-NKE/financials-statistics-and-ratios/float-shares-outstanding/,"Free float of Nike, Inc. – NYSE:NKE","Free float, quarterly and annual stats of Nike, Inc.."
2021-11-18,08:00:00 UTC,https://www.bizjournals.com/atlanta/news/2021/11/18/nike-avalon-alpharetta-store-retail.html,Nike opening small-scale 'Live' store at Alpharetta's Avalon,"The store is designed for women with a focus on making shopping for athletic apparel a more personal experience, according to information provided by Nike."
2021-11-18,08:00:00 UTC,https://www.bloomberg.com/news/articles/2021-11-18/nike-jumps-into-metaverse-with-virtual-world-on-roblox-platform,Nike Jumps Into Metaverse With Virtual World on Roblox Platform,"Nike Inc. is opening its own world in the metaverse. The sportswear giant is partnering with video-game platform Roblox on Nikeland, a free-to-play virtual..."
2021-11-18,08:00:00 UTC,https://www.wsj.com/tech/nike-launches-virtual-play-place-on-roblox-11637270756,Nike Launches Virtual Play Place on Roblox,"Company earlier filed trademark applications indicating it wanted to sell digital versions of its sneakers, clothing and other goods."
2021-12-13,08:00:00 UTC,https://www.bizjournals.com/portland/inno/stories/news/2021/12/13/how-a-portland-rare-disease-dad-is-fighting-back.html,Nike's head of video games embraces new title: 'rare disease dad',"Tommy Pham manages gaming partnerships at Nike Inc., but his LinkedIn profile highlights another role that has become nearly all-consuming since his son was..."
2021-12-15,08:00:00 UTC,https://www.bizjournals.com/austin/bizwomen/news/latest-news/2021/12/gibson-guitar-anne-rohosy.html?page=all,"Gibson Guitars hires Nike, Levi veteran Anne Rohosy in newly created role - Bizwomen",It's the latest indication of how new leadership and new ownership have rescued and reinvigorated the 127-year-old company best known for its guitars.
2021-12-17,08:00:00 UTC,https://www.cnbc.com/2021/12/17/investing-club-what-we-are-watching-next-week-including-nike-earnings.html,"Investing Club: What we are watching next week, including Nike earnings","The CNBC Investing Club breaks down the week that was, and what's on our radar in the week ahead."
2021-12-20,08:00:00 UTC,https://www.cnbc.com/2021/12/20/nike-nke-q2-2022-earnings.html,"Nike shares rise as earnings, sales top estimates, fueled by strong North American demand","Nike's fiscal second-quarter earnings and sales topped Wall Street's expectations as consumer demand in North America, the retailer's biggest market,..."
2021-12-21,08:00:00 UTC,https://www.barrons.com/articles/nike-earnings-nke-china-51640109538,The Bad News Inside Nike’s Upbeat Quarterly Earnings Report: China,Nike's sales in China slipped in the quarter. It's the latest warning for U.S. companies doing big business in that country.
2021-12-21,08:00:00 UTC,https://www.proactiveinvestors.co.uk/companies/news/969889/jd-sports-rallies-as-nike-performs-better-than-expected-969889.html,JD Sports rallies as Nike performs better than expected,JD Sports Fashion PLC (LSE:JD.) shares were in demand as Nike Inc (NYSE:NKE)'s better than expected performance in the US underlined the underway ongoing...
2021-12-22,08:00:00 UTC,https://www.moomoo.com/community/feed/107490123579397,"Dow Jones Surges As Nike Jumps On Earnings; Apple, Nvidia, Tesla Rebound","The Dow Jones Industrial Average surged 400 points Tuesday morning, as global markets rebounded from Monday's steep losses. $Nike (NKE.US)$ jumped on ..."
2021-12-30,08:00:00 UTC,https://houseofheat.co/nike/lebron-james-nike-air-force-1-dc8877-200-release-date,LeBron James x Nike Air Force 1 “Strive For Greatness” Drops December 30,"As the King prepares for his 19th NBA season, his sponsors over at the Swoosh have been busy preparing him with a bevy of footwear for the year ahead..."
2022-01-12,08:00:00 UTC,https://www.bizjournals.com/bizwomen/news/latest-news/2022/01/vf-corp-appoints-new-president-for-the-north-face.html,VF Corp. appoints new president for The North Face from Nike,"Under Nicole Otto's leadership, Nike launched new flagship and Nike Live experiences in New York City and Los Angeles and began its expansion of owned..."
2022-01-21,08:00:00 UTC,https://houseofheat.co/nike/nike-air-force-1-low-se-next-nature-flower-power-dj6377-100-release-date,Available Now // Nike Air Force 1 Next Nature “Flower Power”,"Who says sustainable can't look sexy? Though it's well-loved, the fairly ugly Space Hippie linage didn't really get Nike's sustainable series off to a..."
2022-01-27,08:00:00 UTC,https://www.thestreet.com/crypto/investing/nike-is-hiring-for-the-metaverse-with-five-key-positions,Nike Is Hiring for The Metaverse With Five Key Positions,Sneaker and athletic apparel maker Nike NKE is building its metaverse team and hiring for key roles as the latest buzzword in the tech world stirs up talent...
2022-01-28,08:00:00 UTC,https://www.bizjournals.com/portland/news/2022/01/28/nike-reveals-designs-for-2022-nba-all-star.html,Nike reveals designs for its NBA All-Star uniforms,This is the fifth consecutive year Jordan Brand has dressed the NBA All-Star Game teams.
2022-01-30,02:08:34 UTC,https://www.tradingview.com/symbols/NYSE-NKE/financials-income-statement/minority-interest-exp/,"Non-controlling/minority interest of Nike, Inc. – NYSE:NKE","Non-controlling/minority interest, quarterly and annual stats of Nike, Inc.."
2022-02-09,08:00:00 UTC,https://houseofheat.co/nike/nike-air-max-90-golf-nrg-picnic-dh5244-600-release-date,Air Max 90 Golf “Picnic” Honors Nike’s 50th Annual Family Event,"With Spring fast approaching, golfers around the Northern Hemisphere will look to light, low-cut, and seasonal footwear options that make playing 18 holes a..."
2022-02-17,08:00:00 UTC,https://www.bizjournals.com/washington/news/2022/02/17/nike-may-vacate-georgetown-retail-store.html,Nike may vacate Georgetown retail store,The athletic apparel company's landlord is seeking replacement tenants after the company missed a deadline to re-up its lease for the M Street retail space.
2022-02-24,08:00:00 UTC,https://www.bizjournals.com/portland/news/2022/02/24/nike-promotes-senior-executive-to-lead-snkrs-app.html,Nike promotes senior executive to lead SNKRS app,"SNKRS, Nike's app that sells its most exclusive and coveted drops, has a new leader."
2022-02-25,08:00:00 UTC,https://finance.yahoo.com/news/nike-just-wiped-out-more-than-900-million-of-foot-lockers-market-value-180334884.html,Nike just wiped out more than $900 million of Foot Locker's market value,Nike (NKE) just stuck a size 12 basketball shoe into the groin of trusted vendor partner Foot Locker (FL) as it seeks to bank even more money from its...
2022-02-28,08:00:00 UTC,https://www.marketwatch.com/story/foot-locker-shares-plunge-as-nike-continues-shift-away-from-wholesale-to-sell-more-of-its-own-gear-11645817988,Foot Locker shares plunge as Nike continues shift away from wholesale to sell more of its own gear,Foot Locker Inc.'s stock plunged 29.8% on Friday as the athletic retailer unveiled a merchandise plan that includes less Nike Inc. gear. Nike's. NKE.
2022-03-01,08:00:00 UTC,https://www.bizjournals.com/portland/news/2022/03/01/russia-nike-sales.html,Nike temporarily stops Russian website and app sales,"Nike Inc. (NYSE:NKE) is temporarily stopping sales from its Russian website and app, saying it ""cannot guarantee delivery of goods to customers in Russia.”."
2022-03-21,07:00:00 UTC,https://www.bloomberg.com/news/articles/2022-03-21/nike-shares-eye-worst-quarter-since-2008-amid-earnings-caution,Nike Heads for Biggest Quarterly Drop Since 2008,"In an industry pressured by soaring inflation, Nike Inc. is suffering more than most as its exposure to the fallout from the war in Ukraine and supply-chain..."
2022-03-23,07:00:00 UTC,https://uk.investing.com/news/stock-market-news/if-you-invested-1000-in-nike-stock-at-ipo-heres-how-much-youd-have-now-2611189,"If You Invested $1,000 In Nike Stock At IPO, Here's How Much You'd Have Now By Benzinga",Apparel and footwear company Nike Inc (NYSE: NYSE:NKE) has been a dominant player in its sector since it was founded in 1964.
2022-03-23,07:00:00 UTC,https://www.marketwatch.com/story/nike-to-test-jordan-only-stores-in-north-america-11647972133,Nike to test Jordan-only stores in North America,Nike said it would test stores that only sell the Jordan brand during its fiscal third-quarter earnings announcement.
2022-03-25,07:00:00 UTC,https://www.bizjournals.com/portland/news/2022/03/25/kobe-bryant-nike-partnership-vanessa-bryant.html,Nike announces shoe and partnership to honor Kobe Bryant and daughter,"Nike is launching a new partnership with Vanessa Bryant to honor her late husband and daughter, Kobe and Gigi Bryant. “Kobe Bryant means so much to so many..."
2022-03-25,07:00:00 UTC,https://www.fool.com/investing/2022/03/25/1-key-advantage-lululemon-has-over-nike/,1 Key Advantage Lululemon Has Over Nike,"The Swoosh is undoubtedly the leader in sports apparel, but it lags in one important area."
2022-04-03,07:00:00 UTC,https://www.fool.com/investing/2022/04/03/nike-has-an-answer-to-inflation/,Nike Has an Answer to Inflation,"Shares of Nike (NKE -2.24%) are down 20% year to date, but at the time of this writing, the stock is up 2.5% since reporting earnings on March 21."
2022-04-06,07:00:00 UTC,https://www.bizjournals.com/portland/news/2022/04/06/pfa-forever-plastics-nike-columbia.html,"Environmental groups give poor grades to Columbia, Nike; Keen fares better",A recent report has given Portland-based outdoor brands Columbia Sportswear and Nike low marks for their use of forever plastics in their products.
2022-04-07,07:00:00 UTC,https://www.bizjournals.com/atlanta/news/2022/04/07/nike-confirms-atlanta-expansion.html,"Nike confirms Atlanta expansion, to open technology center","Global footwear giant Nike (NYSE: NKE) confirmed a major expansion in Atlanta, showing the city's positioning as a hub for retail innovation centers."
2022-04-08,07:00:00 UTC,https://www.cmcmarkets.com/en-gb/opto/why-is-inflation-bad-for-stocks-like-nike-unilever-and-ocado,"Why is inflation bad for stocks like Nike, Unilever and Ocado?","With inflation on the rise, the businesses and share prices of Nike, Unilever and Ocado have taken a hit as the growing cost of living hurt financials."
2022-04-26,07:00:00 UTC,https://www.thestreet.com/crypto/investing/nike-pulls-first-weapon-to-dominate-metaverse-cryptokicks,Nike Pulls Out Its First Weapon to Dominate the Metaverse,"Nike NKE wants to be the reference point in the sneaker world. The brand aims to preserve its leadership at all costs, in the real world or the virtual one."
2022-04-28,07:00:00 UTC,https://www.bizjournals.com/portland/news/2022/04/28/nike-serena-williams-building-photos.html,Inside Nike's new Serena Williams Building (Photos),"Nike (NYSE: NKE) on Wednesday announced the newly named Serena Williams Building, the largest office building at its Oregon headquarters."
2022-05-01,07:00:00 UTC,https://www.barrons.com/articles/tesla-stock-pfizer-starbucks-nike-51651080250,"Giant Pension Bought Tesla, Pfizer, and Starbucks Stock. It Sold Nike.","STRS Ohio increased investments in EV maker Tesla, vaccine giant Pfizer, and cafe chain Starbucks, and cut holdings in apparel maker Nike in the first..."
2022-05-04,07:00:00 UTC,https://www.bizjournals.com/austin/bizwomen/news/latest-news/2022/05/nikes-jordan-brand-hires-new-cmo.html,"Nike Inc. hires new Jordan brand CMO Shannon Watkins, from Aflac, Coca Cola - Bizwomen",Nike has been busy hiring lately as it shifts to more direct- and digital-focused sales strategies.
2022-05-10,07:00:00 UTC,https://www.bizjournals.com/portland/news/2022/05/10/tedx-portland-nike-air-force-one.html,Nike creates TEDxPortland sneaker to mark Portland event's return,"Nike's Ted Force 1 celebrates an ""audacious"" return."
2022-05-11,07:00:00 UTC,https://www.bloomberg.com/news/articles/2022-05-10/nike-escalates-feud-with-stockx-says-site-is-selling-fake-shoes,"Nike Escalates Feud with StockX, Says Site is Selling Fake Shoes","Nike Inc. escalated its legal battle with sneaker marketplace StockX, saying it purchased four pairs of counterfeit shoes on the platform despite the..."
2022-05-19,07:00:00 UTC,https://sneakernews.com/2022/05/19/nike-air-max-95-vintage-dq0268-002/,Nike’s Retro-Themed Pack Adds Double Swooshes To The Air Max 95,"Nike's retro-heavy thematic surfaces once more, bringing with it a groovy set of numerals and a double-swoosh treatment on the Air Max 95."
2022-05-23,07:00:00 UTC,https://www.bizjournals.com/portland/news/2022/05/23/nike-fortune-500-2022.html,Nike rises to its highest spot ever on new Fortune 500 list,Oregon's homegrown footwear and apparel giant inched up two spots from last year in the latest ranking of the nation's largest corporations. Nike (NYSE:...
2022-05-24,07:00:00 UTC,https://www.bizjournals.com/seattle/bizwomen/news/latest-news/2022/05/nike-fortune-500-2022.html,Nike (NYSE: NKE) rises to its highest spot ever on new Fortune 500 list - Bizwomen,Nike (NYSE: NKE) ranked No. 83 in this year's Fortune 500 — its highest place to date — after a year in which profits increased more than 125% to $5.7 billion...
2022-05-25,07:00:00 UTC,https://www.reuters.com/world/europe/nike-not-renewing-franchise-agreements-russia-newspaper-2022-05-25/,Nike not renewing franchise agreements in Russia - newspaper,"May 25 (Reuters) - U.S. sportswear maker Nike (NKE.N) , opens new tab has not renewed agreements with its largest franchisee in Russia, the Vedomosti daily..."
2022-06-01,07:00:00 UTC,https://www.bizjournals.com/portland/news/2022/06/01/nike-lawsuit-roundup.html,5 Nike lawsuits: An update on the company's busy legal docket,Nike's attorneys have been particularly busy lately. Here's a look at where five of its most-watched cases stand.
2022-06-07,07:00:00 UTC,https://seekingalpha.com/article/4516865-nike-vs-adidas-an-undisputed-leader,Nike Vs. adidas: An Undisputed Leader,"Nike and adidas are the two biggest sportswear companies. Nike's scale is a big advantage, adidas doesn't even come close. See more on NKE and ADDYY stock..."
2022-06-09,07:00:00 UTC,https://news.alphastreet.com/nike-nke-is-capable-of-creating-strong-shareholder-value-in-long-term/,Nike (NKE) set to create long-term shareholder value. Is the stock a buy?,NKE has an impressive track record of outperforming the S&P 500 index and has generated more than 100% returns for shareholders over the past ten years. Thanks...
2022-06-27,07:00:00 UTC,https://www.cnbc.com/2022/06/27/nike-nke-earnings-q4-2022-earnings-.html,"Nike earnings top Wall Street's expectations, despite inflation in the U.S. and Covid lockdowns in China",Nike posted better-than-expected sales and profit for its fiscal fourth quarter.
2022-06-27,07:00:00 UTC,https://www.reuters.com/business/retail-consumer/nike-quarterly-revenue-beats-athletic-wear-demand-2022-06-27/,Nike forecasts downbeat quarterly revenue on lingering China worries,"Nike Inc forecast first-quarter revenue below estimates as it expects to discount more and wrestles with pandemic-related disruptions in China,..."
2022-06-28,07:00:00 UTC,https://www.barrons.com/articles/nike-stock-price-earnings-retail-51656095586,Nike Earnings Beat Estimates but China Remains a Drag,"Athletic-apparel giant Nike beats analysts' estimates for the fiscal fourth quarter on the top and bottom lines. Predictably, China revenue slumps."
2022-06-28,07:00:00 UTC,https://www.fijivillage.com/fashion/nike-is-exiting-russia-4rf58x/,Nike is exiting Russia,"Nike is the latest Western brand to leave Russia. The clothing manufacturer said that it has ""made the decision to leave the Russian marketplace"" and that..."
2022-07-04,07:00:00 UTC,https://www.fool.com/investing/2022/07/04/nike-lululemon-which-stock-buy-right-now/,Nike or Lululemon Athletica: Which Stock Is a Screaming Buy Right Now?,"The lines between workout clothing and everyday wear have disappeared, and that has driven share prices of Nike (NKE +1.39%) and Lululemon Athletica (LULU..."
2022-07-11,07:00:00 UTC,https://www.bizjournals.com/portland/news/2022/07/11/nike-mlb-round-two-uniforms.html,Nike releases redesigned MLB City Connect Series uniforms (Photos),"In 2021, Nike unveiled its MLB City Connect Series, which redesigned the uniforms of seven major league baseball teams. The overhaul aimed to “explore a..."
2022-08-02,07:00:00 UTC,https://snkrdunk.com/en/magazine/2022/08/02/nike-air-jordan-1-high-og-skyline-dx0054-805-release-retail-2023/,Nike Air Jordan 1 High OG “Skyline” Pays Homage to the Jumpman Logo’s Origins,Michael Jordan's first Air Jordan 1 photoshoot with a Chicago sunset is the inspiration behind this Air Jordan 1 High OG Skyline's gradient colorway.
2022-08-19,07:00:00 UTC,https://finance.yahoo.com/sectors/technology/articles/nike-ignored-sneaker-violence-wrongful-221153953.html,"Nike Ignored ‘Sneaker Violence,’ Wrongful Death Lawsuit Claims","Despite the bloodshed over their products, Nike has done very little to protect the public,” the lawsuit reportedly argued."
2022-08-26,07:00:00 UTC,https://www.bizjournals.com/portland/news/2022/08/26/nike-executive-joins-dutch-bros-board-of-directors.html,Nike executive joins Dutch Bros board of directors,"A Nike executive has joined Dutch Bros board of directors. Ann Miller, executive vice president and chief legal officer for Nike (NYSE: NKE), will serve on..."
2022-09-01,10:17:27 UTC,https://www.tradingview.com/symbols/NYSE-NKE/financials-dividends/,"Nike, Inc. Dividends – NYSE:NKE","Watch Nike, Inc. dividends key stats, including dividend yield, payout ratio and history — let the numbers help you decide if it's a reliable stock."
2022-09-21,07:00:00 UTC,https://www.bizjournals.com/bizwomen/news/latest-news/2022/09/nike-adds-telemundo-marketing-executive-to-its-boa.html,Nike adds Telemundo marketing executive to its board of directors,Nike Inc. has appointed NBCUniversal Telemundo executive Mónica Gil and former Intel CEO Bob Swan to its board of directors.
2022-09-28,07:00:00 UTC,https://qz.com/nike-is-minting-money-in-the-metaverse-1849589901,Nike is minting money in the metaverse,"In the metaverse, Nike $NKE is making strides. Last November, the athletic apparel firm filed seven patents that revealed plans to make and sell virtual..."
2022-09-28,07:00:00 UTC,https://www.reuters.com/business/retail-consumer/nike-sales-likely-suffer-inflation-hits-sneakerheads-2022-09-28/,Nike sales likely to suffer as inflation hits sneakerheads,"Sneakerheads are thinking twice before splurging on the newest set of kicks as the rising cost of living takes a toll on consumer spending,..."
2022-09-29,07:00:00 UTC,https://www.cnbc.com/2022/09/29/nike-nke-earnings-q1-2023.html,Nike shares fall as overstocked inventory weighs on earnings,"Nike first fiscal quarter revenue was up 4% to $12.69 billion, beating estimates. Nike net income was down 22% to $1.5 billion."
2022-09-30,07:00:00 UTC,https://www.investopedia.com/nike-s-efforts-to-clear-excess-inventories-hit-profit-margins-6745743,Nike's Efforts to Clear Excess Inventories Hit Profit Margins,Shares of Dow component Nike (NKE) are tumbling after the company released its latest earnings report. The company beat analyst estimates for earnings and...
2022-10-04,07:00:00 UTC,https://www.fool.com/investing/2022/10/04/nike-says-the-stock-market-will-get-a-lump-of-coal/,Nike Says the Stock Market Will Get a Lump of Coal for Christmas,"It's barely October, but Nike (NKE -2.24%) is already playing the Grinch this year. Shares of the sportswear giant tumbled 13% last Friday after it forecast..."
2022-10-04,07:00:00 UTC,https://www.fool.com/investing/2022/10/04/nikes-stock-crashes-as-inventory-soars/,Nike's Stock Crashes as Inventory Soars,"The athletic apparel company updated investors in its quarterly earnings report, revealing a big inventory jump. This video discusses why Nike's (NKE..."
2022-10-05,07:00:00 UTC,https://www.fool.com/investing/2022/10/05/are-nike-inventory-woes-as-bad-as-wall-st-believes/,Are Nike's Inventory Woes Really as Bad as Wall Street Believes?,"The superficial logic makes enough sense: Nike (NKE -2.24%) is sitting on too much inventory, so shareholders should sell the stock before markdowns take..."
2022-10-10,07:00:00 UTC,https://www.thestreet.com/investing/nike-lands-big-fish-with-latest-nil-signing,Nike Lands Big Fish With Latest NIL Signing,"Not bad for an 18th birthday present. Nike (NKE) on Oct. 10 announced that had signed Bronny James, son of NBA superstar Lebron James, to a name,..."
2022-10-11,07:00:00 UTC,https://www.fool.com/investing/2022/10/11/nike-stock-bull-vs-bear/,Nike Stock: Bull vs. Bear,Today's economic woes haven't spared athletic brand Nike (NKE -2.21%). The stock has slipped almost 50% this year. That's as headwinds hurt earnings and...
2022-10-17,07:00:00 UTC,https://sneakerbardetroit.com/nike-air-force-1-high-sculpt-white-green-dq5007-100-release-date/,Nike Air Force 1 High Sculpt Surfaces in White and Green,Nike Sportswear's latest women's Air Force 1 High Sculpt silhouette surfaces in a new “White Green” colorway heading into the holiday season.
2022-10-17,07:00:00 UTC,https://www.bizjournals.com/seattle/news/2022/10/17/nike-store-eastside.html,Nike files plans for new retail store on Eastside,"Nike Inc. (NYSE: NKE) is making plans to open its first full-scale store on the Eastside. The Beaverton, Oregon-based footwear and apparel maker currently..."
2022-10-19,04:47:08 UTC,https://www.tradingview.com/symbols/NYSE-NKE/financials-earnings/,"Nike, Inc. Earnings and Revenue – NYSE:NKE","EPS and revenue snapshot. In the last quarter, the company reported 0.72 USD per share, beating the 0.12 USD estimate by 479.22%. Revenue for the same period..."
2022-11-02,07:00:00 UTC,https://hypebae.com/2022/11/nike-air-force-1-40-year-anniversary-new-join-forces-collections-cultures-communities,Nike Celebrates 40 Years of the Air Force 1 By Paying Homage to Cultural Meccas and Communities In a New Collection,"Celebrating the 40th Anniversary of its Air Force 1, Nike (NYSE:NKE -0.99%) debuts its Join Forces Pack, a new collection that combines iconic graphics from..."
2022-11-07,08:00:00 UTC,https://www.bloomberg.com/news/articles/2022-11-07/kanye-west-kyrie-irving-sneaker-fallout-looms-for-adidas-ads-nike-nke,"Adidas, Nike Must Pick Up the Pieces After Antisemitism Ruins Deals","Its breakup with rapper and designer Ye, formerly known as Kanye West, over his outbursts ended one of the most lucrative sneaker arrangements in the industry's..."
2022-11-08,08:00:00 UTC,https://snkrdunk.com/en/magazine/2022/11/08/nike-dresses-the-french-football-federation-with-their-own-air-max-plus/,Nike Dresses the French Football Federation With Their Own Air Max Plus,"Ahead of the imminent FIFA World Cup Qatar 2022, Nike dresses the French Football Federation (FFF) with their own Air Max Plus to match the team's..."
2022-11-09,08:00:00 UTC,https://sneakerbardetroit.com/huf-nike-sb-dunk-low-release-date/,HUF x Nike SB Dunk Lows Releasing November 16th,"HUF x Nike SB Dunk Low City Pack Release Date: October 18, 2022 Style Code: FD8775-100 FD8775-001 FD8775-100 Price: $130 USD."
2022-11-14,08:00:00 UTC,https://www.bloomberg.com/news/articles/2022-11-14/nike-nke-to-open-swoosh-a-virtual-sneaker-store-and-trading-platform,Nike to Open Its Own Virtual Sneaker Store and Trading Platform,'.Swoosh' is a major part of the sneaker maker's push into the metaverse.
2022-11-22,08:00:00 UTC,https://www.bloomberg.com/news/articles/2022-11-22/nike-fanatics-sign-apparel-deal-with-yomiuri-giants-nke,Nike and Fanatics Sign Apparel Deal With Japan’s Yomiuri Giants,"Nike Inc. and Fanatics Inc. signed their first three-way apparel deal with an individual professional sports club, inking a long-term agreement with Japan's..."
2022-11-22,08:00:00 UTC,https://www.sportico.com/business/commerce/2022/fanatics-nike-tokyo-giants-1234696370/,Fanatics Deepens Nike Ties in Three-Way Deal With Tokyo Giants,"Fanatics, Nike and Japanese baseball's Tokyo Giants have inked a three-way licensing and apparel deal. Fanatics will make all the Nike-branded items."
2022-11-25,08:00:00 UTC,https://www.reuters.com/business/retail-consumer/shares-nike-adidas-could-score-world-cup-2022-11-25/,Shares of Nike and Adidas could score at the World Cup,"Nov 25 (Reuters) - As 32 teams compete for the World Cup in Qatar, Adidas (ADSGn.DE) , opens new tab and Nike (NKE.N) , opens new tab also hope their shares..."
2022-12-05,08:00:00 UTC,https://www.bizjournals.com/portland/news/2022/12/05/nike-trademark-kiy-omni-jordan-dunk.html,Nike sues pair of designers over Air Jordan 1 and Dunk trademarks,Nike recently filed a trademark infringement lawsuit against two prominent sneaker designers and their manufacturers. Documents filed Nov.
2022-12-05,08:00:00 UTC,https://www.bloomberg.com/news/articles/2022-12-05/nike-ends-deal-with-nba-s-kyrie-irving-in-antisemitism-fallout,Nike Ends Deal With NBA’s Kyrie Irving in Antisemitism Fallout (NKE),"Nike Inc. has ended its endorsement deal with basketball star Kyrie Irving, a company spokesperson said, about a month after suspending its relationship..."
2022-12-15,08:00:00 UTC,https://finance.yahoo.com/news/time-buy-nike-nke-stock-011401401.html,Time to Buy Nike (NKE) Stock for 2023?,"With NKE shares still trading 37% from their highs, now might be a great time for investors to consider buying Nike stock for 2023 and beyond."
2022-12-20,08:00:00 UTC,https://www.cnbc.com/2022/12/20/nike-nke-q2-earnings-2023.html,Nike surges after results top expectations and retailer shows inventory progress,Nike surges after results top expectations and retailer shows inventory progress ... Nike on Tuesday reported quarterly results that easily topped Wall Street's...
2022-12-21,08:00:00 UTC,https://finance.yahoo.com/markets/stocks/articles/nike-discounts-drawing-deal-hunters-141640019.html,Nike Discounts Drawing in Deal Hunters,"Nike's inventory may still be high, but the athletic giant was able to capitalize on the mass markdowns with a strong second quarter showing."
2023-01-10,08:00:00 UTC,https://www.appeconomyinsights.com/p/nike-just-getting-it-done,👟 Nike: Just getting it done,Hello there!. Greetings from San Francisco! Welcome to the new members who have joined us this week! Join the fast-growing How They Make Money community...
2023-01-11,08:00:00 UTC,https://medium.datadriveninvestor.com/will-nike-nke-survive-25a0a7e0440,Will Nike (NKE) Survive?,Although Nike (NKE) is one of the world's most valuable brands. Some people wonder if the shoemaker can survive. Nike's survival is in doubt because its...
2023-01-17,08:00:00 UTC,https://www.bizjournals.com/seattle/news/2023/01/17/niketown-seattle-closing.html,Nike to close downtown Seattle store,"Nike Inc. (NYSE: NKE) will soon become the latest national retailer to make an exit in downtown Seattle. The Beaverton, Oregon-based footwear and apparel..."
2023-01-21,08:00:00 UTC,https://www.fool.com/investing/2023/01/21/is-this-nikes-biggest-competitive-advantage/,Is This Nike's Biggest Competitive Advantage?,The worldwide leader in athletic apparel and footwear remains top of mind thanks to one key attribute.
2023-01-26,08:00:00 UTC,https://finance.yahoo.com/markets/stocks/articles/lawsuit-says-nike-done-playing-204231109.html,Lawsuit Says Nike’s Done Playing ‘Whac-a-Mole’ with BAPE,"BAPE collaboration with Disney, Marvel appears to have been the last straw, as Nike goes back to court."
2023-01-26,08:00:00 UTC,https://www.11alive.com/article/news/local/midtown/nike-atlanta-innovation-center-buildout-west-midtown/85-5cba75a6-e5c4-404a-befb-e33993c32048,Here's where Nike is building its new Atlanta innovation center,"Global footwear giant Nike Inc. is building out its technology innovation center in West Midtown, a part of Atlanta near Georgia Tech."
2023-01-30,08:00:00 UTC,https://www.bizjournals.com/portland/news/2023/01/30/nike-moves-into-new-location-at-bridgeport-village.html,Nike moving into new location at Bridgeport Village,"Nike is opening at a new location at Bridgeport Village in Tualatin. The opening date for what appears to be a retail store is unclear, but Nike (NYSE: NKE)..."
2023-02-21,08:00:00 UTC,https://www.bizjournals.com/portland/news/2023/02/21/top-nike-tech-executive-exits-abruptly-lavu.html,Top Nike tech executive exits abruptly,"Nike's top technology executive, Ratnakar Lavu, is no longer with the company, it confirmed to the Business Journal on Tuesday."
2023-02-21,08:00:00 UTC,https://www.businesswire.com/news/home/20230221005706/en/NIKE-Inc.-Announces-Third-Quarter-Fiscal-2023-Earnings-and-Conference-Call,"NIKE, Inc. Announces Third Quarter Fiscal 2023 Earnings and Conference Call","NIKE, Inc. (NYSE: NKE) plans to release its third quarter fiscal 2023 financial results on Tuesday, March 21, 2023, at approximately 1:15 p.m. PT,..."
2023-02-27,08:00:00 UTC,https://www.footyheadlines.com/2023/02/no-more-nike-nketiah-to-join-new-balance.html,"No More Nike: Nketiah Wears Boots With ""Full Carbon Fiber Outsole""",Update: We have received new information about the white football boots worn by Arsenal's Nketiah in Saturday's match away against Leicester City.
2023-03-08,08:00:00 UTC,https://www.bizjournals.com/bizwomen/news/latest-news/2023/03/nike-names-a-new-leader-for-its-women-s-business.html,Nike names a new leader for its women’s business,"Nike Inc. has named a new leader for its women's business. Amy Montagne, who is currently vice president and general manager of Asia, Pacific, Latin America..."
2023-03-17,07:00:00 UTC,https://houseofheat.co/nike/nike-dunk-low-dx5930-100-release-date,Nike Adds Metallic Purple Swooshes to This New Dunk Low,"Nke's impending “Silver Swoosh” series will add another release, with first looks at this new metallic purple-Swooshed Nike Dunk Low appearing from sources..."
2023-03-20,07:00:00 UTC,https://www.reuters.com/business/retail-consumer/nike-sales-gain-adidas-kanye-split-jordan-retro-demand-2023-03-20/,"Nike sales to gain from Adidas-Kanye split, Jordan Retro demand","Nike is expected to report a rise in third-quarter revenue and grow its market share through 2023, helped by major rival Adidas' split with designer and..."
2023-03-21,13:07:16 UTC,https://www.barrons.com/articles/nike-earnings-stock-price-893c3c94,Nike Tops Earnings and Revenue Expectations. Why the Stock Is Falling.,"Nike beat third-quarter earnings expectations, but the stock oscillated in after-hours trading as gross margins contracted. Nike (ticker: NKE) posted..."
2023-03-22,07:00:00 UTC,https://secondmeasure.com/datapoints/foot-locker-earnings-surprise-nike-direct-to-consumer-sales/,"As shoe retailers kick off new growth strategies, transaction data projected earnings surprises for Foot Locker and Nike","As shoe retailers kick off new growth strategies, transaction data projected earnings surprises for Foot Locker (NYSE: FL) and Nike (NYSE: NKE)."
2023-03-30,07:00:00 UTC,https://www.reuters.com/business/retail-consumer/nike-faces-shareholder-proposal-human-rights-2023-03-30/,Nike faces shareholder proposal on human rights,"NEW YORK, March 30 (Reuters) - Activist shareholder platform Tulipshare is calling on Nike (NKE.N) , opens new tab to offer more transparency on working..."
2023-03-31,07:00:00 UTC,https://www.fool.com/investing/2023/03/31/nike-stock-is-down-32-from-its-high-time-to-buy/,Nike Stock Is Down 32% From Its High. Time to Buy?,"The footwear leader is delivering top-line growth, but the stock's valuation might be too expensive."
2023-04-01,07:00:00 UTC,https://www.fool.com/investing/2023/04/01/is-it-time-to-sell-nike-stock/,Is It Time to Sell Nike Stock?,It's been a roller-coaster ride for Nike (NKE -1.97%) shares over the past couple of years. From its peak in November 2021 to its 52-week low in September...
2023-04-05,07:00:00 UTC,https://www.businesswire.com/news/home/20230405005699/en/NIKE-Inc.-Names-KeJuan-Wilkins-Executive-Vice-President-and-Chief-Communications-Officer,"NIKE, Inc. Names KeJuan Wilkins Executive Vice President and Chief Communications Officer","NIKE, Inc. (NYSE: NKE) announced a change in its senior executive leadership team (ELT) today. KeJuan Wilkins, Vice President of Enterprise Communications,..."
2023-04-06,07:00:00 UTC,https://www.marketwatch.com/story/nike-teams-up-with-trans-activist-dylan-mulvaney-following-that-buzzy-budweiser-promo-97128cec,Nike teams up with trans activist Dylan Mulvaney following that buzzy Budweiser promo,Kid Rock and Travis Tritt have called for boycotting Anheuser-Busch for partnering with the trans actress. More brands are still supporting trans rights.
2023-04-18,07:00:00 UTC,https://www.bizjournals.com/portland/inno/stories/news/2023/04/18/nike-swoosh-web3-metaverse-commercializing.html,Nike announces first virtual shoe release on its .Swoosh platform,Nike (NYSE: NKE) described .Swoosh as a way for its members to connect in a space where they can co-create virtual products.
2023-04-25,07:00:00 UTC,https://news.cognizant.com/2023-04-25-Nike-Expands-Relationship-with-Cognizant-to-Manage-its-Global-Technology-Operations,Nike Expands Relationship with Cognizant to Manage its Global Technology Operations,"New Agreement Expected to Help Transform and Manage the Retailer's Customer, Employee and Partner Experiences Globally. TEANECK, N.J., April 25,..."
2023-04-28,07:00:00 UTC,https://www.barrons.com/articles/bud-light-dylan-mulvaney-nike-loreal-maybelline-bfd36201,Why Nike and Others Are Working With Dylan Mulvaney Amid Bud Light Controversy,The controversy over Bud Light working with Dylan Mulvaney isn't stopping major consumer brands from paying the transgender social media influencer to hawk...
2023-04-28,07:00:00 UTC,https://www.sportico.com/personalities/athletes/2023/kevin-durant-lifetime-contract-with-nike-1234721028/,Kevin Durant Signs Lifetime Contract With Nike,"The lifetime deal between Nike and NBA star Kevin Durant will continue to include footwear, apparel, and community outreach."
2023-05-08,07:00:00 UTC,https://www.bizjournals.com/portland/news/2023/05/08/nike-veteran-joins-foot-locker.html,Nike veteran joins Foot Locker to lead its WSS banner,"Gonzalez joins Foot Locker from Nike where she most recently served as vice president of North America Product Merchandising. Before that, SHE held a global..."
2023-05-15,07:00:00 UTC,https://www.bizjournals.com/portland/news/2023/05/15/nike-ja-morant-suspend.html,Nike athlete Ja Morant suspended from NBA again for alleged gun behavior,"Morant, who has his own shoe line with Nike, was also suspended for eight games in March for similar actions."
2023-05-24,07:00:00 UTC,https://www.businesswire.com/news/home/20230524005917/en/NIKE-Announces-Senior-Leadership-Changes-to-Deepen-Consumer-Led-Growth-and-Marketplace-Advantage,NIKE Announces Senior Leadership Changes to Deepen Consumer-Led Growth and Marketplace Advantage,"NIKE, Inc. (NYSE:NKE) announced senior leadership changes today that will continue to build on its strong momentum and underscore Nike's commitment to..."
2023-05-26,07:00:00 UTC,https://www.wsj.com/business/nikes-rocky-rollout-of-ja-morants-latest-sneaker-70ee30f7,Nike Sticks With Ja Morant’s Latest Sneaker Despite Rocky Rollout,Nike NKE 0.29%increase; up pointing triangle released a sneaker from Ja Morant despite the basketball star's recent suspension from his team and retailers...
2023-05-30,07:00:00 UTC,https://www.bizjournals.com/portland/news/2023/05/30/nike-leadership-cfo-coo-innovation.html,"Nike shakes up senior leadership, including CFO and COO roles",Nike (NYSE: NKE) said last week the several changes it made to its senior leadership could help drive new products. The moves come at a time when analysts...
2023-06-04,07:00:00 UTC,https://www.thestreet.com/retail/macy-nike-shop-apparel-shoes-wholesale-partnership-struggle-benefit,Nike Making a Surprising Return to Macy's,Retail is a tough industry and it's really fickle right now post covid pandemic. Macy's (M) retail footprint has been similar to the likes of recently...
2023-06-06,07:00:00 UTC,https://finance.yahoo.com/news/nike-growth-company-declining-profitability-155715026.html,Nike: A Growth Company With Declining Profitability,Nike (NYSE:NKE) has not been rewarding investors as of late as its shares are down nearly 8% year-to-date. The iconic maker of athletic footwear and apparel...
2023-06-06,07:00:00 UTC,https://www.multivu.com/players/English/9140958-dicks-sporting-goods-nike-athletes/,"DICK'S Sporting Goods Partners with Nike, Jordan Brand and Athletes","Carmelo Anthony, Sabrina Ionescu & Mike Trout among Nike and Jordan Brand stars featured; Each athlete will nominate a youth sports organization for a..."
2023-06-20,07:00:00 UTC,https://finance.yahoo.com/news/nike-stock-slips-as-analysts-warn-of-inventory-problems-ahead-of-earnings-152626759.html,Nike stock slips as analysts warn of inventory problems ahead of earnings,Nike (NKE) stock slumped nearly 3% on Tuesday as Wall Street analysts trimmed their expectations for fourth quarter earnings.
2023-06-21,15:17:28 UTC,https://www.marketscreener.com/quote/stock/NIKE-INC-13739/finances/,"Nike, Inc.: Financial Data Forecasts Estimates and Expectations | NKE | US6541061031","This super rating is the result of a weighted average of the rankings based on the following ratings: Valuation (Composite), EPS Revisions (4 months), and..."
2023-06-29,07:00:00 UTC,https://news.alphastreet.com/earnings-infographic-highlights-of-nikes-q4-2023-results/,Earnings Infographic: Highlights of Nike’s Q4 2023 results,"Nike, Inc. (NYSE: NKE) on Thursday reported a decrease in earnings for the fourth quarter of 2023, when the sneaker giant's revenues increased modestly."
2023-06-29,07:00:00 UTC,https://www.cnbc.com/2023/06/29/nike-nke-earnings-q4-2023.html,Nike posts first earnings miss in three years as lower margins hit sports apparel giant,Nike's fourth quarter revenue beat Wall Street's estimates but its profits fell short of expectations. The sneaker giant's margins fell 1.4 percentage...
2023-06-30,07:00:00 UTC,https://www.bloomberg.com/news/articles/2023-06-29/nike-shows-sales-strength-profit-falls-just-short-of-estimates,Nike (NKE) Shows Sales Strength; Profit Falls Just Short of Estimates,Nike Inc. fell the most in the Dow Jones Industrial Average after the athletic-gear maker's outlook for the full year failed to win over Wall Street.
2023-07-03,07:00:00 UTC,https://www.bloomberg.com/opinion/articles/2023-07-03/the-sneaker-bubble-is-bursting-around-nike,The Sneaker Bubble Is Bursting Around Nike,"Consumers are being more discriminating when it comes to spending, and expensive athletic footwear is pretty low on the list of priorities."
2023-07-11,07:00:00 UTC,https://www.reuters.com/world/canada-probes-nike-dynasty-gold-over-alleged-use-forced-labor-china-2023-07-11/,"Canada probes Nike, Dynasty Gold over alleged use of forced labor in China","OTTAWA, July 12 (Reuters) - Canada's corporate ethics watchdog launched separate investigations into Nike Canada (NKE.N) , opens new tab and Dynasty Gold..."
2023-07-22,07:00:00 UTC,https://www.thecoinrepublic.com/2023/07/22/nike-inc-stock-price-prediction-aug-2023-what-nke-next-move/,"Nike, Inc Stock Price Prediction AUG-2023: What NKE Next Move?","The chart of Nike, Inc.'s stock shows a lack of clear direction at the moment. The technical indicators MACD, RSI, and super trend are giving mixed signals,..."
2023-07-24,07:00:00 UTC,https://www.bizjournals.com/portland/news/2023/07/24/five-things-to-know-nike-portland-airport.html,Five Things to Know: A new PDX connection and Nike Community Store's future,"Good morning and happy Monday. Hope the week starts off right for you. Even though it's only Monday, it doesn't hurt be thinking about getaway plans."
2023-07-25,07:00:00 UTC,https://www.proactiveinvestors.co.uk/companies/news/1021650/nike-s-stock-could-double-says-broker-1021650.html,"Nike's stock could double, says broker","Nike's stock price could double, according to analysts at UBS, which believe that even the most “bull case” scenario has a high probability of occurring..."
2023-08-04,07:00:00 UTC,https://sgbonline.com/nike-board-declares-dividend-22-percent-of-proceeds-go-to-knight-family-foundation/,"EXEC: Nike Declares Dividend; 22 Percent of Proceeds Go to Knight Family, Foundation","The Nike, Inc. Board of Directors, which is 75 percent controlled by the Knight family, declared a quarterly cash dividend of 34 cents per share on the..."
2023-08-11,07:00:00 UTC,https://www.marketwatch.com/story/magic-johnson-says-he-lost-5-billion-by-not-signing-with-nike-as-a-rookie-i-didnt-even-know-what-stocks-was-de7953da,Magic Johnson says not signing with Nike as a rookie cost him $5 billion: He ‘didn’t even know what’ stocks were,"In a recent interview, the NBA legend recalled choosing in 1979 among endorsement deals offered by shoe companies: Converse, Adidas, and Nike."
2023-08-22,07:00:00 UTC,https://www.bloomberg.com/news/articles/2023-08-22/nike-eyes-record-losing-streak-on-china-concern-inventory-woes,"Nike Eyes Record Losing Streak on China Concern, Inventory Woes",Nike Inc. posted a record streak of losses as concern over China's sluggish consumer recovery builds and elevated merchandise stockpiles continue to weigh...
2023-08-23,07:00:00 UTC,https://www.proactiveinvestors.com/companies/news/1024413/stock-movers-nvidia-iteos-arcus-manchester-united-nike-amc-bath-body-works-and-more-1024413.html,"Stock movers: Nvidia, iTeos, Arcus, Manchester United, Nike, AMC, Bath & Body Works and more","Nvidia: calm before the storm There's a calm before storm ahead of today's hotly-anticipated quarterly financials, albeit Nvidia (NASDAQ:NVDA) stock is up."
2023-08-24,07:00:00 UTC,https://www.thecoinrepublic.com/2023/08/24/nike-inc-nke-stock-facing-biggest-losing-streak-since-1980/,Nike Inc. (NKE) Stock – Facing Biggest Losing Streak Since 1980,"Nike Inc. (NYSE: NKE) stock is battling the longest losing streak since its IPO in 1980, mainly due to the Chinese market scenario."
2023-08-29,07:00:00 UTC,https://www.bizjournals.com/philadelphia/news/2023/08/29/mitchell-ness-vintage-sports-ceo-kumekpor-nike.html,Mitchell & Ness taps executive from Nike's Jordan Brand as its new CEO,"Mitchell & Ness, the Philadelphia-based vintage and lifestyle sports apparel retailer, named former Nike executive Eli Kumekpor as its new CEO effective..."
2023-08-29,07:00:00 UTC,https://www.sportico.com/personalities/executives/2023/mitchell-ness-eli-kumekpor-fanatics-1234735425/,Fanatics-Owned Mitchell & Ness Names Former Nike Exec as New CEO,Mitchell and Ness has named former Nike executive Eli Kumekpor as its next CEO. Fanatics and a group of Fanatics bought the company last year.
2023-09-02,07:00:00 UTC,https://sneakernews.com/2023/09/01/travis-scott-jordan-cut-the-check-white-mocha-brown/,Travis Scott Reveals His Upcoming Nike Sharkidon Collaboration,"Updated September 2nd: 2023: According to @zsneakerheadz, the shoes are the Travis Scott x Nike Sharkidon and will release in 2024."
2023-09-05,07:00:00 UTC,https://finance.yahoo.com/news/nike-stock-jordan-brand-has-lots-of-air-left-analyst-says-180143673.html,"Nike stock: Jordan brand has 'lots of air left,' analyst says","Jordan continues to be a slam dunk for Nike (NKE). The sneaker and apparel brand, which Nike launched with NBA All-Star Michael Jordan in 1997,..."
2023-09-11,07:00:00 UTC,https://rv-times.com/2023/09/11/nike-is-permanently-closing-this-massive-factory-store-for-a-scary-reason/,Nike is permanently closing this massive factory store for a scary reason,"Before you start picking on San Francisco for its laundry list of problems, it's a good idea to check on your own city to see if it's suffering from similar..."
2023-09-19,07:00:00 UTC,https://www.fool.com/investing/2023/09/20/nike-stock-analysis-buy-sell-or-hold/,"Nike Stock Analysis: Buy, Sell, or Hold?",Fool.com contributor Parkev Tatevosian evaluates Nike's (NKE -2.03%) latest strategy and answers if the stock is a buy. *Stock prices used were the...
2023-09-20,07:00:00 UTC,https://www.thecoinrepublic.com/2023/09/20/nike-stock-nyse-nke-price-loses-momentum-slips-below-100/,"Nike Stock (NYSE: NKE) Price Loses Momentum, Slips Below $100","Nike stock (NKE) price is trading on the bearish track and has shown seller dominance for the past sessions. Moreover, the price action showcased that..."
2023-09-28,07:00:00 UTC,https://news.alphastreet.com/nke-earnings-heres-everything-you-need-to-know-about-nikes-q1-report/,NKE Earnings: Here’s everything you need to know about Nike’s Q1 report,"Nike, Inc. (NYSE: NKE) on Thursday reported results for the first three months of fiscal 2024, reporting a modest rise in revenues."
2023-09-29,07:00:00 UTC,https://www.asktraders.com/analysis/nike-stock-price-surged-10-3-on-upbeat-q1-fiscal-2024-earnings/,Nike Stock Price Surged 10.3% on Upbeat Q1 Fiscal 2024 Earnings,The Nike Inc (NYSE: NKE) stock price surged 10.3% premarket after its financial results for the first quarter of its 2024 financial year.
2023-10-04,07:00:00 UTC,https://www.barrons.com/articles/nike-stock-buy-bob-swan-intel-d184216,Former Intel CEO Bob Swan Buys Nike Stock,"Bob Swan, a Nike director, bought $1.3 million of shares of the apparel maker. He headed Intel 2019 to 2021."
2023-10-04,07:00:00 UTC,https://www.fool.com/investing/2023/10/04/nike-beat-expectations-in-q1-but-there-3-red-flags/,"Nike Beat Expectations in Q1, but There Are 3 Red Flags Investors Shouldn't Ignore",Athletic apparel company Nike (NKE +3.02%) delivered a positive earnings report last week that beat analysts' expectations. Earnings per share of $0.95 came...
2023-10-09,07:00:00 UTC,https://www.thecoinrepublic.com/2023/10/09/nike-insiders-buying-its-shares-what-to-expect-from-nke-stock/,"Nike Insiders Buying Its Shares, What To Expect From NKE Stock?",Nike Inc. is an American company manufacturing footwear and apparel. It was founded in 1964 and currently has more than 83K employees.
2023-10-10,05:44:59 UTC,https://www.tipranks.com/news/article/nike-stock-nysenke-an-insider-buy-may-spark-a-comeback,Nike Stock (NYSE:NKE): Insider Buying May Spark a Comeback,"To be completely fair, investors don't need additional reasons to be skeptical about a consumer discretionary play, even one as storied as Nike (NYSE:NKE)."
2023-10-10,07:00:00 UTC,https://www.fbcnews.com.fj/sports/football/nike-after-criticism-releases-mary-earps-goalkeeper-jersey/,"Nike, after criticism, releases Mary Earps goalkeeper jersey","Nike released a replica jersey for England goalkeeper Mary Earps, after facing widespread criticism for not selling the popular Women's World Cup finalist's..."
2023-10-18,07:00:00 UTC,https://www.barrons.com/articles/athleisure-nike-lululemon-american-eagle-stock-2d29e63d,Nike and Lululemon Aren’t the Only Names in Athleisure. More Stocks to Play the Trend.,A look at the current marketplace for apparel that straddles athleticwear and loungewear—and which companies are best positioned to play the trend.
2023-10-21,07:00:00 UTC,https://www.wsj.com/business/retail/how-nike-fell-behind-in-the-innovation-race-83944224,How Nike Fell Behind in the Innovation Race,The sneaker company faces stiffer competition in the running and lifestyle categories; 'We need to raise our game'
2023-11-07,08:00:00 UTC,https://qz.com/nike-has-now-sued-five-footwear-companies-for-stealing-1850997932,Nike has now sued five footwear companies for stealing a sneaker technology,"Footwear giant Nike $NKE filed federal lawsuits on Monday (Nov. 6 ) against rivals New Balance and Skechers, accusing them of infringing on patents for the..."
2023-11-10,02:31:13 UTC,https://ycharts.com/indicators/nike_inc_cl_b_nke_greater_china_revenue,Nike Inc Cl B (NKE) - Greater China Revenue (Quarterly) - United States - Historical Data & Trends,"Nike Inc Cl B Greater China Revenue represents the income generated from sales within Mainland China, Hong Kong, Taiwan, and Macau. Report, Fiscal.ai. Category..."
2023-11-14,08:00:00 UTC,https://www.bizjournals.com/seattle/bizwomen/news/latest-news/2023/11/nike-amazon-muge-erdirik-dogan.html,Nike hires Amazon's Muge Erdirik Dogan as CTO - Bizwomen,Technology has become increasingly important to Nike in recent years as it has aggressively pushed online sales over retail partners.
2023-11-30,08:00:00 UTC,https://finance.yahoo.com/news/nike-incs-dividend-analysis-100817388.html,Nike Inc's Dividend Analysis,"Nike Inc (NYSE:NKE) recently announced a dividend of $0.37 per share, payable on 2024-01-02, with the ex-dividend date set for 2023-12-01."
2023-11-30,08:00:00 UTC,https://www.kgw.com/article/money/business/nike-downtown-portland-mall/283-8d2e3363-27e2-4752-8a7a-e3308175f8b7,Nike appears to seek two floors at downtown Portland mall,What that means for Nike's flagship store in downtown Portland is not clear.
2023-12-01,08:00:00 UTC,https://www.kgw.com/article/money/business/nike-downtown-flagship-store-pioneer-place/283-f1695315-8cbf-4625-ac88-996ab974e411,Nike temporarily relocating downtown flagship store to nearby Pioneer Place mall during renovations,Nike will temporarily move its flagship store to nearby Pioneer Place mall in downtown Portland.
2023-12-19,03:03:36 UTC,https://www.investing.com/brokers/guides/trading/how-to-buy-nike-stock/,Lace Up For Success: Your Guide on How to Buy Nike Stock (NKE) - Online Trading,"You can purchase Nike Stock by setting up a brokerage account, selecting the NKE stock, and clicking the “Buy” option to choose the type of order before..."
2023-12-21,08:00:00 UTC,https://www.cnbc.com/2023/12/21/nike-nke-earnings-q2-2024.html,"Nike sinks 12% after it slashes sales outlook, unveils $2 billion in cost cuts",Nike said the plan will cost between $400 million and $450 million in pretax restructuring charges that will largely come to fruition in the current...
2023-12-22,08:00:00 UTC,https://www.investopedia.com/nike-plunges-after-slashing-its-outlook-and-announcing-cost-cuts-as-demand-softens-8419647,Nike Plunges After Slashing Its Outlook and Announcing Cost Cuts as Demand Softens,"Nike shares plunged after the athletic apparel retailer cut its full-year revenue forecast, citing softness in demand, especially overseas."
2024-01-04,08:00:00 UTC,https://www.gurufocus.com/news/2142049/nike-inc-an-exploration-into-its-intrinsic-value,Nike Inc: An Exploration into Its Intrinsic Value,"In this article, we will take a look into Nike Inc's (NKE) DCF analysis, a reliable and data-driven approach to estimating its intrinsic value."
2024-01-08,08:00:00 UTC,https://justfreshkicks.com/nke-zoom-vomero-5-valentines-2024-hf0737-111/,Nike’s Zoom Vomero 5 Gets a Valentine’s Makeover,"Nike's Zoom Vomero 5 is joining their expansive lineup of Valentines-themed sneakers dressed in white ""Dragon Red"" accents."
2024-01-08,08:00:00 UTC,https://qz.com/tiger-woods-nike-end-partnership-after-more-than-27-ye-1851148873,"Tiger Woods, Nike end partnership after more than 27 years","Tiger Woods has gone from “Hello, world,” to saying goodbye to Nike $NKE. Woods ended months of speculation by making it official Monday that the..."
2024-01-08,08:00:00 UTC,https://www.reuters.com/sports/golf/woods-announces-end-longtime-partnership-with-nike-2024-01-08/,Woods announces end of decades-long partnership with Nike,"Jan 8 (Reuters) - Tiger Woods, who has worn Nike (NKE.N) , opens new tab apparel since first signing with the company as a newly professional 20-year-old,..."
2024-01-09,08:00:00 UTC,https://qz.com/column-tiger-woods-and-nike-was-a-partnership-for-a-li-1851151800,Column: Tiger Woods and Nike was a partnership for a lifetime until it wasn't,"KAPALUA, Hawaii (AP) — The red shirt on Sunday came to identify Tiger Woods. So did the swoosh. Woods and Nike $NKE were partners from the time he stepped..."
2024-01-15,08:00:00 UTC,https://finance.yahoo.com/news/nikes-nke-digital-growth-strategies-141600986.html,NIKE's (NKE) Digital & Growth Strategies Seem Encouraging,"Notably, the company has increased the digital share of its business to 26% in fiscal 2023 compared with 10% in fiscal 2019. Effective inventory management..."
2024-01-26,08:00:00 UTC,https://www.thestreet.com/retail/nike-bringing-back-iconic-shoe-after-nearly-50-years,Nike bringing back iconic shoe after nearly 50 years,The popular sneaker was worn by athletes and stars in the 1980s.
2024-02-01,08:00:00 UTC,https://www.thestreet.com/retail/viral-shoe-brand-releases-pricey-but-futuristic-sneakers-to-rival-nike,Viral shoe brand releases pricey (but futuristic) sneakers to rival Nike,The new line of running shoes may be spotted at the 2024 Paris Olympics — or on your neighborhood dog walker.
2024-02-07,08:00:00 UTC,https://www.nytimes.com/athletic/5187744/2024/01/08/tiger-woods-nike-partnership/,Tiger Woods announces his Nike partnership has ended: ‘There will certainly be another chapter’,"Nike first signed Woods to a five-year, $40 million deal in 1996, the year he turned pro."
2024-02-10,08:00:00 UTC,https://seekingalpha.com/article/4669281-nike-is-running-well-but-its-valuation-is-a-hurdle,"Nike Is Running Well, But Its Valuation Is A Hurdle (NYSE:NKE)","Summary · Nike is a leading entity in the consumer discretionary sector, but it is currently overvalued. · The company has seen impressive revenue and EPS..."
2024-02-16,08:00:00 UTC,https://abc7news.com/post/nike-layoffs-sportswear-fashion/14434534/,"Nike layoffs: Nike is cutting about 1,700 jobs in attempt to shed $2B in costs","Nike will lay off about 2% of its employees, or close to 1700 people, as the sportswear behemoth looks to cut as much as $2 billion in costs."
2024-02-16,08:00:00 UTC,https://bluemountaineagle.com/2024/02/16/nike-makes-a-harsh-cost-cutting-move-citing-a-painful-reality/,"Nike makes a harsh cost-cutting move, citing a ‘painful reality’","Nike is looking to cut costs, and it's willing to give its employees the boot in order to do so. The athletic footwear company has laid off over 1,600 of..."
2024-02-16,08:00:00 UTC,https://www.cnbc.com/2024/02/16/nike-to-lay-off-2percent-of-employees-cutting-more-than-1500-jobs.html,"Nike to lay off 2% of employees, cutting more than 1,500 jobs during broad restructuring",Nike is cutting 2% of its current workforce as it looks to reinvest in its growth areas and streamline its business. The sneaker giant is contending with a...
2024-02-16,08:00:00 UTC,https://www.reuters.com/business/retail-consumer/nike-plans-cut-over-1600-jobs-wsj-2024-02-16/,Nike to cut about 2% jobs to lower costs as demand weakens,"Feb 15 (Reuters) - Nike (NKE.N) , opens new tab will cut about 2% of its total workforce, or more than 1,600 jobs, the sportswear giant said late on..."
2024-02-18,08:00:00 UTC,https://247wallst.com/investing/2024/02/18/nike-nke-stock-price-prediction-in-2030-bull-base-and-bear-forecasts/,"Nike (NKE) Stock Price Prediction in 2030: Bull, Base and Bear Forecasts",Base Scenario (2030). courtesy of Nike Inc. A projection grounded in moderate growth and market equilibrium suggests a steady CAGR of 5-7% in revenues. This...
2024-02-29,08:00:00 UTC,https://www.gurufocus.com/news/2360477/nike-incs-dividend-analysis,Nike Inc's Dividend Analysis,"Unpacking the Dividend Profile of a Sporting Giant Nike Inc (NKE) recently announced a dividend of $0.37 per share, payable on 2024-04-01,..."
2024-03-15,07:00:00 UTC,https://seekingalpha.com/article/4678437-nike-risk-of-growth-stagnation-outweighs-reward,Nike: Risk Of Growth Stagnation Outweighs Reward (NYSE:NKE),Nike aims to maintain double-digit growth through its Nike Digital platform and expansion into the Chinese market. Learn why NKE stock is a Hold.
2024-03-19,07:00:00 UTC,https://finance.yahoo.com/news/nike-earnings-buy-p-500-170400194.html,Nike Earnings: Buy this S&P 500 Stock Down 45% and Hold?,"Nike (NKE) stock is down 45% from its highs heading into its Q3 FY24 earnings release on Thursday, March 21. Wall Street has dumped Nike for numerous..."
2024-03-21,07:00:00 UTC,https://qz.com/nike-deal-ends-german-soccers-long-standing-relationshi-1851355918,Nike deal ends German soccer's long-standing relationship with Adidas,BERLIN (AP) — German soccer and Adidas are breaking up. American sportswear giant Nike $NKE will supply all of Germany's national teams with its apparel and...
2024-03-21,07:00:00 UTC,https://stockinvest.us/stock-news/nike-inc-nke-analysis-technical-fundamental-insights-for-investors,"NIKE, Inc. (NKE) Analysis: Technical & Fundamental Insights for Investors","Technical Analysis of NIKE, Inc. (NKE) As of March 21, 2024, NIKE, Inc. (NYSE: NKE) closed at $100.82, with a slight gain of $0.55 (0.55%)."
2024-03-21,07:00:00 UTC,https://www.bloomberg.com/news/articles/2024-03-21/nike-rises-after-sales-beat-on-unexpected-strength-in-us-china,"Nike’s Aging Sneaker Models Feel Heat From Upstarts On, Hoka",Nike Inc. warned that sales will take a hit as it responds to a growing challenge from upstart running-shoe brands like On and Hoka that have exposed the US...
2024-03-21,07:00:00 UTC,https://www.cnbc.com/2024/03/21/nike-nke-earnings-q3-2024.html,"Nike shares slide on lackluster outlook, slowing China sales",Nike is in the midst of a broad restructuring to cut costs by about $2 billion over the next three years as consumer demand remains uncertain.
2024-03-22,07:00:00 UTC,https://finbold.com/bye-st-george-nike-stock-dips-6-amidst-england-flag-controversy/,Bye St. George! Nike stock dips 6% amidst England flag controversy,"Despite what its namesake might indicate, Nike Inc. (NYSE: NKE) has suffered a string of significant defeats in the last few days leading to an abysmal..."
2024-03-22,07:00:00 UTC,https://news.alphastreet.com/earnings-infographic-a-snapshot-of-nikes-q3-2024-results/,Earnings Infographic: A snapshot of Nike’s Q3 2024 results,"Nike, Inc. (NYSE: NKE) has reported a decrease in earnings for the third quarter of 2024, when the sneaker giant's revenues remained broadly unchanged."
2024-03-29,07:00:00 UTC,https://www.bizjournals.com/boston/news/2024/03/29/sharkninja-new-cfo-nike.html,Nike veteran to join Needham consumer company as CFO,SharkNinja Inc. tapped a Nike veteran as its next top financial officer. The Needham-based household appliance producer (NYSE: SN) hired Patraic Reagan as...
2024-04-01,07:00:00 UTC,https://www.thestreet.com/retail/top-sportswear-ceo-has-harsh-words-for-nike,Top sporting goods CEO has harsh words for Nike,The leader of the apparel giant criticized some of Nike's recent efforts.
2024-04-03,07:00:00 UTC,https://www.bizjournals.com/portland/news/2024/04/03/nike-analysts-investor-day-air-max-dn-retail.html,"Analysts: Nike back on track, but results will take time",Footwear industry analysts see a new Air Max sneaker launch and a recommitment to innovation as cause for optimism that Nike can turn around its slowing...
2024-04-11,07:00:00 UTC,https://qz.com/nike-olympics-sales-sports-market-share-1851403402,Nike is betting on a Summer Olympics sales turnaround,"Nike $NKE is betting the 2024 Summer Olympics in Paris will help it turnaround its slump in sales. On Thursday, Nike unveiled the Olympic Kits for the teams..."
2024-04-11,07:00:00 UTC,https://www.businesswire.com/news/home/20240411422311/en/Nike-Kicks-Off-Multi-Year-Innovation-Cycle,Nike Kicks Off Multi-Year Innovation Cycle,"Today, NIKE, Inc. (NYSE: NKE) extended its position as the undisputed leader of footwear and apparel innovation by debuting a new line-up of products that..."
2024-04-14,07:00:00 UTC,https://www.bloomberg.com/news/articles/2024-04-14/nike-s-nke-new-pegasus-is-one-of-the-shoes-to-shape-its-future,Nike Starts Speeding Out Sneakers That Will Shape Its Future,"There's a new Alphafly built for marathoners, improved track spikes, boots for footballers and a new basketball shoe. But the main draw was the 41st iteration..."
2024-04-15,07:00:00 UTC,https://www.bloomberg.com/news/articles/2024-04-15/adidas-could-benefit-from-nike-s-innovation-struggles-morgan-stanley-says,"Adidas Could Benefit From Nike’s Innovation Struggles, Morgan Stanley Says","Sports footwear fashion trends are swinging to Adidas AG's favor amid product innovation struggles by rival Nike Inc., according to Morgan Stanley analysts."
2024-04-22,07:00:00 UTC,https://qz.com/nike-running-shoes-paris-olympics-lululemon-on-hoka-1851426426,Nike is getting back to the basics after its exclusive sneaker bid fell short,"Nike $NKE has spent a great deal of time looking to innovate, but now it wants to get back to the basics by focusing on its running shoe catalog."
2024-04-23,07:00:00 UTC,https://qz.com/caitlin-clark-is-set-to-sign-a-new-nike-deal-valued-at-1851429420,"Caitlin Clark is set to sign a new Nike deal valued at $28 million over 8 years, reports say",Caitlin Clark appears to be on the cusp of setting another record. The most prolific scorer in NCAA Division I history and the No.
2024-04-30,07:00:00 UTC,https://seekingalpha.com/article/4687428-nike-trust-the-brand-equity,Nike: Trust The Brand Equity (NYSE:NKE),"Nike (NKE) boasts robust brand equity and holds a dominant position in an industry that is poised for sustained growth, with more than double the sales of its..."
2024-05-14,22:20:29 UTC,https://qz.com/nike-converse-layoffs-1851477345,Nike is cutting jobs at Converse,"Nike $NKE has grown tired of depending on sneakerheads for its business. Last month, CEO John Donahoe told the Wall Street Journal that his company wants to..."
2024-05-24,07:00:00 UTC,https://finance.yahoo.com/news/nike-inc-nyse-nke-largely-130015512.html,"NIKE, Inc. (NYSE:NKE) is largely controlled by institutional shareholders who own 66% of the company","NIKE, Inc. (NYSE:NKE) is largely controlled by institutional shareholders who own 66% of the company. editorial-team@simplywallst.com (..."
2024-05-30,07:00:00 UTC,https://bakercityherald.com/2024/05/30/history-of-nikes-iconic-swoosh-from-35-sketch-to-multibillion-dollar-brand/,History of Nike’s iconic swoosh: From $35 sketch to multibillion dollar brand,"In the early 70's, Nike (NKE) , then known as “Dimension 6,” enlisted a college student to design its logo. Inspired by the wings of the goddess Nike,..."
2024-06-01,07:00:00 UTC,https://www.thestreet.com/retail/a-fast-growing-rival-is-a-big-problem-for-nike,"Top Nike rival make big gains in sneaker, lifestyle market","While not every corner of the retail industry seems to be in growth mode, the sports-apparel space has never been more competitive."
2024-06-23,07:00:00 UTC,https://www.fool.com/investing/2024/06/23/reasons-to-buy-nike-stock-like-theres-no-tomorrow/,4 Reasons to Buy Nike Stock Like There's No Tomorrow,"It's been a tough past couple of years for athletic apparel company Nike (NKE -2.24%), and by extension, for its shareholders. Nike stock is down more than..."
2024-06-27,07:00:00 UTC,https://www.cnbc.com/2024/06/27/nike-nke-earnings-q4-2024.html,"Nike shares plunge after retailer says quarterly sales will fall 10%, warns on China weakness","In fiscal 2024, Nike posted sales of $51.36 billion, which is flat compared to the prior year. It's the slowest pace of annual sales growth the company has seen..."
2024-06-27,07:00:00 UTC,https://www.investopedia.com/nike-q4-fy-2024-earnings-preview-what-you-need-to-know-8667111,What You Need To Know Ahead of Nike's Earnings Report,"Nike reports fourth-quarter earnings Thursday as the athletic apparel giant looks ahead to the Summer Olympics in Paris, planning product launches and..."
2024-06-27,07:00:00 UTC,https://www.marketwatch.com/story/nike-stock-falls-as-executives-say-q4-results-highlighted-challenges-with-demand-4b83f706,"Nike wants to sell fewer classic sneakers, roll out more new ones in bid to revive demand",Shares of Nike Inc. tumbled after hours on Thursday after the athletic-wear giant dimmed its expectations for the year as it grapples with wobbling consumer...
2024-06-28,07:00:00 UTC,https://finance.yahoo.com/news/nike-stock-sinks-after-company-projects-larger-sales-decline-than-expected-in-2025-192129443.html,Nike stock sinks after company projects larger sales decline than expected in 2025,Nike (NKE) stock fell nearly 20% on Friday after the retailer said it expects revenue to decline more than it previously thought in the coming year.
2024-06-28,07:00:00 UTC,https://www.axios.com/2024/06/28/nike-sales-drop-nke-q4-2024,Nike faces tough turnaround as sales fall amid growing competition,Nike's business is more of an oof than a swoosh at the moment. Why it matters: Investors have been abandoning ship as Nike's strategies — both in innovation...
2024-06-28,07:00:00 UTC,https://www.bloomberg.com/news/articles/2024-06-28/nike-nke-sales-warning-leads-morgan-stanley-jpmorgan-and-more-to-downgrade,"Nike’s Sales Warning Leads Morgan Stanley, JPMorgan and More to Pause Buy Calls on Stock","Nike's Sales Warning Leads Morgan Stanley, JPMorgan and More to Pause Buy Calls on Stock · JPMorgan, Morgan Stanley among brokers to slash stock ratings · Gauge..."
2024-06-28,07:00:00 UTC,https://www.investopedia.com/what-is-next-for-nike-after-disappointing-q4-results-outlook-for-2025-8671040,"What's Next for Nike After Disappointing Q4 Results, Outlook for 2025","After Nike reported disappointing fourth-quarter sales and guidance for fiscal 2025, the athletic apparel giant is looking ahead to the Olympic Games,..."
2024-06-28,07:00:00 UTC,https://www.morningstar.com/stocks/nike-earnings-dim-sales-outlook-slams-shares-patient-investors-could-be-rewarded,"Nike Earnings: Dim Sales Outlook Slams Shares, but Patient Investors Could Be Rewarded","Nike's NKE shares roughly doubled their year-to-date decline with a 12% tumble in June 27 aftermarket trading, as persistent sales weakness has added..."
2024-06-28,07:00:00 UTC,https://www.reuters.com/business/retail-consumer/nikes-downbeat-outlook-drags-jd-sports-puma-briefly-lifts-adidas-2024-06-28/,Nike stock plunges as gloomy sales forecast fans growth concerns,"June 28 (Reuters) - Nike's (NKE.N) , opens new tab stock slumped 20% on Friday as a forecast for a surprise drop in annual sales amplified investor concerns..."
2024-07-02,07:00:00 UTC,https://www.morningstar.com/markets/after-earnings-is-nike-stock-buy-sell-or-fairly-valued,"After Earnings, Is Nike Stock a Buy, a Sell, or Fairly Valued?","Sales are down, but there is optimism that they will rise with the expansion of the sportswear market."
2024-07-06,07:00:00 UTC,https://www.fool.com/investing/2024/07/06/5-reasons-to-buy-nike-stock-like-theres-no-tomorro/,5 Reasons to Buy Nike Stock Like There's No Tomorrow,"Sports apparel giant Nike (NKE -2.24%) is one of the world's most recognizable brands. However, the stock has fallen to multi-year lows after a rough..."
2024-07-08,07:00:00 UTC,https://www.fool.com/investing/2024/07/08/nike-stock-cheap-decade-good-reason-buy/,Nike Stock Hasn't Been This Cheap in Over a Decade. Is This a Buying Opportunity or Are There Good Reasons to Avoid It?,"Athletic apparel giant Nike (NKE +0.49%) is known around the world and is easily recognizable by its swoosh logo. But sometimes, even an iconic company can..."
2024-07-09,07:00:00 UTC,https://www.bloomberg.com/news/articles/2024-07-08/nike-brings-back-retired-executive-tom-peddie-to-mend-retail-relationships,Nike Brings Back Retired Executive to Fix Slumping Retail Sales,"Tom Peddie, a veteran executive who worked at Nike for 30 years before the company announced his retirement in 2020, is returning as its vice president of..."
2024-07-11,07:00:00 UTC,https://www.fool.com/investing/2024/07/11/why-nike-stock-plunged-31-in-the-first-half-2024/,Why Nike Stock Plunged 31% in the First Half of 2024,"Shares of athletic apparel company Nike (NKE -2.24%) plunged 30.6% in the first half of 2024, according to data provided by S&P Global Market Intelligence."
2024-07-23,07:00:00 UTC,https://www.newsfilecorp.com/release/217400/NKE-Investors-Have-Opportunity-to-Lead-Nike-Inc.-Securities-Fraud-Lawsuit,"NKE Investors Have Opportunity to Lead Nike, Inc. Securities Fraud Lawsuit","Bensalem, Pennsylvania--(Newsfile Corp. - July 23, 2024) - Law Offices of Howard G. Smith announces that investors with substantial losses..."
2024-07-24,07:00:00 UTC,https://www.fool.com/investing/2024/07/24/why-nikes-stock-crashed-60-in-4-simple-charts/,Why Nike's Stock Crashed 60% in 4 Simple Charts,"Nike's (NKE -1.96%) stock hit an all-time high of $172.49 on Nov. 5, 2021. At the time, investors were impressed by its quick recovery from the pandemic,..."
2024-08-12,07:00:00 UTC,https://seekingalpha.com/news/4138579-nike-stars-shine-bright-during-the-paris-olympics,Nike stars shine bright during the Paris Olympics (NYSE:NKE),Nike (NKE) shines in the spotlight during the Paris Olympics with a successful advertising campaign and strong endorsements.
2024-08-13,07:00:00 UTC,https://www.investopedia.com/nike-stock-regains-footing-after-analyst-floats-bullish-price-target-8694702,Nike Stock Rebounds After Analyst Reaffirms Bullish Price Target,"Bernstein Research analyst Aneesha Sherman reiterated a ""buy"" rating and $112 price target on Nike's stock, lifting the shoe giant's shares."
2024-08-15,07:00:00 UTC,https://www.investopedia.com/bill-ackman-stake-sends-nike-jumping-8695724,Bill Ackman Stake Sends Nike Jumping,"Billionaire investor Bill Ackman built new stakes in Nike during the second quarter, according to a regulatory filing, helping send shares of the sneaker..."
2024-08-16,07:00:00 UTC,https://acquirersmultiple.com/2024/08/nike-inc-nke-dcf-valuation-is-the-stock-undervalued/,Nike Inc (NKE) DCF Valuation: Is The Stock Undervalued?,Nike Inc (NKE) DCF Valuation: Is The Stock Undervalued? · Discount Rate: 8% · Terminal Growth Rate: 4% · WACC: 8%. Forecasted Free...
2024-08-19,07:00:00 UTC,https://www.fool.com/investing/2024/08/19/on-holding-vs-nike-why-ons-strategy-is-setting-it/,On Holding vs. Nike: Why On's Strategy Is Setting It Apart,There isn't another running shoe or athletic wear brand that could come close to challenging Nike (NKE -0.78%) right now. Its lead is so large that its...
2024-08-22,07:00:00 UTC,https://www.bizjournals.com/portland/news/2024/08/22/nike-layoffs-hires-roundup.html,"A roundup of Nike’s high-profile departures, hires and job changes in the last year","Nike has experienced a historically tough last few months, marked by its worst stock drop in company history and a lowered 2025 financial outlook."
2024-08-26,07:00:00 UTC,https://www.bloomberg.com/news/articles/2024-08-26/nike-push-in-china-to-include-tour-with-nba-stars-doncic-tatum,"Nike (NKE) Push in China to Include Tour With NBA Stars Doncic, Tatum",Nike Inc.'s Jordan brand said it's taking several of its top sponsored athletes on a tour of China in a new push to promote its product lines in the crucial...
2024-08-28,07:00:00 UTC,https://news.sky.com/story/has-the-nike-trainer-bubble-burst-13201625,Has the Nike trainer bubble burst?,"The swoosh took a big hit in its stock price in June while rivals like Adidas, New Balance and HOKA continue to grow their market share. Can Nike prove it's..."
2024-09-09,07:00:00 UTC,https://www.fool.com/investing/2024/09/09/best-stock-to-buy-right-now-nike-vs-on-holding/,Best Stock to Buy Right Now: Nike vs. On Holding,"The world of sports footwear and apparel is witnessing a sea change, or so it would seem. The long dominance of Nike (NKE -2.24%) and Adidas is being..."
2024-09-13,07:00:00 UTC,https://www.bloomberg.com/news/features/2024-09-13/nike-nke-stock-upheaval-defines-ceo-john-donahoe-s-tenure,The Man Who Made Nike Uncool,"Instead of transforming the sneaker giant into a high-tech powerhouse, John Donahoe pissed off partners and disappointed fans."
2024-09-19,07:00:00 UTC,https://www.bloomberg.com/news/articles/2024-09-19/nike-appoints-elliott-hill-to-replace-john-donahoe-as-ceo,Nike to Replace CEO Donahoe With Longtime Company Veteran,"Sorry, something went wrong ... This article is for subscribers only. Nike Inc. ousted beleaguered Chief Executive Officer John Donahoe, bringing longtime..."
2024-09-19,07:00:00 UTC,https://www.investopedia.com/nike-stock-rises-after-elliott-hill-named-ceo-8715586,Nike Stock Rises After Elliott Hill Named CEO,"Nike shares surged in extended trading Thursday after the global shoe and athletic apparel company named Elliott Hill its CEO, replacing John Donahoe."
2024-09-20,07:00:00 UTC,https://www.investopedia.com/wall-street-welcomes-new-nike-ceo-elliott-hill-stock-rises-8715838,Nike Stock Climbs as Wall Street Analysts Welcome a CEO Change,Nike's hard-hit shares rallied Friday as Wall Street analysts largely welcomed the company's appointment of veteran executive Elliott Hill as its new CEO.
2024-09-21,07:00:00 UTC,https://247wallst.com/companies-and-brands/2024/09/21/new-management-wont-fix-nike/,New Management Won’t Fix Nike,24/7 Wall St. Insights Nike Inc. (NYSE: NKE | NKE Price Prediction) used to dominate the athletic wear business. Increasing competition is a problem its...
2024-10-01,07:00:00 UTC,https://www.cnbc.com/2024/10/01/nike-nke-earnings-q1-2025.html,"Nike withdraws guidance, postpones investor day as it gears up for CEO change","Nike withdrew is full-year guidance and said it was postponing its investor day, which had been scheduled for November. Nike beat earnings expectations by..."
2024-10-01,07:00:00 UTC,https://www.investopedia.com/nike-stock-swoons-as-apparel-giant-withdraws-full-year-outlook-ahead-of-ceo-change-8721606,Nike Stock Swoons as Apparel Giant Withdraws Full-Year Outlook Ahead of CEO Change,Nike shares tumbled in extended trading Tuesday after the company withdrew its full-year forecast ahead of its transition to a new CEO later this month.
2024-10-01,07:00:00 UTC,https://www.tradingview.com/news/tradingview:a66d6c00a094b:0-nke-nike-stock-sinks-as-sales-dive-10-profits-plunge-and-guidance-gets-canceled/,"NKE: Nike Stock Sinks as Sales Dive 10%, Profits Plunge and Guidance Gets Canceled",Nike withdrew its annual revenue forecast and postponed its investor day as the company was preparing to swap chief executives. Nike stock NKE slipped 6% in...
2024-10-01,07:00:00 UTC,https://www.wsj.com/business/earnings/nike-sales-nke-q1-earnings-report-2025-b142ac6d,Nike Shares Slide After It Withdraws Year Forecast,Sneaker giant's quarterly sales fall 10% amid a hangover from Jordan releases.
2024-10-02,07:00:00 UTC,https://qz.com/nike-q1-2025-earnings-investor-day-postponed-1851662091,Nike pushes back its investor day — and the stock dips on sluggish earnings,"Nike $NKE (NKE) is striving to “Just Do It,” but its latest quarterly earnings suggest it may be too soon to determine success. Now, the company has..."
2024-10-08,07:00:00 UTC,http://www.baystreet.ca/stockstowatch/19208/Nike-Stock-Is-On-Sale,Nike Stock Is On Sale,"When Nike (NKE) posted quarterly results that did not meet expectations, shares fell from $90 to $82.25 last week. What went wrong with the company's..."
2024-10-10,07:00:00 UTC,https://www.bloomberg.com/news/articles/2024-10-10/nike-replaces-north-america-boss-ahead-of-new-ceo-s-arrival,Nike (NKE) Replaces North America Boss Ahead of New CEO’s Arrival,"Peddie retired from Nike in 2020, but came back to the company just months ago as its vice president of marketplace partners. He's replacing Scott Uzzell, who..."
2024-10-11,07:00:00 UTC,https://www.morningstar.com/markets/after-earnings-is-nike-stock-buy-sell-or-fairly-valued-2,"After Earnings, Is Nike Stock a Buy, a Sell, or Fairly Valued?","Nike released its fiscal first-quarter earnings report on Oct.1, after the close of trading. Here's Morningstar's take on Nike's earnings and stock."
2024-10-18,07:00:00 UTC,https://finance.yahoo.com/news/youd-bought-1-share-nike-071100146.html,"If You'd Bought 1 Share of Nike at Its IPO, Here's How Many Shares You Would Own Now","If you had bought one share of Nike (NYSE: NKE) when it went public in 1980, you'd be sitting on a monster return right now. As you can see from the chart..."
2024-11-05,08:00:00 UTC,https://qz.com/levis-nike-tecovas-new-balance-trump-tariff-impact-1851689123,Levis Nike Tecovas New Balance Trump Tariff Impact,"Under a Donald Trump presidency, a proposed 25% tariff on Mexican imports could lead to significant price increases on popular clothing brands."
2024-11-05,08:00:00 UTC,https://qz.com/warren-buffett-berkshire-hathaway-target-starbucks-nike-1851689456,"Warren Buffett's Berkshire Hathaway has enough cash to buy Target, Starbucks, and Nike",Berkshire Hathaway sat on a record $325 billion in cash last quarter.
2024-11-21,08:00:00 UTC,https://www.zacks.com/stock/news/2373387/nikes-premium-ps-valuation-sign-of-growth-or-time-to-cash-out,NIKE's Premium P/S Valuation: Sign of Growth or Time to Cash Out?,"NIKE Inc. ( NKE Quick Quote NKE - Free Report) has been on a growth trajectory, backed by its strong market share and popular brands."
2024-11-25,08:00:00 UTC,https://www.businesswire.com/news/home/20241125954625/en/NIKE-Inc.-Appoints-Treasure-Heinle-as-Executive-Vice-President-and-Chief-Human-Resources-Officer,"NIKE, Inc. Appoints Treasure Heinle as Executive Vice President and Chief Human Resources Officer","NIKE, Inc. (NYSE: NKE) today announced a change to its Senior Leadership Team (SLT). Treasure Heinle, Chief Talent Officer, will become the company's new..."
2024-12-03,08:00:00 UTC,https://finance.yahoo.com/news/nike-inc-nke-close-becoming-111404268.html,"NIKE, Inc. (NKE): Close to Becoming a Dividend Aristocrat","NIKE, Inc. (NKE): Close to Becoming a Dividend Aristocrat ... We recently published a list of 10 Stocks That Are Close To Becoming Dividend Aristocrats. In this..."
2024-12-10,08:00:00 UTC,https://www.forbes.com/sites/gurufocus/2024/12/10/nike-is-cheap-despite-recent-challenges-in-china-and-product-design/,Nike Is Cheap Despite Recent Challenges In China And Product Design,"Nike has under-performed due to distribution revamp, product design shifts, and backlash in China, impacting revenue and margins."
2024-12-17,08:00:00 UTC,https://www.tikr.com/blog/nike-stock-an-unjustified-discount-you-dont-want-to-miss,Nike Stock: An Unjustified Discount You Don’t Want to Miss,Nike's stock has fallen over 50% in the past 3 years due to a series of strategic missteps and a lack of product innovation: Nike's (NKE) 3-Year Price Chart...
2024-12-19,08:00:00 UTC,https://qz.com/nike-q2-2025-earnings-stock-elliott-hill-ceo-retail-1851725738,Nike stock pops 9% as its new CEO starts with an earnings beat,"Nike $NKE (NKE) appears to be find its footing under new CEO Elliott Hill, reporting second-quarter earnings on Thursday that were better than feared."
2024-12-19,08:00:00 UTC,https://www.bloomberg.com/news/articles/2024-12-19/nike-shows-improvement-in-new-ceo-s-first-earnings-report,Nike CEO Turnaround Rests on Unraveling Predecessor Mistakes,Nike Inc.'s new Chief Executive Officer Elliott Hill pledged to reignite growth by refocusing on sports and revamping the company's products.
2024-12-19,08:00:00 UTC,https://www.cnbc.com/2024/12/19/nike-nke-earnings-q2-2025.html,Nike CEO Elliott Hill outlines new strategy after retailer blames promotions for declining revenue and profit,Nike beat Wall Street's expectations on the top and bottom lines under new CEO Elliott Hill.
2024-12-20,08:00:00 UTC,https://news.alphastreet.com/key-metrics-from-nikes-nke-q2-2025-earnings-results/,Key metrics from Nike’s (NKE) Q2 2025 earnings results,"NIKE, Inc. (NYSE: NKE) reported total revenues of $12.4 billion for the second quarter of 2025, down 8% on a reported basis and down 9% on a..."
2024-12-20,08:00:00 UTC,https://www.investopedia.com/watch-these-nike-stock-price-levels-as-strategy-shift-weighs-on-outlook-8764797,Watch These Nike Stock Price Levels as Strategy Shift Weighs on Outlook,Nike shares lost ground Friday morning after the athletic apparel company warned that its turnaround efforts will take time and weigh on short-term results.
2024-12-20,08:00:00 UTC,https://www.morningstar.com/stocks/nike-earnings-results-weak-guidance-suggest-turnaround-not-imminent,Nike Earnings: Results and Weak Guidance Suggest Turnaround Not Imminent,"Although Nike NKE reported fiscal second-quarter sales and earnings above expectations, it was a generally poor result by the firm's usual standards."
2024-12-20,08:00:00 UTC,https://www.tradingview.com/news/tradingview:9b1fafd14094b:0-nke-nike-stock-wipes-out-9-post-earnings-pop-after-new-ceo-fans-profit-concerns/,NKE: Nike Stock Wipes Out 9% Post-Earnings Pop After New CEO Fans Profit Concerns,Nike stock NKE pulled a head-spinning move late Thursday-early Friday before the opening bell in New York. The sportswear retailer popped as much as 9%...
2025-01-06,08:00:00 UTC,https://finance.yahoo.com/news/nike-inc-nyse-nke-bullish-140819010.html,"Nike, Inc. (NYSE:NKE): A Bullish Investment Perspective","While we acknowledge the potential of NKE as an investment, our conviction lies in the belief that some AI stocks hold greater promise for delivering higher..."
2025-01-08,08:00:00 UTC,https://finance.yahoo.com/news/nike-vs-adidas-stock-better-195500629.html,Nike Vs Adidas Stock: Which is the Better Investment for 2025?,"As we begin 2025, Nike NKE shares have hovered near 52-week lows while Adidas ADDYY stock is not far from its highs. Surely, investors may wonder if a sharp..."
2025-01-09,08:00:00 UTC,https://www.fool.com/investing/2025/01/09/is-nike-a-top-buy-in-2025/,Is Nike a Top Buy in 2025?,"Like an athlete going through a slump, Nike (NKE -2.24%) finds itself at a critical juncture. The sportswear giant's shares have tumbled nearly 30% over the..."
2025-01-10,08:00:00 UTC,https://www.cnbc.com/2025/01/10/piper-sandler-upgrades-nike-says-a-path-to-recovery-is-emerging.html,"Piper Sandler upgrades Nike, says a path to recovery is emerging",Piper Sandler expects Nike to return to healthy and profitable sales growth by the third quarter of 2026.
2025-01-12,08:00:00 UTC,https://www.bloomberg.com/news/articles/2025-01-13/kyrie-irving-kai-1-sneakers-drive-anta-sales-surge-after-nike-nke-split,Kyrie Irving’s Anta Shoes See Surge in Demand After Nike Split,Kyrie Irving's Anta Shoes See Surge in Demand After Nike Split · Kai 1 accounts for 3 out of every 4 Anta sales on StockX · The Chinese company is making a push...
2025-01-16,08:00:00 UTC,https://247wallst.com/companies-and-brands/2025/01/16/i-used-to-only-wear-nike-shoes-but-these-10-lesser-known-brands-are-superior/,"I Used to Only Wear Nike Shoes, but These 10 Lesser Known Brands Are Superior","When it comes to shoes, especially gym shoes, only one name is generally considered the best these days: Nike. While it might be a globally recognized brand..."
2025-01-23,08:00:00 UTC,https://qz.com/nike-nfl-elliot-hill-donald-trump-tariffs-retail-jordan-1851746070,Nike's new CEO on the moment he knew things were really bad,"When Elliot Hill took over as Nike $NKE's CEO, he knew the company was struggling, but one moment apparently made it clear just how bad things had become."
2025-01-23,08:00:00 UTC,https://www.thestreet.com/retail/top-nike-rival-makes-a-big-change-in-the-sneaker-market,Top Nike rival makes a big change in the sneaker market,"It may still be early, but when you think about the retail sector in 2025 the word 'growth' might not be the first word that comes to mind."
2025-01-30,08:00:00 UTC,https://indodax.com/academy/en/investment-potential-nike-nke-stock/,Nike (NKE) Stock: Current Performance and Outlook,Understand Nike (NKE) stock outlook from current performance to investment opportunities in the global market. Find your best investment strategy now!
2025-02-03,08:00:00 UTC,https://www.fool.com/investing/2025/02/03/3-reasons-nike-is-a-must-buy-for-long-term-investo/,3 Reasons Nike Is a Must-Buy for Long-Term Investors,"Nike (NKE -0.61%) has been a top stock to own throughout its history. However, the business has struggled in recent years, and the stock has floundered."
2025-02-07,08:00:00 UTC,https://www.schaeffersresearch.com/content/news/2025/02/07/nike-stock-gaps-to-4-year-lows-after-downgrade,Nike Stock Gaps to 4-Year Lows After Downgrade,"Citigroup downgraded Nike Inc (NYSE:NKE) stock to ""neutral"" from ""buy,"" and lowered its price target to $72 from $102, with the firm citing a disappointing..."
2025-02-16,08:00:00 UTC,https://www.fool.com/investing/2025/02/16/is-nike-a-buy-sell-or-hold-in-2025/,"Is Nike a Buy, Sell, or Hold in 2025?",Long-time successful companies can hit roadblocks. It's tough to figure out whether it's a temporary setback or a more permanent situation.
2025-02-18,08:00:00 UTC,https://qz.com/nike-kim-kardashian-skims-brand-female-athletic-clothes-1851765180,Nike Kim Kardashian Skims Brand Female Athletic Clothes,"Nike $NKE (NKE) had a really rough 2024: sales fell around the world, shares dropped 60% from a 2021 high point, and the company's relationship with major..."
2025-02-18,08:00:00 UTC,https://www.gurufocus.com/news/2702952/nike-nke-stock-rises-on-new-collaboration-with-skims,Nike (NKE) Stock Rises on New Collaboration with Skims,"Nike (NKE) Stock Rises on New Collaboration with Skims ... Nike NKE experienced a stock surge of 6.23% following its announcement of a new partnership with Skims,..."
2025-02-18,08:00:00 UTC,https://www.investopedia.com/nike-stock-climbs-after-it-announces-partnership-with-kim-kardashian-s-skims-11681436,Nike Stock Climbs After It Announces Partnership with Kim Kardashian's SKIMS,Nike shares gained 4% by midday Tuesday after announcing it was joining forces with reality TV star Kim Kardashian's shapeware and clothing brand in an...
2025-02-20,08:00:00 UTC,https://www.bloomberg.com/news/articles/2025-02-20/adidas-and-mexico-s-club-america-sign-partnership-in-nike-snub,"Adidas and Mexico’s Club America Sign Partnership in Nike Snub (NKE, ADS GR)","Mexico's largest soccer team, Club America, has signed a multi-year partnership with Adidas AG, bringing its contract with Nike Inc. to an end as of this..."
2025-02-24,08:00:00 UTC,https://finance.yahoo.com/news/why-nike-nke-stock-rocketing-175313888.html,Why Is Nike (NKE) Stock Rocketing Higher Today,Shares of athletic apparel brand Nike (NYSE:NKE) jumped 5.4% in the morning session after Jefferies analysts upgraded the stock's rating from Hold to Buy...
2025-02-24,08:00:00 UTC,https://qz.com/nike-stock-rebound-rave-jefferies-kardashian-1851766203,Nike stock pops 5% as the new CEO's turnaround plan gets a rave review,"Nike $NKE (NKE) stock jumped more than 5% after Jefferies (JEF) gave the company a rave review, saying that CEO Elliott Hill is tackling production and..."
2025-02-24,08:00:00 UTC,https://www.proactiveinvestors.com/companies/news/1066816/nike-shares-pop-on-analyst-upgrade-1066816.html,Nike shares pop on analyst upgrade,"Nike Inc (NYSE:NKE, ETR:NKE) shares moved higher after Jefferies analysts upgraded the company to a 'Buy' rating and boosted their price target to $115."
2025-03-10,07:00:00 UTC,https://www.reuters.com/legal/litigation/us-jury-says-lululemon-infringed-nike-shoe-patent-2025-03-10/,US jury says Lululemon infringed Nike shoe patent,"March 10 - A jury in New York federal court awarded Nike (NKE.N) , opens new tab $355,450 on Friday after finding that Lululemon's (LULU."
2025-03-13,07:00:00 UTC,https://finance.yahoo.com/news/nike-nke-registers-bigger-fall-214515146.html,Nike (NKE) Registers a Bigger Fall Than the Market: Important Facts to Note,"Nike (NKE) reachead $72.71 at the closing of the latest trading day, reflecting a -1.19% change compared to its last close."
2025-03-13,07:00:00 UTC,https://news.alphastreet.com/nikes-nke-troubles-seem-far-from-over-as-it-gears-up-for-q3-earnings/,Nike’s (NKE) troubles seem far from over as it gears up for Q3 earnings,"Nike, Inc. (NYSE: NKE) is expected to report third-quarter results on March 20, after the close of regular trading. The sneaker giant has adopted a strategy..."
2025-03-19,07:00:00 UTC,https://www.tradingview.com/news/zacks:5cec26a09094b:0-should-investors-buy-nike-stock-as-its-q3-earnings-approach/,Should Investors Buy Nike Stock as its Q3 Earnings Approach?,Investors will get a glimpse at how the consumer discretionary sector is fairing with Nike NKE set to release results for its fiscal third quarter...
2025-03-20,07:00:00 UTC,https://www.cnbc.com/2025/03/20/nike-nke-q3-2025-earnings.html,"Nike expects sales will plunge in current quarter as it faces tariffs, sliding consumer confidence",Nike is trying to execute a turnaround under new CEO Elliott Hill.
2025-03-20,07:00:00 UTC,https://www.investopedia.com/nike-earnings-q3-fy2025-11700041,"Nike Stock Falls After Warning Sales Could Take a Hit From Turnaround Plan, New Tariffs",Nike (NKE) shares fell in extended trading Thursday after the athletic apparel giant warned sales could take a hit in the current quarter under the...
2025-03-21,07:00:00 UTC,https://qz.com/nike-q3-2024-earnings-elliot-hill-trump-tariffs-china-c-1851771539,Nike Q3 2024 Earnings Elliot Hill Trump Tariffs China C,Nike $NKE's (NKE) stock fell about 7% on Friday morning after the shoemaker conceded that President Donald Trump's new tariffs are putting pressure on its...
2025-03-21,07:00:00 UTC,https://www.morningstar.com/stocks/nike-earnings-not-winning-now-early-stages-turnaround-plan-encouraging,"Nike Earnings: Not Winning Now, but Early Stages of Turnaround Plan Encouraging","Although Nike NKE reported large declines in sales and earnings in its fiscal third quarter, the results were better than expected, and new CEO Elliott Hill..."
2025-03-26,07:00:00 UTC,https://www.bloomberg.com/news/articles/2025-03-26/nike-nke-dunk-once-the-world-s-hottest-sneaker-is-fading-away,"Nike (NKE) Dunk, Once The World’s Hottest Sneaker, Is Fading Away","Nike Dunk, Once the World's Hottest Sneaker, Is Fading Away."
2025-03-28,07:00:00 UTC,https://www.fool.com/investing/2025/03/28/nike-buy-dividend-stock-value-long-term/,Here's Why Nike's Unexpected Ace in the Hole Makes the Dividend Stock a Buy Now,"After surging to an all-time high of over $170 per share in 2021, Nike (NKE -2.24%) stock has given up all of its post-pandemic gains and is hovering around..."
2025-04-02,07:00:00 UTC,https://www.gurufocus.com/news/2760724/nike-nke-stock-declines-amid-disappointing-earnings-and-market-challenges,Nike (NKE) Stock Declines Amid Disappointing Earnings and Market Challenges,Nike (NKE) saw a slight movement in its stock price today with a marginal change of 0.08%. This follows a turbulent period marked by disappointing fiscal...
2025-04-03,07:00:00 UTC,https://www.fool.com/investing/2025/04/03/nike-stock-trades-at-a-once-in-a-decade-valuation/,Nike Stock Trades at a Once-in-a-Decade Valuation. Is It a Buy?,Athletic apparel giant Nike (NKE -2.24%) has already completed three quarters for its fiscal 2025 and results haven't been great. Through the fiscal third...
2025-04-03,07:00:00 UTC,https://www.investopedia.com/nike-stock-tumbles-as-us-tariffs-hit-asian-suppliers-11708247,Nike Stock Tumbles as US Tariffs Hit Asian Suppliers,Nike shares are tumbling 13% in intraday trading Thursday after President Donald Trump imposed steep reciprocal tariffs on Vietnam and other Asian countries...
2025-04-03,07:00:00 UTC,https://www.tradingview.com/news/tradingview:8e1a37fe6e818:0-nike-inc-sec-10-q-report/,"NIKE, Inc. SEC 10-Q Report","NIKE, Inc., a global leader in the design, marketing, and distribution of athletic footwear, apparel, equipment, and accessories, has released its Form 10-Q..."
2025-04-04,07:00:00 UTC,https://qz.com/stock-watch-mag7-trade-war-plunge-1851774713,"The Magnificent 7, Exxon, Nike, Lululemon: Stocks to watch today",Futures point to another market plunge on Friday after China's retaliation for Trump's tariffs.
2025-04-04,07:00:00 UTC,https://www.businessinsider.com/nike-stock-price-trump-tariffs-vietnam-negotiation-trade-war-2025-4,Nike stock jumps as Trump says Vietnam is negotiating on tariffs,"President Donald Trump said he had a ""very productive call"" with a top Vietnamese official on lowering duties on US imports from the nation."
2025-04-05,07:00:00 UTC,https://finance.yahoo.com/news/peter-schiff-says-nike-wont-180018691.html,"Peter Schiff Says Nike 'Won't Build Factories' In US, They Will Sell To Countries Like China: A Much Better Strategy Amid Trump Tariffs","Economist Peter Schiff warned on Thursday that Nike Inc. (NYSE:NKE) won't shift production to the United States despite newly imposed tariffs,..."
2025-04-09,07:00:00 UTC,https://www.bloomberg.com/news/articles/2025-04-09/nike-s-30-year-gamble-on-vietnam-gets-rattled-by-trump-tariffs,Nike’s 30-Year Gamble on Vietnam Is Rattled by Trump Tariffs,"At Nike Inc. headquarters in Beaverton, Oregon, executives are trying to figure out how to best spread the pain of new tariffs."
2025-04-11,07:00:00 UTC,https://www.theglobeandmail.com/investing/markets/stocks/NKE/pressreleases/31848309/nike-stock-just-set-new-52-week-lows-is-a-rebound-coming/,Nike Stock Just Set New 52-Week Lows. Is a Rebound Coming?,Detailed price information for Nike Inc (NKE-N) from The Globe and Mail including charting and trades.
2025-04-22,07:00:00 UTC,https://investorsobserver.com/news/stock-update/jeffries-nike-stock-is-historic-bargain-and-investors-should-aggressively-buy-the-dip/,Jefferies: Nike stock is historic bargain and investors should ‘aggressively’ buy the dip,It's hard to overstate how brutal 2025 has been for Nike (NKE) investors. Shares of the sportswear giant are down more than 43% from their 52-week high and...
2025-05-11,07:00:00 UTC,https://seekingalpha.com/article/4785180-nike-and-adidas-hooped-by-tariffs,Nike & Adidas - Hooped By Tariffs (OTCMKTS:ADDYY),"adidas and Nike face macro headwinds, but adidas leads in returns with lower tariff risk, while Nike offers better value. Learn why ADDYY and NKE stocks are..."
2025-05-15,07:00:00 UTC,https://www.investopedia.com/wall-street-analysts-see-nike-as-a-winner-in-dicks-foot-locker-deal-11735363,Wall Street Analysts See Nike as a Winner in Dick's-Foot Locker Deal,Analysts see Nike as a key beneficiary of Dick's Sporting Goods buying Foot Locker in a deal valued at around $2.4 billion.
2025-05-19,07:00:00 UTC,https://stockstory.org/us/stocks/nyse/nke/news/buy-or-sell/nike-nke-buy-sell-or-hold-post-q1-earnings,"Nike (NKE): Buy, Sell, or Hold Post Q1 Earnings?","Over the last six months, Nike's shares have sunk to $62.18, producing a disappointing 15.2% loss while the S&P 500 was flat."
2025-05-20,07:00:00 UTC,https://finance.yahoo.com/news/90-day-tariff-reprieve-papers-114734710.html,90-Day Tariff Reprieve Papers Over the Cracks with Nike Stock (NKE),"Following a temporary easing of the tit-for-tat trade war, Nike Inc. (NKE) has seen a modest rebound from its 52-week lows in April."
2025-05-21,07:00:00 UTC,https://www.bloomberg.com/news/articles/2025-05-21/nike-returns-to-amazon-s-online-store-as-direct-vendor,Nike (NKE) Returns to Amazon’s (AMZN) Online Store as Direct Vendor,"Nike Inc. is returning to Amazon.com Inc.'s online store after leaving it in 2019, part of efforts by the world's largest sportswear company to renew growth..."
2025-05-21,07:00:00 UTC,https://www.usatoday.com/story/money/business/2025/05/21/nike-raise-prices-amazon-return/83778855007/,Nike to raise prices and return to Amazon in major strategic move,"Nike NKE.N is planning to raise prices of some products from next week and will sell items on Amazon AMZN.O after six years, the company said on Wednesday."
2025-05-22,07:00:00 UTC,https://qz.com/nike-raising-prices-returning-to-amazon-1851781875,Nike is coming back to Amazon — and raising prices,"It's been six years since Nike $NKE (NKE) products have been available for purchase on Amazon $AMZN (AMZN), but the storied sneaker brand is making a..."
2025-05-23,07:00:00 UTC,https://abc7ny.com/post/nike-is-raising-prices-returning-amazon/16517550/,Nike is raising prices - and returning to Amazon,Nike is returning to Amazon after an absence of more than 5 years and hiking prices on some products as its new CEO works to reverse a revenue slump.
2025-05-23,07:00:00 UTC,https://www.fool.com/investing/2025/05/22/billionaire-bill-ackman-alters-nike-strategy-piles/,Billionaire Bill Ackman Alters Nike Strategy; Piles Money Into a Growth Stock That's Up 53% This Year,Editor's note: This article has been clarified. Pershing Square Capital converted its Nike common equity position to call options.
2025-05-24,07:00:00 UTC,https://www.theglobeandmail.com/investing/markets/stocks/NKE/pressreleases/32559001/nike-stock-price-prediction-2025-should-you-buy-nke-after-the-retailer-hiked-prices/,Nike Stock Price Prediction 2025: Should You Buy NKE After the Retailer Hiked Prices?,"While Nike is taking many steps in its turnaround, the company might not be able to reach its all-time high profitability anytime soon. However, with a market..."
2025-06-02,07:00:00 UTC,https://www.bloomberg.com/news/articles/2025-06-02/nike-nke-ceo-changes-most-of-senior-leadership-to-revive-sales,Nike CEO Finishes C-Suite Makeover With McDonald’s Executive,"Since Hill came out of retirement and returned to Nike in October, he's changed most of the top positions under the CEO. And with the hiring of Michael Gonda..."
2025-06-06,07:00:00 UTC,https://seekingalpha.com/article/4792882-nike-moderate-upside-driven-by-innovation-and-pricing-power,Nike Stock: Moderate Upside Driven By Innovation And Pricing Power (NYSE:NKE),"Summary · I rate Nike a Buy, with a DCF-based target price of $63.32, reflecting a moderate 2.8% upside over five years. · Nike's strong brand, innovation..."
2025-06-20,07:00:00 UTC,https://www.fool.com/investing/2025/06/20/down-65-should-you-buy-nike-stock/,"Down 65%, Should You Buy Nike Stock?","Nike (NKE -2.24%) is the largest activewear company in the world, by far, and the largest of any kind of apparel company in the U.S. However,..."
2025-06-23,07:00:00 UTC,https://www.trefis.com/stock/nke/articles/567373/how-will-nike-stock-react-to-its-upcoming-earnings/2025-06-23,How Will Nike Stock React To Its Upcoming Earnings?,"Nike (NYSE: NKE) is scheduled to release its fiscal fourth-quarter earnings (May year ending) on Thursday, June 26, 2025, with analysts projecting earnings..."
2025-06-25,07:00:00 UTC,https://finance.yahoo.com/news/nike-stock-nke-hits-6-014500752.html,Nike Stock (NKE) Hits 6-Year Low as Market Braces for Q4 Earnings,"Now trading below $70, the stock has reached its lowest level since 2018, highlighting the rate of decline the company has faced in recent years, driven by a..."
2025-06-25,07:00:00 UTC,https://www.investopedia.com/what-analysts-think-of-nike-stock-ahead-of-earnings-q4-fy2025-update-11756831,What Analysts Think of Nike Stock Ahead of Earnings,"Nike is slated to post its final earnings report of its 2025 fiscal year after the market closes Thursday, with analysts expecting falling sales and profits..."
2025-06-26,07:00:00 UTC,https://wwd.com/footwear-news/shoe-industry-news/nike-nke-q4-2025-earnings-elliott-hill-turnaround-1237953437/,Nike CEO Says Q4 Results ‘Are Not Where We Want Them to Be’ Amid Turnaround Push,"Nike NKE Q4 2025 earnings are in: the sportswear company reported net sales were $11.1 billion, down 12 percent from $12.6 billion."
2025-06-26,07:00:00 UTC,https://www.cnbc.com/2025/06/26/nike-nke-q4-2025-earnings.html,"Nike says tariffs will cost it $1 billion before price increases, supply chain shifts","For the current quarter, Nike expects sales to decline by a mid-single-digit percentage, in line with expectations of down 7%, according to LSEG. It expects its..."
2025-06-26,07:00:00 UTC,https://www.investopedia.com/nike-earnings-4q-fy2025-11761291,Nike Stock Jumps on Better-Than-Expected Results as CEO Touts Progress in Turnaround,"Nike (NKE) posted better-than-expected results for its fiscal fourth quarter as the company works on its turnaround plan, sending shares higher in extended..."
2025-06-27,07:00:00 UTC,https://finance.yahoo.com/news/nike-stock-soars-15-as-company-forecasts-smaller-sales-profit-drops-while-tariff-costs-near-1-billion-200709357.html,"Nike stock soars 15% as company forecasts smaller sales, profit drops while tariff costs near $1 billion","Nike (NKE) stock soared on Friday after the sneaker giant said its profit and sales declines would narrow in the current quarter, while costs from tariffs..."
2025-07-02,07:00:00 UTC,https://www.tradingview.com/news/invezz:c2ac4781c094b:0-nike-to-get-a-150-million-boost-from-caitlin-clark-signature-sneaker/,Nike to get a $150 million boost from Caitlin Clark signature sneaker,Nike Inc NYSE:NKE could receive a $150 million boost from the expected launch of a signature Caitlin Clark shoe in spring 2026 – according to a sneaker...
2025-07-10,07:00:00 UTC,https://www.reuters.com/sustainability/boards-policy-regulation/nike-names-insider-new-converse-ceo-after-jared-carver-steps-down-2025-07-10/,Nike names insider new Converse CEO after Jared Carver steps down,"July 10 (Reuters) - Nike (NKE.N) , opens new tab said in an internal memo seen by Reuters on Thursday that Jared Carver, president and CEO of Converse,..."
2025-07-15,07:00:00 UTC,https://www.forbes.com/sites/investor-hub/article/lululemon-vs-nike-stock-which-buy-for-q2-2025/,Lululemon Vs. Nike Stock: Which Athletic Apparel Giant Should You Buy For Q3 2025?,LULU vs. NKE stocks: Check this Q3 2025 analysis to help you decide the best athletic apparel stock to buy and add to your investment portfolio.
2025-07-28,07:00:00 UTC,https://www.investopedia.com/nike-stock-gets-upgrade-from-jpmorgan-analysts-who-say-to-just-buy-it-11779965,"Nike Stock Gets Upgrade From JPMorgan Analysts, Who Say to 'Just Buy It!'",Nike shares traded at their highest level in five months Monday after JPMorgan upgraded the stock on the athletic shoe and apparel maker's turnaround...
2025-07-28,07:00:00 UTC,https://www.investopedia.com/s-and-p-500-gains-and-losses-today-supermicro-nike-shares-rise-albemarle-stock-falls-11780549,"S&P 500 Gains & Losses Today: Supermicro, Nike Shares Rise; Albemarle Stock Falls","The S&P 500 was little changed on Monday, July 28, 2025, as investors absorbed the U.S.-EU trade deal and braced for this week's earnings, economic,..."
2025-07-28,07:00:00 UTC,https://www.investors.com/news/nike-stock-breakout-jpmorgan-earnings-revival-dow-jones-giant/,Nike Eyes Breakout As JPMorgan Sees Earnings Revival,Nike stock stepped up Monday after receiving an upgrade and a price target hike. Shares of the Dow Jones retailer broke out above a key moving average for...
2025-07-28,07:00:00 UTC,https://www.tikr.com/blog/down-almost-60-from-all-time-highs-is-nike-stock-finally-a-good-buy-right-now,"Down Almost 60% From All-Time Highs, Is Nike Stock Finally a Good Buy Right Now?",Nike is a beaten-down stock that is poised to recover over the next 30 months. Is NKE stock a good buy right now?
2025-07-29,07:00:00 UTC,https://www.cnbc.com/2025/07/29/nike-loses-head-of-north-america-womens-business-to-athleta.html,Nike loses head of North America women's business to Athleta,"The head of Nike's women's business in North America, Maggie Gauger, is leaving the sneaker giant to become the CEO of Athleta."
2025-08-01,07:00:00 UTC,https://finance.yahoo.com/news/nike-deckers-on-running-among-footwear-stocks-under-pressure-as-trump-outlines-latest-tariff-plans-152248986.html,"Nike, Deckers, On Running among footwear stocks under pressure as Trump outlines latest tariff plans","Footwear stocks, including Deckers (DECK), Nike (NKE), and On Holding (ONON), were under pressure on Friday after the latest details on President Trump's..."
2025-08-08,07:00:00 UTC,https://finance.yahoo.com/news/nike-inc-nyse-nke-favoured-120023897.html,"NIKE, Inc. (NYSE:NKE) is favoured by institutional owners who hold 68% of the company","Institutional investors own over 50% of the company, so together than can probably strongly influence board decisions. Hedge funds don't have many shares in..."
2025-08-20,07:00:00 UTC,https://finance.yahoo.com/news/4-measures-indicate-nike-nyse-130011327.html,These 4 Measures Indicate That NIKE (NYSE:NKE) Is Using Debt Reasonably Well,"How Much Debt Does NIKE Carry? The image below, which you can click on for greater detail, shows that NIKE had debt of US$7.97b at the end of May 2025, a..."
2025-08-22,07:00:00 UTC,https://www.reuters.com/world/china/nike-eyes-china-growth-with-outdoor-sports-revamp-center-2025-08-22/,"Nike eyes China growth, with outdoor sports revamp at the center","NEW YORK, Aug 22 (Reuters) - Nike's (NKE.N) , opens new tab push into the booming outdoor recreation market — which will kick off on Monday with the launch..."
2025-08-23,07:00:00 UTC,https://seekingalpha.com/article/4816231-nike-and-adidas-the-fifa-world-cup-trade,Nike And Adidas Stock: The FIFA World Cup Trade (NYSE:NKE),"Summary · A simple 50-50 split between Nike and Adidas around past FIFA World Cups consistently outperformed the S&P 500, averaging double-digit excess returns."
2025-08-23,07:00:00 UTC,https://www.tikr.com/blog/who-owns-nike-top-shareholders-recent-insider-trades,Who Owns Nike? Top Shareholders & Recent Insider Trades,Here's who holds the biggest stakes in Nike today and what recent portfolio shifts and insider trades may be signaling about confidence in the sportswear...
2025-08-26,07:00:00 UTC,https://investorsobserver.com/news/stock-update/the-swoosh-returns-nike-nke-makes-a-major-pivot-back-into-retail/,The Swoosh returns — Nike (NKE) makes a major pivot back into retail,"Now with new CEO Elliott Hill at the helm, Nike appears ready to reverse course. The company is prioritizing a wholesale revival strategy that Schaeffer's..."
2025-08-26,07:00:00 UTC,https://www.disruptionbanking.com/2025/08/26/nike-in-the-dow-jones-running-with-wall-street/,Nike in the Dow Jones: Running With Wall Street,"Nike (ticker: NKE) entered the Dow Jones Industrial Average (DJIA) in 2013, joining a 30-stock roster that prized household names and market leaders."
2025-08-26,07:00:00 UTC,https://www.foxbusiness.com/sports/nike-announces-caitlin-clark-its-newest-signature-athlete,Nike announces Caitlin Clark as its newest signature athlete,"Indiana Fever superstar Caitlin Clark was named Nike Basketball's newest signature athlete in an announcement on Monday, and her debut shoe will come in..."
2025-09-23,07:00:00 UTC,https://finance.yahoo.com/news/nike-could-next-dividend-aristocrat-192549023.html,"Nike Could Be the Next Dividend Aristocrat, But Is NKE Stock a Buy?","However, despite the several headwinds that the sneaker giant is facing, it has increased shareholder payouts, which have catapulted its dividend yield to over..."
2025-09-28,07:00:00 UTC,https://stockstory.org/us/stocks/nyse/nke/news/earnings/earnings-to-watch-nike-nke-reports-q3-results-tomorrow-2,Earnings To Watch: Nike (NKE) Reports Q3 Results Tomorrow,Athletic apparel brand Nike (NYSE:NKE) will be reporting results this Tuesday after the bell. Here's what to look for. Nike beat analysts' revenue...
2025-09-29,07:00:00 UTC,https://www.tastylive.com/news-insights/nike-nke-earnings-preview-has-the-stock-finally-bottomed,Nike Q1 2026 Earnings Preview: Can the “Win Now” Turnaround Deliver?,"Nike is scheduled to report fiscal Q1 2026 earnings results after the market closes on Tuesday, September 30. Analysts expect revenue of about $11 billion, down..."
2025-09-30,07:00:00 UTC,https://wwd.com/footwear-news/shoe-industry-news/nike-inc-nke-q1-2026-earnings-1238263715/,"Nike Beats the Street in Q1 as 8,000 Employees Redirected to ‘Sport Offense’",Nike Inc. NKE Q1 2026 Earnings are in:
2025-09-30,07:00:00 UTC,https://www.cnbc.com/2025/09/30/nike-nke-q1-2026-earnings.html,"Nike posts surprise sales growth, but warns of sluggish holiday season and bigger than expected tariff hit","Nike on Tuesday posted quarterly earnings and revenue that beat Wall Street's expectations, as sales unexpectedly rose from the prior year."
2025-10-01,07:00:00 UTC,https://carboncredits.com/nike-nke-stock-scores-big-earnings-surprise-and-climate-goals-in-focus/,Nike (NKE Stock) Scores Big: Earnings Surprise and Climate Goals in Focus,Nike has cut its Scope 1 and 2 greenhouse gas emissions by 69-73% as of 2023-2024. This is compared to the 2015 baseline. They surpassed their goal of a 65%...
2025-10-01,07:00:00 UTC,https://news.alphastreet.com/important-takeaways-from-nikes-nke-q1-2026-earnings-report/,Important takeaways from Nike’s (NKE) Q1 2026 earnings report,"The Win Now initiative focuses on reviving brand power, restoring product relevance, and driving growth across key markets. The Sports Offense strategy aims at..."
2025-10-01,07:00:00 UTC,https://www.bloomberg.com/news/articles/2025-09-30/nike-s-trajectory-improves-on-better-than-expected-sales-growth,Nike’s Comeback Is Taking Shape as Sports Focus Pays Off,Nike Inc.'s turnaround efforts are starting to pay off as the world's largest sportswear company realigns the business around sports such as running and...
2025-10-01,07:00:00 UTC,https://www.fool.com/investing/breakfast-news/2025/10/01/breakfast-news-nike-back-on-track/,Breakfast News: Nike Back on Track,"Nike (NKE -0.95%) popped 3.6% overnight after CEO Elliott Hill focused on ""Win Now actions in our priority areas of North America, Wholesale, and Running""..."
2025-10-01,07:00:00 UTC,https://www.indmoney.com/blog/us-stocks/nike-beats-earnings-estimates-nke-stock-up-4,Nike Beats Earnings Estimates; NKE Stock Up Over 4%,"How Nike Surprised Wall Street. Nike pulled off a quarter that beat expectations across the board. Revenue reached $11.72 billion, up 1.1% from last year and..."
2025-10-01,07:00:00 UTC,https://www.investopedia.com/nike-shares-surge-on-surprise-sales-growth-monitor-these-key-stock-price-levels-11822063,Nike Shares Surge on Surprise Sales Growth—Monitor These Key Stock Price Levels,Nike shares jumped Wednesday morning after the sports apparel and equipment maker posted surprise sales growth and topped Wall Street's earnings...
2025-10-01,07:00:00 UTC,https://www.investors.com/news/nike-stock-earnings-q1-2026-dow-jones-tariffs-nke-stock/,Nike Punches Past Resistance; Q1 Shows Turnaround Momentum,"Nike shares jumped Wednesday, following a solid fiscal Q1 beat reported after Tuesday's close. The Dow Jones sports retailer is navigating turnaround..."
2025-10-06,07:00:00 UTC,https://www.cnbc.com/2025/10/06/nike-ceo-interview-elliott-hill-turnaround.html,"Nike's turnaround will 'take a while' amid stock slump, CEO Elliott Hill says","Nike's turnaround will 'take a while' amid stock slump, CEO Elliott Hill says ... Nike 's turnaround plan is showing early signs of progress, but it will ""take a..."
2025-10-07,07:00:00 UTC,https://www.cabotwealth.com/daily/growth-stocks/nke-vs-lulu-stock-better-buy,Nike (NKE) Stock vs. Lululemon (LULU) Stock: Which Is the Better Sports Apparel Buy?,"LULU carries an aggregate “Hold” rating from covering analysts and an average price target of $195.84, whereas NKE has an aggregate “Buy” rating and an $82.46..."
2025-11-03,08:00:00 UTC,https://qz.com/quartzy/1739303/will-nikes-vaporfly-next-percent-decide-the-nyc-marathons-next-winner,Will Nike’s shoes decide the New York City Marathon’s next winner?,"On Nov. 3, when runners compete in the world's largest marathon in New York, there will be extra scrutiny on their shoes, particularly if those shoes are..."
2025-11-06,08:00:00 UTC,https://finance.yahoo.com/news/nikes-premium-valuation-overpriced-stock-173600207.html,NIKE's Premium Valuation: Overpriced Stock or Long-Term Value Bet?,"NKE's strong fundamentals contrast with an expensive valuation and margin pressures, leaving investors debating whether the stock's weakness signals..."
2025-11-10,08:00:00 UTC,https://www.wsj.com/business/retail/nike-vomero-18-premium-c2df0854,Can the Tallest Running Shoe Out There Chart Path for Nike’s Comeback?,CEO Elliott Hill trying to revive flagging sales by speeding up development of innovations such as ubercushioned Vomero Premium.
2025-11-11,08:00:00 UTC,https://stockstotrade.com/news/nike-inc-nke-news-2025_11_11/,Nike Stock Gains: Exploring The Upsurge,"Nike Inc. stock trades up 3.34%, driven by strong global market expansions and positive consumer sentiment. Recent Developments and Insights: BTIG has..."
2025-11-13,08:00:00 UTC,https://seekingalpha.com/article/4843138-nike-stock-compelling-long-term-investment,Nike Stock: A Compelling Long-Term Investment (NKE),"The company's strong brand, innovation pipeline, and operational execution make Nike a compelling long-term investment despite near-term headwinds. We initiated..."
2025-11-13,08:00:00 UTC,https://www.cnbc.com/2025/11/13/wells-fargo-upgrades-nike-as-headwinds-dissipate-for-the-apparel-maker.html,Wells Fargo upgrades Nike as headwinds dissipate for the apparel maker,Wells Fargo sees shares of Nike rising 17% from here.
2025-11-25,08:00:00 UTC,https://simplywall.st/stocks/us/consumer-durables/nyse-nke/nike/news/nikes-nysenke-upcoming-dividend-will-be-larger-than-last-yea,NIKE's (NYSE:NKE) Upcoming Dividend Will Be Larger Than Last Year's,NIKE Has A Solid Track Record. The company has an extended history of paying stable dividends. The dividend has gone from an annual total of $0.56 in 2015 to...
2025-11-26,08:00:00 UTC,https://www.fool.com/investing/2025/11/26/how-good-has-nike-nke-stock-actually-been/,How Good Has Nike (NKE) Stock Actually Been?,"A losing investment lately. Nike stock has not performed well in recent years, and stacked up against the S&P 500, it looks even worse. ... Data source: Ycharts..."
2025-12-17,08:00:00 UTC,https://www.investopedia.com/here-is-how-much-traders-expect-nike-stock-to-move-after-earnings-thursday-nke-q2-fy2026-11869274,Here's How Much Traders Expect Nike Stock to Move After Earnings Thursday,"Nike is set to report earnings after the market closes Thursday, with traders expecting a big move from the athletic apparel maker's stock following the..."
2025-12-18,08:00:00 UTC,https://wwd.com/footwear-news/shoe-industry-news/nike-nke-q2-2026-earnings-north-america-china-1238429874/,"Nike’s North American Sales on the Upswing, But Q2 Results Impacted by China Declines","Nike Direct revenues were $4.6 billion, a decline of 8 percent, due to a 14 percent decrease in Nike Brand Digital and a 3 percent decrease in Nike-owned stores..."
2025-12-18,08:00:00 UTC,https://www.cnbc.com/2025/12/18/nike-nke-q2-2026-earnings.html,"Nike shares drop 10% as China sales plunge, tariffs hit profits","Investors are rattled by Nike's weak performance in China, despite fiscal second-quarter earnings and revenue that topped Wall Street's expectations."
2025-12-19,08:00:00 UTC,https://finance.yahoo.com/news/why-nike-nke-stock-down-165049431.html,Why Nike (NKE) Stock Is Down Today,What Happened? Shares of athletic apparel brand Nike (NYSE:NKE) fell 9.8% in the morning session after it reported mixed fourth quarter results which revealed...
2025-12-19,08:00:00 UTC,https://www.indmoney.com/blog/us-stocks/nike-stock-drops-10-after-q2-earnings-what-went-wrong-with-nke,Nike Stock Drops 10% After Q2 Earnings Release; Here’s What Went Wrong With NKE,Nike Stock Drops 10% After Q2 Earnings Release; Here's What Went Wrong With NKE ... Nike's stock took a sharp turn after the company reported its fiscal second-...
2025-12-19,08:00:00 UTC,https://www.morningstar.com/stocks/nike-earnings-china-weakness-tariffs-overshadow-progress,Nike Earnings: China Weakness and Tariffs Overshadow Progress,Nike's NKE fiscal 2026 second-quarter sales edged up 1% as 9% growth in North America (45% of total) offset a steep 17% decline in Greater China (12%).
2025-12-24,08:00:00 UTC,https://www.fool.com/investing/2025/12/24/nike-nke-stock-investors-what-to-watch-in-2026/,Nike (NKE) Stock Investors: What to Watch in 2026.,Revenue and profit are the most obvious metrics that investors can watch to assess Nike's turnaround efforts. There will be difficulties in the near term before...
2025-12-24,08:00:00 UTC,https://www.quiverquant.com/news/Nike+Stock+%28NKE%29+Opinions+on+Insider+Buying+and+Q2+Earnings,Nike Stock (NKE) Opinions on Insider Buying and Q2 Earnings,Nike Stock (NKE) Opinions on Insider Buying and Q2 Earnings ... Insider Buying Boost: Recent discussions on social media have highlighted a surge in Nike stock...
2025-12-24,08:00:00 UTC,https://www.reuters.com/business/nike-climbs-apples-tim-cook-buys-3-million-stock-2025-12-24/,"Apple's Cook doubles Nike stake, endorses CEO Hill's turnaround push","Dec 24 (Reuters) - Apple (AAPL.O) , opens new tab chief Tim Cook bought shares worth about $3 million in Nike (NKE.N) , opens new tab, a move that nearly..."
2025-12-25,08:00:00 UTC,https://www.tikr.com/blog/nike-nyse-nke-stock-rises-4-after-apple-ceo-tim-cook-invests-in-the-retail-giant,Nike Stock Rises 4% After Apple CEO Tim Cook Invests in the Retail Giant,Price Change for Nike stock: 4.6%; $NKE Share Price as of Dec. 24: $60; 52-Week High: $82.44; $NKE Stock Price Target: $77.
2026-01-02,08:00:00 UTC,https://www.ebc.com/forex/why-nike-nke-stock-is-going-up-now-what-changed-and-what-comes-next,"Why Nike (NKE) Stock Is Going Up Now, What Changed and What Comes Next",Nike stock is rising because a technical rebound coincided with a credible confidence signal from insider buying at a time when selling pressure had likely...
2026-01-05,08:00:00 UTC,https://www.tradingview.com/news/zacks:9e67befd5094b:0-nike-s-stock-looks-expensive-is-patience-the-better-strategy-now/,NIKE's Stock Looks Expensive: Is Patience the Better Strategy Now?,"NIKE Inc. NKE continues to demonstrate fundamental strength, driven by moves to support sustainable profitability. However, its current forward 12-month..."
2026-01-06,08:00:00 UTC,https://finance.yahoo.com/news/nike-nke-pricing-looked-justified-101116974.html,Is Nike (NKE) Pricing Looked Justified After Years Of Share Price Weakness,"After discounting those projected cash flows to today, the DCF output suggests an estimated intrinsic value of US$52.55 per share. Compared with the recent..."
2026-01-19,08:00:00 UTC,https://www.fool.com/investing/2026/01/19/can-nike-stock-reach-100-in-2026/,Can Nike Stock Reach $100 in 2026?,Nike (NKE +0.36%) is one of the leading consumer-facing brands in the world. It has long held a strong position in the sportswear market.
2026-01-19,08:00:00 UTC,https://www.investopedia.com/nike-stock-could-join-an-exclusive-club-what-to-know-about-the-dividend-aristocrats-nke-11886723,Nike Stock Could Join an Exclusive Club. What to Know About the 'Dividend Aristocrats',"Nike could be set to join an exclusive club of stocks called the dividend aristocrats this year, in a move that could make it more attractive to investors."
2026-01-19,08:00:00 UTC,https://www.quiverquant.com/news/Nike+Stock+%28NKE%29+Opinions+on+Recent+Earnings+and+Turnaround+Plans,Nike Stock (NKE) Opinions on Recent Earnings and Turnaround Plans,Recent Earnings Impact: Nike has been a hot topic on social media following its latest quarterly ear.
2026-01-20,08:00:00 UTC,https://finance.yahoo.com/news/nike-nke-pricing-too-high-171201360.html,Is Nike (NKE) Pricing Too High After Recent 9.7% Share Price Jump?,"Aggregating and discounting these projected cash flows gives an estimated intrinsic value of US$53.28 per share, compared with the recent share price of US..."
2026-01-29,08:00:00 UTC,https://www.fool.com/investing/2026/01/29/important-metrics-nike-stock-investors-need-know/,3 Important Metrics All Nike Stock Investors Need to Know,Any investor who even remotely follows the business knows that Nike (NKE +0.49%) is not even close to operating at its best right now.
2026-01-30,08:00:00 UTC,https://www.quiverquant.com/news/Fund+Update%3A+2%2C886%2C856+NIKE+%28NKE%29+shares+added+to+FLOSSBACH+VON+STORCH+SE+portfolio,"Fund Update: 2,886,856 NIKE (NKE) shares added to FLOSSBACH VON STORCH SE portfolio | NKE Stock News","NIKE Insider Trading Activity · MARK G PARKER (EXECUTIVE CHAIRMAN) has made 0 purchases and 2 sales selling 172,156 shares for an estimated $12,113,756."
2026-01-30,08:00:00 UTC,https://www.tikr.com/blog/nike-cuts-775-jobs-what-the-numbers-say-about-the-2026-outlook,Nike Cuts 775 Jobs: What the Numbers Say About the 2026 Outlook,Here's why Nike stock could deliver roughly 76% total upside and 14% annualized gains by 2030 if margin recovery and cost discipline hold.
2026-02-11,08:00:00 UTC,https://www.bloomberg.com/news/videos/2026-02-11/nike-ceo-hill-sees-turnaround-spreading-across-the-world-video,Watch Nike (NKE) CEO Hill Sees Turnaround Spreading Across the World,"Sorry, something went wrong ... Nike President and CEO Elliott Hill discusses his expectations for the company's wholesale business to pick up steam across the..."
2026-02-11,08:00:00 UTC,https://www.fool.com/investing/2026/02/11/is-nike-stock-going-to-100/,Is Nike Stock Going to $100?,"There aren't many companies that have the brand recognition that Nike (NKE -0.98%) does. Over the decades, its leadership within the sportswear market has..."
2026-02-11,08:00:00 UTC,https://www.quiverquant.com/news/Fund+Update%3A+144%2C900+NIKE+%28NKE%29+shares+added+to+SATURNA+CAPITAL+CORP+portfolio,"Fund Update: 144,900 NIKE (NKE) shares added to SATURNA CAPITAL CORP portfolio","SATURNA CAPITAL CORP has added 144900 shares of $NKE to their portfolio, per a new SEC 13F filing."
2026-02-13,08:00:00 UTC,https://www.businesswire.com/news/home/20260213797511/en/NIKE-Inc.-Declares-%240.41-Quarterly-Dividend,"NIKE, Inc. Declares $0.41 Quarterly Dividend","NIKE, Inc. (NYSE: NKE) announced today that its Board of Directors has declared a quarterly cash dividend of $0.41 per share on the Company's outstanding..."
2026-02-15,08:00:00 UTC,https://www.tikr.com/blog/down-65-from-all-time-highs-can-nike-nyse-nke-stock-finally-recover-in-2026,"Down 65% From All-Time Highs, Can Nike Stock Finally Recover In 2026?","Nike's turnaround shows progress with North America up 9%, but China struggles persist. Stock could reach $83 by 2028, offering 33% upside potential."
2026-02-17,08:00:00 UTC,https://capital.com/en-int/market-updates/nike-stock-forecast-17-02-2026,Nike Stock Forecast 2026–2030 | Future Outlook,"Explore third-party Nike stock forecasts, with technical analysis, CFD sentiment, NKE price history, and Capital.com analyst view."
2026-02-23,08:00:00 UTC,https://finance.yahoo.com/news/why-nike-nke-stock-trading-174037898.html,Why Nike (NKE) Stock Is Trading Lower Today,What Happened? Shares of athletic apparel brand Nike (NYSE:NKE) fell 4.8% in the afternoon session after the Trump administration's announcement of new global...
2026-02-23,08:00:00 UTC,https://seekingalpha.com/article/4873477-nike-just-buy-it,Nike: Just Buy It (NYSE:NKE),"Nike stock is initiated at ""Buy"" as U.S. demand rebounds and margins recover. Here's what investors need to know about NKE."
2026-02-23,08:00:00 UTC,https://www.fool.com/investing/2026/02/23/nike-vs-on-which-stock-is-the-better-buy/,Nike vs. On: Which Stock Is the Better Buy?,"Nike (NKE +0.58%) stock continues to falter as the athletic giant tries to find its footing, but its industry peers aren't doing much better. Nike stock is..."
2026-02-26,08:00:00 UTC,https://finance.yahoo.com/news/heres-why-im-looking-nike-221037100.html,"Here's Why I'm Looking at Nike Stock, Now That the Noise Has Died Down",Markets are in a state of indecision. Here's why Nike looks like a good option for a collar right now.
2026-03-27,07:00:00 UTC,https://www.fool.com/investing/2026/03/27/should-you-buy-nike-stock-before-mar-31/,Should You Buy Nike (NKE) Stock Before March 31?,"Unfortunately, Nike could remain in the penalty box for the rest of the year as those long-term plans fail to bear fruit and it continues to drive near-term..."
2026-03-28,07:00:00 UTC,https://finance.yahoo.com/markets/stocks/articles/nike-nke-valuation-check-tough-160600544.html,Nike (NKE) Valuation Check After A Tough Year Of Share Price Declines,"According to the most followed narrative on NIKE, a fair value of about $87.90 sits well above the last close at $51.37, which frames a sizable value gap for..."
2026-03-29,07:00:00 UTC,https://finance.yahoo.com/markets/stocks/articles/nike-nke-report-earnings-tomorrow-033258580.html,Nike (NKE) To Report Earnings Tomorrow: Here Is What To Expect,"Nike beat analysts' revenue expectations last quarter, reporting revenues of $12.43 billion, flat year on year. It was a stunning quarter for the company, with..."
2026-03-31,07:00:00 UTC,https://finance.yahoo.com/markets/stocks/articles/jim-cramer-calls-nike-most-160438253.html,Jim Cramer Calls NIKE “The Most Controversial Stock of the Week”,"NIKE, Inc. (NYSE:NKE) was among the stocks Jim Cramer highlighted, along with his latest game plan as the oil-shock-driven sell-off continues."
2026-03-31,07:00:00 UTC,https://finance.yahoo.com/markets/stocks/articles/nike-nke-beats-q3-earnings-213502992.html,Nike (NKE) Beats Q3 Earnings and Revenue Estimates,"Nike (NKE) Beats Q3 Earnings and Revenue Estimates. The media could not be loaded, either because the server or network failed or because the format is not..."
2026-03-31,07:00:00 UTC,https://wwd.com/footwear-news/shoe-industry-news/nike-nke-q3-2026-earnings-china-declines-1238694938/,Nike CEO Says Its Turnaround ‘Is Not Finished’ as Company Sees China Bumps in Q3,"Nike NKE Q3 2026 earnings are in: the athletic company reported net sales in the period tallied $11.3 billion, flat from the same time last year."
2026-03-31,07:00:00 UTC,https://www.cnbc.com/2026/03/31/nike-nke-earnings-q3-2026.html,"Nike shares fall 9% on weak outlook, expected 20% sales decline in China","Nike beat Wall Street's earnings and revenue estimates for its third fiscal quarter, but it gave a weaker-than-expected sales outlook for its current..."
2026-03-31,07:00:00 UTC,https://www.zacks.com/stock/news/2892262/is-nike-nke-a-buy-ahead-of-its-upcoming-earnings-announcement,Is Nike (NKE) a 'Buy' Ahead of Its Upcoming Earnings Announcement?,What would you like to follow? ... Global sportswear leader Nike is set to report its fiscal third-quarter earnings results on Tuesday after the closing bell. A...
2026-04-01,07:00:00 UTC,https://finance.yahoo.com/markets/stocks/articles/why-nike-nke-shares-trading-235926304.html,Why Nike (NKE) Shares Are Trading Lower Today,What Happened? Shares of athletic apparel brand Nike (NYSE:NKE) fell 14.5% in the afternoon session after its first-quarter earnings report revealed deeper...
2026-04-01,07:00:00 UTC,https://www.bloomberg.com/news/articles/2026-03-31/nike-sales-gain-ground-as-sport-focused-push-produces-results,"Nike Slumps After Iran War, Sportswear Discounts Hit Outlook","Takeaways by Bloomberg AI Subscribe. Nike Inc. shares tumbled after the retailer gave a surprisingly gloomy outlook for the year ahead, complicating Chief..."
2026-04-01,07:00:00 UTC,https://www.indmoney.com/blog/us-stocks/why-is-nike-stock-falling-today-after-q3-earnings,Nike Stock (NKE) Crashes 9% After Q3 2026 Earnings | Key Takeaways for Investors,"Net income fell 35% to $520 million, and gross margin shrank to 40.2%, down 130 basis points, primarily because of higher tariffs in North America. Think of..."
2026-04-01,07:00:00 UTC,https://www.investopedia.com/nike-stock-sinks-as-weak-sales-outlook-spooks-investors-nke-update-11940254,Nike Stock Sinks to Lowest Level Since 2014 as Weak Sales Outlook Spooks Investors,"Nike stock tumbled on Wednesday after the athletic apparel maker forecast a decline in sales for the current quarter, as challenges in its China business..."
2026-04-01,07:00:00 UTC,https://www.tikr.com/blog/nike-nke-stock-tumbles-11-as-north-america-revenue-misses-analyst-expectations,Nike Stock Tumbles 11% As North America Revenue Misses Analyst Expectations,Pre-market price change for Nike stock: -11%; $NKE Stock Price as of Mar. 31: $53; 52-Week High: $80; $NKE Stock Price Target: $75.
2026-04-01,07:00:00 UTC,https://www.tradingview.com/news/stockstory:94d371c5e094b:0-why-nike-nke-shares-are-trading-lower-today/,Why Nike (NKE) Shares Are Trading Lower Today,"Nike is down 28.4% since the beginning of the year, and at $45.31 per share, it is trading 42.8% below its 52-week high of $79.24 from July 2025. Investors who..."
2026-04-02,07:00:00 UTC,https://pro.thestreet.com/trade-ideas/nike-is-approaching-fair-value-time-to-buy,Nike Is Approaching Fair Value: Time to Buy?,"Nike Tries to 'Just Do It' Again. Nike (NKE) reached a 10-year low on Wednesday, as shares of the athletic-wear giant collapsed in heavy trading."
2026-04-15,07:00:00 UTC,https://finance.yahoo.com/markets/stocks/articles/nike-nke-stock-know-023427387.html,"Nike (NKE) Stock Is Up, What You Need To Know",What Happened? Shares of athletic apparel brand Nike (NYSE:NKE) jumped 3.8% in the afternoon session after news broke that top company leaders are spending...
2026-04-15,07:00:00 UTC,https://www.quiverquant.com/news/Fund+Update%3A+234%2C542+NIKE+%28NKE%29+shares+added+to+Douglas+Lane+%26+Associates%2C+LLC+portfolio,"Fund Update: 234,542 NIKE (NKE) shares added to Douglas Lane & Associates, LLC portfolio","We have seen 838 institutional investors add shares of NIKE stock to their portfolio, and 1,089 decrease their positions in their most recent quarter. Here are..."
2026-04-17,07:00:00 UTC,https://finance.yahoo.com/markets/stocks/articles/nike-nke-now-attractive-steep-180606649.html,Is Nike (NKE) Now Attractive After Steep Multi Year Share Price Declines,"Adding up these discounted cash flows produces an estimated intrinsic value of $38.45 per share. Compared with the recent share price around $45.70, the DCF..."
2026-05-01,07:00:00 UTC,https://finance.yahoo.com/markets/stocks/articles/time-reassess-nike-nke-prolonged-221818640.html,Is It Time To Reassess Nike (NKE) After Its Prolonged Share Price Slump?,"On this basis, the DCF model suggests a fair value of roughly US$38.50 per share, compared with the recent share price of US$44.40. That indicates NIKE is about..."
2026-05-11,07:00:00 UTC,https://finance.yahoo.com/markets/stocks/articles/nike-nke-stock-declines-while-214502403.html,Nike (NKE) Stock Declines While Market Improves: Some Information for Investors,"Nike (NKE) Stock Declines While Market Improves: Some Information for Investors ... Nike (NKE) closed at $42.42 in the latest trading session, marking a -3.91%..."
2026-05-12,07:00:00 UTC,https://finance.yahoo.com/markets/stocks/articles/nike-nke-valuation-check-steep-171352305.html,Nike (NKE) Valuation Check After Steep Share Price Slide And Mixed Market Signals,"According to the most followed narrative by Unike, NIKE's fair value sits at $87.90, which is more than double the last close at $42.39, putting a very..."
2026-05-16,07:00:00 UTC,https://finance.yahoo.com/markets/stocks/articles/nike-nke-starting-look-attractive-091916030.html,Is Nike (NKE) Starting To Look Attractive After A 33% Year To Date Share Price Slide?,"When all of those projected cash flows are discounted back to today, the model arrives at an estimated intrinsic value of $41.62 per share. Compared with the..."
2026-05-18,07:00:00 UTC,https://finance.yahoo.com/markets/stocks/articles/does-nike-nke-stand-attractive-150038183.html,Does Nike (NKE) Stand at an Attractive Risk Reward Setup?,"The company has cautioned that there are ongoing challenges from tariffs, consumers buying lower-cost alternatives, and high inventory levels. The stock is down..."
2026-05-18,07:00:00 UTC,https://finance.yahoo.com/markets/stocks/articles/nike-nke-increases-despite-market-214504416.html,Nike (NKE) Increases Despite Market Slip: Here's What You Need to Know,"From a valuation perspective, Nike is currently exchanging hands at a Forward P/E ratio of 27.72. This expresses a premium compared to the average Forward P/E..."
2026-05-22,07:00:00 UTC,https://finance.yahoo.com/markets/stocks/articles/nike-nke-stock-know-122055764.html,"Nike (NKE) Stock Is Up, What You Need To Know",What Happened? Shares of athletic apparel brand Nike (NYSE:NKE) jumped 4% in the afternoon session after easing pressure in the bond market and a pullback in...
2026-05-25,07:00:00 UTC,https://finance.yahoo.com/markets/stocks/articles/jim-cramer-shares-tip-nike-171806962.html,Jim Cramer Shares Tip For Nike (NKE) To Turnaround,"NIKE, Inc. (NYSE:NKE) is a stock that Jim Cramer has changed his mind about over the past couple of months. Throughout 2025, the CNBC TV host remained..."
2026-05-27,07:00:00 UTC,https://simplywall.st/stocks/us/consumer-durables/nyse-nke/nike/news/we-wouldnt-be-too-quick-to-buy-nike-inc-nysenke-before-it-go,"We Wouldn't Be Too Quick To Buy NIKE, Inc. (NYSE:NKE) Before It Goes Ex-Dividend","The company's next dividend payment will be US$0.41 per share, on the back of last year when the company paid a total of US$1.64 to shareholders. Based on the..."
2026-06-01,07:00:00 UTC,https://finance.yahoo.com/markets/stocks/articles/nike-nke-pricing-too-much-050704210.html,Is Nike (NKE) Pricing In Too Much Optimism After Recent Share Price Rebound?,"Aggregating those discounted projections produces an estimated intrinsic value of US$41.56 per share. Compared with the recent share price of US$46.23, this..."
2026-06-24,07:00:00 UTC,https://finance.yahoo.com/markets/stocks/articles/nike-nke-falls-more-steeply-215005553.html,Nike (NKE) Falls More Steeply Than Broader Market: What Investors Need to Know,"Nike (NKE) Falls More Steeply Than Broader Market: What Investors Need to Know ... Nike (NKE) ended the recent trading session at $41.82, demonstrating a -1.32%..."
2026-06-26,07:00:00 UTC,https://www.investopedia.com/nike-reports-earnings-tuesday-here-is-how-much-traders-expect-the-stock-could-move-nke-q4-fy2026-12005899,Nike Reports Earnings Tuesday. Here's How Much Traders Expect the Stock Could Move,"Nike's next earnings report is due Tuesday afternoon, with traders anticipating its stock could swing up to 8% by the end of the week following the results."
2026-06-28,07:00:00 UTC,https://finance.yahoo.com/markets/stocks/articles/earnings-watch-nike-nke-reports-030052713.html,Earnings To Watch: Nike (NKE) Reports Q2 Results Tomorrow,Earnings To Watch: Nike (NKE) Reports Q2 Results Tomorrow ... Athletic apparel brand Nike (NYSE:NKE) will be reporting results this Tuesday after market hours.
2026-06-30,07:00:00 UTC,https://stockstory.org/us/stocks/nyse/nke/news/earnings/nike-nysenke-surprises-with-q2-cy2026-sales,Nike (NYSE:NKE) Surprises With Q2 CY2026 Sales,"In Q2, Nike reported EPS of $0.72, up from $0.14 in the same quarter last year. This print easily cleared analysts' estimates, and shareholders should be..."
2026-06-30,07:00:00 UTC,https://wwd.com/footwear-news/shoe-industry-news/nike-nke-q4-2026-earnings-tariff-refunds-converse-1239048640/,Tariff Refunds Could Be a Boon for Nike as Company Posts Solid Q4 Beat,"Nike NKE Q4 2026 earnings are in: the athletic company saw net sales in the fourth quarter of $10.97 billion, down 1 percent from same time last year."
2026-06-30,07:00:00 UTC,https://www.cnbc.com/2026/06/30/nike-nke-q4-2026-earnings.html,Nike results top estimates even as China sales drop 12%; retailer expects $986 million tariff refund,"Nike reported earnings and revenue that beat Wall Street expectations. Still, the company reported a 12% drop in sales in its Greater China market."
2026-06-30,07:00:00 UTC,https://www.quiverquant.com/news/Nike+%28NKE%29+Stock+Falls+on+Q4+2026+Earnings,Nike (NKE) Stock Falls on Q4 2026 Earnings,Nike (NKE) Stock Falls on Q4 2026 Earnings · Revenue: $11.0 billion · Operating profit: $1.3 billion · Net income: $1.1 billion · Diluted EPS: $0.72. Shares...
2026-07-01,07:00:00 UTC,https://finance.yahoo.com/markets/stocks/article/nikes-latest-weak-quarter-explained-in-4-charts-120451301.html,Nike's latest weak quarter explained in 4 charts,"The only thing Nike (NKE) is ""just doing"" is serving up another post-earnings day stock slide because its results were far from a slam dunk."
2026-07-01,07:00:00 UTC,https://seekingalpha.com/news/4608893-nikes-turnaround-remains-a-marathon-but-wall-street-remains-hopeful,"Nike's turnaround remains a marathon, but Wall Street remains hopeful (NKE:NYSE)","Nike's turnaround remains a marathon, but Wall Street remains hopeful ... The verdict is in: Nike's (NKE) fiscal fourth-quarter results topped expectations, but..."
2026-07-01,07:00:00 UTC,https://www.benzinga.com/quote/NKE,"Nike Inc (NKE) Stock Price, Quote, News & History","What is the current price for Nike (NKE)?. A. The stock price for Nike (NYSE: NKE) is $36.68 last updated September 14, 2026 at 7:20 AM EDT."
2026-07-01,07:00:00 UTC,https://www.fool.com/investing/2026/07/01/is-nike-a-buy-after-its-latest-earnings-report/,Is Nike a Buy After Its Latest Earnings Report?,"Nike (NKE -2.24%) delivered another middling quarter on Tuesday afternoon, but investors had a surprising response. After the stock fell as much as double..."
2026-07-01,07:00:00 UTC,https://www.morningstar.com/stocks/nike-earnings-transformation-progress-overshadowed-by-near-term-challenges,Nike Earnings: Transformation Progress Overshadowed by Near-Term Challenges,"We expect to reduce our fair value estimate for Nike stock, given the soft near-term outlook."
2026-07-01,07:00:00 UTC,https://www.tikr.com/blog/nike-nyse-nke-stock-beats-quarterly-expectations-despite-continued-sales-slump-in-china,Nike Stock Beats Quarterly Expectations Despite Continued Sales Slump in China,Price change for Nike stock in last 6 months: -35%; $NKE Share Price as of Jun. 30: $41; 52-Week High: $80; $NKE Stock Price Target: $55.
2026-07-14,07:00:00 UTC,https://www.quiverquant.com/news/Fund+Update%3A+506%2C975+NIKE+%28NKE%29+shares+added+to+Douglas+Lane+%26+Associates%2C+LLC+portfolio,"Fund Update: 506,975 NIKE (NKE) shares added to Douglas Lane & Associates, LLC portfolio","Fund Update: 506,975 NIKE (NKE) shares added to Douglas Lane & Associates, LLC portfolio ... Douglas Lane & Associates, LLC has added 506,975 shares of $NKE to..."
2026-07-14,07:00:00 UTC,https://www.trefis.com/stock/nke/articles/606845/has-nike-stocks-direct-to-consumer-engine-stalled-for-good/2026-07-14,Has Nike Stock’s Direct-to-Consumer Engine Stalled For Good?,"The company's once-touted digital strategy has been quietly sidelined as sales in the channel decline, shifting the weight of the business back to a slower,..."
2026-07-17,07:00:00 UTC,https://simplywall.st/stocks/us/consumer-durables/nyse-nke/nike/news/nike-nke-stock-faces-margin-slippage-as-67-profitability-tes,Nike (NKE) Stock Faces Margin Slippage As 6.7% Profitability Tests Bullish Narratives,Nike (NKE) Stock Faces Margin Slippage As 6.7% Profitability Tests Bullish Narratives · Nike's 6.7% Margin Meets Slower 2.4% Revenue Growth · P/E Of 20.9x...
2026-07-21,07:00:00 UTC,https://finance.yahoo.com/markets/stocks/articles/bull-case-nike-nke-could-170924202.html,The Bull Case For NIKE (NKE) Could Change Following Missed World Cup Moment And Brand Relevance Questions,"The completion of Nike's US$12,124.68 million buyback, retiring 124,360,522 shares, is the most relevant recent announcement here, because it tightens the link..."
2026-07-28,07:00:00 UTC,https://finance.yahoo.com/markets/stocks/articles/nike-nke-stock-looks-cheap-020813121.html,Nike (NKE) Stock Looks Cheap On Earnings But Pricey On Cash Flow,"Overall, the Discounted Cash Flow view suggests NIKE stock appears roughly fairly valued, with only a small tilt toward overvalued at current prices. NIKE is..."
2026-08-04,07:00:00 UTC,https://seekingalpha.com/news/4624625-nike-downgraded-as-win-now-will-create-lingering-financial-headwinds---jp-morgan,Nike downgraded as 'Win Now' will create lingering financial headwinds -- J.P. Morgan (NKE:NYSE),Nike downgraded as 'Win Now' will create lingering financial headwinds -- J.P. Morgan ... Coupled with continued headwinds in China and challenges with its...
2026-08-17,07:00:00 UTC,https://www.tradingkey.com/analysis/stocks/us-stocks/262113880-why-nike-stock-12-year-low-shares-plunge-78-from-2021-peak-tradingkey,"Why Nike Stock Hit a 12-Year Low, Down 78% From Its 2021 Peak","TradingKey - Nike (NKE), which once swept global markets with its ""Just Do It"" slogan and Air Jordan series, is currently experiencing a prolonged slump..."
2026-08-18,07:00:00 UTC,https://247wallst.com/investing/2026/08/18/nike-keeps-tanking-one-pro-expects-85-returns-moving-forward/,Nike Keeps Tanking: One Pro Expects 85% Returns Moving Forward,"Nike has shed nearly half its value in a year while executives quietly sold millions in shares, yet one analyst team is holding a price target that would..."
2026-08-18,07:00:00 UTC,https://www.indmoney.com/blog/us-stocks/nike-stock-analysis-is-nke-stock-a-buy,Nike Stock Analysis: Is NKE a Buy at a 12-Year Low?,"Our conclusion is uncomfortable but clear: Nike is a great brand sitting inside a weak earnings cycle, and NKE stock is not yet a compelling full-position buy..."
2026-08-18,07:00:00 UTC,https://www.quiverquant.com/news/Why+Nike+(NKE)+Stock+Is+Up+Today,Why Nike (NKE) Stock Is Up Today,Nike (NKE) is up 3.2% today. Here is some analysis on what might have caused this price movement.Ana.
2026-08-19,07:00:00 UTC,https://finance.yahoo.com/markets/stocks/articles/nike-nke-craters-lows-insiders-142600448.html,"As Nike (NKE) Craters to New Lows, Insiders Are Buying This Rival On The Dip","As Nike (NKE) Craters to New Lows, Insiders Are Buying This Rival On The Dip. The media could not be loaded, either because the server or network failed or..."
2026-08-19,07:00:00 UTC,https://seekingalpha.com/news/4635073-nike-pulls-back-on-its-small-neighborhood-store-concept,Nike pulls back on its small neighborhood store concept (NKE:NYSE),"Nike pulls back on its small neighborhood store concept ... Nike (NKE) has closed as many as 14 of its neighborhood-based, small-format Nike Live stores,..."
2026-08-20,07:00:00 UTC,https://www.quiverquant.com/news/Nike+Stock+%28NKE%29+Opinions+on+Prolonged+Stock+Decline,Nike Stock (NKE) Opinions on Prolonged Stock Decline,"Multiple analysts have issued price targets for $NKE recently. We have seen 22 analysts offer price targets for $NKE in the last 6 months, with a median target..."
2026-08-25,07:00:00 UTC,https://finance.yahoo.com/markets/stocks/articles/nike-nke-stock-slides-market-214503082.html,Nike (NKE) Stock Slides as Market Rises: Facts to Know Before You Trade,"Nike (NKE) Stock Slides as Market Rises: Facts to Know Before You Trade ... Nike (NKE) ended the recent trading session at $39.48, demonstrating a -3.12% change..."
2026-08-27,07:00:00 UTC,https://finance.yahoo.com/markets/stocks/articles/nike-nke-stock-looks-undervalued-141656909.html,Nike (NKE) Stock Looks Undervalued On Earnings But Fairly Valued On Cash Flow,"Nike (NKE) Stock Looks Undervalued On Earnings But Fairly Valued On Cash Flow · Over the past 5 years, Nike shares have fallen about 74.6%, which shows how..."
2026-09-03,07:00:00 UTC,https://www.fool.com/investing/2026/09/03/whats-wrong-with-nike-stock/,What's Wrong With Nike Stock?,"Nike (NKE +0.07%) is the largest athletic apparel and footwear company in the world, by far. However, although it's still the leader, cracks are letting in..."
2026-09-03,07:00:00 UTC,https://www.thestreet.com/investing/stocks/nke-nike-stock-undervalued-or-value-trap,"Down almost 80%, is Nike stock undervalued or a value trap?","Why Nike stock is under pressure. Nike's revenue has dropped from $51.2 billion in fiscal 2023 (ended in May) to $46.4 billion in fiscal 2026. Moreover, its..."
2026-09-07,04:33:48 UTC,https://seekingalpha.com/news/4640534-nike-booted-from-sp-100-after-nearly-18-year-run,Nike booted from S&P 100 after nearly 18-year run (NKE:NYSE),Nike (NKE) exits the S&P 100 on Sept. 21 in the quarterly rebalance; learn why its market cap fell and what the tech-heavy reshuffle signals—read now.
2026-09-08,09:33:47 UTC,https://simplywall.st/stocks/us/consumer-durables/nyse-nke/nike/news/nike-nke-leaves-the-sp-100-as-tech-takes-its-slot,Nike (NKE) Leaves The S&P 100 As Tech Takes Its Slot,Nike (NYSE:NKE) is set to be removed from the S&P 100 index after a multiyear market value decline. The vacated slot will be filled by multiple large...
2026-09-08,09:36:15 UTC,https://www.moomoo.com/community/feed/nike-nke-us-117234740428806,$Nike (NKE.US)$,Nike (NKE.US)$
2026-09-09,07:00:00 UTC,https://finance.yahoo.com/markets/stocks/articles/nike-nke-dips-more-broader-215005950.html,Nike (NKE) Dips More Than Broader Market: What You Should Know,"Nike (NKE) reached $37.35 at the closing of the latest trading day, reflecting a -1.97% change compared to its last close."
2026-09-11,18:58:00 UTC,https://247wallst.com/investing/2026/09/11/nike-is-now-down-40-this-year-is-nke-stock-dead-money-or-due-for-a-bounce/,Nike Is Now Down 40% This Year. Is NKE Stock Dead Money or Due for a Bounce?,"Nike stock has fallen 40% year to date to $37, raising the question of whether it's dead money or set for a category-driven bounce. On Holding is down 41%..."
2026-09-12,00:24:27 UTC,https://simplywall.st/stocks/us/consumer-durables/nyse-nke/nike/news/nike-nke-launches-nke-stock-token-on-solana,Nike (NKE) Launches $NKE Stock Token On Solana,"Nike (NYSE:NKE) launched a $NKE stock token on the Solana blockchain through Sunrise, opening onchain access to its equity. The tokenized format allows..."
2026-09-15,21:36:51 UTC,https://seekingalpha.com/article/4946745-nikes-stock-is-down-80-percent-im-buying,Nike's Stock Is Down 80% - I'm Buying (NYSE:NKE),Nike appears to be nearing a bottom after years of declining net income and a significant stock sell-off. Click here to read my latest analysis of NKE...
2026-09-15,21:50:04 UTC,https://finance.yahoo.com/markets/stocks/articles/nike-nke-sees-more-significant-215004512.html,Nike (NKE) Sees a More Significant Dip Than Broader Market: Some Facts to Know,"Nike (NKE) closed the most recent trading day at $36.22, moving 2.25% from the previous trading session."
