date,company,ticker,adj_close,source_url
2019-01-02,Deckers,DECK,21.57333374023437,https://query2.finance.yahoo.com/v8/finance/chart/DECK
2019-01-03,Deckers,DECK,20.96833229064941,https://query2.finance.yahoo.com/v8/finance/chart/DECK
2019-01-04,Deckers,DECK,20.29833221435547,https://query2.finance.yahoo.com/v8/finance/chart/DECK
2019-01-07,Deckers,DECK,20.850000381469727,https://query2.finance.yahoo.com/v8/finance/chart/DECK
2019-01-08,Deckers,DECK,21.003332138061523,https://query2.finance.yahoo.com/v8/finance/chart/DECK
2019-01-09,Deckers,DECK,21.10333251953125,https://query2.finance.yahoo.com/v8/finance/chart/DECK
2019-01-10,Deckers,DECK,18.934999465942383,https://query2.finance.yahoo.com/v8/finance/chart/DECK
2019-01-11,Deckers,DECK,18.88333320617676,https://query2.finance.yahoo.com/v8/finance/chart/DECK
2019-01-14,Deckers,DECK,18.959999084472656,https://query2.finance.yahoo.com/v8/finance/chart/DECK
2019-01-15,Deckers,DECK,18.97833251953125,https://query2.finance.yahoo.com/v8/finance/chart/DECK
2019-01-16,Deckers,DECK,19.143333435058597,https://query2.finance.yahoo.com/v8/finance/chart/DECK
2019-01-17,Deckers,DECK,19.59499931335449,https://query2.finance.yahoo.com/v8/finance/chart/DECK
2019-01-18,Deckers,DECK,19.81166648864746,https://query2.finance.yahoo.com/v8/finance/chart/DECK
2019-01-22,Deckers,DECK,20.18000030517578,https://query2.finance.yahoo.com/v8/finance/chart/DECK
2019-01-23,Deckers,DECK,20.59166717529297,https://query2.finance.yahoo.com/v8/finance/chart/DECK
2019-01-24,Deckers,DECK,20.48833274841309,https://query2.finance.yahoo.com/v8/finance/chart/DECK
2019-01-25,Deckers,DECK,20.893333435058597,https://query2.finance.yahoo.com/v8/finance/chart/DECK
2019-01-28,Deckers,DECK,20.99833297729492,https://query2.finance.yahoo.com/v8/finance/chart/DECK
2019-01-29,Deckers,DECK,20.83666610717773,https://query2.finance.yahoo.com/v8/finance/chart/DECK
2019-01-30,Deckers,DECK,21.18833351135254,https://query2.finance.yahoo.com/v8/finance/chart/DECK
2019-01-31,Deckers,DECK,21.40833282470703,https://query2.finance.yahoo.com/v8/finance/chart/DECK
2019-02-01,Deckers,DECK,23.64666748046875,https://query2.finance.yahoo.com/v8/finance/chart/DECK
2019-02-04,Deckers,DECK,23.2549991607666,https://query2.finance.yahoo.com/v8/finance/chart/DECK
2019-02-05,Deckers,DECK,23.225000381469727,https://query2.finance.yahoo.com/v8/finance/chart/DECK
2019-02-06,Deckers,DECK,23.551666259765625,https://query2.finance.yahoo.com/v8/finance/chart/DECK
2019-02-07,Deckers,DECK,23.45166778564453,https://query2.finance.yahoo.com/v8/finance/chart/DECK
2019-02-08,Deckers,DECK,23.51000022888184,https://query2.finance.yahoo.com/v8/finance/chart/DECK
2019-02-11,Deckers,DECK,23.976667404174805,https://query2.finance.yahoo.com/v8/finance/chart/DECK
2019-02-12,Deckers,DECK,24.01000022888184,https://query2.finance.yahoo.com/v8/finance/chart/DECK
2019-02-13,Deckers,DECK,23.96333312988281,https://query2.finance.yahoo.com/v8/finance/chart/DECK
2019-02-14,Deckers,DECK,23.77666664123535,https://query2.finance.yahoo.com/v8/finance/chart/DECK
2019-02-15,Deckers,DECK,24.38166618347168,https://query2.finance.yahoo.com/v8/finance/chart/DECK
2019-02-19,Deckers,DECK,24.268333435058597,https://query2.finance.yahoo.com/v8/finance/chart/DECK
2019-02-20,Deckers,DECK,23.96166610717773,https://query2.finance.yahoo.com/v8/finance/chart/DECK
2019-02-21,Deckers,DECK,23.87666702270508,https://query2.finance.yahoo.com/v8/finance/chart/DECK
2019-02-22,Deckers,DECK,24.15166664123535,https://query2.finance.yahoo.com/v8/finance/chart/DECK
2019-02-25,Deckers,DECK,24.65999984741211,https://query2.finance.yahoo.com/v8/finance/chart/DECK
2019-02-26,Deckers,DECK,24.76499938964844,https://query2.finance.yahoo.com/v8/finance/chart/DECK
2019-02-27,Deckers,DECK,24.75666618347168,https://query2.finance.yahoo.com/v8/finance/chart/DECK
2019-02-28,Deckers,DECK,24.65833282470703,https://query2.finance.yahoo.com/v8/finance/chart/DECK
2019-03-01,Deckers,DECK,24.645000457763672,https://query2.finance.yahoo.com/v8/finance/chart/DECK
2019-03-04,Deckers,DECK,24.161666870117188,https://query2.finance.yahoo.com/v8/finance/chart/DECK
2019-03-05,Deckers,DECK,24.12166786193848,https://query2.finance.yahoo.com/v8/finance/chart/DECK
2019-03-06,Deckers,DECK,23.84666633605957,https://query2.finance.yahoo.com/v8/finance/chart/DECK
2019-03-07,Deckers,DECK,23.65999984741211,https://query2.finance.yahoo.com/v8/finance/chart/DECK
2019-03-08,Deckers,DECK,23.50166702270508,https://query2.finance.yahoo.com/v8/finance/chart/DECK
2019-03-11,Deckers,DECK,23.786666870117188,https://query2.finance.yahoo.com/v8/finance/chart/DECK
2019-03-12,Deckers,DECK,23.63166618347168,https://query2.finance.yahoo.com/v8/finance/chart/DECK
2019-03-13,Deckers,DECK,23.708332061767575,https://query2.finance.yahoo.com/v8/finance/chart/DECK
2019-03-14,Deckers,DECK,23.780000686645508,https://query2.finance.yahoo.com/v8/finance/chart/DECK
2019-03-15,Deckers,DECK,23.628332138061523,https://query2.finance.yahoo.com/v8/finance/chart/DECK
2019-03-18,Deckers,DECK,24.100000381469727,https://query2.finance.yahoo.com/v8/finance/chart/DECK
2019-03-19,Deckers,DECK,24.28333282470703,https://query2.finance.yahoo.com/v8/finance/chart/DECK
2019-03-20,Deckers,DECK,24.06833267211914,https://query2.finance.yahoo.com/v8/finance/chart/DECK
2019-03-21,Deckers,DECK,24.36833381652832,https://query2.finance.yahoo.com/v8/finance/chart/DECK
2019-03-22,Deckers,DECK,23.418333053588867,https://query2.finance.yahoo.com/v8/finance/chart/DECK
2019-03-25,Deckers,DECK,23.850000381469727,https://query2.finance.yahoo.com/v8/finance/chart/DECK
2019-03-26,Deckers,DECK,23.893333435058597,https://query2.finance.yahoo.com/v8/finance/chart/DECK
2019-03-27,Deckers,DECK,24.07999992370605,https://query2.finance.yahoo.com/v8/finance/chart/DECK
2019-03-28,Deckers,DECK,24.49666786193848,https://query2.finance.yahoo.com/v8/finance/chart/DECK
2019-03-29,Deckers,DECK,24.49833297729492,https://query2.finance.yahoo.com/v8/finance/chart/DECK
2019-04-01,Deckers,DECK,24.47333335876465,https://query2.finance.yahoo.com/v8/finance/chart/DECK
2019-04-02,Deckers,DECK,23.87166786193848,https://query2.finance.yahoo.com/v8/finance/chart/DECK
2019-04-03,Deckers,DECK,23.899999618530277,https://query2.finance.yahoo.com/v8/finance/chart/DECK
2019-04-04,Deckers,DECK,24.18833351135254,https://query2.finance.yahoo.com/v8/finance/chart/DECK
2019-04-05,Deckers,DECK,24.48666763305664,https://query2.finance.yahoo.com/v8/finance/chart/DECK
2019-04-08,Deckers,DECK,24.171667098999023,https://query2.finance.yahoo.com/v8/finance/chart/DECK
2019-04-09,Deckers,DECK,24.308332443237305,https://query2.finance.yahoo.com/v8/finance/chart/DECK
2019-04-10,Deckers,DECK,24.703332901000977,https://query2.finance.yahoo.com/v8/finance/chart/DECK
2019-04-11,Deckers,DECK,24.99166679382324,https://query2.finance.yahoo.com/v8/finance/chart/DECK
2019-04-12,Deckers,DECK,25.270000457763672,https://query2.finance.yahoo.com/v8/finance/chart/DECK
2019-04-15,Deckers,DECK,25.40833282470703,https://query2.finance.yahoo.com/v8/finance/chart/DECK
2019-04-16,Deckers,DECK,25.21333312988281,https://query2.finance.yahoo.com/v8/finance/chart/DECK
2019-04-17,Deckers,DECK,25.453332901000977,https://query2.finance.yahoo.com/v8/finance/chart/DECK
2019-04-18,Deckers,DECK,25.56666755676269,https://query2.finance.yahoo.com/v8/finance/chart/DECK
2019-04-22,Deckers,DECK,24.97833251953125,https://query2.finance.yahoo.com/v8/finance/chart/DECK
2019-04-23,Deckers,DECK,25.328332901000977,https://query2.finance.yahoo.com/v8/finance/chart/DECK
2019-04-24,Deckers,DECK,25.791667938232425,https://query2.finance.yahoo.com/v8/finance/chart/DECK
2019-04-25,Deckers,DECK,25.76666641235352,https://query2.finance.yahoo.com/v8/finance/chart/DECK
2019-04-26,Deckers,DECK,25.86166763305664,https://query2.finance.yahoo.com/v8/finance/chart/DECK
2019-04-29,Deckers,DECK,26.27166748046875,https://query2.finance.yahoo.com/v8/finance/chart/DECK
2019-04-30,Deckers,DECK,26.36833381652832,https://query2.finance.yahoo.com/v8/finance/chart/DECK
2019-05-01,Deckers,DECK,26.09333229064941,https://query2.finance.yahoo.com/v8/finance/chart/DECK
2019-05-02,Deckers,DECK,26.3700008392334,https://query2.finance.yahoo.com/v8/finance/chart/DECK
2019-05-03,Deckers,DECK,26.483333587646484,https://query2.finance.yahoo.com/v8/finance/chart/DECK
2019-05-06,Deckers,DECK,26.28499984741211,https://query2.finance.yahoo.com/v8/finance/chart/DECK
2019-05-07,Deckers,DECK,25.25833320617676,https://query2.finance.yahoo.com/v8/finance/chart/DECK
2019-05-08,Deckers,DECK,25.10333251953125,https://query2.finance.yahoo.com/v8/finance/chart/DECK
2019-05-09,Deckers,DECK,24.815000534057617,https://query2.finance.yahoo.com/v8/finance/chart/DECK
2019-05-10,Deckers,DECK,24.35333251953125,https://query2.finance.yahoo.com/v8/finance/chart/DECK
2019-05-13,Deckers,DECK,23.058332443237305,https://query2.finance.yahoo.com/v8/finance/chart/DECK
2019-05-14,Deckers,DECK,24.13833236694336,https://query2.finance.yahoo.com/v8/finance/chart/DECK
2019-05-15,Deckers,DECK,23.87333297729492,https://query2.finance.yahoo.com/v8/finance/chart/DECK
2019-05-16,Deckers,DECK,24.083332061767575,https://query2.finance.yahoo.com/v8/finance/chart/DECK
2019-05-17,Deckers,DECK,23.768333435058597,https://query2.finance.yahoo.com/v8/finance/chart/DECK
2019-05-20,Deckers,DECK,23.790000915527344,https://query2.finance.yahoo.com/v8/finance/chart/DECK
2019-05-21,Deckers,DECK,24.77833366394043,https://query2.finance.yahoo.com/v8/finance/chart/DECK
2019-05-22,Deckers,DECK,25.01499938964844,https://query2.finance.yahoo.com/v8/finance/chart/DECK
2019-05-23,Deckers,DECK,24.56833267211914,https://query2.finance.yahoo.com/v8/finance/chart/DECK
2019-05-24,Deckers,DECK,25.57666778564453,https://query2.finance.yahoo.com/v8/finance/chart/DECK
2019-05-28,Deckers,DECK,25.143333435058597,https://query2.finance.yahoo.com/v8/finance/chart/DECK
2019-05-29,Deckers,DECK,25.208332061767575,https://query2.finance.yahoo.com/v8/finance/chart/DECK
2019-05-30,Deckers,DECK,25.288333892822266,https://query2.finance.yahoo.com/v8/finance/chart/DECK
2019-05-31,Deckers,DECK,25.350000381469727,https://query2.finance.yahoo.com/v8/finance/chart/DECK
2019-06-03,Deckers,DECK,25.703332901000977,https://query2.finance.yahoo.com/v8/finance/chart/DECK
2019-06-04,Deckers,DECK,25.86333274841309,https://query2.finance.yahoo.com/v8/finance/chart/DECK
2019-06-05,Deckers,DECK,25.96500015258789,https://query2.finance.yahoo.com/v8/finance/chart/DECK
2019-06-06,Deckers,DECK,25.93833351135254,https://query2.finance.yahoo.com/v8/finance/chart/DECK
2019-06-07,Deckers,DECK,26.72166633605957,https://query2.finance.yahoo.com/v8/finance/chart/DECK
2019-06-10,Deckers,DECK,27.34833335876465,https://query2.finance.yahoo.com/v8/finance/chart/DECK
2019-06-11,Deckers,DECK,27.953332901000977,https://query2.finance.yahoo.com/v8/finance/chart/DECK
2019-06-12,Deckers,DECK,28.71666717529297,https://query2.finance.yahoo.com/v8/finance/chart/DECK
2019-06-13,Deckers,DECK,29.364999771118164,https://query2.finance.yahoo.com/v8/finance/chart/DECK
2019-06-14,Deckers,DECK,29.06166648864746,https://query2.finance.yahoo.com/v8/finance/chart/DECK
2019-06-17,Deckers,DECK,28.858333587646484,https://query2.finance.yahoo.com/v8/finance/chart/DECK
2019-06-18,Deckers,DECK,29.136667251586918,https://query2.finance.yahoo.com/v8/finance/chart/DECK
2019-06-19,Deckers,DECK,29.06666755676269,https://query2.finance.yahoo.com/v8/finance/chart/DECK
2019-06-20,Deckers,DECK,29.00833320617676,https://query2.finance.yahoo.com/v8/finance/chart/DECK
2019-06-21,Deckers,DECK,29.25,https://query2.finance.yahoo.com/v8/finance/chart/DECK
2019-06-24,Deckers,DECK,28.899999618530277,https://query2.finance.yahoo.com/v8/finance/chart/DECK
2019-06-25,Deckers,DECK,28.655000686645508,https://query2.finance.yahoo.com/v8/finance/chart/DECK
2019-06-26,Deckers,DECK,28.94833374023437,https://query2.finance.yahoo.com/v8/finance/chart/DECK
2019-06-27,Deckers,DECK,29.206666946411133,https://query2.finance.yahoo.com/v8/finance/chart/DECK
2019-06-28,Deckers,DECK,29.328332901000977,https://query2.finance.yahoo.com/v8/finance/chart/DECK
2019-07-01,Deckers,DECK,29.29833221435547,https://query2.finance.yahoo.com/v8/finance/chart/DECK
2019-07-02,Deckers,DECK,28.90166664123535,https://query2.finance.yahoo.com/v8/finance/chart/DECK
2019-07-03,Deckers,DECK,29.34666633605957,https://query2.finance.yahoo.com/v8/finance/chart/DECK
2019-07-05,Deckers,DECK,29.48666763305664,https://query2.finance.yahoo.com/v8/finance/chart/DECK
2019-07-08,Deckers,DECK,29.65333366394043,https://query2.finance.yahoo.com/v8/finance/chart/DECK
2019-07-09,Deckers,DECK,29.031667709350582,https://query2.finance.yahoo.com/v8/finance/chart/DECK
2019-07-10,Deckers,DECK,29.268333435058597,https://query2.finance.yahoo.com/v8/finance/chart/DECK
2019-07-11,Deckers,DECK,28.831666946411133,https://query2.finance.yahoo.com/v8/finance/chart/DECK
2019-07-12,Deckers,DECK,29.74833297729492,https://query2.finance.yahoo.com/v8/finance/chart/DECK
2019-07-15,Deckers,DECK,29.393333435058597,https://query2.finance.yahoo.com/v8/finance/chart/DECK
2019-07-16,Deckers,DECK,29.399999618530277,https://query2.finance.yahoo.com/v8/finance/chart/DECK
2019-07-17,Deckers,DECK,29.190000534057617,https://query2.finance.yahoo.com/v8/finance/chart/DECK
2019-07-18,Deckers,DECK,29.39666748046875,https://query2.finance.yahoo.com/v8/finance/chart/DECK
2019-07-19,Deckers,DECK,29.040000915527344,https://query2.finance.yahoo.com/v8/finance/chart/DECK
2019-07-22,Deckers,DECK,29.25666618347168,https://query2.finance.yahoo.com/v8/finance/chart/DECK
2019-07-23,Deckers,DECK,29.690000534057617,https://query2.finance.yahoo.com/v8/finance/chart/DECK
2019-07-24,Deckers,DECK,29.84333229064941,https://query2.finance.yahoo.com/v8/finance/chart/DECK
2019-07-25,Deckers,DECK,29.59666633605957,https://query2.finance.yahoo.com/v8/finance/chart/DECK
2019-07-26,Deckers,DECK,26.58666610717773,https://query2.finance.yahoo.com/v8/finance/chart/DECK
2019-07-29,Deckers,DECK,26.559999465942383,https://query2.finance.yahoo.com/v8/finance/chart/DECK
2019-07-30,Deckers,DECK,25.933332443237305,https://query2.finance.yahoo.com/v8/finance/chart/DECK
2019-07-31,Deckers,DECK,26.046667098999023,https://query2.finance.yahoo.com/v8/finance/chart/DECK
2019-08-01,Deckers,DECK,24.94166755676269,https://query2.finance.yahoo.com/v8/finance/chart/DECK
2019-08-02,Deckers,DECK,24.47166633605957,https://query2.finance.yahoo.com/v8/finance/chart/DECK
2019-08-05,Deckers,DECK,24.26499938964844,https://query2.finance.yahoo.com/v8/finance/chart/DECK
2019-08-06,Deckers,DECK,24.84833335876465,https://query2.finance.yahoo.com/v8/finance/chart/DECK
2019-08-07,Deckers,DECK,24.683332443237305,https://query2.finance.yahoo.com/v8/finance/chart/DECK
2019-08-08,Deckers,DECK,24.84666633605957,https://query2.finance.yahoo.com/v8/finance/chart/DECK
2019-08-09,Deckers,DECK,24.155000686645508,https://query2.finance.yahoo.com/v8/finance/chart/DECK
2019-08-12,Deckers,DECK,23.84499931335449,https://query2.finance.yahoo.com/v8/finance/chart/DECK
2019-08-13,Deckers,DECK,24.356666564941406,https://query2.finance.yahoo.com/v8/finance/chart/DECK
2019-08-14,Deckers,DECK,22.898332595825195,https://query2.finance.yahoo.com/v8/finance/chart/DECK
2019-08-15,Deckers,DECK,22.156667709350582,https://query2.finance.yahoo.com/v8/finance/chart/DECK
2019-08-16,Deckers,DECK,22.38166618347168,https://query2.finance.yahoo.com/v8/finance/chart/DECK
2019-08-19,Deckers,DECK,22.956666946411133,https://query2.finance.yahoo.com/v8/finance/chart/DECK
2019-08-20,Deckers,DECK,22.905000686645508,https://query2.finance.yahoo.com/v8/finance/chart/DECK
2019-08-21,Deckers,DECK,23.37333297729492,https://query2.finance.yahoo.com/v8/finance/chart/DECK
2019-08-22,Deckers,DECK,23.670000076293945,https://query2.finance.yahoo.com/v8/finance/chart/DECK
2019-08-23,Deckers,DECK,22.71166610717773,https://query2.finance.yahoo.com/v8/finance/chart/DECK
2019-08-26,Deckers,DECK,23.09000015258789,https://query2.finance.yahoo.com/v8/finance/chart/DECK
2019-08-27,Deckers,DECK,23.44166755676269,https://query2.finance.yahoo.com/v8/finance/chart/DECK
2019-08-28,Deckers,DECK,23.82666778564453,https://query2.finance.yahoo.com/v8/finance/chart/DECK
2019-08-29,Deckers,DECK,24.413333892822266,https://query2.finance.yahoo.com/v8/finance/chart/DECK
2019-08-30,Deckers,DECK,24.575000762939453,https://query2.finance.yahoo.com/v8/finance/chart/DECK
2019-09-03,Deckers,DECK,24.24333381652832,https://query2.finance.yahoo.com/v8/finance/chart/DECK
2019-09-04,Deckers,DECK,24.489999771118164,https://query2.finance.yahoo.com/v8/finance/chart/DECK
2019-09-05,Deckers,DECK,25.643333435058597,https://query2.finance.yahoo.com/v8/finance/chart/DECK
2019-09-06,Deckers,DECK,25.46500015258789,https://query2.finance.yahoo.com/v8/finance/chart/DECK
2019-09-09,Deckers,DECK,25.850000381469727,https://query2.finance.yahoo.com/v8/finance/chart/DECK
2019-09-10,Deckers,DECK,25.229999542236328,https://query2.finance.yahoo.com/v8/finance/chart/DECK
2019-09-11,Deckers,DECK,24.956666946411133,https://query2.finance.yahoo.com/v8/finance/chart/DECK
2019-09-12,Deckers,DECK,25.12166786193848,https://query2.finance.yahoo.com/v8/finance/chart/DECK
2019-09-13,Deckers,DECK,24.649999618530277,https://query2.finance.yahoo.com/v8/finance/chart/DECK
2019-09-16,Deckers,DECK,24.17333221435547,https://query2.finance.yahoo.com/v8/finance/chart/DECK
2019-09-17,Deckers,DECK,23.834999084472656,https://query2.finance.yahoo.com/v8/finance/chart/DECK
2019-09-18,Deckers,DECK,23.301666259765625,https://query2.finance.yahoo.com/v8/finance/chart/DECK
2019-09-19,Deckers,DECK,23.01000022888184,https://query2.finance.yahoo.com/v8/finance/chart/DECK
2019-09-20,Deckers,DECK,22.708332061767575,https://query2.finance.yahoo.com/v8/finance/chart/DECK
2019-09-23,Deckers,DECK,22.64666748046875,https://query2.finance.yahoo.com/v8/finance/chart/DECK
2019-09-24,Deckers,DECK,22.170000076293945,https://query2.finance.yahoo.com/v8/finance/chart/DECK
2019-09-25,Deckers,DECK,22.399999618530277,https://query2.finance.yahoo.com/v8/finance/chart/DECK
2019-09-26,Deckers,DECK,23.40166664123535,https://query2.finance.yahoo.com/v8/finance/chart/DECK
2019-09-27,Deckers,DECK,23.854999542236328,https://query2.finance.yahoo.com/v8/finance/chart/DECK
2019-09-30,Deckers,DECK,24.559999465942383,https://query2.finance.yahoo.com/v8/finance/chart/DECK
2019-10-01,Deckers,DECK,24.405000686645508,https://query2.finance.yahoo.com/v8/finance/chart/DECK
2019-10-02,Deckers,DECK,24.036666870117188,https://query2.finance.yahoo.com/v8/finance/chart/DECK
2019-10-03,Deckers,DECK,24.333332061767575,https://query2.finance.yahoo.com/v8/finance/chart/DECK
2019-10-04,Deckers,DECK,24.39666748046875,https://query2.finance.yahoo.com/v8/finance/chart/DECK
2019-10-07,Deckers,DECK,23.98500061035156,https://query2.finance.yahoo.com/v8/finance/chart/DECK
2019-10-08,Deckers,DECK,23.74333381652832,https://query2.finance.yahoo.com/v8/finance/chart/DECK
2019-10-09,Deckers,DECK,24.0049991607666,https://query2.finance.yahoo.com/v8/finance/chart/DECK
2019-10-10,Deckers,DECK,23.95499992370605,https://query2.finance.yahoo.com/v8/finance/chart/DECK
2019-10-11,Deckers,DECK,25.68000030517578,https://query2.finance.yahoo.com/v8/finance/chart/DECK
2019-10-14,Deckers,DECK,25.565000534057617,https://query2.finance.yahoo.com/v8/finance/chart/DECK
2019-10-15,Deckers,DECK,25.59333229064941,https://query2.finance.yahoo.com/v8/finance/chart/DECK
2019-10-16,Deckers,DECK,25.61333274841309,https://query2.finance.yahoo.com/v8/finance/chart/DECK
2019-10-17,Deckers,DECK,26.34833335876465,https://query2.finance.yahoo.com/v8/finance/chart/DECK
2019-10-18,Deckers,DECK,26.15166664123535,https://query2.finance.yahoo.com/v8/finance/chart/DECK
2019-10-21,Deckers,DECK,26.38833236694336,https://query2.finance.yahoo.com/v8/finance/chart/DECK
2019-10-22,Deckers,DECK,26.33833312988281,https://query2.finance.yahoo.com/v8/finance/chart/DECK
2019-10-23,Deckers,DECK,25.71500015258789,https://query2.finance.yahoo.com/v8/finance/chart/DECK
2019-10-24,Deckers,DECK,26.003332138061523,https://query2.finance.yahoo.com/v8/finance/chart/DECK
2019-10-25,Deckers,DECK,25.14666748046875,https://query2.finance.yahoo.com/v8/finance/chart/DECK
2019-10-28,Deckers,DECK,24.68833351135254,https://query2.finance.yahoo.com/v8/finance/chart/DECK
2019-10-29,Deckers,DECK,24.97166633605957,https://query2.finance.yahoo.com/v8/finance/chart/DECK
2019-10-30,Deckers,DECK,25.19499969482422,https://query2.finance.yahoo.com/v8/finance/chart/DECK
2019-10-31,Deckers,DECK,25.483333587646484,https://query2.finance.yahoo.com/v8/finance/chart/DECK
2019-11-01,Deckers,DECK,25.858333587646484,https://query2.finance.yahoo.com/v8/finance/chart/DECK
2019-11-04,Deckers,DECK,26.676666259765625,https://query2.finance.yahoo.com/v8/finance/chart/DECK
2019-11-05,Deckers,DECK,27.136667251586918,https://query2.finance.yahoo.com/v8/finance/chart/DECK
2019-11-06,Deckers,DECK,27.165000915527344,https://query2.finance.yahoo.com/v8/finance/chart/DECK
2019-11-07,Deckers,DECK,27.01000022888184,https://query2.finance.yahoo.com/v8/finance/chart/DECK
2019-11-08,Deckers,DECK,27.23500061035156,https://query2.finance.yahoo.com/v8/finance/chart/DECK
2019-11-11,Deckers,DECK,27.411666870117188,https://query2.finance.yahoo.com/v8/finance/chart/DECK
2019-11-12,Deckers,DECK,27.364999771118164,https://query2.finance.yahoo.com/v8/finance/chart/DECK
2019-11-13,Deckers,DECK,27.446666717529297,https://query2.finance.yahoo.com/v8/finance/chart/DECK
2019-11-14,Deckers,DECK,27.51666641235352,https://query2.finance.yahoo.com/v8/finance/chart/DECK
2019-11-15,Deckers,DECK,27.90166664123535,https://query2.finance.yahoo.com/v8/finance/chart/DECK
2019-11-18,Deckers,DECK,27.81999969482422,https://query2.finance.yahoo.com/v8/finance/chart/DECK
2019-11-19,Deckers,DECK,27.36166763305664,https://query2.finance.yahoo.com/v8/finance/chart/DECK
2019-11-20,Deckers,DECK,26.708332061767575,https://query2.finance.yahoo.com/v8/finance/chart/DECK
2019-11-21,Deckers,DECK,26.21333312988281,https://query2.finance.yahoo.com/v8/finance/chart/DECK
2019-11-22,Deckers,DECK,26.59166717529297,https://query2.finance.yahoo.com/v8/finance/chart/DECK
2019-11-25,Deckers,DECK,27.420000076293945,https://query2.finance.yahoo.com/v8/finance/chart/DECK
2019-11-26,Deckers,DECK,27.93000030517578,https://query2.finance.yahoo.com/v8/finance/chart/DECK
2019-11-27,Deckers,DECK,28.145000457763672,https://query2.finance.yahoo.com/v8/finance/chart/DECK
2019-11-29,Deckers,DECK,28.030000686645508,https://query2.finance.yahoo.com/v8/finance/chart/DECK
2019-12-02,Deckers,DECK,27.12666702270508,https://query2.finance.yahoo.com/v8/finance/chart/DECK
2019-12-03,Deckers,DECK,26.48666763305664,https://query2.finance.yahoo.com/v8/finance/chart/DECK
2019-12-04,Deckers,DECK,26.926666259765625,https://query2.finance.yahoo.com/v8/finance/chart/DECK
2019-12-05,Deckers,DECK,27.399999618530277,https://query2.finance.yahoo.com/v8/finance/chart/DECK
2019-12-06,Deckers,DECK,27.06333351135254,https://query2.finance.yahoo.com/v8/finance/chart/DECK
2019-12-09,Deckers,DECK,27.22166633605957,https://query2.finance.yahoo.com/v8/finance/chart/DECK
2019-12-10,Deckers,DECK,26.95166778564453,https://query2.finance.yahoo.com/v8/finance/chart/DECK
2019-12-11,Deckers,DECK,26.84166717529297,https://query2.finance.yahoo.com/v8/finance/chart/DECK
2019-12-12,Deckers,DECK,26.96500015258789,https://query2.finance.yahoo.com/v8/finance/chart/DECK
2019-12-13,Deckers,DECK,27.08833312988281,https://query2.finance.yahoo.com/v8/finance/chart/DECK
2019-12-16,Deckers,DECK,27.26666641235352,https://query2.finance.yahoo.com/v8/finance/chart/DECK
2019-12-17,Deckers,DECK,27.290000915527344,https://query2.finance.yahoo.com/v8/finance/chart/DECK
2019-12-18,Deckers,DECK,27.708332061767575,https://query2.finance.yahoo.com/v8/finance/chart/DECK
2019-12-19,Deckers,DECK,27.26499938964844,https://query2.finance.yahoo.com/v8/finance/chart/DECK
2019-12-20,Deckers,DECK,27.906667709350582,https://query2.finance.yahoo.com/v8/finance/chart/DECK
2019-12-23,Deckers,DECK,27.411666870117188,https://query2.finance.yahoo.com/v8/finance/chart/DECK
2019-12-24,Deckers,DECK,27.416667938232425,https://query2.finance.yahoo.com/v8/finance/chart/DECK
2019-12-26,Deckers,DECK,27.86666679382324,https://query2.finance.yahoo.com/v8/finance/chart/DECK
2019-12-27,Deckers,DECK,27.90833282470703,https://query2.finance.yahoo.com/v8/finance/chart/DECK
2019-12-30,Deckers,DECK,28.143333435058597,https://query2.finance.yahoo.com/v8/finance/chart/DECK
2019-12-31,Deckers,DECK,28.143333435058597,https://query2.finance.yahoo.com/v8/finance/chart/DECK
2020-01-02,Deckers,DECK,28.69499969482422,https://query2.finance.yahoo.com/v8/finance/chart/DECK
2020-01-03,Deckers,DECK,28.90999984741211,https://query2.finance.yahoo.com/v8/finance/chart/DECK
2020-01-06,Deckers,DECK,29.083332061767575,https://query2.finance.yahoo.com/v8/finance/chart/DECK
2020-01-07,Deckers,DECK,28.858333587646484,https://query2.finance.yahoo.com/v8/finance/chart/DECK
2020-01-08,Deckers,DECK,28.13833236694336,https://query2.finance.yahoo.com/v8/finance/chart/DECK
2020-01-09,Deckers,DECK,28.21500015258789,https://query2.finance.yahoo.com/v8/finance/chart/DECK
2020-01-10,Deckers,DECK,27.5049991607666,https://query2.finance.yahoo.com/v8/finance/chart/DECK
2020-01-13,Deckers,DECK,27.96500015258789,https://query2.finance.yahoo.com/v8/finance/chart/DECK
2020-01-14,Deckers,DECK,28.081666946411133,https://query2.finance.yahoo.com/v8/finance/chart/DECK
2020-01-15,Deckers,DECK,28.136667251586918,https://query2.finance.yahoo.com/v8/finance/chart/DECK
2020-01-16,Deckers,DECK,28.77666664123535,https://query2.finance.yahoo.com/v8/finance/chart/DECK
2020-01-17,Deckers,DECK,28.920000076293945,https://query2.finance.yahoo.com/v8/finance/chart/DECK
2020-01-21,Deckers,DECK,29.165000915527344,https://query2.finance.yahoo.com/v8/finance/chart/DECK
2020-01-22,Deckers,DECK,29.22166633605957,https://query2.finance.yahoo.com/v8/finance/chart/DECK
2020-01-23,Deckers,DECK,29.168333053588867,https://query2.finance.yahoo.com/v8/finance/chart/DECK
2020-01-24,Deckers,DECK,29.61000061035156,https://query2.finance.yahoo.com/v8/finance/chart/DECK
2020-01-27,Deckers,DECK,29.21666717529297,https://query2.finance.yahoo.com/v8/finance/chart/DECK
2020-01-28,Deckers,DECK,29.174999237060547,https://query2.finance.yahoo.com/v8/finance/chart/DECK
2020-01-29,Deckers,DECK,29.433332443237305,https://query2.finance.yahoo.com/v8/finance/chart/DECK
2020-01-30,Deckers,DECK,29.56333351135254,https://query2.finance.yahoo.com/v8/finance/chart/DECK
2020-01-31,Deckers,DECK,31.81833267211914,https://query2.finance.yahoo.com/v8/finance/chart/DECK
2020-02-03,Deckers,DECK,31.268333435058597,https://query2.finance.yahoo.com/v8/finance/chart/DECK
2020-02-04,Deckers,DECK,31.61333274841309,https://query2.finance.yahoo.com/v8/finance/chart/DECK
2020-02-05,Deckers,DECK,32.13999938964844,https://query2.finance.yahoo.com/v8/finance/chart/DECK
2020-02-06,Deckers,DECK,32.008331298828125,https://query2.finance.yahoo.com/v8/finance/chart/DECK
2020-02-07,Deckers,DECK,31.89666748046875,https://query2.finance.yahoo.com/v8/finance/chart/DECK
2020-02-10,Deckers,DECK,32.17499923706055,https://query2.finance.yahoo.com/v8/finance/chart/DECK
2020-02-11,Deckers,DECK,32.21833419799805,https://query2.finance.yahoo.com/v8/finance/chart/DECK
2020-02-12,Deckers,DECK,33.231666564941406,https://query2.finance.yahoo.com/v8/finance/chart/DECK
2020-02-13,Deckers,DECK,33.42499923706055,https://query2.finance.yahoo.com/v8/finance/chart/DECK
2020-02-14,Deckers,DECK,33.426666259765625,https://query2.finance.yahoo.com/v8/finance/chart/DECK
2020-02-18,Deckers,DECK,33.529998779296875,https://query2.finance.yahoo.com/v8/finance/chart/DECK
2020-02-19,Deckers,DECK,33.52000045776367,https://query2.finance.yahoo.com/v8/finance/chart/DECK
2020-02-20,Deckers,DECK,33.1783332824707,https://query2.finance.yahoo.com/v8/finance/chart/DECK
2020-02-21,Deckers,DECK,32.426666259765625,https://query2.finance.yahoo.com/v8/finance/chart/DECK
2020-02-24,Deckers,DECK,31.24666786193848,https://query2.finance.yahoo.com/v8/finance/chart/DECK
2020-02-25,Deckers,DECK,30.36000061035156,https://query2.finance.yahoo.com/v8/finance/chart/DECK
2020-02-26,Deckers,DECK,30.24333381652832,https://query2.finance.yahoo.com/v8/finance/chart/DECK
2020-02-27,Deckers,DECK,28.98666763305664,https://query2.finance.yahoo.com/v8/finance/chart/DECK
2020-02-28,Deckers,DECK,28.96666717529297,https://query2.finance.yahoo.com/v8/finance/chart/DECK
2020-03-02,Deckers,DECK,29.82333374023437,https://query2.finance.yahoo.com/v8/finance/chart/DECK
2020-03-03,Deckers,DECK,29.15166664123535,https://query2.finance.yahoo.com/v8/finance/chart/DECK
2020-03-04,Deckers,DECK,29.98500061035156,https://query2.finance.yahoo.com/v8/finance/chart/DECK
2020-03-05,Deckers,DECK,28.786666870117188,https://query2.finance.yahoo.com/v8/finance/chart/DECK
2020-03-06,Deckers,DECK,28.77166748046875,https://query2.finance.yahoo.com/v8/finance/chart/DECK
2020-03-09,Deckers,DECK,27.00166702270508,https://query2.finance.yahoo.com/v8/finance/chart/DECK
2020-03-10,Deckers,DECK,27.808332443237305,https://query2.finance.yahoo.com/v8/finance/chart/DECK
2020-03-11,Deckers,DECK,25.56166648864746,https://query2.finance.yahoo.com/v8/finance/chart/DECK
2020-03-12,Deckers,DECK,21.850000381469727,https://query2.finance.yahoo.com/v8/finance/chart/DECK
2020-03-13,Deckers,DECK,21.604999542236328,https://query2.finance.yahoo.com/v8/finance/chart/DECK
2020-03-16,Deckers,DECK,18.55666732788086,https://query2.finance.yahoo.com/v8/finance/chart/DECK
2020-03-17,Deckers,DECK,18.45499992370605,https://query2.finance.yahoo.com/v8/finance/chart/DECK
2020-03-18,Deckers,DECK,15.19333267211914,https://query2.finance.yahoo.com/v8/finance/chart/DECK
2020-03-19,Deckers,DECK,17.293333053588867,https://query2.finance.yahoo.com/v8/finance/chart/DECK
2020-03-20,Deckers,DECK,17.316667556762695,https://query2.finance.yahoo.com/v8/finance/chart/DECK
2020-03-23,Deckers,DECK,18.94833374023437,https://query2.finance.yahoo.com/v8/finance/chart/DECK
2020-03-24,Deckers,DECK,22.23833274841309,https://query2.finance.yahoo.com/v8/finance/chart/DECK
2020-03-25,Deckers,DECK,21.59166717529297,https://query2.finance.yahoo.com/v8/finance/chart/DECK
2020-03-26,Deckers,DECK,23.428333282470703,https://query2.finance.yahoo.com/v8/finance/chart/DECK
2020-03-27,Deckers,DECK,22.18166732788086,https://query2.finance.yahoo.com/v8/finance/chart/DECK
2020-03-30,Deckers,DECK,23.18833351135254,https://query2.finance.yahoo.com/v8/finance/chart/DECK
2020-03-31,Deckers,DECK,22.333332061767575,https://query2.finance.yahoo.com/v8/finance/chart/DECK
2020-04-01,Deckers,DECK,20.625,https://query2.finance.yahoo.com/v8/finance/chart/DECK
2020-04-02,Deckers,DECK,21.114999771118164,https://query2.finance.yahoo.com/v8/finance/chart/DECK
2020-04-03,Deckers,DECK,20.351667404174805,https://query2.finance.yahoo.com/v8/finance/chart/DECK
2020-04-06,Deckers,DECK,23.059999465942383,https://query2.finance.yahoo.com/v8/finance/chart/DECK
2020-04-07,Deckers,DECK,23.52833366394043,https://query2.finance.yahoo.com/v8/finance/chart/DECK
2020-04-08,Deckers,DECK,24.18000030517578,https://query2.finance.yahoo.com/v8/finance/chart/DECK
2020-04-09,Deckers,DECK,24.81333351135254,https://query2.finance.yahoo.com/v8/finance/chart/DECK
2020-04-13,Deckers,DECK,23.89166641235352,https://query2.finance.yahoo.com/v8/finance/chart/DECK
2020-04-14,Deckers,DECK,24.24833297729492,https://query2.finance.yahoo.com/v8/finance/chart/DECK
2020-04-15,Deckers,DECK,23.155000686645508,https://query2.finance.yahoo.com/v8/finance/chart/DECK
2020-04-16,Deckers,DECK,23.209999084472656,https://query2.finance.yahoo.com/v8/finance/chart/DECK
2020-04-17,Deckers,DECK,24.274999618530277,https://query2.finance.yahoo.com/v8/finance/chart/DECK
2020-04-20,Deckers,DECK,23.44333267211914,https://query2.finance.yahoo.com/v8/finance/chart/DECK
2020-04-21,Deckers,DECK,21.9950008392334,https://query2.finance.yahoo.com/v8/finance/chart/DECK
2020-04-22,Deckers,DECK,22.128332138061523,https://query2.finance.yahoo.com/v8/finance/chart/DECK
2020-04-23,Deckers,DECK,22.125,https://query2.finance.yahoo.com/v8/finance/chart/DECK
2020-04-24,Deckers,DECK,22.90333366394043,https://query2.finance.yahoo.com/v8/finance/chart/DECK
2020-04-27,Deckers,DECK,24.399999618530277,https://query2.finance.yahoo.com/v8/finance/chart/DECK
2020-04-28,Deckers,DECK,24.65333366394043,https://query2.finance.yahoo.com/v8/finance/chart/DECK
2020-04-29,Deckers,DECK,25.93000030517578,https://query2.finance.yahoo.com/v8/finance/chart/DECK
2020-04-30,Deckers,DECK,24.793333053588867,https://query2.finance.yahoo.com/v8/finance/chart/DECK
2020-05-01,Deckers,DECK,23.88166618347168,https://query2.finance.yahoo.com/v8/finance/chart/DECK
2020-05-04,Deckers,DECK,23.375,https://query2.finance.yahoo.com/v8/finance/chart/DECK
2020-05-05,Deckers,DECK,23.933332443237305,https://query2.finance.yahoo.com/v8/finance/chart/DECK
2020-05-06,Deckers,DECK,23.773332595825195,https://query2.finance.yahoo.com/v8/finance/chart/DECK
2020-05-07,Deckers,DECK,24.09333229064941,https://query2.finance.yahoo.com/v8/finance/chart/DECK
2020-05-08,Deckers,DECK,24.86333274841309,https://query2.finance.yahoo.com/v8/finance/chart/DECK
2020-05-11,Deckers,DECK,24.558332443237305,https://query2.finance.yahoo.com/v8/finance/chart/DECK
2020-05-12,Deckers,DECK,23.084999084472656,https://query2.finance.yahoo.com/v8/finance/chart/DECK
2020-05-13,Deckers,DECK,22.578332901000977,https://query2.finance.yahoo.com/v8/finance/chart/DECK
2020-05-14,Deckers,DECK,23.253332138061523,https://query2.finance.yahoo.com/v8/finance/chart/DECK
2020-05-15,Deckers,DECK,23.47166633605957,https://query2.finance.yahoo.com/v8/finance/chart/DECK
2020-05-18,Deckers,DECK,25.4950008392334,https://query2.finance.yahoo.com/v8/finance/chart/DECK
2020-05-19,Deckers,DECK,25.75166702270508,https://query2.finance.yahoo.com/v8/finance/chart/DECK
2020-05-20,Deckers,DECK,27.084999084472656,https://query2.finance.yahoo.com/v8/finance/chart/DECK
2020-05-21,Deckers,DECK,28.0049991607666,https://query2.finance.yahoo.com/v8/finance/chart/DECK
2020-05-22,Deckers,DECK,29.87333297729492,https://query2.finance.yahoo.com/v8/finance/chart/DECK
2020-05-26,Deckers,DECK,30.00833320617676,https://query2.finance.yahoo.com/v8/finance/chart/DECK
2020-05-27,Deckers,DECK,32.54666519165039,https://query2.finance.yahoo.com/v8/finance/chart/DECK
2020-05-28,Deckers,DECK,31.065000534057617,https://query2.finance.yahoo.com/v8/finance/chart/DECK
2020-05-29,Deckers,DECK,30.421667098999023,https://query2.finance.yahoo.com/v8/finance/chart/DECK
2020-06-01,Deckers,DECK,32.63666534423828,https://query2.finance.yahoo.com/v8/finance/chart/DECK
2020-06-02,Deckers,DECK,33.994998931884766,https://query2.finance.yahoo.com/v8/finance/chart/DECK
2020-06-03,Deckers,DECK,35.43000030517578,https://query2.finance.yahoo.com/v8/finance/chart/DECK
2020-06-04,Deckers,DECK,34.0,https://query2.finance.yahoo.com/v8/finance/chart/DECK
2020-06-05,Deckers,DECK,34.176666259765625,https://query2.finance.yahoo.com/v8/finance/chart/DECK
2020-06-08,Deckers,DECK,33.40833282470703,https://query2.finance.yahoo.com/v8/finance/chart/DECK
2020-06-09,Deckers,DECK,32.573333740234375,https://query2.finance.yahoo.com/v8/finance/chart/DECK
2020-06-10,Deckers,DECK,33.025001525878906,https://query2.finance.yahoo.com/v8/finance/chart/DECK
2020-06-11,Deckers,DECK,31.83666610717773,https://query2.finance.yahoo.com/v8/finance/chart/DECK
2020-06-12,Deckers,DECK,32.68166732788086,https://query2.finance.yahoo.com/v8/finance/chart/DECK
2020-06-15,Deckers,DECK,32.18333435058594,https://query2.finance.yahoo.com/v8/finance/chart/DECK
2020-06-16,Deckers,DECK,32.813331604003906,https://query2.finance.yahoo.com/v8/finance/chart/DECK
2020-06-17,Deckers,DECK,33.064998626708984,https://query2.finance.yahoo.com/v8/finance/chart/DECK
2020-06-18,Deckers,DECK,33.40833282470703,https://query2.finance.yahoo.com/v8/finance/chart/DECK
2020-06-19,Deckers,DECK,32.668331146240234,https://query2.finance.yahoo.com/v8/finance/chart/DECK
2020-06-22,Deckers,DECK,33.45500183105469,https://query2.finance.yahoo.com/v8/finance/chart/DECK
2020-06-23,Deckers,DECK,33.689998626708984,https://query2.finance.yahoo.com/v8/finance/chart/DECK
2020-06-24,Deckers,DECK,32.41999816894531,https://query2.finance.yahoo.com/v8/finance/chart/DECK
2020-06-25,Deckers,DECK,32.176666259765625,https://query2.finance.yahoo.com/v8/finance/chart/DECK
2020-06-26,Deckers,DECK,31.018333435058597,https://query2.finance.yahoo.com/v8/finance/chart/DECK
2020-06-29,Deckers,DECK,32.44499969482422,https://query2.finance.yahoo.com/v8/finance/chart/DECK
2020-06-30,Deckers,DECK,32.731666564941406,https://query2.finance.yahoo.com/v8/finance/chart/DECK
2020-07-01,Deckers,DECK,32.39166641235352,https://query2.finance.yahoo.com/v8/finance/chart/DECK
2020-07-02,Deckers,DECK,32.366668701171875,https://query2.finance.yahoo.com/v8/finance/chart/DECK
2020-07-06,Deckers,DECK,32.483333587646484,https://query2.finance.yahoo.com/v8/finance/chart/DECK
2020-07-07,Deckers,DECK,31.51666641235352,https://query2.finance.yahoo.com/v8/finance/chart/DECK
2020-07-08,Deckers,DECK,32.22666549682617,https://query2.finance.yahoo.com/v8/finance/chart/DECK
2020-07-09,Deckers,DECK,31.670000076293945,https://query2.finance.yahoo.com/v8/finance/chart/DECK
2020-07-10,Deckers,DECK,32.67333221435547,https://query2.finance.yahoo.com/v8/finance/chart/DECK
2020-07-13,Deckers,DECK,32.290000915527344,https://query2.finance.yahoo.com/v8/finance/chart/DECK
2020-07-14,Deckers,DECK,33.0716667175293,https://query2.finance.yahoo.com/v8/finance/chart/DECK
2020-07-15,Deckers,DECK,33.65833282470703,https://query2.finance.yahoo.com/v8/finance/chart/DECK
2020-07-16,Deckers,DECK,33.779998779296875,https://query2.finance.yahoo.com/v8/finance/chart/DECK
2020-07-17,Deckers,DECK,33.55833435058594,https://query2.finance.yahoo.com/v8/finance/chart/DECK
2020-07-20,Deckers,DECK,32.711666107177734,https://query2.finance.yahoo.com/v8/finance/chart/DECK
2020-07-21,Deckers,DECK,33.54999923706055,https://query2.finance.yahoo.com/v8/finance/chart/DECK
2020-07-22,Deckers,DECK,34.40666580200195,https://query2.finance.yahoo.com/v8/finance/chart/DECK
2020-07-23,Deckers,DECK,34.40833282470703,https://query2.finance.yahoo.com/v8/finance/chart/DECK
2020-07-24,Deckers,DECK,34.29666519165039,https://query2.finance.yahoo.com/v8/finance/chart/DECK
2020-07-27,Deckers,DECK,35.186668395996094,https://query2.finance.yahoo.com/v8/finance/chart/DECK
2020-07-28,Deckers,DECK,35.10333251953125,https://query2.finance.yahoo.com/v8/finance/chart/DECK
2020-07-29,Deckers,DECK,36.4716682434082,https://query2.finance.yahoo.com/v8/finance/chart/DECK
2020-07-30,Deckers,DECK,35.69166564941406,https://query2.finance.yahoo.com/v8/finance/chart/DECK
2020-07-31,Deckers,DECK,34.875,https://query2.finance.yahoo.com/v8/finance/chart/DECK
2020-08-03,Deckers,DECK,34.436668395996094,https://query2.finance.yahoo.com/v8/finance/chart/DECK
2020-08-04,Deckers,DECK,34.24333190917969,https://query2.finance.yahoo.com/v8/finance/chart/DECK
2020-08-05,Deckers,DECK,35.24333190917969,https://query2.finance.yahoo.com/v8/finance/chart/DECK
2020-08-06,Deckers,DECK,34.418331146240234,https://query2.finance.yahoo.com/v8/finance/chart/DECK
2020-08-07,Deckers,DECK,35.09333419799805,https://query2.finance.yahoo.com/v8/finance/chart/DECK
2020-08-10,Deckers,DECK,36.41666793823242,https://query2.finance.yahoo.com/v8/finance/chart/DECK
2020-08-11,Deckers,DECK,37.220001220703125,https://query2.finance.yahoo.com/v8/finance/chart/DECK
2020-08-12,Deckers,DECK,36.811668395996094,https://query2.finance.yahoo.com/v8/finance/chart/DECK
2020-08-13,Deckers,DECK,36.31666564941406,https://query2.finance.yahoo.com/v8/finance/chart/DECK
2020-08-14,Deckers,DECK,35.95166778564453,https://query2.finance.yahoo.com/v8/finance/chart/DECK
2020-08-17,Deckers,DECK,35.36000061035156,https://query2.finance.yahoo.com/v8/finance/chart/DECK
2020-08-18,Deckers,DECK,35.13833236694336,https://query2.finance.yahoo.com/v8/finance/chart/DECK
2020-08-19,Deckers,DECK,34.616668701171875,https://query2.finance.yahoo.com/v8/finance/chart/DECK
2020-08-20,Deckers,DECK,34.62666702270508,https://query2.finance.yahoo.com/v8/finance/chart/DECK
2020-08-21,Deckers,DECK,34.89833450317383,https://query2.finance.yahoo.com/v8/finance/chart/DECK
2020-08-24,Deckers,DECK,34.880001068115234,https://query2.finance.yahoo.com/v8/finance/chart/DECK
2020-08-25,Deckers,DECK,34.956668853759766,https://query2.finance.yahoo.com/v8/finance/chart/DECK
2020-08-26,Deckers,DECK,35.26499938964844,https://query2.finance.yahoo.com/v8/finance/chart/DECK
2020-08-27,Deckers,DECK,35.13666534423828,https://query2.finance.yahoo.com/v8/finance/chart/DECK
2020-08-28,Deckers,DECK,35.064998626708984,https://query2.finance.yahoo.com/v8/finance/chart/DECK
2020-08-31,Deckers,DECK,33.97833251953125,https://query2.finance.yahoo.com/v8/finance/chart/DECK
2020-09-01,Deckers,DECK,34.994998931884766,https://query2.finance.yahoo.com/v8/finance/chart/DECK
2020-09-02,Deckers,DECK,34.60499954223633,https://query2.finance.yahoo.com/v8/finance/chart/DECK
2020-09-03,Deckers,DECK,33.040000915527344,https://query2.finance.yahoo.com/v8/finance/chart/DECK
2020-09-04,Deckers,DECK,32.8466682434082,https://query2.finance.yahoo.com/v8/finance/chart/DECK
2020-09-08,Deckers,DECK,33.314998626708984,https://query2.finance.yahoo.com/v8/finance/chart/DECK
2020-09-09,Deckers,DECK,33.82833480834961,https://query2.finance.yahoo.com/v8/finance/chart/DECK
2020-09-10,Deckers,DECK,33.04833221435547,https://query2.finance.yahoo.com/v8/finance/chart/DECK
2020-09-11,Deckers,DECK,33.86833190917969,https://query2.finance.yahoo.com/v8/finance/chart/DECK
2020-09-14,Deckers,DECK,34.698333740234375,https://query2.finance.yahoo.com/v8/finance/chart/DECK
2020-09-15,Deckers,DECK,35.73833465576172,https://query2.finance.yahoo.com/v8/finance/chart/DECK
2020-09-16,Deckers,DECK,36.56499862670898,https://query2.finance.yahoo.com/v8/finance/chart/DECK
2020-09-17,Deckers,DECK,35.55500030517578,https://query2.finance.yahoo.com/v8/finance/chart/DECK
2020-09-18,Deckers,DECK,34.81833267211914,https://query2.finance.yahoo.com/v8/finance/chart/DECK
2020-09-21,Deckers,DECK,34.508331298828125,https://query2.finance.yahoo.com/v8/finance/chart/DECK
2020-09-22,Deckers,DECK,35.61166763305664,https://query2.finance.yahoo.com/v8/finance/chart/DECK
2020-09-23,Deckers,DECK,35.75166702270508,https://query2.finance.yahoo.com/v8/finance/chart/DECK
2020-09-24,Deckers,DECK,36.275001525878906,https://query2.finance.yahoo.com/v8/finance/chart/DECK
2020-09-25,Deckers,DECK,35.86833190917969,https://query2.finance.yahoo.com/v8/finance/chart/DECK
2020-09-28,Deckers,DECK,36.54499816894531,https://query2.finance.yahoo.com/v8/finance/chart/DECK
2020-09-29,Deckers,DECK,36.31833267211914,https://query2.finance.yahoo.com/v8/finance/chart/DECK
2020-09-30,Deckers,DECK,36.66833114624024,https://query2.finance.yahoo.com/v8/finance/chart/DECK
2020-10-01,Deckers,DECK,39.26666641235352,https://query2.finance.yahoo.com/v8/finance/chart/DECK
2020-10-02,Deckers,DECK,39.56333160400391,https://query2.finance.yahoo.com/v8/finance/chart/DECK
2020-10-05,Deckers,DECK,39.75,https://query2.finance.yahoo.com/v8/finance/chart/DECK
2020-10-06,Deckers,DECK,39.16166687011719,https://query2.finance.yahoo.com/v8/finance/chart/DECK
2020-10-07,Deckers,DECK,40.05666732788086,https://query2.finance.yahoo.com/v8/finance/chart/DECK
2020-10-08,Deckers,DECK,40.87666702270508,https://query2.finance.yahoo.com/v8/finance/chart/DECK
2020-10-09,Deckers,DECK,41.86833190917969,https://query2.finance.yahoo.com/v8/finance/chart/DECK
2020-10-12,Deckers,DECK,42.223331451416016,https://query2.finance.yahoo.com/v8/finance/chart/DECK
2020-10-13,Deckers,DECK,42.27166748046875,https://query2.finance.yahoo.com/v8/finance/chart/DECK
2020-10-14,Deckers,DECK,42.68333435058594,https://query2.finance.yahoo.com/v8/finance/chart/DECK
2020-10-15,Deckers,DECK,43.68333435058594,https://query2.finance.yahoo.com/v8/finance/chart/DECK
2020-10-16,Deckers,DECK,43.720001220703125,https://query2.finance.yahoo.com/v8/finance/chart/DECK
2020-10-19,Deckers,DECK,42.16666793823242,https://query2.finance.yahoo.com/v8/finance/chart/DECK
2020-10-20,Deckers,DECK,41.58666610717773,https://query2.finance.yahoo.com/v8/finance/chart/DECK
2020-10-21,Deckers,DECK,41.27333450317383,https://query2.finance.yahoo.com/v8/finance/chart/DECK
2020-10-22,Deckers,DECK,41.28666687011719,https://query2.finance.yahoo.com/v8/finance/chart/DECK
2020-10-23,Deckers,DECK,42.53499984741211,https://query2.finance.yahoo.com/v8/finance/chart/DECK
2020-10-26,Deckers,DECK,43.633331298828125,https://query2.finance.yahoo.com/v8/finance/chart/DECK
2020-10-27,Deckers,DECK,43.67166519165039,https://query2.finance.yahoo.com/v8/finance/chart/DECK
2020-10-28,Deckers,DECK,41.70166778564453,https://query2.finance.yahoo.com/v8/finance/chart/DECK
2020-10-29,Deckers,DECK,42.96166610717773,https://query2.finance.yahoo.com/v8/finance/chart/DECK
2020-10-30,Deckers,DECK,42.22833251953125,https://query2.finance.yahoo.com/v8/finance/chart/DECK
2020-11-02,Deckers,DECK,42.48333358764648,https://query2.finance.yahoo.com/v8/finance/chart/DECK
2020-11-03,Deckers,DECK,41.93166732788086,https://query2.finance.yahoo.com/v8/finance/chart/DECK
2020-11-04,Deckers,DECK,43.5099983215332,https://query2.finance.yahoo.com/v8/finance/chart/DECK
2020-11-05,Deckers,DECK,46.4283332824707,https://query2.finance.yahoo.com/v8/finance/chart/DECK
2020-11-06,Deckers,DECK,45.04833221435547,https://query2.finance.yahoo.com/v8/finance/chart/DECK
2020-11-09,Deckers,DECK,42.459999084472656,https://query2.finance.yahoo.com/v8/finance/chart/DECK
2020-11-10,Deckers,DECK,41.92166519165039,https://query2.finance.yahoo.com/v8/finance/chart/DECK
2020-11-11,Deckers,DECK,42.27000045776367,https://query2.finance.yahoo.com/v8/finance/chart/DECK
2020-11-12,Deckers,DECK,41.375,https://query2.finance.yahoo.com/v8/finance/chart/DECK
2020-11-13,Deckers,DECK,41.84999847412109,https://query2.finance.yahoo.com/v8/finance/chart/DECK
2020-11-16,Deckers,DECK,41.643333435058594,https://query2.finance.yahoo.com/v8/finance/chart/DECK
2020-11-17,Deckers,DECK,42.38666534423828,https://query2.finance.yahoo.com/v8/finance/chart/DECK
2020-11-18,Deckers,DECK,41.98666763305664,https://query2.finance.yahoo.com/v8/finance/chart/DECK
2020-11-19,Deckers,DECK,41.45000076293945,https://query2.finance.yahoo.com/v8/finance/chart/DECK
2020-11-20,Deckers,DECK,41.20166778564453,https://query2.finance.yahoo.com/v8/finance/chart/DECK
2020-11-23,Deckers,DECK,42.9033317565918,https://query2.finance.yahoo.com/v8/finance/chart/DECK
2020-11-24,Deckers,DECK,43.24833297729492,https://query2.finance.yahoo.com/v8/finance/chart/DECK
2020-11-25,Deckers,DECK,44.081668853759766,https://query2.finance.yahoo.com/v8/finance/chart/DECK
2020-11-27,Deckers,DECK,43.36166763305664,https://query2.finance.yahoo.com/v8/finance/chart/DECK
2020-11-30,Deckers,DECK,42.43166732788086,https://query2.finance.yahoo.com/v8/finance/chart/DECK
2020-12-01,Deckers,DECK,44.07500076293945,https://query2.finance.yahoo.com/v8/finance/chart/DECK
2020-12-02,Deckers,DECK,44.8650016784668,https://query2.finance.yahoo.com/v8/finance/chart/DECK
2020-12-03,Deckers,DECK,46.676666259765625,https://query2.finance.yahoo.com/v8/finance/chart/DECK
2020-12-04,Deckers,DECK,48.10333251953125,https://query2.finance.yahoo.com/v8/finance/chart/DECK
2020-12-07,Deckers,DECK,48.16666793823242,https://query2.finance.yahoo.com/v8/finance/chart/DECK
2020-12-08,Deckers,DECK,49.19333267211914,https://query2.finance.yahoo.com/v8/finance/chart/DECK
2020-12-09,Deckers,DECK,49.54333114624024,https://query2.finance.yahoo.com/v8/finance/chart/DECK
2020-12-10,Deckers,DECK,48.606666564941406,https://query2.finance.yahoo.com/v8/finance/chart/DECK
2020-12-11,Deckers,DECK,48.651668548583984,https://query2.finance.yahoo.com/v8/finance/chart/DECK
2020-12-14,Deckers,DECK,49.150001525878906,https://query2.finance.yahoo.com/v8/finance/chart/DECK
2020-12-15,Deckers,DECK,50.71166610717773,https://query2.finance.yahoo.com/v8/finance/chart/DECK
2020-12-16,Deckers,DECK,50.03166580200195,https://query2.finance.yahoo.com/v8/finance/chart/DECK
2020-12-17,Deckers,DECK,50.15999984741211,https://query2.finance.yahoo.com/v8/finance/chart/DECK
2020-12-18,Deckers,DECK,49.119998931884766,https://query2.finance.yahoo.com/v8/finance/chart/DECK
2020-12-21,Deckers,DECK,50.00333404541016,https://query2.finance.yahoo.com/v8/finance/chart/DECK
2020-12-22,Deckers,DECK,48.99333190917969,https://query2.finance.yahoo.com/v8/finance/chart/DECK
2020-12-23,Deckers,DECK,49.258331298828125,https://query2.finance.yahoo.com/v8/finance/chart/DECK
2020-12-24,Deckers,DECK,48.790000915527344,https://query2.finance.yahoo.com/v8/finance/chart/DECK
2020-12-28,Deckers,DECK,48.48833465576172,https://query2.finance.yahoo.com/v8/finance/chart/DECK
2020-12-29,Deckers,DECK,47.90833282470703,https://query2.finance.yahoo.com/v8/finance/chart/DECK
2020-12-30,Deckers,DECK,47.66666793823242,https://query2.finance.yahoo.com/v8/finance/chart/DECK
2020-12-31,Deckers,DECK,47.79666519165039,https://query2.finance.yahoo.com/v8/finance/chart/DECK
2021-01-04,Deckers,DECK,47.24166870117188,https://query2.finance.yahoo.com/v8/finance/chart/DECK
2021-01-05,Deckers,DECK,48.99666595458984,https://query2.finance.yahoo.com/v8/finance/chart/DECK
2021-01-06,Deckers,DECK,52.061668395996094,https://query2.finance.yahoo.com/v8/finance/chart/DECK
2021-01-07,Deckers,DECK,52.810001373291016,https://query2.finance.yahoo.com/v8/finance/chart/DECK
2021-01-08,Deckers,DECK,52.40499877929688,https://query2.finance.yahoo.com/v8/finance/chart/DECK
2021-01-11,Deckers,DECK,54.48666763305664,https://query2.finance.yahoo.com/v8/finance/chart/DECK
2021-01-12,Deckers,DECK,55.436668395996094,https://query2.finance.yahoo.com/v8/finance/chart/DECK
2021-01-13,Deckers,DECK,54.05666732788086,https://query2.finance.yahoo.com/v8/finance/chart/DECK
2021-01-14,Deckers,DECK,53.97666549682617,https://query2.finance.yahoo.com/v8/finance/chart/DECK
2021-01-15,Deckers,DECK,54.33333206176758,https://query2.finance.yahoo.com/v8/finance/chart/DECK
2021-01-19,Deckers,DECK,53.84999847412109,https://query2.finance.yahoo.com/v8/finance/chart/DECK
2021-01-20,Deckers,DECK,55.15666580200195,https://query2.finance.yahoo.com/v8/finance/chart/DECK
2021-01-21,Deckers,DECK,53.83333206176758,https://query2.finance.yahoo.com/v8/finance/chart/DECK
2021-01-22,Deckers,DECK,53.31333160400391,https://query2.finance.yahoo.com/v8/finance/chart/DECK
2021-01-25,Deckers,DECK,52.39500045776367,https://query2.finance.yahoo.com/v8/finance/chart/DECK
2021-01-26,Deckers,DECK,50.70500183105469,https://query2.finance.yahoo.com/v8/finance/chart/DECK
2021-01-27,Deckers,DECK,46.435001373291016,https://query2.finance.yahoo.com/v8/finance/chart/DECK
2021-01-28,Deckers,DECK,48.44166564941406,https://query2.finance.yahoo.com/v8/finance/chart/DECK
2021-01-29,Deckers,DECK,48.663333892822266,https://query2.finance.yahoo.com/v8/finance/chart/DECK
2021-02-01,Deckers,DECK,49.88999938964844,https://query2.finance.yahoo.com/v8/finance/chart/DECK
2021-02-02,Deckers,DECK,52.00166702270508,https://query2.finance.yahoo.com/v8/finance/chart/DECK
2021-02-03,Deckers,DECK,51.595001220703125,https://query2.finance.yahoo.com/v8/finance/chart/DECK
2021-02-04,Deckers,DECK,52.81333160400391,https://query2.finance.yahoo.com/v8/finance/chart/DECK
2021-02-05,Deckers,DECK,52.788333892822266,https://query2.finance.yahoo.com/v8/finance/chart/DECK
2021-02-08,Deckers,DECK,53.36666870117188,https://query2.finance.yahoo.com/v8/finance/chart/DECK
2021-02-09,Deckers,DECK,54.25,https://query2.finance.yahoo.com/v8/finance/chart/DECK
2021-02-10,Deckers,DECK,53.46833419799805,https://query2.finance.yahoo.com/v8/finance/chart/DECK
2021-02-11,Deckers,DECK,53.2400016784668,https://query2.finance.yahoo.com/v8/finance/chart/DECK
2021-02-12,Deckers,DECK,53.88666534423828,https://query2.finance.yahoo.com/v8/finance/chart/DECK
2021-02-16,Deckers,DECK,53.96833419799805,https://query2.finance.yahoo.com/v8/finance/chart/DECK
2021-02-17,Deckers,DECK,53.94333267211914,https://query2.finance.yahoo.com/v8/finance/chart/DECK
2021-02-18,Deckers,DECK,53.87166595458984,https://query2.finance.yahoo.com/v8/finance/chart/DECK
2021-02-19,Deckers,DECK,55.19333267211914,https://query2.finance.yahoo.com/v8/finance/chart/DECK
2021-02-22,Deckers,DECK,54.67333221435547,https://query2.finance.yahoo.com/v8/finance/chart/DECK
2021-02-23,Deckers,DECK,54.05833435058594,https://query2.finance.yahoo.com/v8/finance/chart/DECK
2021-02-24,Deckers,DECK,55.24666595458984,https://query2.finance.yahoo.com/v8/finance/chart/DECK
2021-02-25,Deckers,DECK,53.176666259765625,https://query2.finance.yahoo.com/v8/finance/chart/DECK
2021-02-26,Deckers,DECK,54.35166549682617,https://query2.finance.yahoo.com/v8/finance/chart/DECK
2021-03-01,Deckers,DECK,55.255001068115234,https://query2.finance.yahoo.com/v8/finance/chart/DECK
2021-03-02,Deckers,DECK,54.28166580200195,https://query2.finance.yahoo.com/v8/finance/chart/DECK
2021-03-03,Deckers,DECK,53.494998931884766,https://query2.finance.yahoo.com/v8/finance/chart/DECK
2021-03-04,Deckers,DECK,51.73333358764648,https://query2.finance.yahoo.com/v8/finance/chart/DECK
2021-03-05,Deckers,DECK,52.731666564941406,https://query2.finance.yahoo.com/v8/finance/chart/DECK
2021-03-08,Deckers,DECK,52.82833480834961,https://query2.finance.yahoo.com/v8/finance/chart/DECK
2021-03-09,Deckers,DECK,53.77166748046875,https://query2.finance.yahoo.com/v8/finance/chart/DECK
2021-03-10,Deckers,DECK,52.65666580200195,https://query2.finance.yahoo.com/v8/finance/chart/DECK
2021-03-11,Deckers,DECK,54.52333450317383,https://query2.finance.yahoo.com/v8/finance/chart/DECK
2021-03-12,Deckers,DECK,54.709999084472656,https://query2.finance.yahoo.com/v8/finance/chart/DECK
2021-03-15,Deckers,DECK,57.22499847412109,https://query2.finance.yahoo.com/v8/finance/chart/DECK
2021-03-16,Deckers,DECK,56.45000076293945,https://query2.finance.yahoo.com/v8/finance/chart/DECK
2021-03-17,Deckers,DECK,57.35499954223633,https://query2.finance.yahoo.com/v8/finance/chart/DECK
2021-03-18,Deckers,DECK,55.15999984741211,https://query2.finance.yahoo.com/v8/finance/chart/DECK
2021-03-19,Deckers,DECK,56.45000076293945,https://query2.finance.yahoo.com/v8/finance/chart/DECK
2021-03-22,Deckers,DECK,55.46666717529297,https://query2.finance.yahoo.com/v8/finance/chart/DECK
2021-03-23,Deckers,DECK,53.10499954223633,https://query2.finance.yahoo.com/v8/finance/chart/DECK
2021-03-24,Deckers,DECK,51.95500183105469,https://query2.finance.yahoo.com/v8/finance/chart/DECK
2021-03-25,Deckers,DECK,53.625,https://query2.finance.yahoo.com/v8/finance/chart/DECK
2021-03-26,Deckers,DECK,55.63999938964844,https://query2.finance.yahoo.com/v8/finance/chart/DECK
2021-03-29,Deckers,DECK,53.38833236694336,https://query2.finance.yahoo.com/v8/finance/chart/DECK
2021-03-30,Deckers,DECK,54.27999877929688,https://query2.finance.yahoo.com/v8/finance/chart/DECK
2021-03-31,Deckers,DECK,55.06999969482422,https://query2.finance.yahoo.com/v8/finance/chart/DECK
2021-04-01,Deckers,DECK,55.08666610717773,https://query2.finance.yahoo.com/v8/finance/chart/DECK
2021-04-05,Deckers,DECK,55.16666793823242,https://query2.finance.yahoo.com/v8/finance/chart/DECK
2021-04-06,Deckers,DECK,56.494998931884766,https://query2.finance.yahoo.com/v8/finance/chart/DECK
2021-04-07,Deckers,DECK,56.5533332824707,https://query2.finance.yahoo.com/v8/finance/chart/DECK
2021-04-08,Deckers,DECK,56.0966682434082,https://query2.finance.yahoo.com/v8/finance/chart/DECK
2021-04-09,Deckers,DECK,57.06666564941406,https://query2.finance.yahoo.com/v8/finance/chart/DECK
2021-04-12,Deckers,DECK,57.65666580200195,https://query2.finance.yahoo.com/v8/finance/chart/DECK
2021-04-13,Deckers,DECK,55.96666717529297,https://query2.finance.yahoo.com/v8/finance/chart/DECK
2021-04-14,Deckers,DECK,56.02333450317383,https://query2.finance.yahoo.com/v8/finance/chart/DECK
2021-04-15,Deckers,DECK,56.58833312988281,https://query2.finance.yahoo.com/v8/finance/chart/DECK
2021-04-16,Deckers,DECK,56.84333419799805,https://query2.finance.yahoo.com/v8/finance/chart/DECK
2021-04-19,Deckers,DECK,56.209999084472656,https://query2.finance.yahoo.com/v8/finance/chart/DECK
2021-04-20,Deckers,DECK,54.64166641235352,https://query2.finance.yahoo.com/v8/finance/chart/DECK
2021-04-21,Deckers,DECK,55.494998931884766,https://query2.finance.yahoo.com/v8/finance/chart/DECK
2021-04-22,Deckers,DECK,55.77000045776367,https://query2.finance.yahoo.com/v8/finance/chart/DECK
2021-04-23,Deckers,DECK,57.29499816894531,https://query2.finance.yahoo.com/v8/finance/chart/DECK
2021-04-26,Deckers,DECK,56.49666595458984,https://query2.finance.yahoo.com/v8/finance/chart/DECK
2021-04-27,Deckers,DECK,57.78166580200195,https://query2.finance.yahoo.com/v8/finance/chart/DECK
2021-04-28,Deckers,DECK,58.26333236694336,https://query2.finance.yahoo.com/v8/finance/chart/DECK
2021-04-29,Deckers,DECK,58.55666732788086,https://query2.finance.yahoo.com/v8/finance/chart/DECK
2021-04-30,Deckers,DECK,56.36666870117188,https://query2.finance.yahoo.com/v8/finance/chart/DECK
2021-05-03,Deckers,DECK,57.768333435058594,https://query2.finance.yahoo.com/v8/finance/chart/DECK
2021-05-04,Deckers,DECK,58.30500030517578,https://query2.finance.yahoo.com/v8/finance/chart/DECK
2021-05-05,Deckers,DECK,57.456668853759766,https://query2.finance.yahoo.com/v8/finance/chart/DECK
2021-05-06,Deckers,DECK,56.73666763305664,https://query2.finance.yahoo.com/v8/finance/chart/DECK
2021-05-07,Deckers,DECK,56.88166809082031,https://query2.finance.yahoo.com/v8/finance/chart/DECK
2021-05-10,Deckers,DECK,55.00166702270508,https://query2.finance.yahoo.com/v8/finance/chart/DECK
2021-05-11,Deckers,DECK,53.94499969482422,https://query2.finance.yahoo.com/v8/finance/chart/DECK
2021-05-12,Deckers,DECK,52.33666610717773,https://query2.finance.yahoo.com/v8/finance/chart/DECK
2021-05-13,Deckers,DECK,53.88833236694336,https://query2.finance.yahoo.com/v8/finance/chart/DECK
2021-05-14,Deckers,DECK,55.95833206176758,https://query2.finance.yahoo.com/v8/finance/chart/DECK
2021-05-17,Deckers,DECK,56.87333297729492,https://query2.finance.yahoo.com/v8/finance/chart/DECK
2021-05-18,Deckers,DECK,55.41999816894531,https://query2.finance.yahoo.com/v8/finance/chart/DECK
2021-05-19,Deckers,DECK,53.86000061035156,https://query2.finance.yahoo.com/v8/finance/chart/DECK
2021-05-20,Deckers,DECK,51.869998931884766,https://query2.finance.yahoo.com/v8/finance/chart/DECK
2021-05-21,Deckers,DECK,55.959999084472656,https://query2.finance.yahoo.com/v8/finance/chart/DECK
2021-05-24,Deckers,DECK,56.44333267211914,https://query2.finance.yahoo.com/v8/finance/chart/DECK
2021-05-25,Deckers,DECK,55.92166519165039,https://query2.finance.yahoo.com/v8/finance/chart/DECK
2021-05-26,Deckers,DECK,57.038333892822266,https://query2.finance.yahoo.com/v8/finance/chart/DECK
2021-05-27,Deckers,DECK,56.518333435058594,https://query2.finance.yahoo.com/v8/finance/chart/DECK
2021-05-28,Deckers,DECK,55.90666580200195,https://query2.finance.yahoo.com/v8/finance/chart/DECK
2021-06-01,Deckers,DECK,56.973331451416016,https://query2.finance.yahoo.com/v8/finance/chart/DECK
2021-06-02,Deckers,DECK,55.15999984741211,https://query2.finance.yahoo.com/v8/finance/chart/DECK
2021-06-03,Deckers,DECK,54.80666732788086,https://query2.finance.yahoo.com/v8/finance/chart/DECK
2021-06-04,Deckers,DECK,53.99666595458984,https://query2.finance.yahoo.com/v8/finance/chart/DECK
2021-06-07,Deckers,DECK,54.133331298828125,https://query2.finance.yahoo.com/v8/finance/chart/DECK
2021-06-08,Deckers,DECK,54.25,https://query2.finance.yahoo.com/v8/finance/chart/DECK
2021-06-09,Deckers,DECK,53.96833419799805,https://query2.finance.yahoo.com/v8/finance/chart/DECK
2021-06-10,Deckers,DECK,54.16666793823242,https://query2.finance.yahoo.com/v8/finance/chart/DECK
2021-06-11,Deckers,DECK,55.74166870117188,https://query2.finance.yahoo.com/v8/finance/chart/DECK
2021-06-14,Deckers,DECK,55.76333236694336,https://query2.finance.yahoo.com/v8/finance/chart/DECK
2021-06-15,Deckers,DECK,55.65499877929688,https://query2.finance.yahoo.com/v8/finance/chart/DECK
2021-06-16,Deckers,DECK,54.508331298828125,https://query2.finance.yahoo.com/v8/finance/chart/DECK
2021-06-17,Deckers,DECK,54.268333435058594,https://query2.finance.yahoo.com/v8/finance/chart/DECK
2021-06-18,Deckers,DECK,54.22833251953125,https://query2.finance.yahoo.com/v8/finance/chart/DECK
2021-06-21,Deckers,DECK,56.119998931884766,https://query2.finance.yahoo.com/v8/finance/chart/DECK
2021-06-22,Deckers,DECK,58.025001525878906,https://query2.finance.yahoo.com/v8/finance/chart/DECK
2021-06-23,Deckers,DECK,58.70000076293945,https://query2.finance.yahoo.com/v8/finance/chart/DECK
2021-06-24,Deckers,DECK,59.31333160400391,https://query2.finance.yahoo.com/v8/finance/chart/DECK
2021-06-25,Deckers,DECK,63.44333267211914,https://query2.finance.yahoo.com/v8/finance/chart/DECK
2021-06-28,Deckers,DECK,63.72833251953125,https://query2.finance.yahoo.com/v8/finance/chart/DECK
2021-06-29,Deckers,DECK,63.79999923706055,https://query2.finance.yahoo.com/v8/finance/chart/DECK
2021-06-30,Deckers,DECK,64.01166534423828,https://query2.finance.yahoo.com/v8/finance/chart/DECK
2021-07-01,Deckers,DECK,64.97666931152344,https://query2.finance.yahoo.com/v8/finance/chart/DECK
2021-07-02,Deckers,DECK,65.4383316040039,https://query2.finance.yahoo.com/v8/finance/chart/DECK
2021-07-06,Deckers,DECK,64.55833435058594,https://query2.finance.yahoo.com/v8/finance/chart/DECK
2021-07-07,Deckers,DECK,65.0999984741211,https://query2.finance.yahoo.com/v8/finance/chart/DECK
2021-07-08,Deckers,DECK,63.95333480834961,https://query2.finance.yahoo.com/v8/finance/chart/DECK
2021-07-09,Deckers,DECK,65.0,https://query2.finance.yahoo.com/v8/finance/chart/DECK
2021-07-12,Deckers,DECK,65.65666961669922,https://query2.finance.yahoo.com/v8/finance/chart/DECK
2021-07-13,Deckers,DECK,64.83499908447266,https://query2.finance.yahoo.com/v8/finance/chart/DECK
2021-07-14,Deckers,DECK,64.32167053222656,https://query2.finance.yahoo.com/v8/finance/chart/DECK
2021-07-15,Deckers,DECK,63.47666549682617,https://query2.finance.yahoo.com/v8/finance/chart/DECK
2021-07-16,Deckers,DECK,62.46500015258789,https://query2.finance.yahoo.com/v8/finance/chart/DECK
2021-07-19,Deckers,DECK,62.4716682434082,https://query2.finance.yahoo.com/v8/finance/chart/DECK
2021-07-20,Deckers,DECK,64.30833435058594,https://query2.finance.yahoo.com/v8/finance/chart/DECK
2021-07-21,Deckers,DECK,64.5,https://query2.finance.yahoo.com/v8/finance/chart/DECK
2021-07-22,Deckers,DECK,66.11166381835938,https://query2.finance.yahoo.com/v8/finance/chart/DECK
2021-07-23,Deckers,DECK,67.65333557128906,https://query2.finance.yahoo.com/v8/finance/chart/DECK
2021-07-26,Deckers,DECK,68.48332977294922,https://query2.finance.yahoo.com/v8/finance/chart/DECK
2021-07-27,Deckers,DECK,66.36333465576172,https://query2.finance.yahoo.com/v8/finance/chart/DECK
2021-07-28,Deckers,DECK,67.40833282470703,https://query2.finance.yahoo.com/v8/finance/chart/DECK
2021-07-29,Deckers,DECK,67.78166961669922,https://query2.finance.yahoo.com/v8/finance/chart/DECK
2021-07-30,Deckers,DECK,68.4749984741211,https://query2.finance.yahoo.com/v8/finance/chart/DECK
2021-08-02,Deckers,DECK,70.74666595458984,https://query2.finance.yahoo.com/v8/finance/chart/DECK
2021-08-03,Deckers,DECK,71.73999786376953,https://query2.finance.yahoo.com/v8/finance/chart/DECK
2021-08-04,Deckers,DECK,72.76166534423828,https://query2.finance.yahoo.com/v8/finance/chart/DECK
2021-08-05,Deckers,DECK,72.50166320800781,https://query2.finance.yahoo.com/v8/finance/chart/DECK
2021-08-06,Deckers,DECK,72.44999694824219,https://query2.finance.yahoo.com/v8/finance/chart/DECK
2021-08-09,Deckers,DECK,72.16500091552734,https://query2.finance.yahoo.com/v8/finance/chart/DECK
2021-08-10,Deckers,DECK,71.84166717529297,https://query2.finance.yahoo.com/v8/finance/chart/DECK
2021-08-11,Deckers,DECK,72.34333038330078,https://query2.finance.yahoo.com/v8/finance/chart/DECK
2021-08-12,Deckers,DECK,71.69499969482422,https://query2.finance.yahoo.com/v8/finance/chart/DECK
2021-08-13,Deckers,DECK,72.40833282470703,https://query2.finance.yahoo.com/v8/finance/chart/DECK
2021-08-16,Deckers,DECK,72.38166809082031,https://query2.finance.yahoo.com/v8/finance/chart/DECK
2021-08-17,Deckers,DECK,70.34833526611328,https://query2.finance.yahoo.com/v8/finance/chart/DECK
2021-08-18,Deckers,DECK,71.3566665649414,https://query2.finance.yahoo.com/v8/finance/chart/DECK
2021-08-19,Deckers,DECK,71.27166748046875,https://query2.finance.yahoo.com/v8/finance/chart/DECK
2021-08-20,Deckers,DECK,72.42333221435547,https://query2.finance.yahoo.com/v8/finance/chart/DECK
2021-08-23,Deckers,DECK,72.25,https://query2.finance.yahoo.com/v8/finance/chart/DECK
2021-08-24,Deckers,DECK,72.538330078125,https://query2.finance.yahoo.com/v8/finance/chart/DECK
2021-08-25,Deckers,DECK,71.97166442871094,https://query2.finance.yahoo.com/v8/finance/chart/DECK
2021-08-26,Deckers,DECK,70.5199966430664,https://query2.finance.yahoo.com/v8/finance/chart/DECK
2021-08-27,Deckers,DECK,70.55833435058594,https://query2.finance.yahoo.com/v8/finance/chart/DECK
2021-08-30,Deckers,DECK,70.27999877929688,https://query2.finance.yahoo.com/v8/finance/chart/DECK
2021-08-31,Deckers,DECK,69.74166870117188,https://query2.finance.yahoo.com/v8/finance/chart/DECK
2021-09-01,Deckers,DECK,69.38500213623047,https://query2.finance.yahoo.com/v8/finance/chart/DECK
2021-09-02,Deckers,DECK,67.77333068847656,https://query2.finance.yahoo.com/v8/finance/chart/DECK
2021-09-03,Deckers,DECK,68.3499984741211,https://query2.finance.yahoo.com/v8/finance/chart/DECK
2021-09-07,Deckers,DECK,68.05500030517578,https://query2.finance.yahoo.com/v8/finance/chart/DECK
2021-09-08,Deckers,DECK,66.87999725341797,https://query2.finance.yahoo.com/v8/finance/chart/DECK
2021-09-09,Deckers,DECK,67.79499816894531,https://query2.finance.yahoo.com/v8/finance/chart/DECK
2021-09-10,Deckers,DECK,69.31666564941406,https://query2.finance.yahoo.com/v8/finance/chart/DECK
2021-09-13,Deckers,DECK,69.80500030517578,https://query2.finance.yahoo.com/v8/finance/chart/DECK
2021-09-14,Deckers,DECK,72.77166748046875,https://query2.finance.yahoo.com/v8/finance/chart/DECK
2021-09-15,Deckers,DECK,72.70833587646484,https://query2.finance.yahoo.com/v8/finance/chart/DECK
2021-09-16,Deckers,DECK,73.32333374023438,https://query2.finance.yahoo.com/v8/finance/chart/DECK
2021-09-17,Deckers,DECK,72.49833679199219,https://query2.finance.yahoo.com/v8/finance/chart/DECK
2021-09-20,Deckers,DECK,70.98999786376953,https://query2.finance.yahoo.com/v8/finance/chart/DECK
2021-09-21,Deckers,DECK,70.41666412353516,https://query2.finance.yahoo.com/v8/finance/chart/DECK
2021-09-22,Deckers,DECK,70.8116683959961,https://query2.finance.yahoo.com/v8/finance/chart/DECK
2021-09-23,Deckers,DECK,71.16666412353516,https://query2.finance.yahoo.com/v8/finance/chart/DECK
2021-09-24,Deckers,DECK,64.79166412353516,https://query2.finance.yahoo.com/v8/finance/chart/DECK
2021-09-27,Deckers,DECK,63.74833297729492,https://query2.finance.yahoo.com/v8/finance/chart/DECK
2021-09-28,Deckers,DECK,62.57833480834961,https://query2.finance.yahoo.com/v8/finance/chart/DECK
2021-09-29,Deckers,DECK,62.051666259765625,https://query2.finance.yahoo.com/v8/finance/chart/DECK
2021-09-30,Deckers,DECK,60.03333282470703,https://query2.finance.yahoo.com/v8/finance/chart/DECK
2021-10-01,Deckers,DECK,60.91166687011719,https://query2.finance.yahoo.com/v8/finance/chart/DECK
2021-10-04,Deckers,DECK,61.11166763305664,https://query2.finance.yahoo.com/v8/finance/chart/DECK
2021-10-05,Deckers,DECK,60.82666778564453,https://query2.finance.yahoo.com/v8/finance/chart/DECK
2021-10-06,Deckers,DECK,60.64500045776367,https://query2.finance.yahoo.com/v8/finance/chart/DECK
2021-10-07,Deckers,DECK,62.686668395996094,https://query2.finance.yahoo.com/v8/finance/chart/DECK
2021-10-08,Deckers,DECK,59.973331451416016,https://query2.finance.yahoo.com/v8/finance/chart/DECK
2021-10-11,Deckers,DECK,55.11666870117188,https://query2.finance.yahoo.com/v8/finance/chart/DECK
2021-10-12,Deckers,DECK,56.48833465576172,https://query2.finance.yahoo.com/v8/finance/chart/DECK
2021-10-13,Deckers,DECK,57.89500045776367,https://query2.finance.yahoo.com/v8/finance/chart/DECK
2021-10-14,Deckers,DECK,58.63666534423828,https://query2.finance.yahoo.com/v8/finance/chart/DECK
2021-10-15,Deckers,DECK,59.71166610717773,https://query2.finance.yahoo.com/v8/finance/chart/DECK
2021-10-18,Deckers,DECK,61.26166534423828,https://query2.finance.yahoo.com/v8/finance/chart/DECK
2021-10-19,Deckers,DECK,60.39833450317383,https://query2.finance.yahoo.com/v8/finance/chart/DECK
2021-10-20,Deckers,DECK,59.87833404541016,https://query2.finance.yahoo.com/v8/finance/chart/DECK
2021-10-21,Deckers,DECK,63.28166580200195,https://query2.finance.yahoo.com/v8/finance/chart/DECK
2021-10-22,Deckers,DECK,63.176666259765625,https://query2.finance.yahoo.com/v8/finance/chart/DECK
2021-10-25,Deckers,DECK,64.29833221435547,https://query2.finance.yahoo.com/v8/finance/chart/DECK
2021-10-26,Deckers,DECK,62.959999084472656,https://query2.finance.yahoo.com/v8/finance/chart/DECK
2021-10-27,Deckers,DECK,62.720001220703125,https://query2.finance.yahoo.com/v8/finance/chart/DECK
2021-10-28,Deckers,DECK,63.39166641235352,https://query2.finance.yahoo.com/v8/finance/chart/DECK
2021-10-29,Deckers,DECK,65.88500213623047,https://query2.finance.yahoo.com/v8/finance/chart/DECK
2021-11-01,Deckers,DECK,68.54499816894531,https://query2.finance.yahoo.com/v8/finance/chart/DECK
2021-11-02,Deckers,DECK,65.92832946777344,https://query2.finance.yahoo.com/v8/finance/chart/DECK
2021-11-03,Deckers,DECK,68.03500366210938,https://query2.finance.yahoo.com/v8/finance/chart/DECK
2021-11-04,Deckers,DECK,69.3499984741211,https://query2.finance.yahoo.com/v8/finance/chart/DECK
2021-11-05,Deckers,DECK,70.5683364868164,https://query2.finance.yahoo.com/v8/finance/chart/DECK
2021-11-08,Deckers,DECK,69.61166381835938,https://query2.finance.yahoo.com/v8/finance/chart/DECK
2021-11-09,Deckers,DECK,70.86499786376953,https://query2.finance.yahoo.com/v8/finance/chart/DECK
2021-11-10,Deckers,DECK,70.4433364868164,https://query2.finance.yahoo.com/v8/finance/chart/DECK
2021-11-11,Deckers,DECK,70.55500030517578,https://query2.finance.yahoo.com/v8/finance/chart/DECK
2021-11-12,Deckers,DECK,71.2249984741211,https://query2.finance.yahoo.com/v8/finance/chart/DECK
2021-11-15,Deckers,DECK,69.61499786376953,https://query2.finance.yahoo.com/v8/finance/chart/DECK
2021-11-16,Deckers,DECK,71.44999694824219,https://query2.finance.yahoo.com/v8/finance/chart/DECK
2021-11-17,Deckers,DECK,72.80833435058594,https://query2.finance.yahoo.com/v8/finance/chart/DECK
2021-11-18,Deckers,DECK,73.05000305175781,https://query2.finance.yahoo.com/v8/finance/chart/DECK
2021-11-19,Deckers,DECK,72.41666412353516,https://query2.finance.yahoo.com/v8/finance/chart/DECK
2021-11-22,Deckers,DECK,71.84333038330078,https://query2.finance.yahoo.com/v8/finance/chart/DECK
2021-11-23,Deckers,DECK,70.98332977294922,https://query2.finance.yahoo.com/v8/finance/chart/DECK
2021-11-24,Deckers,DECK,71.00666809082031,https://query2.finance.yahoo.com/v8/finance/chart/DECK
2021-11-26,Deckers,DECK,69.08833312988281,https://query2.finance.yahoo.com/v8/finance/chart/DECK
2021-11-29,Deckers,DECK,69.19999694824219,https://query2.finance.yahoo.com/v8/finance/chart/DECK
2021-11-30,Deckers,DECK,67.56666564941406,https://query2.finance.yahoo.com/v8/finance/chart/DECK
2021-12-01,Deckers,DECK,66.26499938964844,https://query2.finance.yahoo.com/v8/finance/chart/DECK
2021-12-02,Deckers,DECK,67.33833312988281,https://query2.finance.yahoo.com/v8/finance/chart/DECK
2021-12-03,Deckers,DECK,65.01667022705078,https://query2.finance.yahoo.com/v8/finance/chart/DECK
2021-12-06,Deckers,DECK,64.27666473388672,https://query2.finance.yahoo.com/v8/finance/chart/DECK
2021-12-07,Deckers,DECK,67.50166320800781,https://query2.finance.yahoo.com/v8/finance/chart/DECK
2021-12-08,Deckers,DECK,67.61166381835938,https://query2.finance.yahoo.com/v8/finance/chart/DECK
2021-12-09,Deckers,DECK,65.8116683959961,https://query2.finance.yahoo.com/v8/finance/chart/DECK
2021-12-10,Deckers,DECK,64.97166442871094,https://query2.finance.yahoo.com/v8/finance/chart/DECK
2021-12-13,Deckers,DECK,63.05666732788086,https://query2.finance.yahoo.com/v8/finance/chart/DECK
2021-12-14,Deckers,DECK,62.04333114624024,https://query2.finance.yahoo.com/v8/finance/chart/DECK
2021-12-15,Deckers,DECK,63.10499954223633,https://query2.finance.yahoo.com/v8/finance/chart/DECK
2021-12-16,Deckers,DECK,59.39166641235352,https://query2.finance.yahoo.com/v8/finance/chart/DECK
2021-12-17,Deckers,DECK,59.34999847412109,https://query2.finance.yahoo.com/v8/finance/chart/DECK
2021-12-20,Deckers,DECK,56.50666809082031,https://query2.finance.yahoo.com/v8/finance/chart/DECK
2021-12-21,Deckers,DECK,58.48666763305664,https://query2.finance.yahoo.com/v8/finance/chart/DECK
2021-12-22,Deckers,DECK,57.981666564941406,https://query2.finance.yahoo.com/v8/finance/chart/DECK
2021-12-23,Deckers,DECK,59.42166519165039,https://query2.finance.yahoo.com/v8/finance/chart/DECK
2021-12-27,Deckers,DECK,59.76166534423828,https://query2.finance.yahoo.com/v8/finance/chart/DECK
2021-12-28,Deckers,DECK,59.83833312988281,https://query2.finance.yahoo.com/v8/finance/chart/DECK
2021-12-29,Deckers,DECK,60.97666549682617,https://query2.finance.yahoo.com/v8/finance/chart/DECK
2021-12-30,Deckers,DECK,61.31833267211914,https://query2.finance.yahoo.com/v8/finance/chart/DECK
2021-12-31,Deckers,DECK,61.051666259765625,https://query2.finance.yahoo.com/v8/finance/chart/DECK
2022-01-03,Deckers,DECK,61.323333740234375,https://query2.finance.yahoo.com/v8/finance/chart/DECK
2022-01-04,Deckers,DECK,59.70166778564453,https://query2.finance.yahoo.com/v8/finance/chart/DECK
2022-01-05,Deckers,DECK,57.03333282470703,https://query2.finance.yahoo.com/v8/finance/chart/DECK
2022-01-06,Deckers,DECK,58.13833236694336,https://query2.finance.yahoo.com/v8/finance/chart/DECK
2022-01-07,Deckers,DECK,56.34999847412109,https://query2.finance.yahoo.com/v8/finance/chart/DECK
2022-01-10,Deckers,DECK,55.28499984741211,https://query2.finance.yahoo.com/v8/finance/chart/DECK
2022-01-11,Deckers,DECK,56.56333160400391,https://query2.finance.yahoo.com/v8/finance/chart/DECK
2022-01-12,Deckers,DECK,56.86166763305664,https://query2.finance.yahoo.com/v8/finance/chart/DECK
2022-01-13,Deckers,DECK,55.68833160400391,https://query2.finance.yahoo.com/v8/finance/chart/DECK
2022-01-14,Deckers,DECK,53.970001220703125,https://query2.finance.yahoo.com/v8/finance/chart/DECK
2022-01-18,Deckers,DECK,53.79833221435547,https://query2.finance.yahoo.com/v8/finance/chart/DECK
2022-01-19,Deckers,DECK,52.91666793823242,https://query2.finance.yahoo.com/v8/finance/chart/DECK
2022-01-20,Deckers,DECK,52.025001525878906,https://query2.finance.yahoo.com/v8/finance/chart/DECK
2022-01-21,Deckers,DECK,51.94499969482422,https://query2.finance.yahoo.com/v8/finance/chart/DECK
2022-01-24,Deckers,DECK,53.49666595458984,https://query2.finance.yahoo.com/v8/finance/chart/DECK
2022-01-25,Deckers,DECK,51.18999862670898,https://query2.finance.yahoo.com/v8/finance/chart/DECK
2022-01-26,Deckers,DECK,49.811668395996094,https://query2.finance.yahoo.com/v8/finance/chart/DECK
2022-01-27,Deckers,DECK,49.80666732788086,https://query2.finance.yahoo.com/v8/finance/chart/DECK
2022-01-28,Deckers,DECK,50.834999084472656,https://query2.finance.yahoo.com/v8/finance/chart/DECK
2022-01-31,Deckers,DECK,53.37166595458984,https://query2.finance.yahoo.com/v8/finance/chart/DECK
2022-02-01,Deckers,DECK,54.87666702270508,https://query2.finance.yahoo.com/v8/finance/chart/DECK
2022-02-02,Deckers,DECK,55.073333740234375,https://query2.finance.yahoo.com/v8/finance/chart/DECK
2022-02-03,Deckers,DECK,53.69166564941406,https://query2.finance.yahoo.com/v8/finance/chart/DECK
2022-02-04,Deckers,DECK,50.62833404541016,https://query2.finance.yahoo.com/v8/finance/chart/DECK
2022-02-07,Deckers,DECK,49.36166763305664,https://query2.finance.yahoo.com/v8/finance/chart/DECK
2022-02-08,Deckers,DECK,50.02166748046875,https://query2.finance.yahoo.com/v8/finance/chart/DECK
2022-02-09,Deckers,DECK,51.56666564941406,https://query2.finance.yahoo.com/v8/finance/chart/DECK
2022-02-10,Deckers,DECK,51.0283317565918,https://query2.finance.yahoo.com/v8/finance/chart/DECK
2022-02-11,Deckers,DECK,50.685001373291016,https://query2.finance.yahoo.com/v8/finance/chart/DECK
2022-02-14,Deckers,DECK,50.1783332824707,https://query2.finance.yahoo.com/v8/finance/chart/DECK
2022-02-15,Deckers,DECK,52.33000183105469,https://query2.finance.yahoo.com/v8/finance/chart/DECK
2022-02-16,Deckers,DECK,54.0966682434082,https://query2.finance.yahoo.com/v8/finance/chart/DECK
2022-02-17,Deckers,DECK,49.96500015258789,https://query2.finance.yahoo.com/v8/finance/chart/DECK
2022-02-18,Deckers,DECK,49.37666702270508,https://query2.finance.yahoo.com/v8/finance/chart/DECK
2022-02-22,Deckers,DECK,47.606666564941406,https://query2.finance.yahoo.com/v8/finance/chart/DECK
2022-02-23,Deckers,DECK,46.63666534423828,https://query2.finance.yahoo.com/v8/finance/chart/DECK
2022-02-24,Deckers,DECK,47.45333480834961,https://query2.finance.yahoo.com/v8/finance/chart/DECK
2022-02-25,Deckers,DECK,47.92499923706055,https://query2.finance.yahoo.com/v8/finance/chart/DECK
2022-02-28,Deckers,DECK,48.106666564941406,https://query2.finance.yahoo.com/v8/finance/chart/DECK
2022-03-01,Deckers,DECK,45.23666763305664,https://query2.finance.yahoo.com/v8/finance/chart/DECK
2022-03-02,Deckers,DECK,46.9283332824707,https://query2.finance.yahoo.com/v8/finance/chart/DECK
2022-03-03,Deckers,DECK,44.7216682434082,https://query2.finance.yahoo.com/v8/finance/chart/DECK
2022-03-04,Deckers,DECK,40.926666259765625,https://query2.finance.yahoo.com/v8/finance/chart/DECK
2022-03-07,Deckers,DECK,39.133331298828125,https://query2.finance.yahoo.com/v8/finance/chart/DECK
2022-03-08,Deckers,DECK,40.27999877929688,https://query2.finance.yahoo.com/v8/finance/chart/DECK
2022-03-09,Deckers,DECK,41.92166519165039,https://query2.finance.yahoo.com/v8/finance/chart/DECK
2022-03-10,Deckers,DECK,43.231666564941406,https://query2.finance.yahoo.com/v8/finance/chart/DECK
2022-03-11,Deckers,DECK,42.901668548583984,https://query2.finance.yahoo.com/v8/finance/chart/DECK
2022-03-14,Deckers,DECK,41.79499816894531,https://query2.finance.yahoo.com/v8/finance/chart/DECK
2022-03-15,Deckers,DECK,43.32833480834961,https://query2.finance.yahoo.com/v8/finance/chart/DECK
2022-03-16,Deckers,DECK,45.92333221435547,https://query2.finance.yahoo.com/v8/finance/chart/DECK
2022-03-17,Deckers,DECK,46.07833480834961,https://query2.finance.yahoo.com/v8/finance/chart/DECK
2022-03-18,Deckers,DECK,48.52999877929688,https://query2.finance.yahoo.com/v8/finance/chart/DECK
2022-03-21,Deckers,DECK,46.38166809082031,https://query2.finance.yahoo.com/v8/finance/chart/DECK
2022-03-22,Deckers,DECK,46.709999084472656,https://query2.finance.yahoo.com/v8/finance/chart/DECK
2022-03-23,Deckers,DECK,44.90499877929688,https://query2.finance.yahoo.com/v8/finance/chart/DECK
2022-03-24,Deckers,DECK,45.0099983215332,https://query2.finance.yahoo.com/v8/finance/chart/DECK
2022-03-25,Deckers,DECK,44.78166580200195,https://query2.finance.yahoo.com/v8/finance/chart/DECK
2022-03-28,Deckers,DECK,45.93166732788086,https://query2.finance.yahoo.com/v8/finance/chart/DECK
2022-03-29,Deckers,DECK,48.16666793823242,https://query2.finance.yahoo.com/v8/finance/chart/DECK
2022-03-30,Deckers,DECK,46.89833450317383,https://query2.finance.yahoo.com/v8/finance/chart/DECK
2022-03-31,Deckers,DECK,45.62833404541016,https://query2.finance.yahoo.com/v8/finance/chart/DECK
2022-04-01,Deckers,DECK,46.11166763305664,https://query2.finance.yahoo.com/v8/finance/chart/DECK
2022-04-04,Deckers,DECK,47.79999923706055,https://query2.finance.yahoo.com/v8/finance/chart/DECK
2022-04-05,Deckers,DECK,46.025001525878906,https://query2.finance.yahoo.com/v8/finance/chart/DECK
2022-04-06,Deckers,DECK,44.706668853759766,https://query2.finance.yahoo.com/v8/finance/chart/DECK
2022-04-07,Deckers,DECK,44.65999984741211,https://query2.finance.yahoo.com/v8/finance/chart/DECK
2022-04-08,Deckers,DECK,43.95500183105469,https://query2.finance.yahoo.com/v8/finance/chart/DECK
2022-04-11,Deckers,DECK,43.393333435058594,https://query2.finance.yahoo.com/v8/finance/chart/DECK
2022-04-12,Deckers,DECK,44.22499847412109,https://query2.finance.yahoo.com/v8/finance/chart/DECK
2022-04-13,Deckers,DECK,45.30500030517578,https://query2.finance.yahoo.com/v8/finance/chart/DECK
2022-04-14,Deckers,DECK,45.206668853759766,https://query2.finance.yahoo.com/v8/finance/chart/DECK
2022-04-18,Deckers,DECK,45.163333892822266,https://query2.finance.yahoo.com/v8/finance/chart/DECK
2022-04-19,Deckers,DECK,48.393333435058594,https://query2.finance.yahoo.com/v8/finance/chart/DECK
2022-04-20,Deckers,DECK,48.27166748046875,https://query2.finance.yahoo.com/v8/finance/chart/DECK
2022-04-21,Deckers,DECK,48.19166564941406,https://query2.finance.yahoo.com/v8/finance/chart/DECK
2022-04-22,Deckers,DECK,45.65999984741211,https://query2.finance.yahoo.com/v8/finance/chart/DECK
2022-04-25,Deckers,DECK,46.41999816894531,https://query2.finance.yahoo.com/v8/finance/chart/DECK
2022-04-26,Deckers,DECK,43.698333740234375,https://query2.finance.yahoo.com/v8/finance/chart/DECK
2022-04-27,Deckers,DECK,44.163333892822266,https://query2.finance.yahoo.com/v8/finance/chart/DECK
2022-04-28,Deckers,DECK,45.5533332824707,https://query2.finance.yahoo.com/v8/finance/chart/DECK
2022-04-29,Deckers,DECK,44.29166793823242,https://query2.finance.yahoo.com/v8/finance/chart/DECK
2022-05-02,Deckers,DECK,45.51333236694336,https://query2.finance.yahoo.com/v8/finance/chart/DECK
2022-05-03,Deckers,DECK,45.24166870117188,https://query2.finance.yahoo.com/v8/finance/chart/DECK
2022-05-04,Deckers,DECK,46.51333236694336,https://query2.finance.yahoo.com/v8/finance/chart/DECK
2022-05-05,Deckers,DECK,43.165000915527344,https://query2.finance.yahoo.com/v8/finance/chart/DECK
2022-05-06,Deckers,DECK,41.10833358764648,https://query2.finance.yahoo.com/v8/finance/chart/DECK
2022-05-09,Deckers,DECK,39.5,https://query2.finance.yahoo.com/v8/finance/chart/DECK
2022-05-10,Deckers,DECK,39.41833114624024,https://query2.finance.yahoo.com/v8/finance/chart/DECK
2022-05-11,Deckers,DECK,38.18999862670898,https://query2.finance.yahoo.com/v8/finance/chart/DECK
2022-05-12,Deckers,DECK,39.45000076293945,https://query2.finance.yahoo.com/v8/finance/chart/DECK
2022-05-13,Deckers,DECK,41.084999084472656,https://query2.finance.yahoo.com/v8/finance/chart/DECK
2022-05-16,Deckers,DECK,39.83333206176758,https://query2.finance.yahoo.com/v8/finance/chart/DECK
2022-05-17,Deckers,DECK,40.70000076293945,https://query2.finance.yahoo.com/v8/finance/chart/DECK
2022-05-18,Deckers,DECK,37.88166809082031,https://query2.finance.yahoo.com/v8/finance/chart/DECK
2022-05-19,Deckers,DECK,37.79833221435547,https://query2.finance.yahoo.com/v8/finance/chart/DECK
2022-05-20,Deckers,DECK,42.54666519165039,https://query2.finance.yahoo.com/v8/finance/chart/DECK
2022-05-23,Deckers,DECK,41.35499954223633,https://query2.finance.yahoo.com/v8/finance/chart/DECK
2022-05-24,Deckers,DECK,40.1533317565918,https://query2.finance.yahoo.com/v8/finance/chart/DECK
2022-05-25,Deckers,DECK,41.26499938964844,https://query2.finance.yahoo.com/v8/finance/chart/DECK
2022-05-26,Deckers,DECK,43.69333267211914,https://query2.finance.yahoo.com/v8/finance/chart/DECK
2022-05-27,Deckers,DECK,45.30833435058594,https://query2.finance.yahoo.com/v8/finance/chart/DECK
2022-05-31,Deckers,DECK,44.7599983215332,https://query2.finance.yahoo.com/v8/finance/chart/DECK
2022-06-01,Deckers,DECK,43.508331298828125,https://query2.finance.yahoo.com/v8/finance/chart/DECK
2022-06-02,Deckers,DECK,45.4466667175293,https://query2.finance.yahoo.com/v8/finance/chart/DECK
2022-06-03,Deckers,DECK,45.095001220703125,https://query2.finance.yahoo.com/v8/finance/chart/DECK
2022-06-06,Deckers,DECK,45.81999969482422,https://query2.finance.yahoo.com/v8/finance/chart/DECK
2022-06-07,Deckers,DECK,45.41166687011719,https://query2.finance.yahoo.com/v8/finance/chart/DECK
2022-06-08,Deckers,DECK,46.026668548583984,https://query2.finance.yahoo.com/v8/finance/chart/DECK
2022-06-09,Deckers,DECK,45.8849983215332,https://query2.finance.yahoo.com/v8/finance/chart/DECK
2022-06-10,Deckers,DECK,44.994998931884766,https://query2.finance.yahoo.com/v8/finance/chart/DECK
2022-06-13,Deckers,DECK,41.810001373291016,https://query2.finance.yahoo.com/v8/finance/chart/DECK
2022-06-14,Deckers,DECK,41.956668853759766,https://query2.finance.yahoo.com/v8/finance/chart/DECK
2022-06-15,Deckers,DECK,42.97833251953125,https://query2.finance.yahoo.com/v8/finance/chart/DECK
2022-06-16,Deckers,DECK,40.27166748046875,https://query2.finance.yahoo.com/v8/finance/chart/DECK
2022-06-17,Deckers,DECK,41.71833419799805,https://query2.finance.yahoo.com/v8/finance/chart/DECK
2022-06-21,Deckers,DECK,43.040000915527344,https://query2.finance.yahoo.com/v8/finance/chart/DECK
2022-06-22,Deckers,DECK,42.505001068115234,https://query2.finance.yahoo.com/v8/finance/chart/DECK
2022-06-23,Deckers,DECK,43.47833251953125,https://query2.finance.yahoo.com/v8/finance/chart/DECK
2022-06-24,Deckers,DECK,45.5533332824707,https://query2.finance.yahoo.com/v8/finance/chart/DECK
2022-06-27,Deckers,DECK,44.72666549682617,https://query2.finance.yahoo.com/v8/finance/chart/DECK
2022-06-28,Deckers,DECK,43.915000915527344,https://query2.finance.yahoo.com/v8/finance/chart/DECK
2022-06-29,Deckers,DECK,43.37333297729492,https://query2.finance.yahoo.com/v8/finance/chart/DECK
2022-06-30,Deckers,DECK,42.55833435058594,https://query2.finance.yahoo.com/v8/finance/chart/DECK
2022-07-01,Deckers,DECK,40.7783317565918,https://query2.finance.yahoo.com/v8/finance/chart/DECK
2022-07-05,Deckers,DECK,43.78499984741211,https://query2.finance.yahoo.com/v8/finance/chart/DECK
2022-07-06,Deckers,DECK,43.35166549682617,https://query2.finance.yahoo.com/v8/finance/chart/DECK
2022-07-07,Deckers,DECK,45.36666870117188,https://query2.finance.yahoo.com/v8/finance/chart/DECK
2022-07-08,Deckers,DECK,44.93000030517578,https://query2.finance.yahoo.com/v8/finance/chart/DECK
2022-07-11,Deckers,DECK,43.606666564941406,https://query2.finance.yahoo.com/v8/finance/chart/DECK
2022-07-12,Deckers,DECK,43.96333312988281,https://query2.finance.yahoo.com/v8/finance/chart/DECK
2022-07-13,Deckers,DECK,45.15999984741211,https://query2.finance.yahoo.com/v8/finance/chart/DECK
2022-07-14,Deckers,DECK,44.22833251953125,https://query2.finance.yahoo.com/v8/finance/chart/DECK
2022-07-15,Deckers,DECK,45.12333297729492,https://query2.finance.yahoo.com/v8/finance/chart/DECK
2022-07-18,Deckers,DECK,45.98500061035156,https://query2.finance.yahoo.com/v8/finance/chart/DECK
2022-07-19,Deckers,DECK,48.26166534423828,https://query2.finance.yahoo.com/v8/finance/chart/DECK
2022-07-20,Deckers,DECK,49.45500183105469,https://query2.finance.yahoo.com/v8/finance/chart/DECK
2022-07-21,Deckers,DECK,49.77166748046875,https://query2.finance.yahoo.com/v8/finance/chart/DECK
2022-07-22,Deckers,DECK,48.98833465576172,https://query2.finance.yahoo.com/v8/finance/chart/DECK
2022-07-25,Deckers,DECK,48.525001525878906,https://query2.finance.yahoo.com/v8/finance/chart/DECK
2022-07-26,Deckers,DECK,45.99666595458984,https://query2.finance.yahoo.com/v8/finance/chart/DECK
2022-07-27,Deckers,DECK,46.89500045776367,https://query2.finance.yahoo.com/v8/finance/chart/DECK
2022-07-28,Deckers,DECK,47.900001525878906,https://query2.finance.yahoo.com/v8/finance/chart/DECK
2022-07-29,Deckers,DECK,52.20166778564453,https://query2.finance.yahoo.com/v8/finance/chart/DECK
2022-08-01,Deckers,DECK,52.334999084472656,https://query2.finance.yahoo.com/v8/finance/chart/DECK
2022-08-02,Deckers,DECK,51.25,https://query2.finance.yahoo.com/v8/finance/chart/DECK
2022-08-03,Deckers,DECK,52.69166564941406,https://query2.finance.yahoo.com/v8/finance/chart/DECK
2022-08-04,Deckers,DECK,52.22499847412109,https://query2.finance.yahoo.com/v8/finance/chart/DECK
2022-08-05,Deckers,DECK,52.88666534423828,https://query2.finance.yahoo.com/v8/finance/chart/DECK
2022-08-08,Deckers,DECK,53.36000061035156,https://query2.finance.yahoo.com/v8/finance/chart/DECK
2022-08-09,Deckers,DECK,52.051666259765625,https://query2.finance.yahoo.com/v8/finance/chart/DECK
2022-08-10,Deckers,DECK,54.538333892822266,https://query2.finance.yahoo.com/v8/finance/chart/DECK
2022-08-11,Deckers,DECK,54.84166717529297,https://query2.finance.yahoo.com/v8/finance/chart/DECK
2022-08-12,Deckers,DECK,55.56333160400391,https://query2.finance.yahoo.com/v8/finance/chart/DECK
2022-08-15,Deckers,DECK,56.43833160400391,https://query2.finance.yahoo.com/v8/finance/chart/DECK
2022-08-16,Deckers,DECK,56.94166564941406,https://query2.finance.yahoo.com/v8/finance/chart/DECK
2022-08-17,Deckers,DECK,56.11666870117188,https://query2.finance.yahoo.com/v8/finance/chart/DECK
2022-08-18,Deckers,DECK,56.18833160400391,https://query2.finance.yahoo.com/v8/finance/chart/DECK
2022-08-19,Deckers,DECK,54.551666259765625,https://query2.finance.yahoo.com/v8/finance/chart/DECK
2022-08-22,Deckers,DECK,54.72666549682617,https://query2.finance.yahoo.com/v8/finance/chart/DECK
2022-08-23,Deckers,DECK,54.40499877929688,https://query2.finance.yahoo.com/v8/finance/chart/DECK
2022-08-24,Deckers,DECK,54.04166793823242,https://query2.finance.yahoo.com/v8/finance/chart/DECK
2022-08-25,Deckers,DECK,55.4900016784668,https://query2.finance.yahoo.com/v8/finance/chart/DECK
2022-08-26,Deckers,DECK,54.74166870117188,https://query2.finance.yahoo.com/v8/finance/chart/DECK
2022-08-29,Deckers,DECK,54.650001525878906,https://query2.finance.yahoo.com/v8/finance/chart/DECK
2022-08-30,Deckers,DECK,54.09333419799805,https://query2.finance.yahoo.com/v8/finance/chart/DECK
2022-08-31,Deckers,DECK,53.595001220703125,https://query2.finance.yahoo.com/v8/finance/chart/DECK
2022-09-01,Deckers,DECK,53.311668395996094,https://query2.finance.yahoo.com/v8/finance/chart/DECK
2022-09-02,Deckers,DECK,52.88666534423828,https://query2.finance.yahoo.com/v8/finance/chart/DECK
2022-09-06,Deckers,DECK,54.10333251953125,https://query2.finance.yahoo.com/v8/finance/chart/DECK
2022-09-07,Deckers,DECK,56.56999969482422,https://query2.finance.yahoo.com/v8/finance/chart/DECK
2022-09-08,Deckers,DECK,58.14833450317383,https://query2.finance.yahoo.com/v8/finance/chart/DECK
2022-09-09,Deckers,DECK,58.11666870117188,https://query2.finance.yahoo.com/v8/finance/chart/DECK
2022-09-12,Deckers,DECK,59.61166763305664,https://query2.finance.yahoo.com/v8/finance/chart/DECK
2022-09-13,Deckers,DECK,55.61333465576172,https://query2.finance.yahoo.com/v8/finance/chart/DECK
2022-09-14,Deckers,DECK,55.72499847412109,https://query2.finance.yahoo.com/v8/finance/chart/DECK
2022-09-15,Deckers,DECK,56.54999923706055,https://query2.finance.yahoo.com/v8/finance/chart/DECK
2022-09-16,Deckers,DECK,56.20000076293945,https://query2.finance.yahoo.com/v8/finance/chart/DECK
2022-09-19,Deckers,DECK,57.15499877929688,https://query2.finance.yahoo.com/v8/finance/chart/DECK
2022-09-20,Deckers,DECK,56.1533317565918,https://query2.finance.yahoo.com/v8/finance/chart/DECK
2022-09-21,Deckers,DECK,54.95000076293945,https://query2.finance.yahoo.com/v8/finance/chart/DECK
2022-09-22,Deckers,DECK,53.64666748046875,https://query2.finance.yahoo.com/v8/finance/chart/DECK
2022-09-23,Deckers,DECK,53.33000183105469,https://query2.finance.yahoo.com/v8/finance/chart/DECK
2022-09-26,Deckers,DECK,52.3466682434082,https://query2.finance.yahoo.com/v8/finance/chart/DECK
2022-09-27,Deckers,DECK,53.16833114624024,https://query2.finance.yahoo.com/v8/finance/chart/DECK
2022-09-28,Deckers,DECK,55.02000045776367,https://query2.finance.yahoo.com/v8/finance/chart/DECK
2022-09-29,Deckers,DECK,53.84999847412109,https://query2.finance.yahoo.com/v8/finance/chart/DECK
2022-09-30,Deckers,DECK,52.10166549682617,https://query2.finance.yahoo.com/v8/finance/chart/DECK
2022-10-03,Deckers,DECK,53.831668853759766,https://query2.finance.yahoo.com/v8/finance/chart/DECK
2022-10-04,Deckers,DECK,55.67166519165039,https://query2.finance.yahoo.com/v8/finance/chart/DECK
2022-10-05,Deckers,DECK,56.83666610717773,https://query2.finance.yahoo.com/v8/finance/chart/DECK
2022-10-06,Deckers,DECK,56.73833465576172,https://query2.finance.yahoo.com/v8/finance/chart/DECK
2022-10-07,Deckers,DECK,55.81499862670898,https://query2.finance.yahoo.com/v8/finance/chart/DECK
2022-10-10,Deckers,DECK,55.20000076293945,https://query2.finance.yahoo.com/v8/finance/chart/DECK
2022-10-11,Deckers,DECK,56.25333404541016,https://query2.finance.yahoo.com/v8/finance/chart/DECK
2022-10-12,Deckers,DECK,56.4033317565918,https://query2.finance.yahoo.com/v8/finance/chart/DECK
2022-10-13,Deckers,DECK,57.198333740234375,https://query2.finance.yahoo.com/v8/finance/chart/DECK
2022-10-14,Deckers,DECK,56.84000015258789,https://query2.finance.yahoo.com/v8/finance/chart/DECK
2022-10-17,Deckers,DECK,58.88666534423828,https://query2.finance.yahoo.com/v8/finance/chart/DECK
2022-10-18,Deckers,DECK,60.1783332824707,https://query2.finance.yahoo.com/v8/finance/chart/DECK
2022-10-19,Deckers,DECK,59.09166717529297,https://query2.finance.yahoo.com/v8/finance/chart/DECK
2022-10-20,Deckers,DECK,57.96666717529297,https://query2.finance.yahoo.com/v8/finance/chart/DECK
2022-10-21,Deckers,DECK,60.54666519165039,https://query2.finance.yahoo.com/v8/finance/chart/DECK
2022-10-24,Deckers,DECK,60.27000045776367,https://query2.finance.yahoo.com/v8/finance/chart/DECK
2022-10-25,Deckers,DECK,61.53166580200195,https://query2.finance.yahoo.com/v8/finance/chart/DECK
2022-10-26,Deckers,DECK,60.23500061035156,https://query2.finance.yahoo.com/v8/finance/chart/DECK
2022-10-27,Deckers,DECK,59.98833465576172,https://query2.finance.yahoo.com/v8/finance/chart/DECK
2022-10-28,Deckers,DECK,57.55833435058594,https://query2.finance.yahoo.com/v8/finance/chart/DECK
2022-10-31,Deckers,DECK,58.3216667175293,https://query2.finance.yahoo.com/v8/finance/chart/DECK
2022-11-01,Deckers,DECK,60.49666595458984,https://query2.finance.yahoo.com/v8/finance/chart/DECK
2022-11-02,Deckers,DECK,57.768333435058594,https://query2.finance.yahoo.com/v8/finance/chart/DECK
2022-11-03,Deckers,DECK,59.36166763305664,https://query2.finance.yahoo.com/v8/finance/chart/DECK
2022-11-04,Deckers,DECK,58.93999862670898,https://query2.finance.yahoo.com/v8/finance/chart/DECK
2022-11-07,Deckers,DECK,57.025001525878906,https://query2.finance.yahoo.com/v8/finance/chart/DECK
2022-11-08,Deckers,DECK,55.55833435058594,https://query2.finance.yahoo.com/v8/finance/chart/DECK
2022-11-09,Deckers,DECK,54.95333480834961,https://query2.finance.yahoo.com/v8/finance/chart/DECK
2022-11-10,Deckers,DECK,58.456668853759766,https://query2.finance.yahoo.com/v8/finance/chart/DECK
2022-11-11,Deckers,DECK,57.51333236694336,https://query2.finance.yahoo.com/v8/finance/chart/DECK
2022-11-14,Deckers,DECK,54.37166595458984,https://query2.finance.yahoo.com/v8/finance/chart/DECK
2022-11-15,Deckers,DECK,57.87833404541016,https://query2.finance.yahoo.com/v8/finance/chart/DECK
2022-11-16,Deckers,DECK,57.83333206176758,https://query2.finance.yahoo.com/v8/finance/chart/DECK
2022-11-17,Deckers,DECK,58.82500076293945,https://query2.finance.yahoo.com/v8/finance/chart/DECK
2022-11-18,Deckers,DECK,62.56666564941406,https://query2.finance.yahoo.com/v8/finance/chart/DECK
2022-11-21,Deckers,DECK,60.72999954223633,https://query2.finance.yahoo.com/v8/finance/chart/DECK
2022-11-22,Deckers,DECK,61.68833160400391,https://query2.finance.yahoo.com/v8/finance/chart/DECK
2022-11-23,Deckers,DECK,63.130001068115234,https://query2.finance.yahoo.com/v8/finance/chart/DECK
2022-11-25,Deckers,DECK,63.52999877929688,https://query2.finance.yahoo.com/v8/finance/chart/DECK
2022-11-28,Deckers,DECK,63.913333892822266,https://query2.finance.yahoo.com/v8/finance/chart/DECK
2022-11-29,Deckers,DECK,64.78500366210938,https://query2.finance.yahoo.com/v8/finance/chart/DECK
2022-11-30,Deckers,DECK,66.4800033569336,https://query2.finance.yahoo.com/v8/finance/chart/DECK
2022-12-01,Deckers,DECK,65.0683364868164,https://query2.finance.yahoo.com/v8/finance/chart/DECK
2022-12-02,Deckers,DECK,64.88666534423828,https://query2.finance.yahoo.com/v8/finance/chart/DECK
2022-12-05,Deckers,DECK,62.84999847412109,https://query2.finance.yahoo.com/v8/finance/chart/DECK
2022-12-06,Deckers,DECK,62.7216682434082,https://query2.finance.yahoo.com/v8/finance/chart/DECK
2022-12-07,Deckers,DECK,62.97499847412109,https://query2.finance.yahoo.com/v8/finance/chart/DECK
2022-12-08,Deckers,DECK,63.46833419799805,https://query2.finance.yahoo.com/v8/finance/chart/DECK
2022-12-09,Deckers,DECK,62.18166732788086,https://query2.finance.yahoo.com/v8/finance/chart/DECK
2022-12-12,Deckers,DECK,63.20333480834961,https://query2.finance.yahoo.com/v8/finance/chart/DECK
2022-12-13,Deckers,DECK,63.36333465576172,https://query2.finance.yahoo.com/v8/finance/chart/DECK
2022-12-14,Deckers,DECK,65.00499725341797,https://query2.finance.yahoo.com/v8/finance/chart/DECK
2022-12-15,Deckers,DECK,62.935001373291016,https://query2.finance.yahoo.com/v8/finance/chart/DECK
2022-12-16,Deckers,DECK,61.584999084472656,https://query2.finance.yahoo.com/v8/finance/chart/DECK
2022-12-19,Deckers,DECK,61.13666534423828,https://query2.finance.yahoo.com/v8/finance/chart/DECK
2022-12-20,Deckers,DECK,60.508331298828125,https://query2.finance.yahoo.com/v8/finance/chart/DECK
2022-12-21,Deckers,DECK,63.706668853759766,https://query2.finance.yahoo.com/v8/finance/chart/DECK
2022-12-22,Deckers,DECK,64.77333068847656,https://query2.finance.yahoo.com/v8/finance/chart/DECK
2022-12-23,Deckers,DECK,65.1449966430664,https://query2.finance.yahoo.com/v8/finance/chart/DECK
2022-12-27,Deckers,DECK,66.13999938964844,https://query2.finance.yahoo.com/v8/finance/chart/DECK
2022-12-28,Deckers,DECK,65.19667053222656,https://query2.finance.yahoo.com/v8/finance/chart/DECK
2022-12-29,Deckers,DECK,66.66666412353516,https://query2.finance.yahoo.com/v8/finance/chart/DECK
2022-12-30,Deckers,DECK,66.52666473388672,https://query2.finance.yahoo.com/v8/finance/chart/DECK
2023-01-03,Deckers,DECK,64.87166595458984,https://query2.finance.yahoo.com/v8/finance/chart/DECK
2023-01-04,Deckers,DECK,64.98999786376953,https://query2.finance.yahoo.com/v8/finance/chart/DECK
2023-01-05,Deckers,DECK,65.84666442871094,https://query2.finance.yahoo.com/v8/finance/chart/DECK
2023-01-06,Deckers,DECK,66.26166534423828,https://query2.finance.yahoo.com/v8/finance/chart/DECK
2023-01-09,Deckers,DECK,67.64167022705078,https://query2.finance.yahoo.com/v8/finance/chart/DECK
2023-01-10,Deckers,DECK,67.66666412353516,https://query2.finance.yahoo.com/v8/finance/chart/DECK
2023-01-11,Deckers,DECK,68.41000366210938,https://query2.finance.yahoo.com/v8/finance/chart/DECK
2023-01-12,Deckers,DECK,69.45333099365234,https://query2.finance.yahoo.com/v8/finance/chart/DECK
2023-01-13,Deckers,DECK,70.15333557128906,https://query2.finance.yahoo.com/v8/finance/chart/DECK
2023-01-17,Deckers,DECK,70.0,https://query2.finance.yahoo.com/v8/finance/chart/DECK
2023-01-18,Deckers,DECK,70.0566635131836,https://query2.finance.yahoo.com/v8/finance/chart/DECK
2023-01-19,Deckers,DECK,69.48999786376953,https://query2.finance.yahoo.com/v8/finance/chart/DECK
2023-01-20,Deckers,DECK,69.66666412353516,https://query2.finance.yahoo.com/v8/finance/chart/DECK
2023-01-23,Deckers,DECK,70.37999725341797,https://query2.finance.yahoo.com/v8/finance/chart/DECK
2023-01-24,Deckers,DECK,70.4566650390625,https://query2.finance.yahoo.com/v8/finance/chart/DECK
2023-01-25,Deckers,DECK,70.09166717529297,https://query2.finance.yahoo.com/v8/finance/chart/DECK
2023-01-26,Deckers,DECK,70.16999816894531,https://query2.finance.yahoo.com/v8/finance/chart/DECK
2023-01-27,Deckers,DECK,71.08499908447266,https://query2.finance.yahoo.com/v8/finance/chart/DECK
2023-01-30,Deckers,DECK,70.05833435058594,https://query2.finance.yahoo.com/v8/finance/chart/DECK
2023-01-31,Deckers,DECK,71.24666595458984,https://query2.finance.yahoo.com/v8/finance/chart/DECK
2023-02-01,Deckers,DECK,71.39833068847656,https://query2.finance.yahoo.com/v8/finance/chart/DECK
2023-02-02,Deckers,DECK,70.22166442871094,https://query2.finance.yahoo.com/v8/finance/chart/DECK
2023-02-03,Deckers,DECK,69.05999755859375,https://query2.finance.yahoo.com/v8/finance/chart/DECK
2023-02-06,Deckers,DECK,69.37000274658203,https://query2.finance.yahoo.com/v8/finance/chart/DECK
2023-02-07,Deckers,DECK,69.60166931152344,https://query2.finance.yahoo.com/v8/finance/chart/DECK
2023-02-08,Deckers,DECK,69.12833404541016,https://query2.finance.yahoo.com/v8/finance/chart/DECK
2023-02-09,Deckers,DECK,70.13333129882812,https://query2.finance.yahoo.com/v8/finance/chart/DECK
2023-02-10,Deckers,DECK,69.08833312988281,https://query2.finance.yahoo.com/v8/finance/chart/DECK
2023-02-13,Deckers,DECK,70.19999694824219,https://query2.finance.yahoo.com/v8/finance/chart/DECK
2023-02-14,Deckers,DECK,70.55500030517578,https://query2.finance.yahoo.com/v8/finance/chart/DECK
2023-02-15,Deckers,DECK,69.24833679199219,https://query2.finance.yahoo.com/v8/finance/chart/DECK
2023-02-16,Deckers,DECK,67.83499908447266,https://query2.finance.yahoo.com/v8/finance/chart/DECK
2023-02-17,Deckers,DECK,67.5633316040039,https://query2.finance.yahoo.com/v8/finance/chart/DECK
2023-02-21,Deckers,DECK,66.58000183105469,https://query2.finance.yahoo.com/v8/finance/chart/DECK
2023-02-22,Deckers,DECK,67.10166931152344,https://query2.finance.yahoo.com/v8/finance/chart/DECK
2023-02-23,Deckers,DECK,67.33999633789062,https://query2.finance.yahoo.com/v8/finance/chart/DECK
2023-02-24,Deckers,DECK,66.69999694824219,https://query2.finance.yahoo.com/v8/finance/chart/DECK
2023-02-27,Deckers,DECK,67.7300033569336,https://query2.finance.yahoo.com/v8/finance/chart/DECK
2023-02-28,Deckers,DECK,69.39167022705078,https://query2.finance.yahoo.com/v8/finance/chart/DECK
2023-03-01,Deckers,DECK,69.26499938964844,https://query2.finance.yahoo.com/v8/finance/chart/DECK
2023-03-02,Deckers,DECK,70.13999938964844,https://query2.finance.yahoo.com/v8/finance/chart/DECK
2023-03-03,Deckers,DECK,71.40166473388672,https://query2.finance.yahoo.com/v8/finance/chart/DECK
2023-03-06,Deckers,DECK,72.25333404541016,https://query2.finance.yahoo.com/v8/finance/chart/DECK
2023-03-07,Deckers,DECK,71.90333557128906,https://query2.finance.yahoo.com/v8/finance/chart/DECK
2023-03-08,Deckers,DECK,71.74500274658203,https://query2.finance.yahoo.com/v8/finance/chart/DECK
2023-03-09,Deckers,DECK,70.60166931152344,https://query2.finance.yahoo.com/v8/finance/chart/DECK
2023-03-10,Deckers,DECK,68.72000122070312,https://query2.finance.yahoo.com/v8/finance/chart/DECK
2023-03-13,Deckers,DECK,68.288330078125,https://query2.finance.yahoo.com/v8/finance/chart/DECK
2023-03-14,Deckers,DECK,70.0,https://query2.finance.yahoo.com/v8/finance/chart/DECK
2023-03-15,Deckers,DECK,67.7316665649414,https://query2.finance.yahoo.com/v8/finance/chart/DECK
2023-03-16,Deckers,DECK,69.45833587646484,https://query2.finance.yahoo.com/v8/finance/chart/DECK
2023-03-17,Deckers,DECK,68.7066650390625,https://query2.finance.yahoo.com/v8/finance/chart/DECK
2023-03-20,Deckers,DECK,69.25166320800781,https://query2.finance.yahoo.com/v8/finance/chart/DECK
2023-03-21,Deckers,DECK,73.3133316040039,https://query2.finance.yahoo.com/v8/finance/chart/DECK
2023-03-22,Deckers,DECK,72.21499633789062,https://query2.finance.yahoo.com/v8/finance/chart/DECK
2023-03-23,Deckers,DECK,73.7066650390625,https://query2.finance.yahoo.com/v8/finance/chart/DECK
2023-03-24,Deckers,DECK,73.79166412353516,https://query2.finance.yahoo.com/v8/finance/chart/DECK
2023-03-27,Deckers,DECK,74.69000244140625,https://query2.finance.yahoo.com/v8/finance/chart/DECK
2023-03-28,Deckers,DECK,75.27166748046875,https://query2.finance.yahoo.com/v8/finance/chart/DECK
2023-03-29,Deckers,DECK,75.288330078125,https://query2.finance.yahoo.com/v8/finance/chart/DECK
2023-03-30,Deckers,DECK,74.66000366210938,https://query2.finance.yahoo.com/v8/finance/chart/DECK
2023-03-31,Deckers,DECK,74.92500305175781,https://query2.finance.yahoo.com/v8/finance/chart/DECK
2023-04-03,Deckers,DECK,75.58999633789062,https://query2.finance.yahoo.com/v8/finance/chart/DECK
2023-04-04,Deckers,DECK,75.87666320800781,https://query2.finance.yahoo.com/v8/finance/chart/DECK
2023-04-05,Deckers,DECK,74.86333465576172,https://query2.finance.yahoo.com/v8/finance/chart/DECK
2023-04-06,Deckers,DECK,74.39833068847656,https://query2.finance.yahoo.com/v8/finance/chart/DECK
2023-04-10,Deckers,DECK,76.34333038330078,https://query2.finance.yahoo.com/v8/finance/chart/DECK
2023-04-11,Deckers,DECK,76.20500183105469,https://query2.finance.yahoo.com/v8/finance/chart/DECK
2023-04-12,Deckers,DECK,76.29499816894531,https://query2.finance.yahoo.com/v8/finance/chart/DECK
2023-04-13,Deckers,DECK,77.18499755859375,https://query2.finance.yahoo.com/v8/finance/chart/DECK
2023-04-14,Deckers,DECK,77.83999633789062,https://query2.finance.yahoo.com/v8/finance/chart/DECK
2023-04-17,Deckers,DECK,77.98332977294922,https://query2.finance.yahoo.com/v8/finance/chart/DECK
2023-04-18,Deckers,DECK,79.57333374023438,https://query2.finance.yahoo.com/v8/finance/chart/DECK
2023-04-19,Deckers,DECK,80.11499786376953,https://query2.finance.yahoo.com/v8/finance/chart/DECK
2023-04-20,Deckers,DECK,79.9366683959961,https://query2.finance.yahoo.com/v8/finance/chart/DECK
2023-04-21,Deckers,DECK,81.11333465576172,https://query2.finance.yahoo.com/v8/finance/chart/DECK
2023-04-24,Deckers,DECK,81.64167022705078,https://query2.finance.yahoo.com/v8/finance/chart/DECK
2023-04-25,Deckers,DECK,79.37833404541016,https://query2.finance.yahoo.com/v8/finance/chart/DECK
2023-04-26,Deckers,DECK,79.75833129882812,https://query2.finance.yahoo.com/v8/finance/chart/DECK
2023-04-27,Deckers,DECK,79.2249984741211,https://query2.finance.yahoo.com/v8/finance/chart/DECK
2023-04-28,Deckers,DECK,79.88999938964844,https://query2.finance.yahoo.com/v8/finance/chart/DECK
2023-05-01,Deckers,DECK,80.99333190917969,https://query2.finance.yahoo.com/v8/finance/chart/DECK
2023-05-02,Deckers,DECK,80.81999969482422,https://query2.finance.yahoo.com/v8/finance/chart/DECK
2023-05-03,Deckers,DECK,80.8183364868164,https://query2.finance.yahoo.com/v8/finance/chart/DECK
2023-05-04,Deckers,DECK,79.79499816894531,https://query2.finance.yahoo.com/v8/finance/chart/DECK
2023-05-05,Deckers,DECK,80.87333679199219,https://query2.finance.yahoo.com/v8/finance/chart/DECK
2023-05-08,Deckers,DECK,82.4433364868164,https://query2.finance.yahoo.com/v8/finance/chart/DECK
2023-05-09,Deckers,DECK,82.8183364868164,https://query2.finance.yahoo.com/v8/finance/chart/DECK
2023-05-10,Deckers,DECK,82.62333679199219,https://query2.finance.yahoo.com/v8/finance/chart/DECK
2023-05-11,Deckers,DECK,81.73999786376953,https://query2.finance.yahoo.com/v8/finance/chart/DECK
2023-05-12,Deckers,DECK,81.76333618164062,https://query2.finance.yahoo.com/v8/finance/chart/DECK
2023-05-15,Deckers,DECK,81.91999816894531,https://query2.finance.yahoo.com/v8/finance/chart/DECK
2023-05-16,Deckers,DECK,78.88833618164062,https://query2.finance.yahoo.com/v8/finance/chart/DECK
2023-05-17,Deckers,DECK,78.3949966430664,https://query2.finance.yahoo.com/v8/finance/chart/DECK
2023-05-18,Deckers,DECK,78.75166320800781,https://query2.finance.yahoo.com/v8/finance/chart/DECK
2023-05-19,Deckers,DECK,75.79833221435547,https://query2.finance.yahoo.com/v8/finance/chart/DECK
2023-05-22,Deckers,DECK,76.03333282470703,https://query2.finance.yahoo.com/v8/finance/chart/DECK
2023-05-23,Deckers,DECK,74.79833221435547,https://query2.finance.yahoo.com/v8/finance/chart/DECK
2023-05-24,Deckers,DECK,73.38833618164062,https://query2.finance.yahoo.com/v8/finance/chart/DECK
2023-05-25,Deckers,DECK,75.00166320800781,https://query2.finance.yahoo.com/v8/finance/chart/DECK
2023-05-26,Deckers,DECK,77.52999877929688,https://query2.finance.yahoo.com/v8/finance/chart/DECK
2023-05-30,Deckers,DECK,81.5199966430664,https://query2.finance.yahoo.com/v8/finance/chart/DECK
2023-05-31,Deckers,DECK,79.16666412353516,https://query2.finance.yahoo.com/v8/finance/chart/DECK
2023-06-01,Deckers,DECK,77.50166320800781,https://query2.finance.yahoo.com/v8/finance/chart/DECK
2023-06-02,Deckers,DECK,79.46333312988281,https://query2.finance.yahoo.com/v8/finance/chart/DECK
2023-06-05,Deckers,DECK,80.95999908447266,https://query2.finance.yahoo.com/v8/finance/chart/DECK
2023-06-06,Deckers,DECK,81.92333221435547,https://query2.finance.yahoo.com/v8/finance/chart/DECK
2023-06-07,Deckers,DECK,83.02166748046875,https://query2.finance.yahoo.com/v8/finance/chart/DECK
2023-06-08,Deckers,DECK,81.83000183105469,https://query2.finance.yahoo.com/v8/finance/chart/DECK
2023-06-09,Deckers,DECK,81.38833618164062,https://query2.finance.yahoo.com/v8/finance/chart/DECK
2023-06-12,Deckers,DECK,83.4816665649414,https://query2.finance.yahoo.com/v8/finance/chart/DECK
2023-06-13,Deckers,DECK,81.78666687011719,https://query2.finance.yahoo.com/v8/finance/chart/DECK
2023-06-14,Deckers,DECK,84.45500183105469,https://query2.finance.yahoo.com/v8/finance/chart/DECK
2023-06-15,Deckers,DECK,85.336669921875,https://query2.finance.yahoo.com/v8/finance/chart/DECK
2023-06-16,Deckers,DECK,85.45333099365234,https://query2.finance.yahoo.com/v8/finance/chart/DECK
2023-06-20,Deckers,DECK,84.7249984741211,https://query2.finance.yahoo.com/v8/finance/chart/DECK
2023-06-21,Deckers,DECK,85.02333068847656,https://query2.finance.yahoo.com/v8/finance/chart/DECK
2023-06-22,Deckers,DECK,83.92500305175781,https://query2.finance.yahoo.com/v8/finance/chart/DECK
2023-06-23,Deckers,DECK,84.35333251953125,https://query2.finance.yahoo.com/v8/finance/chart/DECK
2023-06-26,Deckers,DECK,84.90666961669922,https://query2.finance.yahoo.com/v8/finance/chart/DECK
2023-06-27,Deckers,DECK,85.33999633789062,https://query2.finance.yahoo.com/v8/finance/chart/DECK
2023-06-28,Deckers,DECK,86.6866683959961,https://query2.finance.yahoo.com/v8/finance/chart/DECK
2023-06-29,Deckers,DECK,85.66166687011719,https://query2.finance.yahoo.com/v8/finance/chart/DECK
2023-06-30,Deckers,DECK,87.9433364868164,https://query2.finance.yahoo.com/v8/finance/chart/DECK
2023-07-03,Deckers,DECK,88.57666778564453,https://query2.finance.yahoo.com/v8/finance/chart/DECK
2023-07-05,Deckers,DECK,89.09833526611328,https://query2.finance.yahoo.com/v8/finance/chart/DECK
2023-07-06,Deckers,DECK,88.32666778564453,https://query2.finance.yahoo.com/v8/finance/chart/DECK
2023-07-07,Deckers,DECK,87.86333465576172,https://query2.finance.yahoo.com/v8/finance/chart/DECK
2023-07-10,Deckers,DECK,90.14167022705078,https://query2.finance.yahoo.com/v8/finance/chart/DECK
2023-07-11,Deckers,DECK,91.90333557128906,https://query2.finance.yahoo.com/v8/finance/chart/DECK
2023-07-12,Deckers,DECK,92.22000122070312,https://query2.finance.yahoo.com/v8/finance/chart/DECK
2023-07-13,Deckers,DECK,89.89833068847656,https://query2.finance.yahoo.com/v8/finance/chart/DECK
2023-07-14,Deckers,DECK,90.58000183105467,https://query2.finance.yahoo.com/v8/finance/chart/DECK
2023-07-17,Deckers,DECK,91.24166870117188,https://query2.finance.yahoo.com/v8/finance/chart/DECK
2023-07-18,Deckers,DECK,91.11166381835938,https://query2.finance.yahoo.com/v8/finance/chart/DECK
2023-07-19,Deckers,DECK,90.62000274658205,https://query2.finance.yahoo.com/v8/finance/chart/DECK
2023-07-20,Deckers,DECK,89.23833465576172,https://query2.finance.yahoo.com/v8/finance/chart/DECK
2023-07-21,Deckers,DECK,89.59166717529297,https://query2.finance.yahoo.com/v8/finance/chart/DECK
2023-07-24,Deckers,DECK,91.57833099365234,https://query2.finance.yahoo.com/v8/finance/chart/DECK
2023-07-25,Deckers,DECK,92.55833435058594,https://query2.finance.yahoo.com/v8/finance/chart/DECK
2023-07-26,Deckers,DECK,93.0,https://query2.finance.yahoo.com/v8/finance/chart/DECK
2023-07-27,Deckers,DECK,89.50333404541016,https://query2.finance.yahoo.com/v8/finance/chart/DECK
2023-07-28,Deckers,DECK,89.01000213623047,https://query2.finance.yahoo.com/v8/finance/chart/DECK
2023-07-31,Deckers,DECK,90.61499786376952,https://query2.finance.yahoo.com/v8/finance/chart/DECK
2023-08-01,Deckers,DECK,90.3933334350586,https://query2.finance.yahoo.com/v8/finance/chart/DECK
2023-08-02,Deckers,DECK,90.15333557128906,https://query2.finance.yahoo.com/v8/finance/chart/DECK
2023-08-03,Deckers,DECK,92.5566635131836,https://query2.finance.yahoo.com/v8/finance/chart/DECK
2023-08-04,Deckers,DECK,92.07833099365234,https://query2.finance.yahoo.com/v8/finance/chart/DECK
2023-08-07,Deckers,DECK,94.25833129882812,https://query2.finance.yahoo.com/v8/finance/chart/DECK
2023-08-08,Deckers,DECK,94.1816635131836,https://query2.finance.yahoo.com/v8/finance/chart/DECK
2023-08-09,Deckers,DECK,92.50499725341795,https://query2.finance.yahoo.com/v8/finance/chart/DECK
2023-08-10,Deckers,DECK,93.24166870117188,https://query2.finance.yahoo.com/v8/finance/chart/DECK
2023-08-11,Deckers,DECK,92.0366668701172,https://query2.finance.yahoo.com/v8/finance/chart/DECK
2023-08-14,Deckers,DECK,93.04833221435548,https://query2.finance.yahoo.com/v8/finance/chart/DECK
2023-08-15,Deckers,DECK,92.45500183105467,https://query2.finance.yahoo.com/v8/finance/chart/DECK
2023-08-16,Deckers,DECK,92.77999877929688,https://query2.finance.yahoo.com/v8/finance/chart/DECK
2023-08-17,Deckers,DECK,91.34666442871094,https://query2.finance.yahoo.com/v8/finance/chart/DECK
2023-08-18,Deckers,DECK,92.88166809082033,https://query2.finance.yahoo.com/v8/finance/chart/DECK
2023-08-21,Deckers,DECK,93.40833282470705,https://query2.finance.yahoo.com/v8/finance/chart/DECK
2023-08-22,Deckers,DECK,92.5616683959961,https://query2.finance.yahoo.com/v8/finance/chart/DECK
2023-08-23,Deckers,DECK,91.70333099365234,https://query2.finance.yahoo.com/v8/finance/chart/DECK
2023-08-24,Deckers,DECK,86.96333312988281,https://query2.finance.yahoo.com/v8/finance/chart/DECK
2023-08-25,Deckers,DECK,86.91999816894531,https://query2.finance.yahoo.com/v8/finance/chart/DECK
2023-08-28,Deckers,DECK,86.04833221435547,https://query2.finance.yahoo.com/v8/finance/chart/DECK
2023-08-29,Deckers,DECK,87.97833251953125,https://query2.finance.yahoo.com/v8/finance/chart/DECK
2023-08-30,Deckers,DECK,86.47833251953125,https://query2.finance.yahoo.com/v8/finance/chart/DECK
2023-08-31,Deckers,DECK,88.1816635131836,https://query2.finance.yahoo.com/v8/finance/chart/DECK
2023-09-01,Deckers,DECK,88.79166412353516,https://query2.finance.yahoo.com/v8/finance/chart/DECK
2023-09-05,Deckers,DECK,87.35333251953125,https://query2.finance.yahoo.com/v8/finance/chart/DECK
2023-09-06,Deckers,DECK,87.63666534423828,https://query2.finance.yahoo.com/v8/finance/chart/DECK
2023-09-07,Deckers,DECK,87.28500366210938,https://query2.finance.yahoo.com/v8/finance/chart/DECK
2023-09-08,Deckers,DECK,87.87333679199219,https://query2.finance.yahoo.com/v8/finance/chart/DECK
2023-09-11,Deckers,DECK,89.54166412353516,https://query2.finance.yahoo.com/v8/finance/chart/DECK
2023-09-12,Deckers,DECK,90.12000274658205,https://query2.finance.yahoo.com/v8/finance/chart/DECK
2023-09-13,Deckers,DECK,88.98833465576172,https://query2.finance.yahoo.com/v8/finance/chart/DECK
2023-09-14,Deckers,DECK,89.48500061035156,https://query2.finance.yahoo.com/v8/finance/chart/DECK
2023-09-15,Deckers,DECK,87.14666748046875,https://query2.finance.yahoo.com/v8/finance/chart/DECK
2023-09-18,Deckers,DECK,87.70999908447266,https://query2.finance.yahoo.com/v8/finance/chart/DECK
2023-09-19,Deckers,DECK,88.58000183105469,https://query2.finance.yahoo.com/v8/finance/chart/DECK
2023-09-20,Deckers,DECK,87.27999877929688,https://query2.finance.yahoo.com/v8/finance/chart/DECK
2023-09-21,Deckers,DECK,84.19667053222656,https://query2.finance.yahoo.com/v8/finance/chart/DECK
2023-09-22,Deckers,DECK,85.09500122070312,https://query2.finance.yahoo.com/v8/finance/chart/DECK
2023-09-25,Deckers,DECK,85.26667022705078,https://query2.finance.yahoo.com/v8/finance/chart/DECK
2023-09-26,Deckers,DECK,83.711669921875,https://query2.finance.yahoo.com/v8/finance/chart/DECK
2023-09-27,Deckers,DECK,83.59500122070312,https://query2.finance.yahoo.com/v8/finance/chart/DECK
2023-09-28,Deckers,DECK,84.61166381835938,https://query2.finance.yahoo.com/v8/finance/chart/DECK
2023-09-29,Deckers,DECK,85.6816635131836,https://query2.finance.yahoo.com/v8/finance/chart/DECK
2023-10-02,Deckers,DECK,86.25833129882812,https://query2.finance.yahoo.com/v8/finance/chart/DECK
2023-10-03,Deckers,DECK,84.6866683959961,https://query2.finance.yahoo.com/v8/finance/chart/DECK
2023-10-04,Deckers,DECK,85.14666748046875,https://query2.finance.yahoo.com/v8/finance/chart/DECK
2023-10-05,Deckers,DECK,82.75833129882812,https://query2.finance.yahoo.com/v8/finance/chart/DECK
2023-10-06,Deckers,DECK,82.51333618164062,https://query2.finance.yahoo.com/v8/finance/chart/DECK
2023-10-09,Deckers,DECK,83.25499725341797,https://query2.finance.yahoo.com/v8/finance/chart/DECK
2023-10-10,Deckers,DECK,84.75833129882812,https://query2.finance.yahoo.com/v8/finance/chart/DECK
2023-10-11,Deckers,DECK,84.84500122070312,https://query2.finance.yahoo.com/v8/finance/chart/DECK
2023-10-12,Deckers,DECK,82.89666748046875,https://query2.finance.yahoo.com/v8/finance/chart/DECK
2023-10-13,Deckers,DECK,82.07167053222656,https://query2.finance.yahoo.com/v8/finance/chart/DECK
2023-10-16,Deckers,DECK,83.54000091552734,https://query2.finance.yahoo.com/v8/finance/chart/DECK
2023-10-17,Deckers,DECK,86.48500061035156,https://query2.finance.yahoo.com/v8/finance/chart/DECK
2023-10-18,Deckers,DECK,85.32666778564453,https://query2.finance.yahoo.com/v8/finance/chart/DECK
2023-10-19,Deckers,DECK,84.8133316040039,https://query2.finance.yahoo.com/v8/finance/chart/DECK
2023-10-20,Deckers,DECK,82.9316635131836,https://query2.finance.yahoo.com/v8/finance/chart/DECK
2023-10-23,Deckers,DECK,82.40833282470703,https://query2.finance.yahoo.com/v8/finance/chart/DECK
2023-10-24,Deckers,DECK,82.68333435058594,https://query2.finance.yahoo.com/v8/finance/chart/DECK
2023-10-25,Deckers,DECK,82.06666564941406,https://query2.finance.yahoo.com/v8/finance/chart/DECK
2023-10-26,Deckers,DECK,80.76333618164062,https://query2.finance.yahoo.com/v8/finance/chart/DECK
2023-10-27,Deckers,DECK,96.0616683959961,https://query2.finance.yahoo.com/v8/finance/chart/DECK
2023-10-30,Deckers,DECK,97.42666625976562,https://query2.finance.yahoo.com/v8/finance/chart/DECK
2023-10-31,Deckers,DECK,99.51000213623048,https://query2.finance.yahoo.com/v8/finance/chart/DECK
2023-11-01,Deckers,DECK,98.99666595458984,https://query2.finance.yahoo.com/v8/finance/chart/DECK
2023-11-02,Deckers,DECK,100.16500091552734,https://query2.finance.yahoo.com/v8/finance/chart/DECK
2023-11-03,Deckers,DECK,99.51667022705078,https://query2.finance.yahoo.com/v8/finance/chart/DECK
2023-11-06,Deckers,DECK,102.14833068847656,https://query2.finance.yahoo.com/v8/finance/chart/DECK
2023-11-07,Deckers,DECK,104.8566665649414,https://query2.finance.yahoo.com/v8/finance/chart/DECK
2023-11-08,Deckers,DECK,104.5366668701172,https://query2.finance.yahoo.com/v8/finance/chart/DECK
2023-11-09,Deckers,DECK,104.9250030517578,https://query2.finance.yahoo.com/v8/finance/chart/DECK
2023-11-10,Deckers,DECK,105.4566650390625,https://query2.finance.yahoo.com/v8/finance/chart/DECK
2023-11-13,Deckers,DECK,104.73666381835938,https://query2.finance.yahoo.com/v8/finance/chart/DECK
2023-11-14,Deckers,DECK,105.02833557128906,https://query2.finance.yahoo.com/v8/finance/chart/DECK
2023-11-15,Deckers,DECK,105.38833618164062,https://query2.finance.yahoo.com/v8/finance/chart/DECK
2023-11-16,Deckers,DECK,102.57666778564452,https://query2.finance.yahoo.com/v8/finance/chart/DECK
2023-11-17,Deckers,DECK,103.4183349609375,https://query2.finance.yahoo.com/v8/finance/chart/DECK
2023-11-20,Deckers,DECK,104.913330078125,https://query2.finance.yahoo.com/v8/finance/chart/DECK
2023-11-21,Deckers,DECK,105.6933364868164,https://query2.finance.yahoo.com/v8/finance/chart/DECK
2023-11-22,Deckers,DECK,105.41666412353516,https://query2.finance.yahoo.com/v8/finance/chart/DECK
2023-11-24,Deckers,DECK,106.17832946777344,https://query2.finance.yahoo.com/v8/finance/chart/DECK
2023-11-27,Deckers,DECK,109.4366683959961,https://query2.finance.yahoo.com/v8/finance/chart/DECK
2023-11-28,Deckers,DECK,108.61333465576172,https://query2.finance.yahoo.com/v8/finance/chart/DECK
2023-11-29,Deckers,DECK,109.16500091552734,https://query2.finance.yahoo.com/v8/finance/chart/DECK
2023-11-30,Deckers,DECK,110.6616668701172,https://query2.finance.yahoo.com/v8/finance/chart/DECK
2023-12-01,Deckers,DECK,114.17666625976562,https://query2.finance.yahoo.com/v8/finance/chart/DECK
2023-12-04,Deckers,DECK,115.63500213623048,https://query2.finance.yahoo.com/v8/finance/chart/DECK
2023-12-05,Deckers,DECK,115.06666564941406,https://query2.finance.yahoo.com/v8/finance/chart/DECK
2023-12-06,Deckers,DECK,114.62166595458984,https://query2.finance.yahoo.com/v8/finance/chart/DECK
2023-12-07,Deckers,DECK,115.73666381835938,https://query2.finance.yahoo.com/v8/finance/chart/DECK
2023-12-08,Deckers,DECK,115.89666748046876,https://query2.finance.yahoo.com/v8/finance/chart/DECK
2023-12-11,Deckers,DECK,116.30999755859376,https://query2.finance.yahoo.com/v8/finance/chart/DECK
2023-12-12,Deckers,DECK,117.6266632080078,https://query2.finance.yahoo.com/v8/finance/chart/DECK
2023-12-13,Deckers,DECK,119.87833404541016,https://query2.finance.yahoo.com/v8/finance/chart/DECK
2023-12-14,Deckers,DECK,116.3066635131836,https://query2.finance.yahoo.com/v8/finance/chart/DECK
2023-12-15,Deckers,DECK,117.13500213623048,https://query2.finance.yahoo.com/v8/finance/chart/DECK
2023-12-18,Deckers,DECK,117.7866668701172,https://query2.finance.yahoo.com/v8/finance/chart/DECK
2023-12-19,Deckers,DECK,119.15499877929688,https://query2.finance.yahoo.com/v8/finance/chart/DECK
2023-12-20,Deckers,DECK,116.79833221435548,https://query2.finance.yahoo.com/v8/finance/chart/DECK
2023-12-21,Deckers,DECK,117.3550033569336,https://query2.finance.yahoo.com/v8/finance/chart/DECK
2023-12-22,Deckers,DECK,115.61499786376952,https://query2.finance.yahoo.com/v8/finance/chart/DECK
2023-12-26,Deckers,DECK,114.663330078125,https://query2.finance.yahoo.com/v8/finance/chart/DECK
2023-12-27,Deckers,DECK,114.6266632080078,https://query2.finance.yahoo.com/v8/finance/chart/DECK
2023-12-28,Deckers,DECK,112.586669921875,https://query2.finance.yahoo.com/v8/finance/chart/DECK
2023-12-29,Deckers,DECK,111.40499877929688,https://query2.finance.yahoo.com/v8/finance/chart/DECK
2024-01-02,Deckers,DECK,112.33000183105467,https://query2.finance.yahoo.com/v8/finance/chart/DECK
2024-01-03,Deckers,DECK,113.0566635131836,https://query2.finance.yahoo.com/v8/finance/chart/DECK
2024-01-04,Deckers,DECK,112.0366668701172,https://query2.finance.yahoo.com/v8/finance/chart/DECK
2024-01-05,Deckers,DECK,108.71499633789062,https://query2.finance.yahoo.com/v8/finance/chart/DECK
2024-01-08,Deckers,DECK,114.1233367919922,https://query2.finance.yahoo.com/v8/finance/chart/DECK
2024-01-09,Deckers,DECK,116.15333557128906,https://query2.finance.yahoo.com/v8/finance/chart/DECK
2024-01-10,Deckers,DECK,115.98500061035156,https://query2.finance.yahoo.com/v8/finance/chart/DECK
2024-01-11,Deckers,DECK,117.28333282470705,https://query2.finance.yahoo.com/v8/finance/chart/DECK
2024-01-12,Deckers,DECK,117.77999877929688,https://query2.finance.yahoo.com/v8/finance/chart/DECK
2024-01-16,Deckers,DECK,120.29666900634766,https://query2.finance.yahoo.com/v8/finance/chart/DECK
2024-01-17,Deckers,DECK,120.7483367919922,https://query2.finance.yahoo.com/v8/finance/chart/DECK
2024-01-18,Deckers,DECK,122.78500366210938,https://query2.finance.yahoo.com/v8/finance/chart/DECK
2024-01-19,Deckers,DECK,124.875,https://query2.finance.yahoo.com/v8/finance/chart/DECK
2024-01-22,Deckers,DECK,127.9499969482422,https://query2.finance.yahoo.com/v8/finance/chart/DECK
2024-01-23,Deckers,DECK,125.69166564941406,https://query2.finance.yahoo.com/v8/finance/chart/DECK
2024-01-24,Deckers,DECK,125.10333251953124,https://query2.finance.yahoo.com/v8/finance/chart/DECK
2024-01-25,Deckers,DECK,126.83499908447266,https://query2.finance.yahoo.com/v8/finance/chart/DECK
2024-01-26,Deckers,DECK,127.96499633789062,https://query2.finance.yahoo.com/v8/finance/chart/DECK
2024-01-29,Deckers,DECK,129.1266632080078,https://query2.finance.yahoo.com/v8/finance/chart/DECK
2024-01-30,Deckers,DECK,128.92333984375,https://query2.finance.yahoo.com/v8/finance/chart/DECK
2024-01-31,Deckers,DECK,125.62166595458984,https://query2.finance.yahoo.com/v8/finance/chart/DECK
2024-02-01,Deckers,DECK,128.80833435058594,https://query2.finance.yahoo.com/v8/finance/chart/DECK
2024-02-02,Deckers,DECK,147.00999450683594,https://query2.finance.yahoo.com/v8/finance/chart/DECK
2024-02-05,Deckers,DECK,141.90167236328125,https://query2.finance.yahoo.com/v8/finance/chart/DECK
2024-02-06,Deckers,DECK,137.55833435058594,https://query2.finance.yahoo.com/v8/finance/chart/DECK
2024-02-07,Deckers,DECK,138.88833618164062,https://query2.finance.yahoo.com/v8/finance/chart/DECK
2024-02-08,Deckers,DECK,138.73666381835938,https://query2.finance.yahoo.com/v8/finance/chart/DECK
2024-02-09,Deckers,DECK,140.8699951171875,https://query2.finance.yahoo.com/v8/finance/chart/DECK
2024-02-12,Deckers,DECK,140.77833557128906,https://query2.finance.yahoo.com/v8/finance/chart/DECK
2024-02-13,Deckers,DECK,139.44500732421875,https://query2.finance.yahoo.com/v8/finance/chart/DECK
2024-02-14,Deckers,DECK,141.35000610351562,https://query2.finance.yahoo.com/v8/finance/chart/DECK
2024-02-15,Deckers,DECK,145.12832641601562,https://query2.finance.yahoo.com/v8/finance/chart/DECK
2024-02-16,Deckers,DECK,143.8300018310547,https://query2.finance.yahoo.com/v8/finance/chart/DECK
2024-02-20,Deckers,DECK,143.44667053222656,https://query2.finance.yahoo.com/v8/finance/chart/DECK
2024-02-21,Deckers,DECK,143.61000061035156,https://query2.finance.yahoo.com/v8/finance/chart/DECK
2024-02-22,Deckers,DECK,147.3433380126953,https://query2.finance.yahoo.com/v8/finance/chart/DECK
2024-02-23,Deckers,DECK,146.74667358398438,https://query2.finance.yahoo.com/v8/finance/chart/DECK
2024-02-26,Deckers,DECK,144.9116668701172,https://query2.finance.yahoo.com/v8/finance/chart/DECK
2024-02-27,Deckers,DECK,145.23333740234375,https://query2.finance.yahoo.com/v8/finance/chart/DECK
2024-02-28,Deckers,DECK,147.07000732421875,https://query2.finance.yahoo.com/v8/finance/chart/DECK
2024-02-29,Deckers,DECK,149.26499938964844,https://query2.finance.yahoo.com/v8/finance/chart/DECK
2024-03-01,Deckers,DECK,150.54833984375,https://query2.finance.yahoo.com/v8/finance/chart/DECK
2024-03-04,Deckers,DECK,154.42999267578125,https://query2.finance.yahoo.com/v8/finance/chart/DECK
2024-03-05,Deckers,DECK,151.14332580566406,https://query2.finance.yahoo.com/v8/finance/chart/DECK
2024-03-06,Deckers,DECK,151.9983367919922,https://query2.finance.yahoo.com/v8/finance/chart/DECK
2024-03-07,Deckers,DECK,152.14500427246094,https://query2.finance.yahoo.com/v8/finance/chart/DECK
2024-03-08,Deckers,DECK,152.03334045410156,https://query2.finance.yahoo.com/v8/finance/chart/DECK
2024-03-11,Deckers,DECK,150.27667236328125,https://query2.finance.yahoo.com/v8/finance/chart/DECK
2024-03-12,Deckers,DECK,152.50833129882812,https://query2.finance.yahoo.com/v8/finance/chart/DECK
2024-03-13,Deckers,DECK,154.61000061035156,https://query2.finance.yahoo.com/v8/finance/chart/DECK
2024-03-14,Deckers,DECK,155.50833129882812,https://query2.finance.yahoo.com/v8/finance/chart/DECK
2024-03-15,Deckers,DECK,151.63333129882812,https://query2.finance.yahoo.com/v8/finance/chart/DECK
2024-03-18,Deckers,DECK,151.47666931152344,https://query2.finance.yahoo.com/v8/finance/chart/DECK
2024-03-19,Deckers,DECK,151.47666931152344,https://query2.finance.yahoo.com/v8/finance/chart/DECK
2024-03-20,Deckers,DECK,152.52999877929688,https://query2.finance.yahoo.com/v8/finance/chart/DECK
2024-03-21,Deckers,DECK,158.82333374023438,https://query2.finance.yahoo.com/v8/finance/chart/DECK
2024-03-22,Deckers,DECK,153.74000549316406,https://query2.finance.yahoo.com/v8/finance/chart/DECK
2024-03-25,Deckers,DECK,155.43167114257812,https://query2.finance.yahoo.com/v8/finance/chart/DECK
2024-03-26,Deckers,DECK,156.24166870117188,https://query2.finance.yahoo.com/v8/finance/chart/DECK
2024-03-27,Deckers,DECK,156.31666564941406,https://query2.finance.yahoo.com/v8/finance/chart/DECK
2024-03-28,Deckers,DECK,156.8766632080078,https://query2.finance.yahoo.com/v8/finance/chart/DECK
2024-04-01,Deckers,DECK,155.0833282470703,https://query2.finance.yahoo.com/v8/finance/chart/DECK
2024-04-02,Deckers,DECK,150.5500030517578,https://query2.finance.yahoo.com/v8/finance/chart/DECK
2024-04-03,Deckers,DECK,150.1199951171875,https://query2.finance.yahoo.com/v8/finance/chart/DECK
2024-04-04,Deckers,DECK,146.30332946777344,https://query2.finance.yahoo.com/v8/finance/chart/DECK
2024-04-05,Deckers,DECK,146.64833068847656,https://query2.finance.yahoo.com/v8/finance/chart/DECK
2024-04-08,Deckers,DECK,148.13999938964844,https://query2.finance.yahoo.com/v8/finance/chart/DECK
2024-04-09,Deckers,DECK,144.63499450683594,https://query2.finance.yahoo.com/v8/finance/chart/DECK
2024-04-10,Deckers,DECK,135.02166748046875,https://query2.finance.yahoo.com/v8/finance/chart/DECK
2024-04-11,Deckers,DECK,136.65499877929688,https://query2.finance.yahoo.com/v8/finance/chart/DECK
2024-04-12,Deckers,DECK,135.72833251953125,https://query2.finance.yahoo.com/v8/finance/chart/DECK
2024-04-15,Deckers,DECK,135.89666748046875,https://query2.finance.yahoo.com/v8/finance/chart/DECK
2024-04-16,Deckers,DECK,135.64833068847656,https://query2.finance.yahoo.com/v8/finance/chart/DECK
2024-04-17,Deckers,DECK,136.53334045410156,https://query2.finance.yahoo.com/v8/finance/chart/DECK
2024-04-18,Deckers,DECK,135.5500030517578,https://query2.finance.yahoo.com/v8/finance/chart/DECK
2024-04-19,Deckers,DECK,133.39666748046875,https://query2.finance.yahoo.com/v8/finance/chart/DECK
2024-04-22,Deckers,DECK,135.0366668701172,https://query2.finance.yahoo.com/v8/finance/chart/DECK
2024-04-23,Deckers,DECK,138.2383270263672,https://query2.finance.yahoo.com/v8/finance/chart/DECK
2024-04-24,Deckers,DECK,141.95166015625,https://query2.finance.yahoo.com/v8/finance/chart/DECK
2024-04-25,Deckers,DECK,134.4166717529297,https://query2.finance.yahoo.com/v8/finance/chart/DECK
2024-04-26,Deckers,DECK,138.91000366210938,https://query2.finance.yahoo.com/v8/finance/chart/DECK
2024-04-29,Deckers,DECK,138.7383270263672,https://query2.finance.yahoo.com/v8/finance/chart/DECK
2024-04-30,Deckers,DECK,136.4116668701172,https://query2.finance.yahoo.com/v8/finance/chart/DECK
2024-05-01,Deckers,DECK,136.5800018310547,https://query2.finance.yahoo.com/v8/finance/chart/DECK
2024-05-02,Deckers,DECK,138.77166748046875,https://query2.finance.yahoo.com/v8/finance/chart/DECK
2024-05-03,Deckers,DECK,140.38999938964844,https://query2.finance.yahoo.com/v8/finance/chart/DECK
2024-05-06,Deckers,DECK,143.64166259765625,https://query2.finance.yahoo.com/v8/finance/chart/DECK
2024-05-07,Deckers,DECK,143.72999572753906,https://query2.finance.yahoo.com/v8/finance/chart/DECK
2024-05-08,Deckers,DECK,142.24667358398438,https://query2.finance.yahoo.com/v8/finance/chart/DECK
2024-05-09,Deckers,DECK,145.75833129882812,https://query2.finance.yahoo.com/v8/finance/chart/DECK
2024-05-10,Deckers,DECK,143.6649932861328,https://query2.finance.yahoo.com/v8/finance/chart/DECK
2024-05-13,Deckers,DECK,141.77833557128906,https://query2.finance.yahoo.com/v8/finance/chart/DECK
2024-05-14,Deckers,DECK,147.0749969482422,https://query2.finance.yahoo.com/v8/finance/chart/DECK
2024-05-15,Deckers,DECK,150.6133270263672,https://query2.finance.yahoo.com/v8/finance/chart/DECK
2024-05-16,Deckers,DECK,147.60333251953125,https://query2.finance.yahoo.com/v8/finance/chart/DECK
2024-05-17,Deckers,DECK,148.0933380126953,https://query2.finance.yahoo.com/v8/finance/chart/DECK
2024-05-20,Deckers,DECK,150.47500610351562,https://query2.finance.yahoo.com/v8/finance/chart/DECK
2024-05-21,Deckers,DECK,149.9566650390625,https://query2.finance.yahoo.com/v8/finance/chart/DECK
2024-05-22,Deckers,DECK,148.82333374023438,https://query2.finance.yahoo.com/v8/finance/chart/DECK
2024-05-23,Deckers,DECK,150.77499389648438,https://query2.finance.yahoo.com/v8/finance/chart/DECK
2024-05-24,Deckers,DECK,172.14999389648438,https://query2.finance.yahoo.com/v8/finance/chart/DECK
2024-05-28,Deckers,DECK,179.85667419433594,https://query2.finance.yahoo.com/v8/finance/chart/DECK
2024-05-29,Deckers,DECK,177.48666381835938,https://query2.finance.yahoo.com/v8/finance/chart/DECK
2024-05-30,Deckers,DECK,180.42999267578125,https://query2.finance.yahoo.com/v8/finance/chart/DECK
2024-05-31,Deckers,DECK,182.32000732421875,https://query2.finance.yahoo.com/v8/finance/chart/DECK
2024-06-03,Deckers,DECK,181.09500122070312,https://query2.finance.yahoo.com/v8/finance/chart/DECK
2024-06-04,Deckers,DECK,177.80499267578125,https://query2.finance.yahoo.com/v8/finance/chart/DECK
2024-06-05,Deckers,DECK,182.2100067138672,https://query2.finance.yahoo.com/v8/finance/chart/DECK
2024-06-06,Deckers,DECK,177.57167053222656,https://query2.finance.yahoo.com/v8/finance/chart/DECK
2024-06-07,Deckers,DECK,174.05166625976562,https://query2.finance.yahoo.com/v8/finance/chart/DECK
2024-06-10,Deckers,DECK,175.8249969482422,https://query2.finance.yahoo.com/v8/finance/chart/DECK
2024-06-11,Deckers,DECK,173.72166442871094,https://query2.finance.yahoo.com/v8/finance/chart/DECK
2024-06-12,Deckers,DECK,173.25332641601562,https://query2.finance.yahoo.com/v8/finance/chart/DECK
2024-06-13,Deckers,DECK,171.69332885742188,https://query2.finance.yahoo.com/v8/finance/chart/DECK
2024-06-14,Deckers,DECK,170.625,https://query2.finance.yahoo.com/v8/finance/chart/DECK
2024-06-17,Deckers,DECK,169.5816650390625,https://query2.finance.yahoo.com/v8/finance/chart/DECK
2024-06-18,Deckers,DECK,168.06500244140625,https://query2.finance.yahoo.com/v8/finance/chart/DECK
2024-06-20,Deckers,DECK,164.9066619873047,https://query2.finance.yahoo.com/v8/finance/chart/DECK
2024-06-21,Deckers,DECK,163.35667419433594,https://query2.finance.yahoo.com/v8/finance/chart/DECK
2024-06-24,Deckers,DECK,163.01333618164062,https://query2.finance.yahoo.com/v8/finance/chart/DECK
2024-06-25,Deckers,DECK,162.55332946777344,https://query2.finance.yahoo.com/v8/finance/chart/DECK
2024-06-26,Deckers,DECK,163.5433349609375,https://query2.finance.yahoo.com/v8/finance/chart/DECK
2024-06-27,Deckers,DECK,166.65167236328125,https://query2.finance.yahoo.com/v8/finance/chart/DECK
2024-06-28,Deckers,DECK,161.3249969482422,https://query2.finance.yahoo.com/v8/finance/chart/DECK
2024-07-01,Deckers,DECK,157.71665954589844,https://query2.finance.yahoo.com/v8/finance/chart/DECK
2024-07-02,Deckers,DECK,156.77333068847656,https://query2.finance.yahoo.com/v8/finance/chart/DECK
2024-07-03,Deckers,DECK,155.94833374023438,https://query2.finance.yahoo.com/v8/finance/chart/DECK
2024-07-05,Deckers,DECK,156.55332946777344,https://query2.finance.yahoo.com/v8/finance/chart/DECK
2024-07-08,Deckers,DECK,158.78334045410156,https://query2.finance.yahoo.com/v8/finance/chart/DECK
2024-07-09,Deckers,DECK,156.50833129882812,https://query2.finance.yahoo.com/v8/finance/chart/DECK
2024-07-10,Deckers,DECK,148.89500427246094,https://query2.finance.yahoo.com/v8/finance/chart/DECK
2024-07-11,Deckers,DECK,148.10667419433594,https://query2.finance.yahoo.com/v8/finance/chart/DECK
2024-07-12,Deckers,DECK,149.67666625976562,https://query2.finance.yahoo.com/v8/finance/chart/DECK
2024-07-15,Deckers,DECK,149.92999267578125,https://query2.finance.yahoo.com/v8/finance/chart/DECK
2024-07-16,Deckers,DECK,152.14500427246094,https://query2.finance.yahoo.com/v8/finance/chart/DECK
2024-07-17,Deckers,DECK,148.27000427246094,https://query2.finance.yahoo.com/v8/finance/chart/DECK
2024-07-18,Deckers,DECK,147.80999755859375,https://query2.finance.yahoo.com/v8/finance/chart/DECK
2024-07-19,Deckers,DECK,145.2066650390625,https://query2.finance.yahoo.com/v8/finance/chart/DECK
2024-07-22,Deckers,DECK,147.31832885742188,https://query2.finance.yahoo.com/v8/finance/chart/DECK
2024-07-23,Deckers,DECK,147.07167053222656,https://query2.finance.yahoo.com/v8/finance/chart/DECK
2024-07-24,Deckers,DECK,141.0066680908203,https://query2.finance.yahoo.com/v8/finance/chart/DECK
2024-07-25,Deckers,DECK,140.25,https://query2.finance.yahoo.com/v8/finance/chart/DECK
2024-07-26,Deckers,DECK,149.11666870117188,https://query2.finance.yahoo.com/v8/finance/chart/DECK
2024-07-29,Deckers,DECK,153.5366668701172,https://query2.finance.yahoo.com/v8/finance/chart/DECK
2024-07-30,Deckers,DECK,151.87167358398438,https://query2.finance.yahoo.com/v8/finance/chart/DECK
2024-07-31,Deckers,DECK,153.77166748046875,https://query2.finance.yahoo.com/v8/finance/chart/DECK
2024-08-01,Deckers,DECK,151.03500366210938,https://query2.finance.yahoo.com/v8/finance/chart/DECK
2024-08-02,Deckers,DECK,144.22166442871094,https://query2.finance.yahoo.com/v8/finance/chart/DECK
2024-08-05,Deckers,DECK,141.74667358398438,https://query2.finance.yahoo.com/v8/finance/chart/DECK
2024-08-06,Deckers,DECK,144.86666870117188,https://query2.finance.yahoo.com/v8/finance/chart/DECK
2024-08-07,Deckers,DECK,140.54666137695312,https://query2.finance.yahoo.com/v8/finance/chart/DECK
2024-08-08,Deckers,DECK,147.32167053222656,https://query2.finance.yahoo.com/v8/finance/chart/DECK
2024-08-09,Deckers,DECK,148.375,https://query2.finance.yahoo.com/v8/finance/chart/DECK
2024-08-12,Deckers,DECK,153.0500030517578,https://query2.finance.yahoo.com/v8/finance/chart/DECK
2024-08-13,Deckers,DECK,157.3866729736328,https://query2.finance.yahoo.com/v8/finance/chart/DECK
2024-08-14,Deckers,DECK,153.22833251953125,https://query2.finance.yahoo.com/v8/finance/chart/DECK
2024-08-15,Deckers,DECK,157.9250030517578,https://query2.finance.yahoo.com/v8/finance/chart/DECK
2024-08-16,Deckers,DECK,158.42166137695312,https://query2.finance.yahoo.com/v8/finance/chart/DECK
2024-08-19,Deckers,DECK,160.5366668701172,https://query2.finance.yahoo.com/v8/finance/chart/DECK
2024-08-20,Deckers,DECK,158.11166381835938,https://query2.finance.yahoo.com/v8/finance/chart/DECK
2024-08-21,Deckers,DECK,159.58999633789062,https://query2.finance.yahoo.com/v8/finance/chart/DECK
2024-08-22,Deckers,DECK,159.14833068847656,https://query2.finance.yahoo.com/v8/finance/chart/DECK
2024-08-23,Deckers,DECK,162.42666625976562,https://query2.finance.yahoo.com/v8/finance/chart/DECK
2024-08-26,Deckers,DECK,157.5050048828125,https://query2.finance.yahoo.com/v8/finance/chart/DECK
2024-08-27,Deckers,DECK,158.80667114257812,https://query2.finance.yahoo.com/v8/finance/chart/DECK
2024-08-28,Deckers,DECK,158.26333618164062,https://query2.finance.yahoo.com/v8/finance/chart/DECK
2024-08-29,Deckers,DECK,156.90499877929688,https://query2.finance.yahoo.com/v8/finance/chart/DECK
2024-08-30,Deckers,DECK,159.8816680908203,https://query2.finance.yahoo.com/v8/finance/chart/DECK
2024-09-03,Deckers,DECK,149.83999633789062,https://query2.finance.yahoo.com/v8/finance/chart/DECK
2024-09-04,Deckers,DECK,149.22833251953125,https://query2.finance.yahoo.com/v8/finance/chart/DECK
2024-09-05,Deckers,DECK,146.56333923339844,https://query2.finance.yahoo.com/v8/finance/chart/DECK
2024-09-06,Deckers,DECK,143.32666015625,https://query2.finance.yahoo.com/v8/finance/chart/DECK
2024-09-09,Deckers,DECK,149.01499938964844,https://query2.finance.yahoo.com/v8/finance/chart/DECK
2024-09-10,Deckers,DECK,148.45166015625,https://query2.finance.yahoo.com/v8/finance/chart/DECK
2024-09-11,Deckers,DECK,151.5433349609375,https://query2.finance.yahoo.com/v8/finance/chart/DECK
2024-09-12,Deckers,DECK,153.18833923339844,https://query2.finance.yahoo.com/v8/finance/chart/DECK
2024-09-13,Deckers,DECK,155.84500122070312,https://query2.finance.yahoo.com/v8/finance/chart/DECK
2024-09-16,Deckers,DECK,156.27999877929688,https://query2.finance.yahoo.com/v8/finance/chart/DECK
2024-09-17,Deckers,DECK,155.10000610351562,https://query2.finance.yahoo.com/v8/finance/chart/DECK
2024-09-18,Deckers,DECK,157.22999572753906,https://query2.finance.yahoo.com/v8/finance/chart/DECK
2024-09-19,Deckers,DECK,152.11000061035156,https://query2.finance.yahoo.com/v8/finance/chart/DECK
2024-09-20,Deckers,DECK,150.72999572753906,https://query2.finance.yahoo.com/v8/finance/chart/DECK
2024-09-23,Deckers,DECK,154.2100067138672,https://query2.finance.yahoo.com/v8/finance/chart/DECK
2024-09-24,Deckers,DECK,154.39999389648438,https://query2.finance.yahoo.com/v8/finance/chart/DECK
2024-09-25,Deckers,DECK,154.5,https://query2.finance.yahoo.com/v8/finance/chart/DECK
2024-09-26,Deckers,DECK,157.25999450683594,https://query2.finance.yahoo.com/v8/finance/chart/DECK
2024-09-27,Deckers,DECK,159.4199981689453,https://query2.finance.yahoo.com/v8/finance/chart/DECK
2024-09-30,Deckers,DECK,159.4499969482422,https://query2.finance.yahoo.com/v8/finance/chart/DECK
2024-10-01,Deckers,DECK,155.6199951171875,https://query2.finance.yahoo.com/v8/finance/chart/DECK
2024-10-02,Deckers,DECK,157.66000366210938,https://query2.finance.yahoo.com/v8/finance/chart/DECK
2024-10-03,Deckers,DECK,156.7899932861328,https://query2.finance.yahoo.com/v8/finance/chart/DECK
2024-10-04,Deckers,DECK,166.80999755859375,https://query2.finance.yahoo.com/v8/finance/chart/DECK
2024-10-07,Deckers,DECK,158.8300018310547,https://query2.finance.yahoo.com/v8/finance/chart/DECK
2024-10-08,Deckers,DECK,161.94000244140625,https://query2.finance.yahoo.com/v8/finance/chart/DECK
2024-10-09,Deckers,DECK,160.44000244140625,https://query2.finance.yahoo.com/v8/finance/chart/DECK
2024-10-10,Deckers,DECK,158.25999450683594,https://query2.finance.yahoo.com/v8/finance/chart/DECK
2024-10-11,Deckers,DECK,161.25,https://query2.finance.yahoo.com/v8/finance/chart/DECK
2024-10-14,Deckers,DECK,160.72999572753906,https://query2.finance.yahoo.com/v8/finance/chart/DECK
2024-10-15,Deckers,DECK,161.85000610351562,https://query2.finance.yahoo.com/v8/finance/chart/DECK
2024-10-16,Deckers,DECK,161.16000366210938,https://query2.finance.yahoo.com/v8/finance/chart/DECK
2024-10-17,Deckers,DECK,160.30999755859375,https://query2.finance.yahoo.com/v8/finance/chart/DECK
2024-10-18,Deckers,DECK,161.85000610351562,https://query2.finance.yahoo.com/v8/finance/chart/DECK
2024-10-21,Deckers,DECK,160.00999450683594,https://query2.finance.yahoo.com/v8/finance/chart/DECK
2024-10-22,Deckers,DECK,154.0500030517578,https://query2.finance.yahoo.com/v8/finance/chart/DECK
2024-10-23,Deckers,DECK,150.9600067138672,https://query2.finance.yahoo.com/v8/finance/chart/DECK
2024-10-24,Deckers,DECK,152.0399932861328,https://query2.finance.yahoo.com/v8/finance/chart/DECK
2024-10-25,Deckers,DECK,168.11000061035156,https://query2.finance.yahoo.com/v8/finance/chart/DECK
2024-10-28,Deckers,DECK,169.2899932861328,https://query2.finance.yahoo.com/v8/finance/chart/DECK
2024-10-29,Deckers,DECK,169.5500030517578,https://query2.finance.yahoo.com/v8/finance/chart/DECK
2024-10-30,Deckers,DECK,169.52000427246094,https://query2.finance.yahoo.com/v8/finance/chart/DECK
2024-10-31,Deckers,DECK,160.88999938964844,https://query2.finance.yahoo.com/v8/finance/chart/DECK
2024-11-01,Deckers,DECK,158.1199951171875,https://query2.finance.yahoo.com/v8/finance/chart/DECK
2024-11-04,Deckers,DECK,162.25999450683594,https://query2.finance.yahoo.com/v8/finance/chart/DECK
2024-11-05,Deckers,DECK,163.6699981689453,https://query2.finance.yahoo.com/v8/finance/chart/DECK
2024-11-06,Deckers,DECK,164.77000427246094,https://query2.finance.yahoo.com/v8/finance/chart/DECK
2024-11-07,Deckers,DECK,171.33999633789062,https://query2.finance.yahoo.com/v8/finance/chart/DECK
2024-11-08,Deckers,DECK,175.61000061035156,https://query2.finance.yahoo.com/v8/finance/chart/DECK
2024-11-11,Deckers,DECK,177.0800018310547,https://query2.finance.yahoo.com/v8/finance/chart/DECK
2024-11-12,Deckers,DECK,177.6300048828125,https://query2.finance.yahoo.com/v8/finance/chart/DECK
2024-11-13,Deckers,DECK,178.33999633789062,https://query2.finance.yahoo.com/v8/finance/chart/DECK
2024-11-14,Deckers,DECK,176.86000061035156,https://query2.finance.yahoo.com/v8/finance/chart/DECK
2024-11-15,Deckers,DECK,175.66000366210938,https://query2.finance.yahoo.com/v8/finance/chart/DECK
2024-11-18,Deckers,DECK,176.4499969482422,https://query2.finance.yahoo.com/v8/finance/chart/DECK
2024-11-19,Deckers,DECK,176.2899932861328,https://query2.finance.yahoo.com/v8/finance/chart/DECK
2024-11-20,Deckers,DECK,176.36000061035156,https://query2.finance.yahoo.com/v8/finance/chart/DECK
2024-11-21,Deckers,DECK,181.91000366210935,https://query2.finance.yahoo.com/v8/finance/chart/DECK
2024-11-22,Deckers,DECK,192.1499938964844,https://query2.finance.yahoo.com/v8/finance/chart/DECK
2024-11-25,Deckers,DECK,196.4900054931641,https://query2.finance.yahoo.com/v8/finance/chart/DECK
2024-11-26,Deckers,DECK,194.41000366210935,https://query2.finance.yahoo.com/v8/finance/chart/DECK
2024-11-27,Deckers,DECK,191.7700042724609,https://query2.finance.yahoo.com/v8/finance/chart/DECK
2024-11-29,Deckers,DECK,195.9600067138672,https://query2.finance.yahoo.com/v8/finance/chart/DECK
2024-12-02,Deckers,DECK,201.8999938964844,https://query2.finance.yahoo.com/v8/finance/chart/DECK
2024-12-03,Deckers,DECK,202.8699951171875,https://query2.finance.yahoo.com/v8/finance/chart/DECK
2024-12-04,Deckers,DECK,204.1499938964844,https://query2.finance.yahoo.com/v8/finance/chart/DECK
2024-12-05,Deckers,DECK,200.9199981689453,https://query2.finance.yahoo.com/v8/finance/chart/DECK
2024-12-06,Deckers,DECK,199.5500030517578,https://query2.finance.yahoo.com/v8/finance/chart/DECK
2024-12-09,Deckers,DECK,201.5500030517578,https://query2.finance.yahoo.com/v8/finance/chart/DECK
2024-12-10,Deckers,DECK,202.1199951171875,https://query2.finance.yahoo.com/v8/finance/chart/DECK
2024-12-11,Deckers,DECK,204.9499969482422,https://query2.finance.yahoo.com/v8/finance/chart/DECK
2024-12-12,Deckers,DECK,203.67999267578125,https://query2.finance.yahoo.com/v8/finance/chart/DECK
2024-12-13,Deckers,DECK,206.6300048828125,https://query2.finance.yahoo.com/v8/finance/chart/DECK
2024-12-16,Deckers,DECK,211.1199951171875,https://query2.finance.yahoo.com/v8/finance/chart/DECK
2024-12-17,Deckers,DECK,210.3699951171875,https://query2.finance.yahoo.com/v8/finance/chart/DECK
2024-12-18,Deckers,DECK,201.47999572753903,https://query2.finance.yahoo.com/v8/finance/chart/DECK
2024-12-19,Deckers,DECK,205.27999877929688,https://query2.finance.yahoo.com/v8/finance/chart/DECK
2024-12-20,Deckers,DECK,210.97000122070312,https://query2.finance.yahoo.com/v8/finance/chart/DECK
2024-12-23,Deckers,DECK,207.6499938964844,https://query2.finance.yahoo.com/v8/finance/chart/DECK
2024-12-24,Deckers,DECK,208.00999450683597,https://query2.finance.yahoo.com/v8/finance/chart/DECK
2024-12-26,Deckers,DECK,209.42999267578125,https://query2.finance.yahoo.com/v8/finance/chart/DECK
2024-12-27,Deckers,DECK,207.1100006103516,https://query2.finance.yahoo.com/v8/finance/chart/DECK
2024-12-30,Deckers,DECK,205.75999450683597,https://query2.finance.yahoo.com/v8/finance/chart/DECK
2024-12-31,Deckers,DECK,203.08999633789065,https://query2.finance.yahoo.com/v8/finance/chart/DECK
2025-01-02,Deckers,DECK,204.5399932861328,https://query2.finance.yahoo.com/v8/finance/chart/DECK
2025-01-03,Deckers,DECK,207.25,https://query2.finance.yahoo.com/v8/finance/chart/DECK
2025-01-06,Deckers,DECK,208.47000122070312,https://query2.finance.yahoo.com/v8/finance/chart/DECK
2025-01-07,Deckers,DECK,205.1000061035156,https://query2.finance.yahoo.com/v8/finance/chart/DECK
2025-01-08,Deckers,DECK,207.5200042724609,https://query2.finance.yahoo.com/v8/finance/chart/DECK
2025-01-10,Deckers,DECK,207.5,https://query2.finance.yahoo.com/v8/finance/chart/DECK
2025-01-13,Deckers,DECK,204.58999633789065,https://query2.finance.yahoo.com/v8/finance/chart/DECK
2025-01-14,Deckers,DECK,206.13999938964844,https://query2.finance.yahoo.com/v8/finance/chart/DECK
2025-01-15,Deckers,DECK,203.72999572753903,https://query2.finance.yahoo.com/v8/finance/chart/DECK
2025-01-16,Deckers,DECK,208.22000122070312,https://query2.finance.yahoo.com/v8/finance/chart/DECK
2025-01-17,Deckers,DECK,209.91000366210935,https://query2.finance.yahoo.com/v8/finance/chart/DECK
2025-01-21,Deckers,DECK,214.1100006103516,https://query2.finance.yahoo.com/v8/finance/chart/DECK
2025-01-22,Deckers,DECK,214.9199981689453,https://query2.finance.yahoo.com/v8/finance/chart/DECK
2025-01-23,Deckers,DECK,218.57000732421875,https://query2.finance.yahoo.com/v8/finance/chart/DECK
2025-01-24,Deckers,DECK,217.16000366210935,https://query2.finance.yahoo.com/v8/finance/chart/DECK
2025-01-27,Deckers,DECK,211.8999938964844,https://query2.finance.yahoo.com/v8/finance/chart/DECK
2025-01-28,Deckers,DECK,215.9199981689453,https://query2.finance.yahoo.com/v8/finance/chart/DECK
2025-01-29,Deckers,DECK,218.8999938964844,https://query2.finance.yahoo.com/v8/finance/chart/DECK
2025-01-30,Deckers,DECK,223.1100006103516,https://query2.finance.yahoo.com/v8/finance/chart/DECK
2025-01-31,Deckers,DECK,177.36000061035156,https://query2.finance.yahoo.com/v8/finance/chart/DECK
2025-02-03,Deckers,DECK,170.6300048828125,https://query2.finance.yahoo.com/v8/finance/chart/DECK
2025-02-04,Deckers,DECK,169.49000549316406,https://query2.finance.yahoo.com/v8/finance/chart/DECK
2025-02-05,Deckers,DECK,172.52000427246094,https://query2.finance.yahoo.com/v8/finance/chart/DECK
2025-02-06,Deckers,DECK,172.19000244140625,https://query2.finance.yahoo.com/v8/finance/chart/DECK
2025-02-07,Deckers,DECK,168.24000549316406,https://query2.finance.yahoo.com/v8/finance/chart/DECK
2025-02-10,Deckers,DECK,161.64999389648438,https://query2.finance.yahoo.com/v8/finance/chart/DECK
2025-02-11,Deckers,DECK,157.63999938964844,https://query2.finance.yahoo.com/v8/finance/chart/DECK
2025-02-12,Deckers,DECK,154.02999877929688,https://query2.finance.yahoo.com/v8/finance/chart/DECK
2025-02-13,Deckers,DECK,158.11000061035156,https://query2.finance.yahoo.com/v8/finance/chart/DECK
2025-02-14,Deckers,DECK,155.07000732421875,https://query2.finance.yahoo.com/v8/finance/chart/DECK
2025-02-18,Deckers,DECK,155.83999633789062,https://query2.finance.yahoo.com/v8/finance/chart/DECK
2025-02-19,Deckers,DECK,152.5500030517578,https://query2.finance.yahoo.com/v8/finance/chart/DECK
2025-02-20,Deckers,DECK,150.02000427246094,https://query2.finance.yahoo.com/v8/finance/chart/DECK
2025-02-21,Deckers,DECK,146.57000732421875,https://query2.finance.yahoo.com/v8/finance/chart/DECK
2025-02-24,Deckers,DECK,140.11000061035156,https://query2.finance.yahoo.com/v8/finance/chart/DECK
2025-02-25,Deckers,DECK,142.7899932861328,https://query2.finance.yahoo.com/v8/finance/chart/DECK
2025-02-26,Deckers,DECK,144.97000122070312,https://query2.finance.yahoo.com/v8/finance/chart/DECK
2025-02-27,Deckers,DECK,138.49000549316406,https://query2.finance.yahoo.com/v8/finance/chart/DECK
2025-02-28,Deckers,DECK,139.36000061035156,https://query2.finance.yahoo.com/v8/finance/chart/DECK
2025-03-03,Deckers,DECK,137.24000549316406,https://query2.finance.yahoo.com/v8/finance/chart/DECK
2025-03-04,Deckers,DECK,133.77999877929688,https://query2.finance.yahoo.com/v8/finance/chart/DECK
2025-03-05,Deckers,DECK,136.08999633789062,https://query2.finance.yahoo.com/v8/finance/chart/DECK
2025-03-06,Deckers,DECK,131.92999267578125,https://query2.finance.yahoo.com/v8/finance/chart/DECK
2025-03-07,Deckers,DECK,126.72000122070312,https://query2.finance.yahoo.com/v8/finance/chart/DECK
2025-03-10,Deckers,DECK,121.11000061035156,https://query2.finance.yahoo.com/v8/finance/chart/DECK
2025-03-11,Deckers,DECK,120.52999877929688,https://query2.finance.yahoo.com/v8/finance/chart/DECK
2025-03-12,Deckers,DECK,121.58000183105467,https://query2.finance.yahoo.com/v8/finance/chart/DECK
2025-03-13,Deckers,DECK,117.04000091552734,https://query2.finance.yahoo.com/v8/finance/chart/DECK
2025-03-14,Deckers,DECK,118.68000030517578,https://query2.finance.yahoo.com/v8/finance/chart/DECK
2025-03-17,Deckers,DECK,117.4800033569336,https://query2.finance.yahoo.com/v8/finance/chart/DECK
2025-03-18,Deckers,DECK,115.3000030517578,https://query2.finance.yahoo.com/v8/finance/chart/DECK
2025-03-19,Deckers,DECK,119.0500030517578,https://query2.finance.yahoo.com/v8/finance/chart/DECK
2025-03-20,Deckers,DECK,115.66999816894533,https://query2.finance.yahoo.com/v8/finance/chart/DECK
2025-03-21,Deckers,DECK,117.86000061035156,https://query2.finance.yahoo.com/v8/finance/chart/DECK
2025-03-24,Deckers,DECK,124.68000030517578,https://query2.finance.yahoo.com/v8/finance/chart/DECK
2025-03-25,Deckers,DECK,122.97000122070312,https://query2.finance.yahoo.com/v8/finance/chart/DECK
2025-03-26,Deckers,DECK,118.16000366210938,https://query2.finance.yahoo.com/v8/finance/chart/DECK
2025-03-27,Deckers,DECK,116.9499969482422,https://query2.finance.yahoo.com/v8/finance/chart/DECK
2025-03-28,Deckers,DECK,111.55999755859376,https://query2.finance.yahoo.com/v8/finance/chart/DECK
2025-03-31,Deckers,DECK,111.80999755859376,https://query2.finance.yahoo.com/v8/finance/chart/DECK
2025-04-01,Deckers,DECK,113.3499984741211,https://query2.finance.yahoo.com/v8/finance/chart/DECK
2025-04-02,Deckers,DECK,117.9800033569336,https://query2.finance.yahoo.com/v8/finance/chart/DECK
2025-04-03,Deckers,DECK,100.87999725341795,https://query2.finance.yahoo.com/v8/finance/chart/DECK
2025-04-04,Deckers,DECK,106.0199966430664,https://query2.finance.yahoo.com/v8/finance/chart/DECK
2025-04-07,Deckers,DECK,106.12999725341795,https://query2.finance.yahoo.com/v8/finance/chart/DECK
2025-04-08,Deckers,DECK,101.87999725341795,https://query2.finance.yahoo.com/v8/finance/chart/DECK
2025-04-09,Deckers,DECK,116.05999755859376,https://query2.finance.yahoo.com/v8/finance/chart/DECK
2025-04-10,Deckers,DECK,109.62999725341795,https://query2.finance.yahoo.com/v8/finance/chart/DECK
2025-04-11,Deckers,DECK,109.0500030517578,https://query2.finance.yahoo.com/v8/finance/chart/DECK
2025-04-14,Deckers,DECK,107.1500015258789,https://query2.finance.yahoo.com/v8/finance/chart/DECK
2025-04-15,Deckers,DECK,104.18000030517578,https://query2.finance.yahoo.com/v8/finance/chart/DECK
2025-04-16,Deckers,DECK,103.0199966430664,https://query2.finance.yahoo.com/v8/finance/chart/DECK
2025-04-17,Deckers,DECK,105.66999816894533,https://query2.finance.yahoo.com/v8/finance/chart/DECK
2025-04-21,Deckers,DECK,103.5500030517578,https://query2.finance.yahoo.com/v8/finance/chart/DECK
2025-04-22,Deckers,DECK,106.41999816894533,https://query2.finance.yahoo.com/v8/finance/chart/DECK
2025-04-23,Deckers,DECK,106.66000366210938,https://query2.finance.yahoo.com/v8/finance/chart/DECK
2025-04-24,Deckers,DECK,110.6500015258789,https://query2.finance.yahoo.com/v8/finance/chart/DECK
2025-04-25,Deckers,DECK,109.19000244140624,https://query2.finance.yahoo.com/v8/finance/chart/DECK
2025-04-28,Deckers,DECK,109.1500015258789,https://query2.finance.yahoo.com/v8/finance/chart/DECK
2025-04-29,Deckers,DECK,111.69000244140624,https://query2.finance.yahoo.com/v8/finance/chart/DECK
2025-04-30,Deckers,DECK,110.83000183105467,https://query2.finance.yahoo.com/v8/finance/chart/DECK
2025-05-01,Deckers,DECK,111.12999725341795,https://query2.finance.yahoo.com/v8/finance/chart/DECK
2025-05-02,Deckers,DECK,116.94000244140624,https://query2.finance.yahoo.com/v8/finance/chart/DECK
2025-05-05,Deckers,DECK,118.33000183105467,https://query2.finance.yahoo.com/v8/finance/chart/DECK
2025-05-06,Deckers,DECK,117.06999969482422,https://query2.finance.yahoo.com/v8/finance/chart/DECK
2025-05-07,Deckers,DECK,120.86000061035156,https://query2.finance.yahoo.com/v8/finance/chart/DECK
2025-05-08,Deckers,DECK,125.62000274658205,https://query2.finance.yahoo.com/v8/finance/chart/DECK
2025-05-09,Deckers,DECK,121.06999969482422,https://query2.finance.yahoo.com/v8/finance/chart/DECK
2025-05-12,Deckers,DECK,126.08000183105467,https://query2.finance.yahoo.com/v8/finance/chart/DECK
2025-05-13,Deckers,DECK,129.3699951171875,https://query2.finance.yahoo.com/v8/finance/chart/DECK
2025-05-14,Deckers,DECK,127.36000061035156,https://query2.finance.yahoo.com/v8/finance/chart/DECK
2025-05-15,Deckers,DECK,126.94000244140624,https://query2.finance.yahoo.com/v8/finance/chart/DECK
2025-05-16,Deckers,DECK,127.91000366210938,https://query2.finance.yahoo.com/v8/finance/chart/DECK
2025-05-19,Deckers,DECK,127.41000366210938,https://query2.finance.yahoo.com/v8/finance/chart/DECK
2025-05-20,Deckers,DECK,128.83999633789062,https://query2.finance.yahoo.com/v8/finance/chart/DECK
2025-05-21,Deckers,DECK,123.36000061035156,https://query2.finance.yahoo.com/v8/finance/chart/DECK
2025-05-22,Deckers,DECK,126.08999633789062,https://query2.finance.yahoo.com/v8/finance/chart/DECK
2025-05-23,Deckers,DECK,101.0500030517578,https://query2.finance.yahoo.com/v8/finance/chart/DECK
2025-05-27,Deckers,DECK,108.95999908447266,https://query2.finance.yahoo.com/v8/finance/chart/DECK
2025-05-28,Deckers,DECK,104.31999969482422,https://query2.finance.yahoo.com/v8/finance/chart/DECK
2025-05-29,Deckers,DECK,107.2699966430664,https://query2.finance.yahoo.com/v8/finance/chart/DECK
2025-05-30,Deckers,DECK,105.5199966430664,https://query2.finance.yahoo.com/v8/finance/chart/DECK
2025-06-02,Deckers,DECK,105.01000213623048,https://query2.finance.yahoo.com/v8/finance/chart/DECK
2025-06-03,Deckers,DECK,105.83000183105467,https://query2.finance.yahoo.com/v8/finance/chart/DECK
2025-06-04,Deckers,DECK,105.80999755859376,https://query2.finance.yahoo.com/v8/finance/chart/DECK
2025-06-05,Deckers,DECK,108.31999969482422,https://query2.finance.yahoo.com/v8/finance/chart/DECK
2025-06-06,Deckers,DECK,109.22000122070312,https://query2.finance.yahoo.com/v8/finance/chart/DECK
2025-06-09,Deckers,DECK,110.91000366210938,https://query2.finance.yahoo.com/v8/finance/chart/DECK
2025-06-10,Deckers,DECK,110.0,https://query2.finance.yahoo.com/v8/finance/chart/DECK
2025-06-11,Deckers,DECK,107.93000030517578,https://query2.finance.yahoo.com/v8/finance/chart/DECK
2025-06-12,Deckers,DECK,107.6999969482422,https://query2.finance.yahoo.com/v8/finance/chart/DECK
2025-06-13,Deckers,DECK,101.4800033569336,https://query2.finance.yahoo.com/v8/finance/chart/DECK
2025-06-16,Deckers,DECK,103.62999725341795,https://query2.finance.yahoo.com/v8/finance/chart/DECK
2025-06-17,Deckers,DECK,102.61000061035156,https://query2.finance.yahoo.com/v8/finance/chart/DECK
2025-06-18,Deckers,DECK,101.0,https://query2.finance.yahoo.com/v8/finance/chart/DECK
2025-06-20,Deckers,DECK,101.69000244140624,https://query2.finance.yahoo.com/v8/finance/chart/DECK
2025-06-23,Deckers,DECK,100.44000244140624,https://query2.finance.yahoo.com/v8/finance/chart/DECK
2025-06-24,Deckers,DECK,102.22000122070312,https://query2.finance.yahoo.com/v8/finance/chart/DECK
2025-06-25,Deckers,DECK,101.04000091552734,https://query2.finance.yahoo.com/v8/finance/chart/DECK
2025-06-26,Deckers,DECK,101.93000030517578,https://query2.finance.yahoo.com/v8/finance/chart/DECK
2025-06-27,Deckers,DECK,104.1999969482422,https://query2.finance.yahoo.com/v8/finance/chart/DECK
2025-06-30,Deckers,DECK,103.06999969482422,https://query2.finance.yahoo.com/v8/finance/chart/DECK
2025-07-01,Deckers,DECK,105.4000015258789,https://query2.finance.yahoo.com/v8/finance/chart/DECK
2025-07-02,Deckers,DECK,106.26000213623048,https://query2.finance.yahoo.com/v8/finance/chart/DECK
2025-07-03,Deckers,DECK,106.1999969482422,https://query2.finance.yahoo.com/v8/finance/chart/DECK
2025-07-07,Deckers,DECK,105.75,https://query2.finance.yahoo.com/v8/finance/chart/DECK
2025-07-08,Deckers,DECK,105.29000091552734,https://query2.finance.yahoo.com/v8/finance/chart/DECK
2025-07-09,Deckers,DECK,104.91000366210938,https://query2.finance.yahoo.com/v8/finance/chart/DECK
2025-07-10,Deckers,DECK,104.9499969482422,https://query2.finance.yahoo.com/v8/finance/chart/DECK
2025-07-11,Deckers,DECK,101.7300033569336,https://query2.finance.yahoo.com/v8/finance/chart/DECK
2025-07-14,Deckers,DECK,98.37999725341795,https://query2.finance.yahoo.com/v8/finance/chart/DECK
2025-07-15,Deckers,DECK,95.31999969482422,https://query2.finance.yahoo.com/v8/finance/chart/DECK
2025-07-16,Deckers,DECK,97.87999725341795,https://query2.finance.yahoo.com/v8/finance/chart/DECK
2025-07-17,Deckers,DECK,101.22000122070312,https://query2.finance.yahoo.com/v8/finance/chart/DECK
2025-07-18,Deckers,DECK,101.91000366210938,https://query2.finance.yahoo.com/v8/finance/chart/DECK
2025-07-21,Deckers,DECK,105.0999984741211,https://query2.finance.yahoo.com/v8/finance/chart/DECK
2025-07-22,Deckers,DECK,105.69000244140624,https://query2.finance.yahoo.com/v8/finance/chart/DECK
2025-07-23,Deckers,DECK,108.08999633789062,https://query2.finance.yahoo.com/v8/finance/chart/DECK
2025-07-24,Deckers,DECK,104.94000244140624,https://query2.finance.yahoo.com/v8/finance/chart/DECK
2025-07-25,Deckers,DECK,116.8499984741211,https://query2.finance.yahoo.com/v8/finance/chart/DECK
2025-07-28,Deckers,DECK,112.38999938964844,https://query2.finance.yahoo.com/v8/finance/chart/DECK
2025-07-29,Deckers,DECK,112.11000061035156,https://query2.finance.yahoo.com/v8/finance/chart/DECK
2025-07-30,Deckers,DECK,110.5999984741211,https://query2.finance.yahoo.com/v8/finance/chart/DECK
2025-07-31,Deckers,DECK,106.16999816894533,https://query2.finance.yahoo.com/v8/finance/chart/DECK
2025-08-01,Deckers,DECK,103.3499984741211,https://query2.finance.yahoo.com/v8/finance/chart/DECK
2025-08-04,Deckers,DECK,105.12999725341795,https://query2.finance.yahoo.com/v8/finance/chart/DECK
2025-08-05,Deckers,DECK,105.91000366210938,https://query2.finance.yahoo.com/v8/finance/chart/DECK
2025-08-06,Deckers,DECK,105.72000122070312,https://query2.finance.yahoo.com/v8/finance/chart/DECK
2025-08-07,Deckers,DECK,101.88999938964844,https://query2.finance.yahoo.com/v8/finance/chart/DECK
2025-08-08,Deckers,DECK,101.68000030517578,https://query2.finance.yahoo.com/v8/finance/chart/DECK
2025-08-11,Deckers,DECK,100.47000122070312,https://query2.finance.yahoo.com/v8/finance/chart/DECK
2025-08-12,Deckers,DECK,103.73999786376952,https://query2.finance.yahoo.com/v8/finance/chart/DECK
2025-08-13,Deckers,DECK,106.4800033569336,https://query2.finance.yahoo.com/v8/finance/chart/DECK
2025-08-14,Deckers,DECK,103.86000061035156,https://query2.finance.yahoo.com/v8/finance/chart/DECK
2025-08-15,Deckers,DECK,102.95999908447266,https://query2.finance.yahoo.com/v8/finance/chart/DECK
2025-08-18,Deckers,DECK,105.58000183105467,https://query2.finance.yahoo.com/v8/finance/chart/DECK
2025-08-19,Deckers,DECK,105.5199966430664,https://query2.finance.yahoo.com/v8/finance/chart/DECK
2025-08-20,Deckers,DECK,104.0500030517578,https://query2.finance.yahoo.com/v8/finance/chart/DECK
2025-08-21,Deckers,DECK,104.69000244140624,https://query2.finance.yahoo.com/v8/finance/chart/DECK
2025-08-22,Deckers,DECK,109.0999984741211,https://query2.finance.yahoo.com/v8/finance/chart/DECK
2025-08-25,Deckers,DECK,113.02999877929688,https://query2.finance.yahoo.com/v8/finance/chart/DECK
2025-08-26,Deckers,DECK,113.69000244140624,https://query2.finance.yahoo.com/v8/finance/chart/DECK
2025-08-27,Deckers,DECK,116.7300033569336,https://query2.finance.yahoo.com/v8/finance/chart/DECK
2025-08-28,Deckers,DECK,118.13999938964844,https://query2.finance.yahoo.com/v8/finance/chart/DECK
2025-08-29,Deckers,DECK,119.62999725341795,https://query2.finance.yahoo.com/v8/finance/chart/DECK
2025-09-02,Deckers,DECK,122.87999725341795,https://query2.finance.yahoo.com/v8/finance/chart/DECK
2025-09-03,Deckers,DECK,123.66999816894533,https://query2.finance.yahoo.com/v8/finance/chart/DECK
2025-09-04,Deckers,DECK,123.91000366210938,https://query2.finance.yahoo.com/v8/finance/chart/DECK
2025-09-05,Deckers,DECK,120.4000015258789,https://query2.finance.yahoo.com/v8/finance/chart/DECK
2025-09-08,Deckers,DECK,117.16999816894533,https://query2.finance.yahoo.com/v8/finance/chart/DECK
2025-09-09,Deckers,DECK,115.41000366210938,https://query2.finance.yahoo.com/v8/finance/chart/DECK
2025-09-10,Deckers,DECK,114.12999725341795,https://query2.finance.yahoo.com/v8/finance/chart/DECK
2025-09-11,Deckers,DECK,117.87000274658205,https://query2.finance.yahoo.com/v8/finance/chart/DECK
2025-09-12,Deckers,DECK,118.5,https://query2.finance.yahoo.com/v8/finance/chart/DECK
2025-09-15,Deckers,DECK,118.66000366210938,https://query2.finance.yahoo.com/v8/finance/chart/DECK
2025-09-16,Deckers,DECK,118.69000244140624,https://query2.finance.yahoo.com/v8/finance/chart/DECK
2025-09-17,Deckers,DECK,118.68000030517578,https://query2.finance.yahoo.com/v8/finance/chart/DECK
2025-09-18,Deckers,DECK,115.43000030517578,https://query2.finance.yahoo.com/v8/finance/chart/DECK
2025-09-19,Deckers,DECK,113.79000091552734,https://query2.finance.yahoo.com/v8/finance/chart/DECK
2025-09-22,Deckers,DECK,113.22000122070312,https://query2.finance.yahoo.com/v8/finance/chart/DECK
2025-09-23,Deckers,DECK,112.02999877929688,https://query2.finance.yahoo.com/v8/finance/chart/DECK
2025-09-24,Deckers,DECK,111.2300033569336,https://query2.finance.yahoo.com/v8/finance/chart/DECK
2025-09-25,Deckers,DECK,105.83000183105467,https://query2.finance.yahoo.com/v8/finance/chart/DECK
2025-09-26,Deckers,DECK,105.7699966430664,https://query2.finance.yahoo.com/v8/finance/chart/DECK
2025-09-29,Deckers,DECK,103.27999877929688,https://query2.finance.yahoo.com/v8/finance/chart/DECK
2025-09-30,Deckers,DECK,101.37000274658205,https://query2.finance.yahoo.com/v8/finance/chart/DECK
2025-10-01,Deckers,DECK,101.18000030517578,https://query2.finance.yahoo.com/v8/finance/chart/DECK
2025-10-02,Deckers,DECK,103.8000030517578,https://query2.finance.yahoo.com/v8/finance/chart/DECK
2025-10-03,Deckers,DECK,103.0500030517578,https://query2.finance.yahoo.com/v8/finance/chart/DECK
2025-10-06,Deckers,DECK,102.04000091552734,https://query2.finance.yahoo.com/v8/finance/chart/DECK
2025-10-07,Deckers,DECK,97.9800033569336,https://query2.finance.yahoo.com/v8/finance/chart/DECK
2025-10-08,Deckers,DECK,101.58000183105467,https://query2.finance.yahoo.com/v8/finance/chart/DECK
2025-10-09,Deckers,DECK,98.8499984741211,https://query2.finance.yahoo.com/v8/finance/chart/DECK
2025-10-10,Deckers,DECK,95.06999969482422,https://query2.finance.yahoo.com/v8/finance/chart/DECK
2025-10-13,Deckers,DECK,98.30999755859376,https://query2.finance.yahoo.com/v8/finance/chart/DECK
2025-10-14,Deckers,DECK,99.27999877929688,https://query2.finance.yahoo.com/v8/finance/chart/DECK
2025-10-15,Deckers,DECK,96.44000244140624,https://query2.finance.yahoo.com/v8/finance/chart/DECK
2025-10-16,Deckers,DECK,99.05999755859376,https://query2.finance.yahoo.com/v8/finance/chart/DECK
2025-10-17,Deckers,DECK,99.81999969482422,https://query2.finance.yahoo.com/v8/finance/chart/DECK
2025-10-20,Deckers,DECK,100.19000244140624,https://query2.finance.yahoo.com/v8/finance/chart/DECK
2025-10-21,Deckers,DECK,102.95999908447266,https://query2.finance.yahoo.com/v8/finance/chart/DECK
2025-10-22,Deckers,DECK,100.88999938964844,https://query2.finance.yahoo.com/v8/finance/chart/DECK
2025-10-23,Deckers,DECK,102.54000091552734,https://query2.finance.yahoo.com/v8/finance/chart/DECK
2025-10-24,Deckers,DECK,86.94000244140625,https://query2.finance.yahoo.com/v8/finance/chart/DECK
2025-10-27,Deckers,DECK,90.47000122070312,https://query2.finance.yahoo.com/v8/finance/chart/DECK
2025-10-28,Deckers,DECK,87.61000061035156,https://query2.finance.yahoo.com/v8/finance/chart/DECK
2025-10-29,Deckers,DECK,83.83999633789062,https://query2.finance.yahoo.com/v8/finance/chart/DECK
2025-10-30,Deckers,DECK,80.88999938964844,https://query2.finance.yahoo.com/v8/finance/chart/DECK
2025-10-31,Deckers,DECK,81.5,https://query2.finance.yahoo.com/v8/finance/chart/DECK
2025-11-03,Deckers,DECK,81.12000274658203,https://query2.finance.yahoo.com/v8/finance/chart/DECK
2025-11-04,Deckers,DECK,79.54000091552734,https://query2.finance.yahoo.com/v8/finance/chart/DECK
2025-11-05,Deckers,DECK,81.80999755859375,https://query2.finance.yahoo.com/v8/finance/chart/DECK
2025-11-06,Deckers,DECK,79.80999755859375,https://query2.finance.yahoo.com/v8/finance/chart/DECK
2025-11-07,Deckers,DECK,81.7699966430664,https://query2.finance.yahoo.com/v8/finance/chart/DECK
2025-11-10,Deckers,DECK,79.83999633789062,https://query2.finance.yahoo.com/v8/finance/chart/DECK
2025-11-11,Deckers,DECK,82.70999908447266,https://query2.finance.yahoo.com/v8/finance/chart/DECK
2025-11-12,Deckers,DECK,84.38999938964844,https://query2.finance.yahoo.com/v8/finance/chart/DECK
2025-11-13,Deckers,DECK,83.0999984741211,https://query2.finance.yahoo.com/v8/finance/chart/DECK
2025-11-14,Deckers,DECK,82.81999969482422,https://query2.finance.yahoo.com/v8/finance/chart/DECK
2025-11-17,Deckers,DECK,80.72000122070312,https://query2.finance.yahoo.com/v8/finance/chart/DECK
2025-11-18,Deckers,DECK,83.7699966430664,https://query2.finance.yahoo.com/v8/finance/chart/DECK
2025-11-19,Deckers,DECK,83.01000213623047,https://query2.finance.yahoo.com/v8/finance/chart/DECK
2025-11-20,Deckers,DECK,81.4800033569336,https://query2.finance.yahoo.com/v8/finance/chart/DECK
2025-11-21,Deckers,DECK,85.12999725341797,https://query2.finance.yahoo.com/v8/finance/chart/DECK
2025-11-24,Deckers,DECK,83.12999725341797,https://query2.finance.yahoo.com/v8/finance/chart/DECK
2025-11-25,Deckers,DECK,85.47000122070312,https://query2.finance.yahoo.com/v8/finance/chart/DECK
2025-11-26,Deckers,DECK,87.19000244140625,https://query2.finance.yahoo.com/v8/finance/chart/DECK
2025-11-28,Deckers,DECK,88.02999877929688,https://query2.finance.yahoo.com/v8/finance/chart/DECK
2025-12-01,Deckers,DECK,92.0199966430664,https://query2.finance.yahoo.com/v8/finance/chart/DECK
2025-12-02,Deckers,DECK,91.7699966430664,https://query2.finance.yahoo.com/v8/finance/chart/DECK
2025-12-03,Deckers,DECK,94.97000122070312,https://query2.finance.yahoo.com/v8/finance/chart/DECK
2025-12-04,Deckers,DECK,96.25,https://query2.finance.yahoo.com/v8/finance/chart/DECK
2025-12-05,Deckers,DECK,99.6999969482422,https://query2.finance.yahoo.com/v8/finance/chart/DECK
2025-12-08,Deckers,DECK,101.20999908447266,https://query2.finance.yahoo.com/v8/finance/chart/DECK
2025-12-09,Deckers,DECK,100.80999755859376,https://query2.finance.yahoo.com/v8/finance/chart/DECK
2025-12-10,Deckers,DECK,100.70999908447266,https://query2.finance.yahoo.com/v8/finance/chart/DECK
2025-12-11,Deckers,DECK,101.36000061035156,https://query2.finance.yahoo.com/v8/finance/chart/DECK
2025-12-12,Deckers,DECK,101.18000030517578,https://query2.finance.yahoo.com/v8/finance/chart/DECK
2025-12-15,Deckers,DECK,103.98999786376952,https://query2.finance.yahoo.com/v8/finance/chart/DECK
2025-12-16,Deckers,DECK,104.1999969482422,https://query2.finance.yahoo.com/v8/finance/chart/DECK
2025-12-17,Deckers,DECK,102.38999938964844,https://query2.finance.yahoo.com/v8/finance/chart/DECK
2025-12-18,Deckers,DECK,100.5500030517578,https://query2.finance.yahoo.com/v8/finance/chart/DECK
2025-12-19,Deckers,DECK,99.47000122070312,https://query2.finance.yahoo.com/v8/finance/chart/DECK
2025-12-22,Deckers,DECK,101.91000366210938,https://query2.finance.yahoo.com/v8/finance/chart/DECK
2025-12-23,Deckers,DECK,100.68000030517578,https://query2.finance.yahoo.com/v8/finance/chart/DECK
2025-12-24,Deckers,DECK,100.9499969482422,https://query2.finance.yahoo.com/v8/finance/chart/DECK
2025-12-26,Deckers,DECK,103.08999633789062,https://query2.finance.yahoo.com/v8/finance/chart/DECK
2025-12-29,Deckers,DECK,103.70999908447266,https://query2.finance.yahoo.com/v8/finance/chart/DECK
2025-12-30,Deckers,DECK,105.02999877929688,https://query2.finance.yahoo.com/v8/finance/chart/DECK
2025-12-31,Deckers,DECK,103.66999816894533,https://query2.finance.yahoo.com/v8/finance/chart/DECK
2026-01-02,Deckers,DECK,106.79000091552734,https://query2.finance.yahoo.com/v8/finance/chart/DECK
2026-01-05,Deckers,DECK,108.0999984741211,https://query2.finance.yahoo.com/v8/finance/chart/DECK
2026-01-06,Deckers,DECK,107.45999908447266,https://query2.finance.yahoo.com/v8/finance/chart/DECK
2026-01-07,Deckers,DECK,103.04000091552734,https://query2.finance.yahoo.com/v8/finance/chart/DECK
2026-01-08,Deckers,DECK,107.36000061035156,https://query2.finance.yahoo.com/v8/finance/chart/DECK
2026-01-09,Deckers,DECK,103.76000213623048,https://query2.finance.yahoo.com/v8/finance/chart/DECK
2026-01-12,Deckers,DECK,101.80999755859376,https://query2.finance.yahoo.com/v8/finance/chart/DECK
2026-01-13,Deckers,DECK,101.70999908447266,https://query2.finance.yahoo.com/v8/finance/chart/DECK
2026-01-14,Deckers,DECK,101.4000015258789,https://query2.finance.yahoo.com/v8/finance/chart/DECK
2026-01-15,Deckers,DECK,103.06999969482422,https://query2.finance.yahoo.com/v8/finance/chart/DECK
2026-01-16,Deckers,DECK,100.69000244140624,https://query2.finance.yahoo.com/v8/finance/chart/DECK
2026-01-20,Deckers,DECK,97.9800033569336,https://query2.finance.yahoo.com/v8/finance/chart/DECK
2026-01-21,Deckers,DECK,101.94000244140624,https://query2.finance.yahoo.com/v8/finance/chart/DECK
2026-01-22,Deckers,DECK,101.62000274658205,https://query2.finance.yahoo.com/v8/finance/chart/DECK
2026-01-23,Deckers,DECK,99.9800033569336,https://query2.finance.yahoo.com/v8/finance/chart/DECK
2026-01-26,Deckers,DECK,101.3000030517578,https://query2.finance.yahoo.com/v8/finance/chart/DECK
2026-01-27,Deckers,DECK,100.16000366210938,https://query2.finance.yahoo.com/v8/finance/chart/DECK
2026-01-28,Deckers,DECK,97.62000274658205,https://query2.finance.yahoo.com/v8/finance/chart/DECK
2026-01-29,Deckers,DECK,99.9000015258789,https://query2.finance.yahoo.com/v8/finance/chart/DECK
2026-01-30,Deckers,DECK,119.33999633789062,https://query2.finance.yahoo.com/v8/finance/chart/DECK
2026-02-02,Deckers,DECK,116.25,https://query2.finance.yahoo.com/v8/finance/chart/DECK
2026-02-03,Deckers,DECK,113.33999633789062,https://query2.finance.yahoo.com/v8/finance/chart/DECK
2026-02-04,Deckers,DECK,112.25,https://query2.finance.yahoo.com/v8/finance/chart/DECK
2026-02-05,Deckers,DECK,111.16999816894533,https://query2.finance.yahoo.com/v8/finance/chart/DECK
2026-02-06,Deckers,DECK,115.4499969482422,https://query2.finance.yahoo.com/v8/finance/chart/DECK
2026-02-09,Deckers,DECK,114.5,https://query2.finance.yahoo.com/v8/finance/chart/DECK
2026-02-10,Deckers,DECK,115.51000213623048,https://query2.finance.yahoo.com/v8/finance/chart/DECK
2026-02-11,Deckers,DECK,115.36000061035156,https://query2.finance.yahoo.com/v8/finance/chart/DECK
2026-02-12,Deckers,DECK,116.0199966430664,https://query2.finance.yahoo.com/v8/finance/chart/DECK
2026-02-13,Deckers,DECK,115.7300033569336,https://query2.finance.yahoo.com/v8/finance/chart/DECK
2026-02-17,Deckers,DECK,117.3499984741211,https://query2.finance.yahoo.com/v8/finance/chart/DECK
2026-02-18,Deckers,DECK,118.88999938964844,https://query2.finance.yahoo.com/v8/finance/chart/DECK
2026-02-19,Deckers,DECK,118.06999969482422,https://query2.finance.yahoo.com/v8/finance/chart/DECK
2026-02-20,Deckers,DECK,118.69000244140624,https://query2.finance.yahoo.com/v8/finance/chart/DECK
2026-02-23,Deckers,DECK,118.16999816894533,https://query2.finance.yahoo.com/v8/finance/chart/DECK
2026-02-24,Deckers,DECK,120.94000244140624,https://query2.finance.yahoo.com/v8/finance/chart/DECK
2026-02-25,Deckers,DECK,119.41999816894533,https://query2.finance.yahoo.com/v8/finance/chart/DECK
2026-02-26,Deckers,DECK,119.41000366210938,https://query2.finance.yahoo.com/v8/finance/chart/DECK
2026-02-27,Deckers,DECK,117.2699966430664,https://query2.finance.yahoo.com/v8/finance/chart/DECK
2026-03-02,Deckers,DECK,114.51000213623048,https://query2.finance.yahoo.com/v8/finance/chart/DECK
2026-03-03,Deckers,DECK,109.86000061035156,https://query2.finance.yahoo.com/v8/finance/chart/DECK
2026-03-04,Deckers,DECK,108.73999786376952,https://query2.finance.yahoo.com/v8/finance/chart/DECK
2026-03-05,Deckers,DECK,107.58000183105467,https://query2.finance.yahoo.com/v8/finance/chart/DECK
2026-03-06,Deckers,DECK,104.25,https://query2.finance.yahoo.com/v8/finance/chart/DECK
2026-03-09,Deckers,DECK,104.31999969482422,https://query2.finance.yahoo.com/v8/finance/chart/DECK
2026-03-10,Deckers,DECK,105.26000213623048,https://query2.finance.yahoo.com/v8/finance/chart/DECK
2026-03-11,Deckers,DECK,102.72000122070312,https://query2.finance.yahoo.com/v8/finance/chart/DECK
2026-03-12,Deckers,DECK,100.69000244140624,https://query2.finance.yahoo.com/v8/finance/chart/DECK
2026-03-13,Deckers,DECK,100.77999877929688,https://query2.finance.yahoo.com/v8/finance/chart/DECK
2026-03-16,Deckers,DECK,101.70999908447266,https://query2.finance.yahoo.com/v8/finance/chart/DECK
2026-03-17,Deckers,DECK,104.70999908447266,https://query2.finance.yahoo.com/v8/finance/chart/DECK
2026-03-18,Deckers,DECK,104.54000091552734,https://query2.finance.yahoo.com/v8/finance/chart/DECK
2026-03-19,Deckers,DECK,104.91000366210938,https://query2.finance.yahoo.com/v8/finance/chart/DECK
2026-03-20,Deckers,DECK,100.43000030517578,https://query2.finance.yahoo.com/v8/finance/chart/DECK
2026-03-23,Deckers,DECK,102.4499969482422,https://query2.finance.yahoo.com/v8/finance/chart/DECK
2026-03-24,Deckers,DECK,101.38999938964844,https://query2.finance.yahoo.com/v8/finance/chart/DECK
2026-03-25,Deckers,DECK,100.0500030517578,https://query2.finance.yahoo.com/v8/finance/chart/DECK
2026-03-26,Deckers,DECK,93.69000244140624,https://query2.finance.yahoo.com/v8/finance/chart/DECK
2026-03-27,Deckers,DECK,94.0500030517578,https://query2.finance.yahoo.com/v8/finance/chart/DECK
2026-03-30,Deckers,DECK,94.97000122070312,https://query2.finance.yahoo.com/v8/finance/chart/DECK
2026-03-31,Deckers,DECK,100.08999633789062,https://query2.finance.yahoo.com/v8/finance/chart/DECK
2026-04-01,Deckers,DECK,100.91000366210938,https://query2.finance.yahoo.com/v8/finance/chart/DECK
2026-04-02,Deckers,DECK,98.30999755859376,https://query2.finance.yahoo.com/v8/finance/chart/DECK
2026-04-06,Deckers,DECK,101.63999938964844,https://query2.finance.yahoo.com/v8/finance/chart/DECK
2026-04-07,Deckers,DECK,100.26000213623048,https://query2.finance.yahoo.com/v8/finance/chart/DECK
2026-04-08,Deckers,DECK,106.3499984741211,https://query2.finance.yahoo.com/v8/finance/chart/DECK
2026-04-09,Deckers,DECK,109.7699966430664,https://query2.finance.yahoo.com/v8/finance/chart/DECK
2026-04-10,Deckers,DECK,107.86000061035156,https://query2.finance.yahoo.com/v8/finance/chart/DECK
2026-04-13,Deckers,DECK,108.13999938964844,https://query2.finance.yahoo.com/v8/finance/chart/DECK
2026-04-14,Deckers,DECK,107.80999755859376,https://query2.finance.yahoo.com/v8/finance/chart/DECK
2026-04-15,Deckers,DECK,108.87000274658205,https://query2.finance.yahoo.com/v8/finance/chart/DECK
2026-04-16,Deckers,DECK,108.33000183105467,https://query2.finance.yahoo.com/v8/finance/chart/DECK
2026-04-17,Deckers,DECK,112.5,https://query2.finance.yahoo.com/v8/finance/chart/DECK
2026-04-20,Deckers,DECK,111.05999755859376,https://query2.finance.yahoo.com/v8/finance/chart/DECK
2026-04-21,Deckers,DECK,110.16999816894533,https://query2.finance.yahoo.com/v8/finance/chart/DECK
2026-04-22,Deckers,DECK,107.69000244140624,https://query2.finance.yahoo.com/v8/finance/chart/DECK
2026-04-23,Deckers,DECK,107.70999908447266,https://query2.finance.yahoo.com/v8/finance/chart/DECK
2026-04-24,Deckers,DECK,108.52999877929688,https://query2.finance.yahoo.com/v8/finance/chart/DECK
2026-04-27,Deckers,DECK,106.7699966430664,https://query2.finance.yahoo.com/v8/finance/chart/DECK
2026-04-28,Deckers,DECK,106.18000030517578,https://query2.finance.yahoo.com/v8/finance/chart/DECK
2026-04-29,Deckers,DECK,101.33999633789062,https://query2.finance.yahoo.com/v8/finance/chart/DECK
2026-04-30,Deckers,DECK,102.1999969482422,https://query2.finance.yahoo.com/v8/finance/chart/DECK
2026-05-01,Deckers,DECK,100.87999725341795,https://query2.finance.yahoo.com/v8/finance/chart/DECK
2026-05-04,Deckers,DECK,97.6500015258789,https://query2.finance.yahoo.com/v8/finance/chart/DECK
2026-05-05,Deckers,DECK,98.54000091552734,https://query2.finance.yahoo.com/v8/finance/chart/DECK
2026-05-06,Deckers,DECK,103.91999816894533,https://query2.finance.yahoo.com/v8/finance/chart/DECK
2026-05-07,Deckers,DECK,102.72000122070312,https://query2.finance.yahoo.com/v8/finance/chart/DECK
2026-05-08,Deckers,DECK,100.41999816894533,https://query2.finance.yahoo.com/v8/finance/chart/DECK
2026-05-11,Deckers,DECK,96.6500015258789,https://query2.finance.yahoo.com/v8/finance/chart/DECK
2026-05-12,Deckers,DECK,94.88999938964844,https://query2.finance.yahoo.com/v8/finance/chart/DECK
2026-05-13,Deckers,DECK,93.93000030517578,https://query2.finance.yahoo.com/v8/finance/chart/DECK
2026-05-14,Deckers,DECK,94.97000122070312,https://query2.finance.yahoo.com/v8/finance/chart/DECK
2026-05-15,Deckers,DECK,93.55999755859376,https://query2.finance.yahoo.com/v8/finance/chart/DECK
2026-05-18,Deckers,DECK,94.61000061035156,https://query2.finance.yahoo.com/v8/finance/chart/DECK
2026-05-19,Deckers,DECK,94.2699966430664,https://query2.finance.yahoo.com/v8/finance/chart/DECK
2026-05-20,Deckers,DECK,98.23999786376952,https://query2.finance.yahoo.com/v8/finance/chart/DECK
2026-05-21,Deckers,DECK,102.62000274658205,https://query2.finance.yahoo.com/v8/finance/chart/DECK
2026-05-22,Deckers,DECK,106.66999816894533,https://query2.finance.yahoo.com/v8/finance/chart/DECK
2026-05-26,Deckers,DECK,111.44000244140624,https://query2.finance.yahoo.com/v8/finance/chart/DECK
2026-05-27,Deckers,DECK,114.37000274658205,https://query2.finance.yahoo.com/v8/finance/chart/DECK
2026-05-28,Deckers,DECK,114.30999755859376,https://query2.finance.yahoo.com/v8/finance/chart/DECK
2026-05-29,Deckers,DECK,113.8499984741211,https://query2.finance.yahoo.com/v8/finance/chart/DECK
2026-06-01,Deckers,DECK,110.81999969482422,https://query2.finance.yahoo.com/v8/finance/chart/DECK
2026-06-02,Deckers,DECK,110.79000091552734,https://query2.finance.yahoo.com/v8/finance/chart/DECK
2026-06-03,Deckers,DECK,107.36000061035156,https://query2.finance.yahoo.com/v8/finance/chart/DECK
2026-06-04,Deckers,DECK,108.95999908447266,https://query2.finance.yahoo.com/v8/finance/chart/DECK
2026-06-05,Deckers,DECK,108.12999725341795,https://query2.finance.yahoo.com/v8/finance/chart/DECK
2026-06-08,Deckers,DECK,109.7300033569336,https://query2.finance.yahoo.com/v8/finance/chart/DECK
2026-06-09,Deckers,DECK,112.4800033569336,https://query2.finance.yahoo.com/v8/finance/chart/DECK
2026-06-10,Deckers,DECK,111.18000030517578,https://query2.finance.yahoo.com/v8/finance/chart/DECK
2026-06-11,Deckers,DECK,114.37000274658205,https://query2.finance.yahoo.com/v8/finance/chart/DECK
2026-06-12,Deckers,DECK,113.83000183105467,https://query2.finance.yahoo.com/v8/finance/chart/DECK
2026-06-15,Deckers,DECK,112.5,https://query2.finance.yahoo.com/v8/finance/chart/DECK
2026-06-16,Deckers,DECK,110.16999816894533,https://query2.finance.yahoo.com/v8/finance/chart/DECK
2026-06-17,Deckers,DECK,105.72000122070312,https://query2.finance.yahoo.com/v8/finance/chart/DECK
2026-06-18,Deckers,DECK,109.11000061035156,https://query2.finance.yahoo.com/v8/finance/chart/DECK
2026-06-22,Deckers,DECK,105.56999969482422,https://query2.finance.yahoo.com/v8/finance/chart/DECK
2026-06-23,Deckers,DECK,103.62999725341795,https://query2.finance.yahoo.com/v8/finance/chart/DECK
2026-06-24,Deckers,DECK,105.6999969482422,https://query2.finance.yahoo.com/v8/finance/chart/DECK
2026-06-25,Deckers,DECK,102.58999633789062,https://query2.finance.yahoo.com/v8/finance/chart/DECK
2026-06-26,Deckers,DECK,104.55999755859376,https://query2.finance.yahoo.com/v8/finance/chart/DECK
2026-06-29,Deckers,DECK,101.27999877929688,https://query2.finance.yahoo.com/v8/finance/chart/DECK
2026-06-30,Deckers,DECK,99.29000091552734,https://query2.finance.yahoo.com/v8/finance/chart/DECK
2026-07-01,Deckers,DECK,100.33000183105467,https://query2.finance.yahoo.com/v8/finance/chart/DECK
2026-07-02,Deckers,DECK,104.69000244140624,https://query2.finance.yahoo.com/v8/finance/chart/DECK
2026-07-06,Deckers,DECK,105.66999816894533,https://query2.finance.yahoo.com/v8/finance/chart/DECK
2026-07-07,Deckers,DECK,106.08000183105467,https://query2.finance.yahoo.com/v8/finance/chart/DECK
2026-07-08,Deckers,DECK,102.22000122070312,https://query2.finance.yahoo.com/v8/finance/chart/DECK
2026-07-09,Deckers,DECK,104.26000213623048,https://query2.finance.yahoo.com/v8/finance/chart/DECK
2026-07-10,Deckers,DECK,105.98999786376952,https://query2.finance.yahoo.com/v8/finance/chart/DECK
2026-07-13,Deckers,DECK,107.8000030517578,https://query2.finance.yahoo.com/v8/finance/chart/DECK
2026-07-14,Deckers,DECK,106.5999984741211,https://query2.finance.yahoo.com/v8/finance/chart/DECK
2026-07-15,Deckers,DECK,106.52999877929688,https://query2.finance.yahoo.com/v8/finance/chart/DECK
2026-07-16,Deckers,DECK,109.02999877929688,https://query2.finance.yahoo.com/v8/finance/chart/DECK
2026-07-17,Deckers,DECK,106.48999786376952,https://query2.finance.yahoo.com/v8/finance/chart/DECK
2026-07-20,Deckers,DECK,104.04000091552734,https://query2.finance.yahoo.com/v8/finance/chart/DECK
2026-07-21,Deckers,DECK,103.30999755859376,https://query2.finance.yahoo.com/v8/finance/chart/DECK
2026-07-22,Deckers,DECK,102.47000122070312,https://query2.finance.yahoo.com/v8/finance/chart/DECK
2026-07-23,Deckers,DECK,96.2300033569336,https://query2.finance.yahoo.com/v8/finance/chart/DECK
2026-07-24,Deckers,DECK,96.04000091552734,https://query2.finance.yahoo.com/v8/finance/chart/DECK
2026-07-27,Deckers,DECK,97.7300033569336,https://query2.finance.yahoo.com/v8/finance/chart/DECK
2026-07-28,Deckers,DECK,103.91999816894533,https://query2.finance.yahoo.com/v8/finance/chart/DECK
2026-07-29,Deckers,DECK,103.54000091552734,https://query2.finance.yahoo.com/v8/finance/chart/DECK
2026-07-30,Deckers,DECK,99.69000244140624,https://query2.finance.yahoo.com/v8/finance/chart/DECK
2026-07-31,Deckers,DECK,96.87999725341795,https://query2.finance.yahoo.com/v8/finance/chart/DECK
2026-08-03,Deckers,DECK,99.5,https://query2.finance.yahoo.com/v8/finance/chart/DECK
2026-08-04,Deckers,DECK,99.87000274658205,https://query2.finance.yahoo.com/v8/finance/chart/DECK
2026-08-05,Deckers,DECK,99.30999755859376,https://query2.finance.yahoo.com/v8/finance/chart/DECK
2026-08-06,Deckers,DECK,97.87000274658205,https://query2.finance.yahoo.com/v8/finance/chart/DECK
2026-08-07,Deckers,DECK,97.45999908447266,https://query2.finance.yahoo.com/v8/finance/chart/DECK
2026-08-10,Deckers,DECK,97.44000244140624,https://query2.finance.yahoo.com/v8/finance/chart/DECK
2026-08-11,Deckers,DECK,93.83999633789062,https://query2.finance.yahoo.com/v8/finance/chart/DECK
2026-08-12,Deckers,DECK,91.1999969482422,https://query2.finance.yahoo.com/v8/finance/chart/DECK
2026-08-13,Deckers,DECK,93.3000030517578,https://query2.finance.yahoo.com/v8/finance/chart/DECK
2026-08-14,Deckers,DECK,93.08999633789062,https://query2.finance.yahoo.com/v8/finance/chart/DECK
2026-08-17,Deckers,DECK,90.11000061035156,https://query2.finance.yahoo.com/v8/finance/chart/DECK
2026-08-18,Deckers,DECK,89.51000213623047,https://query2.finance.yahoo.com/v8/finance/chart/DECK
2026-08-19,Deckers,DECK,91.56999969482422,https://query2.finance.yahoo.com/v8/finance/chart/DECK
2026-08-20,Deckers,DECK,88.86000061035156,https://query2.finance.yahoo.com/v8/finance/chart/DECK
2026-08-21,Deckers,DECK,91.68000030517578,https://query2.finance.yahoo.com/v8/finance/chart/DECK
2026-08-24,Deckers,DECK,92.08000183105467,https://query2.finance.yahoo.com/v8/finance/chart/DECK
2026-08-25,Deckers,DECK,88.73999786376953,https://query2.finance.yahoo.com/v8/finance/chart/DECK
2026-08-26,Deckers,DECK,89.47000122070312,https://query2.finance.yahoo.com/v8/finance/chart/DECK
2026-08-27,Deckers,DECK,86.33000183105469,https://query2.finance.yahoo.com/v8/finance/chart/DECK
2026-08-28,Deckers,DECK,87.76000213623047,https://query2.finance.yahoo.com/v8/finance/chart/DECK
2026-08-31,Deckers,DECK,87.08000183105469,https://query2.finance.yahoo.com/v8/finance/chart/DECK
2026-09-01,Deckers,DECK,84.58000183105469,https://query2.finance.yahoo.com/v8/finance/chart/DECK
2026-09-02,Deckers,DECK,83.76000213623047,https://query2.finance.yahoo.com/v8/finance/chart/DECK
2026-09-03,Deckers,DECK,84.5,https://query2.finance.yahoo.com/v8/finance/chart/DECK
2026-09-04,Deckers,DECK,85.80999755859375,https://query2.finance.yahoo.com/v8/finance/chart/DECK
2026-09-08,Deckers,DECK,82.5999984741211,https://query2.finance.yahoo.com/v8/finance/chart/DECK
2026-09-09,Deckers,DECK,80.2300033569336,https://query2.finance.yahoo.com/v8/finance/chart/DECK
2026-09-10,Deckers,DECK,79.87999725341797,https://query2.finance.yahoo.com/v8/finance/chart/DECK
2026-09-11,Deckers,DECK,81.2699966430664,https://query2.finance.yahoo.com/v8/finance/chart/DECK
2026-09-14,Deckers,DECK,80.54000091552734,https://query2.finance.yahoo.com/v8/finance/chart/DECK
2026-09-15,Deckers,DECK,77.51000213623047,https://query2.finance.yahoo.com/v8/finance/chart/DECK
2019-01-02,Nike,NKE,65.85995483398438,https://query2.finance.yahoo.com/v8/finance/chart/NKE
2019-01-03,Nike,NKE,64.69502258300781,https://query2.finance.yahoo.com/v8/finance/chart/NKE
2019-01-04,Nike,NKE,66.3846435546875,https://query2.finance.yahoo.com/v8/finance/chart/NKE
2019-01-07,Nike,NKE,67.33616638183594,https://query2.finance.yahoo.com/v8/finance/chart/NKE
2019-01-08,Nike,NKE,68.2343521118164,https://query2.finance.yahoo.com/v8/finance/chart/NKE
2019-01-09,Nike,NKE,68.10982513427734,https://query2.finance.yahoo.com/v8/finance/chart/NKE
2019-01-10,Nike,NKE,67.95864868164062,https://query2.finance.yahoo.com/v8/finance/chart/NKE
2019-01-11,Nike,NKE,67.6207504272461,https://query2.finance.yahoo.com/v8/finance/chart/NKE
2019-01-14,Nike,NKE,67.66519165039062,https://query2.finance.yahoo.com/v8/finance/chart/NKE
2019-01-15,Nike,NKE,69.25700378417969,https://query2.finance.yahoo.com/v8/finance/chart/NKE
2019-01-16,Nike,NKE,69.07914733886719,https://query2.finance.yahoo.com/v8/finance/chart/NKE
2019-01-17,Nike,NKE,70.36860656738281,https://query2.finance.yahoo.com/v8/finance/chart/NKE
2019-01-18,Nike,NKE,71.54244232177734,https://query2.finance.yahoo.com/v8/finance/chart/NKE
2019-01-22,Nike,NKE,71.8092269897461,https://query2.finance.yahoo.com/v8/finance/chart/NKE
2019-01-23,Nike,NKE,71.58692169189453,https://query2.finance.yahoo.com/v8/finance/chart/NKE
2019-01-24,Nike,NKE,71.53356170654297,https://query2.finance.yahoo.com/v8/finance/chart/NKE
2019-01-25,Nike,NKE,71.68473052978516,https://query2.finance.yahoo.com/v8/finance/chart/NKE
2019-01-28,Nike,NKE,71.42686462402344,https://query2.finance.yahoo.com/v8/finance/chart/NKE
2019-01-29,Nike,NKE,71.33792877197266,https://query2.finance.yahoo.com/v8/finance/chart/NKE
2019-01-30,Nike,NKE,72.28054809570312,https://query2.finance.yahoo.com/v8/finance/chart/NKE
2019-01-31,Nike,NKE,72.81409454345703,https://query2.finance.yahoo.com/v8/finance/chart/NKE
2019-02-01,Nike,NKE,72.4850845336914,https://query2.finance.yahoo.com/v8/finance/chart/NKE
2019-02-04,Nike,NKE,72.91192626953125,https://query2.finance.yahoo.com/v8/finance/chart/NKE
2019-02-05,Nike,NKE,73.68561553955078,https://query2.finance.yahoo.com/v8/finance/chart/NKE
2019-02-06,Nike,NKE,73.5522232055664,https://query2.finance.yahoo.com/v8/finance/chart/NKE
2019-02-07,Nike,NKE,73.26766967773438,https://query2.finance.yahoo.com/v8/finance/chart/NKE
2019-02-08,Nike,NKE,73.240966796875,https://query2.finance.yahoo.com/v8/finance/chart/NKE
2019-02-11,Nike,NKE,74.41483306884766,https://query2.finance.yahoo.com/v8/finance/chart/NKE
2019-02-12,Nike,NKE,75.33078002929688,https://query2.finance.yahoo.com/v8/finance/chart/NKE
2019-02-13,Nike,NKE,75.94438171386719,https://query2.finance.yahoo.com/v8/finance/chart/NKE
2019-02-14,Nike,NKE,75.30408477783203,https://query2.finance.yahoo.com/v8/finance/chart/NKE
2019-02-15,Nike,NKE,75.92657470703125,https://query2.finance.yahoo.com/v8/finance/chart/NKE
2019-02-19,Nike,NKE,75.20626831054688,https://query2.finance.yahoo.com/v8/finance/chart/NKE
2019-02-20,Nike,NKE,75.44638061523438,https://query2.finance.yahoo.com/v8/finance/chart/NKE
2019-02-21,Nike,NKE,74.6549301147461,https://query2.finance.yahoo.com/v8/finance/chart/NKE
2019-02-22,Nike,NKE,75.3752670288086,https://query2.finance.yahoo.com/v8/finance/chart/NKE
2019-02-25,Nike,NKE,75.7398452758789,https://query2.finance.yahoo.com/v8/finance/chart/NKE
2019-02-26,Nike,NKE,76.30008697509766,https://query2.finance.yahoo.com/v8/finance/chart/NKE
2019-02-27,Nike,NKE,76.6291275024414,https://query2.finance.yahoo.com/v8/finance/chart/NKE
2019-02-28,Nike,NKE,76.23783874511719,https://query2.finance.yahoo.com/v8/finance/chart/NKE
2019-03-01,Nike,NKE,77.70893859863281,https://query2.finance.yahoo.com/v8/finance/chart/NKE
2019-03-04,Nike,NKE,76.3537368774414,https://query2.finance.yahoo.com/v8/finance/chart/NKE
2019-03-05,Nike,NKE,76.17544555664062,https://query2.finance.yahoo.com/v8/finance/chart/NKE
2019-03-06,Nike,NKE,75.89905548095703,https://query2.finance.yahoo.com/v8/finance/chart/NKE
2019-03-07,Nike,NKE,76.01496124267578,https://query2.finance.yahoo.com/v8/finance/chart/NKE
2019-03-08,Nike,NKE,75.60482788085938,https://query2.finance.yahoo.com/v8/finance/chart/NKE
2019-03-11,Nike,NKE,76.51422882080078,https://query2.finance.yahoo.com/v8/finance/chart/NKE
2019-03-12,Nike,NKE,76.16651153564453,https://query2.finance.yahoo.com/v8/finance/chart/NKE
2019-03-13,Nike,NKE,76.61231231689453,https://query2.finance.yahoo.com/v8/finance/chart/NKE
2019-03-14,Nike,NKE,77.45039367675781,https://query2.finance.yahoo.com/v8/finance/chart/NKE
2019-03-15,Nike,NKE,77.38797760009766,https://query2.finance.yahoo.com/v8/finance/chart/NKE
2019-03-18,Nike,NKE,78.29737854003906,https://query2.finance.yahoo.com/v8/finance/chart/NKE
2019-03-19,Nike,NKE,78.18144989013672,https://query2.finance.yahoo.com/v8/finance/chart/NKE
2019-03-20,Nike,NKE,77.28990173339844,https://query2.finance.yahoo.com/v8/finance/chart/NKE
2019-03-21,Nike,NKE,78.46676635742188,https://query2.finance.yahoo.com/v8/finance/chart/NKE
2019-03-22,Nike,NKE,73.27786254882812,https://query2.finance.yahoo.com/v8/finance/chart/NKE
2019-03-25,Nike,NKE,73.4026870727539,https://query2.finance.yahoo.com/v8/finance/chart/NKE
2019-03-26,Nike,NKE,74.33880615234375,https://query2.finance.yahoo.com/v8/finance/chart/NKE
2019-03-27,Nike,NKE,74.08023834228516,https://query2.finance.yahoo.com/v8/finance/chart/NKE
2019-03-28,Nike,NKE,74.92723846435547,https://query2.finance.yahoo.com/v8/finance/chart/NKE
2019-03-29,Nike,NKE,75.07881164550781,https://query2.finance.yahoo.com/v8/finance/chart/NKE
2019-04-01,Nike,NKE,75.98822784423828,https://query2.finance.yahoo.com/v8/finance/chart/NKE
2019-04-02,Nike,NKE,75.2214584350586,https://query2.finance.yahoo.com/v8/finance/chart/NKE
2019-04-03,Nike,NKE,75.31061553955078,https://query2.finance.yahoo.com/v8/finance/chart/NKE
2019-04-04,Nike,NKE,76.03280639648438,https://query2.finance.yahoo.com/v8/finance/chart/NKE
2019-04-05,Nike,NKE,76.1397933959961,https://query2.finance.yahoo.com/v8/finance/chart/NKE
2019-04-08,Nike,NKE,75.54244995117188,https://query2.finance.yahoo.com/v8/finance/chart/NKE
2019-04-09,Nike,NKE,75.14122009277344,https://query2.finance.yahoo.com/v8/finance/chart/NKE
2019-04-10,Nike,NKE,75.67615509033203,https://query2.finance.yahoo.com/v8/finance/chart/NKE
2019-04-11,Nike,NKE,75.78314208984375,https://query2.finance.yahoo.com/v8/finance/chart/NKE
2019-04-12,Nike,NKE,76.8886947631836,https://query2.finance.yahoo.com/v8/finance/chart/NKE
2019-04-15,Nike,NKE,77.41472625732422,https://query2.finance.yahoo.com/v8/finance/chart/NKE
2019-04-16,Nike,NKE,78.279541015625,https://query2.finance.yahoo.com/v8/finance/chart/NKE
2019-04-17,Nike,NKE,79.10871124267578,https://query2.finance.yahoo.com/v8/finance/chart/NKE
2019-04-18,Nike,NKE,79.52771759033203,https://query2.finance.yahoo.com/v8/finance/chart/NKE
2019-04-22,Nike,NKE,77.88726043701172,https://query2.finance.yahoo.com/v8/finance/chart/NKE
2019-04-23,Nike,NKE,77.94966888427734,https://query2.finance.yahoo.com/v8/finance/chart/NKE
2019-04-24,Nike,NKE,78.80554962158203,https://query2.finance.yahoo.com/v8/finance/chart/NKE
2019-04-25,Nike,NKE,78.06556701660156,https://query2.finance.yahoo.com/v8/finance/chart/NKE
2019-04-26,Nike,NKE,78.73423767089844,https://query2.finance.yahoo.com/v8/finance/chart/NKE
2019-04-29,Nike,NKE,78.68966674804688,https://query2.finance.yahoo.com/v8/finance/chart/NKE
2019-04-30,Nike,NKE,78.3062744140625,https://query2.finance.yahoo.com/v8/finance/chart/NKE
2019-05-01,Nike,NKE,76.58557891845703,https://query2.finance.yahoo.com/v8/finance/chart/NKE
2019-05-02,Nike,NKE,76.02388763427734,https://query2.finance.yahoo.com/v8/finance/chart/NKE
2019-05-03,Nike,NKE,76.40724182128906,https://query2.finance.yahoo.com/v8/finance/chart/NKE
2019-05-06,Nike,NKE,74.5082015991211,https://query2.finance.yahoo.com/v8/finance/chart/NKE
2019-05-07,Nike,NKE,73.58989715576172,https://query2.finance.yahoo.com/v8/finance/chart/NKE
2019-05-08,Nike,NKE,73.79495239257812,https://query2.finance.yahoo.com/v8/finance/chart/NKE
2019-05-09,Nike,NKE,73.98220825195312,https://query2.finance.yahoo.com/v8/finance/chart/NKE
2019-05-10,Nike,NKE,74.84696960449219,https://query2.finance.yahoo.com/v8/finance/chart/NKE
2019-05-13,Nike,NKE,73.58097839355469,https://query2.finance.yahoo.com/v8/finance/chart/NKE
2019-05-14,Nike,NKE,74.59736633300781,https://query2.finance.yahoo.com/v8/finance/chart/NKE
2019-05-15,Nike,NKE,74.90049743652344,https://query2.finance.yahoo.com/v8/finance/chart/NKE
2019-05-16,Nike,NKE,75.14122009277344,https://query2.finance.yahoo.com/v8/finance/chart/NKE
2019-05-17,Nike,NKE,75.39977264404297,https://query2.finance.yahoo.com/v8/finance/chart/NKE
2019-05-20,Nike,NKE,73.8663101196289,https://query2.finance.yahoo.com/v8/finance/chart/NKE
2019-05-21,Nike,NKE,74.57058715820312,https://query2.finance.yahoo.com/v8/finance/chart/NKE
2019-05-22,Nike,NKE,74.17835235595703,https://query2.finance.yahoo.com/v8/finance/chart/NKE
2019-05-23,Nike,NKE,73.67904663085938,https://query2.finance.yahoo.com/v8/finance/chart/NKE
2019-05-24,Nike,NKE,73.2510986328125,https://query2.finance.yahoo.com/v8/finance/chart/NKE
2019-05-28,Nike,NKE,72.39521789550781,https://query2.finance.yahoo.com/v8/finance/chart/NKE
2019-05-29,Nike,NKE,70.31784057617188,https://query2.finance.yahoo.com/v8/finance/chart/NKE
2019-05-30,Nike,NKE,70.66557312011719,https://query2.finance.yahoo.com/v8/finance/chart/NKE
2019-05-31,Nike,NKE,68.96684265136719,https://query2.finance.yahoo.com/v8/finance/chart/NKE
2019-06-03,Nike,NKE,69.69996643066406,https://query2.finance.yahoo.com/v8/finance/chart/NKE
2019-06-04,Nike,NKE,72.97219848632812,https://query2.finance.yahoo.com/v8/finance/chart/NKE
2019-06-05,Nike,NKE,73.95565032958984,https://query2.finance.yahoo.com/v8/finance/chart/NKE
2019-06-06,Nike,NKE,73.71426391601562,https://query2.finance.yahoo.com/v8/finance/chart/NKE
2019-06-07,Nike,NKE,74.57254028320312,https://query2.finance.yahoo.com/v8/finance/chart/NKE
2019-06-10,Nike,NKE,73.83047485351562,https://query2.finance.yahoo.com/v8/finance/chart/NKE
2019-06-11,Nike,NKE,74.43844604492188,https://query2.finance.yahoo.com/v8/finance/chart/NKE
2019-06-12,Nike,NKE,73.87518310546875,https://query2.finance.yahoo.com/v8/finance/chart/NKE
2019-06-13,Nike,NKE,74.75135040283203,https://query2.finance.yahoo.com/v8/finance/chart/NKE
2019-06-14,Nike,NKE,74.59937286376953,https://query2.finance.yahoo.com/v8/finance/chart/NKE
2019-06-17,Nike,NKE,73.41027069091797,https://query2.finance.yahoo.com/v8/finance/chart/NKE
2019-06-18,Nike,NKE,75.36823272705078,https://query2.finance.yahoo.com/v8/finance/chart/NKE
2019-06-19,Nike,NKE,74.69771575927734,https://query2.finance.yahoo.com/v8/finance/chart/NKE
2019-06-20,Nike,NKE,76.20865631103516,https://query2.finance.yahoo.com/v8/finance/chart/NKE
2019-06-21,Nike,NKE,76.66463470458984,https://query2.finance.yahoo.com/v8/finance/chart/NKE
2019-06-24,Nike,NKE,75.54706573486328,https://query2.finance.yahoo.com/v8/finance/chart/NKE
2019-06-25,Nike,NKE,73.86626434326172,https://query2.finance.yahoo.com/v8/finance/chart/NKE
2019-06-26,Nike,NKE,73.80364990234375,https://query2.finance.yahoo.com/v8/finance/chart/NKE
2019-06-27,Nike,NKE,74.79605102539062,https://query2.finance.yahoo.com/v8/finance/chart/NKE
2019-06-28,Nike,NKE,75.05533599853516,https://query2.finance.yahoo.com/v8/finance/chart/NKE
2019-07-01,Nike,NKE,76.36062622070312,https://query2.finance.yahoo.com/v8/finance/chart/NKE
2019-07-02,Nike,NKE,75.95831298828125,https://query2.finance.yahoo.com/v8/finance/chart/NKE
2019-07-03,Nike,NKE,77.06695556640625,https://query2.finance.yahoo.com/v8/finance/chart/NKE
2019-07-05,Nike,NKE,77.62124633789062,https://query2.finance.yahoo.com/v8/finance/chart/NKE
2019-07-08,Nike,NKE,79.10540008544922,https://query2.finance.yahoo.com/v8/finance/chart/NKE
2019-07-09,Nike,NKE,78.71199035644531,https://query2.finance.yahoo.com/v8/finance/chart/NKE
2019-07-10,Nike,NKE,78.17557525634766,https://query2.finance.yahoo.com/v8/finance/chart/NKE
2019-07-11,Nike,NKE,78.93549346923828,https://query2.finance.yahoo.com/v8/finance/chart/NKE
2019-07-12,Nike,NKE,79.67757415771484,https://query2.finance.yahoo.com/v8/finance/chart/NKE
2019-07-15,Nike,NKE,79.99940490722656,https://query2.finance.yahoo.com/v8/finance/chart/NKE
2019-07-16,Nike,NKE,79.2126693725586,https://query2.finance.yahoo.com/v8/finance/chart/NKE
2019-07-17,Nike,NKE,78.22921752929688,https://query2.finance.yahoo.com/v8/finance/chart/NKE
2019-07-18,Nike,NKE,78.17557525634766,https://query2.finance.yahoo.com/v8/finance/chart/NKE
2019-07-19,Nike,NKE,77.3798599243164,https://query2.finance.yahoo.com/v8/finance/chart/NKE
2019-07-22,Nike,NKE,76.86132049560547,https://query2.finance.yahoo.com/v8/finance/chart/NKE
2019-07-23,Nike,NKE,77.51397705078125,https://query2.finance.yahoo.com/v8/finance/chart/NKE
2019-07-24,Nike,NKE,77.51397705078125,https://query2.finance.yahoo.com/v8/finance/chart/NKE
2019-07-25,Nike,NKE,78.03250885009766,https://query2.finance.yahoo.com/v8/finance/chart/NKE
2019-07-26,Nike,NKE,78.26496887207031,https://query2.finance.yahoo.com/v8/finance/chart/NKE
2019-07-29,Nike,NKE,78.33649444580078,https://query2.finance.yahoo.com/v8/finance/chart/NKE
2019-07-30,Nike,NKE,77.96099090576172,https://query2.finance.yahoo.com/v8/finance/chart/NKE
2019-07-31,Nike,NKE,76.91496276855469,https://query2.finance.yahoo.com/v8/finance/chart/NKE
2019-08-01,Nike,NKE,74.31327056884766,https://query2.finance.yahoo.com/v8/finance/chart/NKE
2019-08-02,Nike,NKE,72.54304504394531,https://query2.finance.yahoo.com/v8/finance/chart/NKE
2019-08-05,Nike,NKE,70.60296630859375,https://query2.finance.yahoo.com/v8/finance/chart/NKE
2019-08-06,Nike,NKE,72.68611145019531,https://query2.finance.yahoo.com/v8/finance/chart/NKE
2019-08-07,Nike,NKE,72.66820526123047,https://query2.finance.yahoo.com/v8/finance/chart/NKE
2019-08-08,Nike,NKE,74.20596313476562,https://query2.finance.yahoo.com/v8/finance/chart/NKE
2019-08-09,Nike,NKE,73.2940673828125,https://query2.finance.yahoo.com/v8/finance/chart/NKE
2019-08-12,Nike,NKE,72.99901580810547,https://query2.finance.yahoo.com/v8/finance/chart/NKE
2019-08-13,Nike,NKE,74.49208068847656,https://query2.finance.yahoo.com/v8/finance/chart/NKE
2019-08-14,Nike,NKE,72.44471740722656,https://query2.finance.yahoo.com/v8/finance/chart/NKE
2019-08-15,Nike,NKE,71.08576965332031,https://query2.finance.yahoo.com/v8/finance/chart/NKE
2019-08-16,Nike,NKE,71.77418518066406,https://query2.finance.yahoo.com/v8/finance/chart/NKE
2019-08-19,Nike,NKE,72.53409576416016,https://query2.finance.yahoo.com/v8/finance/chart/NKE
2019-08-20,Nike,NKE,71.99767303466797,https://query2.finance.yahoo.com/v8/finance/chart/NKE
2019-08-21,Nike,NKE,73.9735336303711,https://query2.finance.yahoo.com/v8/finance/chart/NKE
2019-08-22,Nike,NKE,74.48314666748047,https://query2.finance.yahoo.com/v8/finance/chart/NKE
2019-08-23,Nike,NKE,71.91722106933594,https://query2.finance.yahoo.com/v8/finance/chart/NKE
2019-08-26,Nike,NKE,73.53543853759766,https://query2.finance.yahoo.com/v8/finance/chart/NKE
2019-08-27,Nike,NKE,73.33877563476562,https://query2.finance.yahoo.com/v8/finance/chart/NKE
2019-08-28,Nike,NKE,74.6351318359375,https://query2.finance.yahoo.com/v8/finance/chart/NKE
2019-08-29,Nike,NKE,76.33383178710938,https://query2.finance.yahoo.com/v8/finance/chart/NKE
2019-08-30,Nike,NKE,75.74224090576172,https://query2.finance.yahoo.com/v8/finance/chart/NKE
2019-09-03,Nike,NKE,75.89460754394531,https://query2.finance.yahoo.com/v8/finance/chart/NKE
2019-09-04,Nike,NKE,77.40048217773438,https://query2.finance.yahoo.com/v8/finance/chart/NKE
2019-09-05,Nike,NKE,79.25594329833984,https://query2.finance.yahoo.com/v8/finance/chart/NKE
2019-09-06,Nike,NKE,79.49796295166016,https://query2.finance.yahoo.com/v8/finance/chart/NKE
2019-09-09,Nike,NKE,79.48004150390625,https://query2.finance.yahoo.com/v8/finance/chart/NKE
2019-09-10,Nike,NKE,77.83074951171875,https://query2.finance.yahoo.com/v8/finance/chart/NKE
2019-09-11,Nike,NKE,77.759033203125,https://query2.finance.yahoo.com/v8/finance/chart/NKE
2019-09-12,Nike,NKE,78.58367919921875,https://query2.finance.yahoo.com/v8/finance/chart/NKE
2019-09-13,Nike,NKE,78.26994323730469,https://query2.finance.yahoo.com/v8/finance/chart/NKE
2019-09-16,Nike,NKE,78.2251205444336,https://query2.finance.yahoo.com/v8/finance/chart/NKE
2019-09-17,Nike,NKE,78.511962890625,https://query2.finance.yahoo.com/v8/finance/chart/NKE
2019-09-18,Nike,NKE,78.95117950439453,https://query2.finance.yahoo.com/v8/finance/chart/NKE
2019-09-19,Nike,NKE,78.6105728149414,https://query2.finance.yahoo.com/v8/finance/chart/NKE
2019-09-20,Nike,NKE,77.69627380371094,https://query2.finance.yahoo.com/v8/finance/chart/NKE
2019-09-23,Nike,NKE,78.60160064697266,https://query2.finance.yahoo.com/v8/finance/chart/NKE
2019-09-24,Nike,NKE,78.14447784423828,https://query2.finance.yahoo.com/v8/finance/chart/NKE
2019-09-25,Nike,NKE,81.39825439453125,https://query2.finance.yahoo.com/v8/finance/chart/NKE
2019-09-26,Nike,NKE,82.6172866821289,https://query2.finance.yahoo.com/v8/finance/chart/NKE
2019-09-27,Nike,NKE,82.74276733398438,https://query2.finance.yahoo.com/v8/finance/chart/NKE
2019-09-30,Nike,NKE,84.18589782714844,https://query2.finance.yahoo.com/v8/finance/chart/NKE
2019-10-01,Nike,NKE,82.71589660644531,https://query2.finance.yahoo.com/v8/finance/chart/NKE
2019-10-02,Nike,NKE,82.00775909423828,https://query2.finance.yahoo.com/v8/finance/chart/NKE
2019-10-03,Nike,NKE,82.66211700439453,https://query2.finance.yahoo.com/v8/finance/chart/NKE
2019-10-04,Nike,NKE,83.42401885986328,https://query2.finance.yahoo.com/v8/finance/chart/NKE
2019-10-07,Nike,NKE,83.51364135742188,https://query2.finance.yahoo.com/v8/finance/chart/NKE
2019-10-08,Nike,NKE,82.24081420898438,https://query2.finance.yahoo.com/v8/finance/chart/NKE
2019-10-09,Nike,NKE,82.93101501464844,https://query2.finance.yahoo.com/v8/finance/chart/NKE
2019-10-10,Nike,NKE,83.36126708984375,https://query2.finance.yahoo.com/v8/finance/chart/NKE
2019-10-11,Nike,NKE,84.1500473022461,https://query2.finance.yahoo.com/v8/finance/chart/NKE
2019-10-14,Nike,NKE,85.04640197753906,https://query2.finance.yahoo.com/v8/finance/chart/NKE
2019-10-15,Nike,NKE,84.96575927734375,https://query2.finance.yahoo.com/v8/finance/chart/NKE
2019-10-16,Nike,NKE,85.04640197753906,https://query2.finance.yahoo.com/v8/finance/chart/NKE
2019-10-17,Nike,NKE,85.65594482421875,https://query2.finance.yahoo.com/v8/finance/chart/NKE
2019-10-18,Nike,NKE,86.13998413085938,https://query2.finance.yahoo.com/v8/finance/chart/NKE
2019-10-21,Nike,NKE,86.24755096435547,https://query2.finance.yahoo.com/v8/finance/chart/NKE
2019-10-22,Nike,NKE,85.6917953491211,https://query2.finance.yahoo.com/v8/finance/chart/NKE
2019-10-23,Nike,NKE,82.7517318725586,https://query2.finance.yahoo.com/v8/finance/chart/NKE
2019-10-24,Nike,NKE,82.01673889160156,https://query2.finance.yahoo.com/v8/finance/chart/NKE
2019-10-25,Nike,NKE,81.49684143066406,https://query2.finance.yahoo.com/v8/finance/chart/NKE
2019-10-28,Nike,NKE,81.43409729003906,https://query2.finance.yahoo.com/v8/finance/chart/NKE
2019-10-29,Nike,NKE,80.02682495117188,https://query2.finance.yahoo.com/v8/finance/chart/NKE
2019-10-30,Nike,NKE,80.84249114990234,https://query2.finance.yahoo.com/v8/finance/chart/NKE
2019-10-31,Nike,NKE,80.26881408691406,https://query2.finance.yahoo.com/v8/finance/chart/NKE
2019-11-01,Nike,NKE,79.93719482421875,https://query2.finance.yahoo.com/v8/finance/chart/NKE
2019-11-04,Nike,NKE,80.54669189453125,https://query2.finance.yahoo.com/v8/finance/chart/NKE
2019-11-05,Nike,NKE,80.56461334228516,https://query2.finance.yahoo.com/v8/finance/chart/NKE
2019-11-06,Nike,NKE,80.2060775756836,https://query2.finance.yahoo.com/v8/finance/chart/NKE
2019-11-07,Nike,NKE,81.0307388305664,https://query2.finance.yahoo.com/v8/finance/chart/NKE
2019-11-08,Nike,NKE,80.50189208984375,https://query2.finance.yahoo.com/v8/finance/chart/NKE
2019-11-11,Nike,NKE,80.7170181274414,https://query2.finance.yahoo.com/v8/finance/chart/NKE
2019-11-12,Nike,NKE,80.22400665283203,https://query2.finance.yahoo.com/v8/finance/chart/NKE
2019-11-13,Nike,NKE,81.82847595214844,https://query2.finance.yahoo.com/v8/finance/chart/NKE
2019-11-14,Nike,NKE,81.81058502197266,https://query2.finance.yahoo.com/v8/finance/chart/NKE
2019-11-15,Nike,NKE,83.3971176147461,https://query2.finance.yahoo.com/v8/finance/chart/NKE
2019-11-18,Nike,NKE,84.41898345947266,https://query2.finance.yahoo.com/v8/finance/chart/NKE
2019-11-19,Nike,NKE,83.9080581665039,https://query2.finance.yahoo.com/v8/finance/chart/NKE
2019-11-20,Nike,NKE,83.40606689453125,https://query2.finance.yahoo.com/v8/finance/chart/NKE
2019-11-21,Nike,NKE,82.60832214355469,https://query2.finance.yahoo.com/v8/finance/chart/NKE
2019-11-22,Nike,NKE,83.66602325439453,https://query2.finance.yahoo.com/v8/finance/chart/NKE
2019-11-25,Nike,NKE,83.27162170410156,https://query2.finance.yahoo.com/v8/finance/chart/NKE
2019-11-26,Nike,NKE,83.65706634521484,https://query2.finance.yahoo.com/v8/finance/chart/NKE
2019-11-27,Nike,NKE,84.38313293457031,https://query2.finance.yahoo.com/v8/finance/chart/NKE
2019-11-29,Nike,NKE,84.01914978027344,https://query2.finance.yahoo.com/v8/finance/chart/NKE
2019-12-02,Nike,NKE,84.08204650878906,https://query2.finance.yahoo.com/v8/finance/chart/NKE
2019-12-03,Nike,NKE,83.0934829711914,https://query2.finance.yahoo.com/v8/finance/chart/NKE
2019-12-04,Nike,NKE,84.2258529663086,https://query2.finance.yahoo.com/v8/finance/chart/NKE
2019-12-05,Nike,NKE,86.08615112304688,https://query2.finance.yahoo.com/v8/finance/chart/NKE
2019-12-06,Nike,NKE,87.173583984375,https://query2.finance.yahoo.com/v8/finance/chart/NKE
2019-12-09,Nike,NKE,86.84105682373047,https://query2.finance.yahoo.com/v8/finance/chart/NKE
2019-12-10,Nike,NKE,87.18255615234375,https://query2.finance.yahoo.com/v8/finance/chart/NKE
2019-12-11,Nike,NKE,87.3353500366211,https://query2.finance.yahoo.com/v8/finance/chart/NKE
2019-12-12,Nike,NKE,87.82063293457031,https://query2.finance.yahoo.com/v8/finance/chart/NKE
2019-12-13,Nike,NKE,87.86556243896484,https://query2.finance.yahoo.com/v8/finance/chart/NKE
2019-12-16,Nike,NKE,88.80023193359375,https://query2.finance.yahoo.com/v8/finance/chart/NKE
2019-12-17,Nike,NKE,89.55509948730469,https://query2.finance.yahoo.com/v8/finance/chart/NKE
2019-12-18,Nike,NKE,90.38192749023438,https://query2.finance.yahoo.com/v8/finance/chart/NKE
2019-12-19,Nike,NKE,90.90316009521484,https://query2.finance.yahoo.com/v8/finance/chart/NKE
2019-12-20,Nike,NKE,89.83370208740234,https://query2.finance.yahoo.com/v8/finance/chart/NKE
2019-12-23,Nike,NKE,89.9056167602539,https://query2.finance.yahoo.com/v8/finance/chart/NKE
2019-12-24,Nike,NKE,89.9954833984375,https://query2.finance.yahoo.com/v8/finance/chart/NKE
2019-12-26,Nike,NKE,90.50773620605467,https://query2.finance.yahoo.com/v8/finance/chart/NKE
2019-12-27,Nike,NKE,91.28060913085938,https://query2.finance.yahoo.com/v8/finance/chart/NKE
2019-12-30,Nike,NKE,90.58860778808594,https://query2.finance.yahoo.com/v8/finance/chart/NKE
2019-12-31,Nike,NKE,91.04695129394533,https://query2.finance.yahoo.com/v8/finance/chart/NKE
2020-01-02,Nike,NKE,91.84679412841795,https://query2.finance.yahoo.com/v8/finance/chart/NKE
2020-01-03,Nike,NKE,91.59514617919922,https://query2.finance.yahoo.com/v8/finance/chart/NKE
2020-01-06,Nike,NKE,91.5142822265625,https://query2.finance.yahoo.com/v8/finance/chart/NKE
2020-01-07,Nike,NKE,91.46932983398438,https://query2.finance.yahoo.com/v8/finance/chart/NKE
2020-01-08,Nike,NKE,91.2626495361328,https://query2.finance.yahoo.com/v8/finance/chart/NKE
2020-01-09,Nike,NKE,91.1997299194336,https://query2.finance.yahoo.com/v8/finance/chart/NKE
2020-01-10,Nike,NKE,90.678466796875,https://query2.finance.yahoo.com/v8/finance/chart/NKE
2020-01-13,Nike,NKE,91.81084442138672,https://query2.finance.yahoo.com/v8/finance/chart/NKE
2020-01-14,Nike,NKE,92.4938507080078,https://query2.finance.yahoo.com/v8/finance/chart/NKE
2020-01-15,Nike,NKE,92.37701416015624,https://query2.finance.yahoo.com/v8/finance/chart/NKE
2020-01-16,Nike,NKE,92.89828491210938,https://query2.finance.yahoo.com/v8/finance/chart/NKE
2020-01-17,Nike,NKE,93.94075775146484,https://query2.finance.yahoo.com/v8/finance/chart/NKE
2020-01-21,Nike,NKE,93.9856948852539,https://query2.finance.yahoo.com/v8/finance/chart/NKE
2020-01-22,Nike,NKE,93.90479278564452,https://query2.finance.yahoo.com/v8/finance/chart/NKE
2020-01-23,Nike,NKE,92.5837173461914,https://query2.finance.yahoo.com/v8/finance/chart/NKE
2020-01-24,Nike,NKE,91.69400787353516,https://query2.finance.yahoo.com/v8/finance/chart/NKE
2020-01-27,Nike,NKE,90.08536529541016,https://query2.finance.yahoo.com/v8/finance/chart/NKE
2020-01-28,Nike,NKE,90.2381362915039,https://query2.finance.yahoo.com/v8/finance/chart/NKE
2020-01-29,Nike,NKE,89.72586822509766,https://query2.finance.yahoo.com/v8/finance/chart/NKE
2020-01-30,Nike,NKE,88.24302673339844,https://query2.finance.yahoo.com/v8/finance/chart/NKE
2020-01-31,Nike,NKE,86.54447937011719,https://query2.finance.yahoo.com/v8/finance/chart/NKE
2020-02-03,Nike,NKE,89.21360778808594,https://query2.finance.yahoo.com/v8/finance/chart/NKE
2020-02-04,Nike,NKE,91.10986328125,https://query2.finance.yahoo.com/v8/finance/chart/NKE
2020-02-05,Nike,NKE,90.35494995117188,https://query2.finance.yahoo.com/v8/finance/chart/NKE
2020-02-06,Nike,NKE,90.11229705810548,https://query2.finance.yahoo.com/v8/finance/chart/NKE
2020-02-07,Nike,NKE,89.36640167236328,https://query2.finance.yahoo.com/v8/finance/chart/NKE
2020-02-10,Nike,NKE,89.88763427734375,https://query2.finance.yahoo.com/v8/finance/chart/NKE
2020-02-11,Nike,NKE,89.88763427734375,https://query2.finance.yahoo.com/v8/finance/chart/NKE
2020-02-12,Nike,NKE,92.56572723388672,https://query2.finance.yahoo.com/v8/finance/chart/NKE
2020-02-13,Nike,NKE,92.89828491210938,https://query2.finance.yahoo.com/v8/finance/chart/NKE
2020-02-14,Nike,NKE,93.05104064941406,https://query2.finance.yahoo.com/v8/finance/chart/NKE
2020-02-18,Nike,NKE,91.6670379638672,https://query2.finance.yahoo.com/v8/finance/chart/NKE
2020-02-19,Nike,NKE,92.08045196533205,https://query2.finance.yahoo.com/v8/finance/chart/NKE
2020-02-20,Nike,NKE,92.1433563232422,https://query2.finance.yahoo.com/v8/finance/chart/NKE
2020-02-21,Nike,NKE,90.0943374633789,https://query2.finance.yahoo.com/v8/finance/chart/NKE
2020-02-24,Nike,NKE,86.19400024414062,https://query2.finance.yahoo.com/v8/finance/chart/NKE
2020-02-25,Nike,NKE,83.48892211914062,https://query2.finance.yahoo.com/v8/finance/chart/NKE
2020-02-26,Nike,NKE,82.68009185791016,https://query2.finance.yahoo.com/v8/finance/chart/NKE
2020-02-27,Nike,NKE,79.57957458496094,https://query2.finance.yahoo.com/v8/finance/chart/NKE
2020-02-28,Nike,NKE,80.5483627319336,https://query2.finance.yahoo.com/v8/finance/chart/NKE
2020-03-02,Nike,NKE,83.52227783203125,https://query2.finance.yahoo.com/v8/finance/chart/NKE
2020-03-03,Nike,NKE,81.94520568847656,https://query2.finance.yahoo.com/v8/finance/chart/NKE
2020-03-04,Nike,NKE,84.52259063720703,https://query2.finance.yahoo.com/v8/finance/chart/NKE
2020-03-05,Nike,NKE,81.62979888916016,https://query2.finance.yahoo.com/v8/finance/chart/NKE
2020-03-06,Nike,NKE,79.629150390625,https://query2.finance.yahoo.com/v8/finance/chart/NKE
2020-03-09,Nike,NKE,75.7990951538086,https://query2.finance.yahoo.com/v8/finance/chart/NKE
2020-03-10,Nike,NKE,79.57508087158203,https://query2.finance.yahoo.com/v8/finance/chart/NKE
2020-03-11,Nike,NKE,75.69995880126953,https://query2.finance.yahoo.com/v8/finance/chart/NKE
2020-03-12,Nike,NKE,66.86830139160156,https://query2.finance.yahoo.com/v8/finance/chart/NKE
2020-03-13,Nike,NKE,68.1119384765625,https://query2.finance.yahoo.com/v8/finance/chart/NKE
2020-03-16,Nike,NKE,60.19047927856445,https://query2.finance.yahoo.com/v8/finance/chart/NKE
2020-03-17,Nike,NKE,62.93911361694336,https://query2.finance.yahoo.com/v8/finance/chart/NKE
2020-03-18,Nike,NKE,61.31697082519531,https://query2.finance.yahoo.com/v8/finance/chart/NKE
2020-03-19,Nike,NKE,63.38969421386719,https://query2.finance.yahoo.com/v8/finance/chart/NKE
2020-03-20,Nike,NKE,60.7852668762207,https://query2.finance.yahoo.com/v8/finance/chart/NKE
2020-03-23,Nike,NKE,56.5947265625,https://query2.finance.yahoo.com/v8/finance/chart/NKE
2020-03-24,Nike,NKE,65.18306732177734,https://query2.finance.yahoo.com/v8/finance/chart/NKE
2020-03-25,Nike,NKE,71.20301818847656,https://query2.finance.yahoo.com/v8/finance/chart/NKE
2020-03-26,Nike,NKE,75.97029876708984,https://query2.finance.yahoo.com/v8/finance/chart/NKE
2020-03-27,Nike,NKE,75.00604248046875,https://query2.finance.yahoo.com/v8/finance/chart/NKE
2020-03-30,Nike,NKE,76.94358825683594,https://query2.finance.yahoo.com/v8/finance/chart/NKE
2020-03-31,Nike,NKE,74.56446075439453,https://query2.finance.yahoo.com/v8/finance/chart/NKE
2020-04-01,Nike,NKE,71.40129089355469,https://query2.finance.yahoo.com/v8/finance/chart/NKE
2020-04-02,Nike,NKE,72.22135925292969,https://query2.finance.yahoo.com/v8/finance/chart/NKE
2020-04-03,Nike,NKE,71.06783294677734,https://query2.finance.yahoo.com/v8/finance/chart/NKE
2020-04-06,Nike,NKE,76.26771545410156,https://query2.finance.yahoo.com/v8/finance/chart/NKE
2020-04-07,Nike,NKE,75.84415435791016,https://query2.finance.yahoo.com/v8/finance/chart/NKE
2020-04-08,Nike,NKE,76.87151336669922,https://query2.finance.yahoo.com/v8/finance/chart/NKE
2020-04-09,Nike,NKE,78.21427154541016,https://query2.finance.yahoo.com/v8/finance/chart/NKE
2020-04-13,Nike,NKE,76.114501953125,https://query2.finance.yahoo.com/v8/finance/chart/NKE
2020-04-14,Nike,NKE,78.82707214355469,https://query2.finance.yahoo.com/v8/finance/chart/NKE
2020-04-15,Nike,NKE,76.6371841430664,https://query2.finance.yahoo.com/v8/finance/chart/NKE
2020-04-16,Nike,NKE,77.772705078125,https://query2.finance.yahoo.com/v8/finance/chart/NKE
2020-04-17,Nike,NKE,81.0260009765625,https://query2.finance.yahoo.com/v8/finance/chart/NKE
2020-04-20,Nike,NKE,79.21459197998047,https://query2.finance.yahoo.com/v8/finance/chart/NKE
2020-04-21,Nike,NKE,76.78137969970703,https://query2.finance.yahoo.com/v8/finance/chart/NKE
2020-04-22,Nike,NKE,79.99861907958984,https://query2.finance.yahoo.com/v8/finance/chart/NKE
2020-04-23,Nike,NKE,78.71891784667969,https://query2.finance.yahoo.com/v8/finance/chart/NKE
2020-04-24,Nike,NKE,79.63814544677734,https://query2.finance.yahoo.com/v8/finance/chart/NKE
2020-04-27,Nike,NKE,80.53936004638672,https://query2.finance.yahoo.com/v8/finance/chart/NKE
2020-04-28,Nike,NKE,80.02566528320312,https://query2.finance.yahoo.com/v8/finance/chart/NKE
2020-04-29,Nike,NKE,79.3677978515625,https://query2.finance.yahoo.com/v8/finance/chart/NKE
2020-04-30,Nike,NKE,78.56575775146484,https://query2.finance.yahoo.com/v8/finance/chart/NKE
2020-05-01,Nike,NKE,77.0877914428711,https://query2.finance.yahoo.com/v8/finance/chart/NKE
2020-05-04,Nike,NKE,77.27702331542969,https://query2.finance.yahoo.com/v8/finance/chart/NKE
2020-05-05,Nike,NKE,78.5837631225586,https://query2.finance.yahoo.com/v8/finance/chart/NKE
2020-05-06,Nike,NKE,79.70122528076172,https://query2.finance.yahoo.com/v8/finance/chart/NKE
2020-05-07,Nike,NKE,79.80937194824219,https://query2.finance.yahoo.com/v8/finance/chart/NKE
2020-05-08,Nike,NKE,81.52164459228516,https://query2.finance.yahoo.com/v8/finance/chart/NKE
2020-05-11,Nike,NKE,81.94520568847656,https://query2.finance.yahoo.com/v8/finance/chart/NKE
2020-05-12,Nike,NKE,79.5390396118164,https://query2.finance.yahoo.com/v8/finance/chart/NKE
2020-05-13,Nike,NKE,77.5203628540039,https://query2.finance.yahoo.com/v8/finance/chart/NKE
2020-05-14,Nike,NKE,77.99800109863281,https://query2.finance.yahoo.com/v8/finance/chart/NKE
2020-05-15,Nike,NKE,78.39451599121094,https://query2.finance.yahoo.com/v8/finance/chart/NKE
2020-05-18,Nike,NKE,82.04430389404297,https://query2.finance.yahoo.com/v8/finance/chart/NKE
2020-05-19,Nike,NKE,82.4678955078125,https://query2.finance.yahoo.com/v8/finance/chart/NKE
2020-05-20,Nike,NKE,83.76560974121094,https://query2.finance.yahoo.com/v8/finance/chart/NKE
2020-05-21,Nike,NKE,84.9461669921875,https://query2.finance.yahoo.com/v8/finance/chart/NKE
2020-05-22,Nike,NKE,84.48658752441406,https://query2.finance.yahoo.com/v8/finance/chart/NKE
2020-05-26,Nike,NKE,87.07296752929688,https://query2.finance.yahoo.com/v8/finance/chart/NKE
2020-05-27,Nike,NKE,90.0018310546875,https://query2.finance.yahoo.com/v8/finance/chart/NKE
2020-05-28,Nike,NKE,88.7311782836914,https://query2.finance.yahoo.com/v8/finance/chart/NKE
2020-05-29,Nike,NKE,89.06092071533203,https://query2.finance.yahoo.com/v8/finance/chart/NKE
2020-06-01,Nike,NKE,89.92822265625,https://query2.finance.yahoo.com/v8/finance/chart/NKE
2020-06-02,Nike,NKE,91.0123519897461,https://query2.finance.yahoo.com/v8/finance/chart/NKE
2020-06-03,Nike,NKE,94.05696105957033,https://query2.finance.yahoo.com/v8/finance/chart/NKE
2020-06-04,Nike,NKE,91.50020599365234,https://query2.finance.yahoo.com/v8/finance/chart/NKE
2020-06-05,Nike,NKE,92.79210662841795,https://query2.finance.yahoo.com/v8/finance/chart/NKE
2020-06-08,Nike,NKE,94.21955108642578,https://query2.finance.yahoo.com/v8/finance/chart/NKE
2020-06-09,Nike,NKE,92.71985626220705,https://query2.finance.yahoo.com/v8/finance/chart/NKE
2020-06-10,Nike,NKE,92.25910186767578,https://query2.finance.yahoo.com/v8/finance/chart/NKE
2020-06-11,Nike,NKE,85.98020935058594,https://query2.finance.yahoo.com/v8/finance/chart/NKE
2020-06-12,Nike,NKE,87.11851501464844,https://query2.finance.yahoo.com/v8/finance/chart/NKE
2020-06-15,Nike,NKE,88.3923568725586,https://query2.finance.yahoo.com/v8/finance/chart/NKE
2020-06-16,Nike,NKE,89.47651672363281,https://query2.finance.yahoo.com/v8/finance/chart/NKE
2020-06-17,Nike,NKE,89.63006591796875,https://query2.finance.yahoo.com/v8/finance/chart/NKE
2020-06-18,Nike,NKE,88.9434585571289,https://query2.finance.yahoo.com/v8/finance/chart/NKE
2020-06-19,Nike,NKE,86.53128051757812,https://query2.finance.yahoo.com/v8/finance/chart/NKE
2020-06-22,Nike,NKE,89.90113067626953,https://query2.finance.yahoo.com/v8/finance/chart/NKE
2020-06-23,Nike,NKE,92.07839965820312,https://query2.finance.yahoo.com/v8/finance/chart/NKE
2020-06-24,Nike,NKE,90.41608428955078,https://query2.finance.yahoo.com/v8/finance/chart/NKE
2020-06-25,Nike,NKE,91.6086196899414,https://query2.finance.yahoo.com/v8/finance/chart/NKE
2020-06-26,Nike,NKE,84.62504577636719,https://query2.finance.yahoo.com/v8/finance/chart/NKE
2020-06-29,Nike,NKE,86.61261749267578,https://query2.finance.yahoo.com/v8/finance/chart/NKE
2020-06-30,Nike,NKE,88.58209991455078,https://query2.finance.yahoo.com/v8/finance/chart/NKE
2020-07-01,Nike,NKE,87.99486541748047,https://query2.finance.yahoo.com/v8/finance/chart/NKE
2020-07-02,Nike,NKE,88.92539978027344,https://query2.finance.yahoo.com/v8/finance/chart/NKE
2020-07-06,Nike,NKE,90.29862213134766,https://query2.finance.yahoo.com/v8/finance/chart/NKE
2020-07-07,Nike,NKE,87.69672393798828,https://query2.finance.yahoo.com/v8/finance/chart/NKE
2020-07-08,Nike,NKE,89.29580688476562,https://query2.finance.yahoo.com/v8/finance/chart/NKE
2020-07-09,Nike,NKE,87.62445068359375,https://query2.finance.yahoo.com/v8/finance/chart/NKE
2020-07-10,Nike,NKE,88.52787780761719,https://query2.finance.yahoo.com/v8/finance/chart/NKE
2020-07-13,Nike,NKE,87.14561462402344,https://query2.finance.yahoo.com/v8/finance/chart/NKE
2020-07-14,Nike,NKE,87.41667175292969,https://query2.finance.yahoo.com/v8/finance/chart/NKE
2020-07-15,Nike,NKE,89.02478790283203,https://query2.finance.yahoo.com/v8/finance/chart/NKE
2020-07-16,Nike,NKE,87.8683853149414,https://query2.finance.yahoo.com/v8/finance/chart/NKE
2020-07-17,Nike,NKE,86.9830093383789,https://query2.finance.yahoo.com/v8/finance/chart/NKE
2020-07-20,Nike,NKE,86.41385650634766,https://query2.finance.yahoo.com/v8/finance/chart/NKE
2020-07-21,Nike,NKE,88.8621597290039,https://query2.finance.yahoo.com/v8/finance/chart/NKE
2020-07-22,Nike,NKE,89.35906219482422,https://query2.finance.yahoo.com/v8/finance/chart/NKE
2020-07-23,Nike,NKE,88.80793762207031,https://query2.finance.yahoo.com/v8/finance/chart/NKE
2020-07-24,Nike,NKE,88.92539978027344,https://query2.finance.yahoo.com/v8/finance/chart/NKE
2020-07-27,Nike,NKE,87.82318878173828,https://query2.finance.yahoo.com/v8/finance/chart/NKE
2020-07-28,Nike,NKE,86.9739761352539,https://query2.finance.yahoo.com/v8/finance/chart/NKE
2020-07-29,Nike,NKE,87.60636901855469,https://query2.finance.yahoo.com/v8/finance/chart/NKE
2020-07-30,Nike,NKE,87.47086334228516,https://query2.finance.yahoo.com/v8/finance/chart/NKE
2020-07-31,Nike,NKE,88.18458557128906,https://query2.finance.yahoo.com/v8/finance/chart/NKE
2020-08-03,Nike,NKE,88.83505249023438,https://query2.finance.yahoo.com/v8/finance/chart/NKE
2020-08-04,Nike,NKE,87.93161010742188,https://query2.finance.yahoo.com/v8/finance/chart/NKE
2020-08-05,Nike,NKE,91.19302368164062,https://query2.finance.yahoo.com/v8/finance/chart/NKE
2020-08-06,Nike,NKE,90.7503433227539,https://query2.finance.yahoo.com/v8/finance/chart/NKE
2020-08-07,Nike,NKE,92.02418518066406,https://query2.finance.yahoo.com/v8/finance/chart/NKE
2020-08-10,Nike,NKE,95.23139190673828,https://query2.finance.yahoo.com/v8/finance/chart/NKE
2020-08-11,Nike,NKE,94.96940612792967,https://query2.finance.yahoo.com/v8/finance/chart/NKE
2020-08-12,Nike,NKE,95.05975341796876,https://query2.finance.yahoo.com/v8/finance/chart/NKE
2020-08-13,Nike,NKE,96.23419189453124,https://query2.finance.yahoo.com/v8/finance/chart/NKE
2020-08-14,Nike,NKE,96.15290069580078,https://query2.finance.yahoo.com/v8/finance/chart/NKE
2020-08-17,Nike,NKE,95.45726013183594,https://query2.finance.yahoo.com/v8/finance/chart/NKE
2020-08-18,Nike,NKE,96.64078521728516,https://query2.finance.yahoo.com/v8/finance/chart/NKE
2020-08-19,Nike,NKE,97.9236297607422,https://query2.finance.yahoo.com/v8/finance/chart/NKE
2020-08-20,Nike,NKE,97.5803451538086,https://query2.finance.yahoo.com/v8/finance/chart/NKE
2020-08-21,Nike,NKE,99.15232849121094,https://query2.finance.yahoo.com/v8/finance/chart/NKE
2020-08-24,Nike,NKE,101.03147888183594,https://query2.finance.yahoo.com/v8/finance/chart/NKE
2020-08-25,Nike,NKE,100.74237060546876,https://query2.finance.yahoo.com/v8/finance/chart/NKE
2020-08-26,Nike,NKE,100.76042175292967,https://query2.finance.yahoo.com/v8/finance/chart/NKE
2020-08-27,Nike,NKE,100.13707733154295,https://query2.finance.yahoo.com/v8/finance/chart/NKE
2020-08-28,Nike,NKE,101.67179107666016,https://query2.finance.yahoo.com/v8/finance/chart/NKE
2020-08-31,Nike,NKE,101.30960083007812,https://query2.finance.yahoo.com/v8/finance/chart/NKE
2020-09-01,Nike,NKE,103.98065948486328,https://query2.finance.yahoo.com/v8/finance/chart/NKE
2020-09-02,Nike,NKE,105.75533294677734,https://query2.finance.yahoo.com/v8/finance/chart/NKE
2020-09-03,Nike,NKE,102.1788330078125,https://query2.finance.yahoo.com/v8/finance/chart/NKE
2020-09-04,Nike,NKE,101.7713851928711,https://query2.finance.yahoo.com/v8/finance/chart/NKE
2020-09-08,Nike,NKE,102.06111145019533,https://query2.finance.yahoo.com/v8/finance/chart/NKE
2020-09-09,Nike,NKE,104.03497314453124,https://query2.finance.yahoo.com/v8/finance/chart/NKE
2020-09-10,Nike,NKE,103.93539428710938,https://query2.finance.yahoo.com/v8/finance/chart/NKE
2020-09-11,Nike,NKE,106.84185791015624,https://query2.finance.yahoo.com/v8/finance/chart/NKE
2020-09-14,Nike,NKE,108.00080871582033,https://query2.finance.yahoo.com/v8/finance/chart/NKE
2020-09-15,Nike,NKE,107.9917449951172,https://query2.finance.yahoo.com/v8/finance/chart/NKE
2020-09-16,Nike,NKE,107.37603759765624,https://query2.finance.yahoo.com/v8/finance/chart/NKE
2020-09-17,Nike,NKE,105.35691833496094,https://query2.finance.yahoo.com/v8/finance/chart/NKE
2020-09-18,Nike,NKE,103.81768798828124,https://query2.finance.yahoo.com/v8/finance/chart/NKE
2020-09-21,Nike,NKE,102.64966583251952,https://query2.finance.yahoo.com/v8/finance/chart/NKE
2020-09-22,Nike,NKE,105.81867980957033,https://query2.finance.yahoo.com/v8/finance/chart/NKE
2020-09-23,Nike,NKE,115.0903778076172,https://query2.finance.yahoo.com/v8/finance/chart/NKE
2020-09-24,Nike,NKE,112.95353698730467,https://query2.finance.yahoo.com/v8/finance/chart/NKE
2020-09-25,Nike,NKE,112.48274993896484,https://query2.finance.yahoo.com/v8/finance/chart/NKE
2020-09-28,Nike,NKE,112.5642318725586,https://query2.finance.yahoo.com/v8/finance/chart/NKE
2020-09-29,Nike,NKE,114.40225982666016,https://query2.finance.yahoo.com/v8/finance/chart/NKE
2020-09-30,Nike,NKE,113.66885375976562,https://query2.finance.yahoo.com/v8/finance/chart/NKE
2020-10-01,Nike,NKE,114.6648406982422,https://query2.finance.yahoo.com/v8/finance/chart/NKE
2020-10-02,Nike,NKE,114.6648406982422,https://query2.finance.yahoo.com/v8/finance/chart/NKE
2020-10-05,Nike,NKE,115.81475067138672,https://query2.finance.yahoo.com/v8/finance/chart/NKE
2020-10-06,Nike,NKE,115.579345703125,https://query2.finance.yahoo.com/v8/finance/chart/NKE
2020-10-07,Nike,NKE,117.7614288330078,https://query2.finance.yahoo.com/v8/finance/chart/NKE
2020-10-08,Nike,NKE,117.4445343017578,https://query2.finance.yahoo.com/v8/finance/chart/NKE
2020-10-09,Nike,NKE,118.5944366455078,https://query2.finance.yahoo.com/v8/finance/chart/NKE
2020-10-12,Nike,NKE,117.21817016601562,https://query2.finance.yahoo.com/v8/finance/chart/NKE
2020-10-13,Nike,NKE,116.98278045654295,https://query2.finance.yahoo.com/v8/finance/chart/NKE
2020-10-14,Nike,NKE,115.58838653564452,https://query2.finance.yahoo.com/v8/finance/chart/NKE
2020-10-15,Nike,NKE,116.80168151855467,https://query2.finance.yahoo.com/v8/finance/chart/NKE
2020-10-16,Nike,NKE,115.896240234375,https://query2.finance.yahoo.com/v8/finance/chart/NKE
2020-10-19,Nike,NKE,115.38014221191406,https://query2.finance.yahoo.com/v8/finance/chart/NKE
2020-10-20,Nike,NKE,116.33991241455078,https://query2.finance.yahoo.com/v8/finance/chart/NKE
2020-10-21,Nike,NKE,117.1910171508789,https://query2.finance.yahoo.com/v8/finance/chart/NKE
2020-10-22,Nike,NKE,117.72523498535156,https://query2.finance.yahoo.com/v8/finance/chart/NKE
2020-10-23,Nike,NKE,117.69805908203124,https://query2.finance.yahoo.com/v8/finance/chart/NKE
2020-10-26,Nike,NKE,116.23123931884766,https://query2.finance.yahoo.com/v8/finance/chart/NKE
2020-10-27,Nike,NKE,115.8871841430664,https://query2.finance.yahoo.com/v8/finance/chart/NKE
2020-10-28,Nike,NKE,110.53601837158205,https://query2.finance.yahoo.com/v8/finance/chart/NKE
2020-10-29,Nike,NKE,111.24227142333984,https://query2.finance.yahoo.com/v8/finance/chart/NKE
2020-10-30,Nike,NKE,108.72516632080078,https://query2.finance.yahoo.com/v8/finance/chart/NKE
2020-11-02,Nike,NKE,110.81672668457033,https://query2.finance.yahoo.com/v8/finance/chart/NKE
2020-11-03,Nike,NKE,112.80870056152344,https://query2.finance.yahoo.com/v8/finance/chart/NKE
2020-11-04,Nike,NKE,115.29866027832033,https://query2.finance.yahoo.com/v8/finance/chart/NKE
2020-11-05,Nike,NKE,117.43549346923828,https://query2.finance.yahoo.com/v8/finance/chart/NKE
2020-11-06,Nike,NKE,116.71112060546876,https://query2.finance.yahoo.com/v8/finance/chart/NKE
2020-11-09,Nike,NKE,116.75640106201172,https://query2.finance.yahoo.com/v8/finance/chart/NKE
2020-11-10,Nike,NKE,115.6336669921875,https://query2.finance.yahoo.com/v8/finance/chart/NKE
2020-11-11,Nike,NKE,115.58838653564452,https://query2.finance.yahoo.com/v8/finance/chart/NKE
2020-11-12,Nike,NKE,114.6648406982422,https://query2.finance.yahoo.com/v8/finance/chart/NKE
2020-11-13,Nike,NKE,116.14976501464844,https://query2.finance.yahoo.com/v8/finance/chart/NKE
2020-11-16,Nike,NKE,117.80671691894533,https://query2.finance.yahoo.com/v8/finance/chart/NKE
2020-11-17,Nike,NKE,119.70813751220705,https://query2.finance.yahoo.com/v8/finance/chart/NKE
2020-11-18,Nike,NKE,119.1830062866211,https://query2.finance.yahoo.com/v8/finance/chart/NKE
2020-11-19,Nike,NKE,119.43648529052734,https://query2.finance.yahoo.com/v8/finance/chart/NKE
2020-11-20,Nike,NKE,120.40532684326172,https://query2.finance.yahoo.com/v8/finance/chart/NKE
2020-11-23,Nike,NKE,121.44661712646484,https://query2.finance.yahoo.com/v8/finance/chart/NKE
2020-11-24,Nike,NKE,121.96267700195312,https://query2.finance.yahoo.com/v8/finance/chart/NKE
2020-11-25,Nike,NKE,122.72325134277344,https://query2.finance.yahoo.com/v8/finance/chart/NKE
2020-11-27,Nike,NKE,121.55522918701172,https://query2.finance.yahoo.com/v8/finance/chart/NKE
2020-11-30,Nike,NKE,121.96267700195312,https://query2.finance.yahoo.com/v8/finance/chart/NKE
2020-12-01,Nike,NKE,122.63270568847656,https://query2.finance.yahoo.com/v8/finance/chart/NKE
2020-12-02,Nike,NKE,122.75946807861328,https://query2.finance.yahoo.com/v8/finance/chart/NKE
2020-12-03,Nike,NKE,124.00899505615234,https://query2.finance.yahoo.com/v8/finance/chart/NKE
2020-12-04,Nike,NKE,124.46713256835938,https://query2.finance.yahoo.com/v8/finance/chart/NKE
2020-12-07,Nike,NKE,125.8824691772461,https://query2.finance.yahoo.com/v8/finance/chart/NKE
2020-12-08,Nike,NKE,126.2181396484375,https://query2.finance.yahoo.com/v8/finance/chart/NKE
2020-12-09,Nike,NKE,125.91876220703124,https://query2.finance.yahoo.com/v8/finance/chart/NKE
2020-12-10,Nike,NKE,124.82097625732422,https://query2.finance.yahoo.com/v8/finance/chart/NKE
2020-12-11,Nike,NKE,124.66675567626952,https://query2.finance.yahoo.com/v8/finance/chart/NKE
2020-12-14,Nike,NKE,123.64153289794922,https://query2.finance.yahoo.com/v8/finance/chart/NKE
2020-12-15,Nike,NKE,126.46315002441406,https://query2.finance.yahoo.com/v8/finance/chart/NKE
2020-12-16,Nike,NKE,125.5104751586914,https://query2.finance.yahoo.com/v8/finance/chart/NKE
2020-12-17,Nike,NKE,127.47013092041016,https://query2.finance.yahoo.com/v8/finance/chart/NKE
2020-12-18,Nike,NKE,124.54877471923828,https://query2.finance.yahoo.com/v8/finance/chart/NKE
2020-12-21,Nike,NKE,130.6637420654297,https://query2.finance.yahoo.com/v8/finance/chart/NKE
2020-12-22,Nike,NKE,129.2393035888672,https://query2.finance.yahoo.com/v8/finance/chart/NKE
2020-12-23,Nike,NKE,128.61328125,https://query2.finance.yahoo.com/v8/finance/chart/NKE
2020-12-24,Nike,NKE,128.4681396484375,https://query2.finance.yahoo.com/v8/finance/chart/NKE
2020-12-28,Nike,NKE,129.2211456298828,https://query2.finance.yahoo.com/v8/finance/chart/NKE
2020-12-29,Nike,NKE,128.44094848632812,https://query2.finance.yahoo.com/v8/finance/chart/NKE
2020-12-30,Nike,NKE,128.44998168945312,https://query2.finance.yahoo.com/v8/finance/chart/NKE
2020-12-31,Nike,NKE,128.3502197265625,https://query2.finance.yahoo.com/v8/finance/chart/NKE
2021-01-04,Nike,NKE,127.1072769165039,https://query2.finance.yahoo.com/v8/finance/chart/NKE
2021-01-05,Nike,NKE,128.1324920654297,https://query2.finance.yahoo.com/v8/finance/chart/NKE
2021-01-06,Nike,NKE,129.1486358642578,https://query2.finance.yahoo.com/v8/finance/chart/NKE
2021-01-07,Nike,NKE,131.5075225830078,https://query2.finance.yahoo.com/v8/finance/chart/NKE
2021-01-08,Nike,NKE,132.77764892578125,https://query2.finance.yahoo.com/v8/finance/chart/NKE
2021-01-11,Nike,NKE,133.41275024414062,https://query2.finance.yahoo.com/v8/finance/chart/NKE
2021-01-12,Nike,NKE,131.59825134277344,https://query2.finance.yahoo.com/v8/finance/chart/NKE
2021-01-13,Nike,NKE,129.7746124267578,https://query2.finance.yahoo.com/v8/finance/chart/NKE
2021-01-14,Nike,NKE,128.19598388671875,https://query2.finance.yahoo.com/v8/finance/chart/NKE
2021-01-15,Nike,NKE,127.66976928710938,https://query2.finance.yahoo.com/v8/finance/chart/NKE
2021-01-19,Nike,NKE,126.35425567626952,https://query2.finance.yahoo.com/v8/finance/chart/NKE
2021-01-20,Nike,NKE,129.55691528320312,https://query2.finance.yahoo.com/v8/finance/chart/NKE
2021-01-21,Nike,NKE,128.47723388671875,https://query2.finance.yahoo.com/v8/finance/chart/NKE
2021-01-22,Nike,NKE,126.42681884765624,https://query2.finance.yahoo.com/v8/finance/chart/NKE
2021-01-25,Nike,NKE,124.79373931884766,https://query2.finance.yahoo.com/v8/finance/chart/NKE
2021-01-26,Nike,NKE,122.57096099853516,https://query2.finance.yahoo.com/v8/finance/chart/NKE
2021-01-27,Nike,NKE,118.86934661865234,https://query2.finance.yahoo.com/v8/finance/chart/NKE
2021-01-28,Nike,NKE,122.22621154785156,https://query2.finance.yahoo.com/v8/finance/chart/NKE
2021-01-29,Nike,NKE,121.2010269165039,https://query2.finance.yahoo.com/v8/finance/chart/NKE
2021-02-01,Nike,NKE,123.1244125366211,https://query2.finance.yahoo.com/v8/finance/chart/NKE
2021-02-02,Nike,NKE,126.64456939697266,https://query2.finance.yahoo.com/v8/finance/chart/NKE
2021-02-03,Nike,NKE,125.77359771728516,https://query2.finance.yahoo.com/v8/finance/chart/NKE
2021-02-04,Nike,NKE,127.58810424804688,https://query2.finance.yahoo.com/v8/finance/chart/NKE
2021-02-05,Nike,NKE,131.6526641845703,https://query2.finance.yahoo.com/v8/finance/chart/NKE
2021-02-08,Nike,NKE,130.1103057861328,https://query2.finance.yahoo.com/v8/finance/chart/NKE
2021-02-09,Nike,NKE,128.64053344726562,https://query2.finance.yahoo.com/v8/finance/chart/NKE
2021-02-10,Nike,NKE,129.24844360351562,https://query2.finance.yahoo.com/v8/finance/chart/NKE
2021-02-11,Nike,NKE,130.22825622558594,https://query2.finance.yahoo.com/v8/finance/chart/NKE
2021-02-12,Nike,NKE,128.93991088867188,https://query2.finance.yahoo.com/v8/finance/chart/NKE
2021-02-16,Nike,NKE,128.56796264648438,https://query2.finance.yahoo.com/v8/finance/chart/NKE
2021-02-17,Nike,NKE,130.63653564453125,https://query2.finance.yahoo.com/v8/finance/chart/NKE
2021-02-18,Nike,NKE,131.63450622558594,https://query2.finance.yahoo.com/v8/finance/chart/NKE
2021-02-19,Nike,NKE,128.84922790527344,https://query2.finance.yahoo.com/v8/finance/chart/NKE
2021-02-22,Nike,NKE,123.99536895751952,https://query2.finance.yahoo.com/v8/finance/chart/NKE
2021-02-23,Nike,NKE,123.50546264648438,https://query2.finance.yahoo.com/v8/finance/chart/NKE
2021-02-24,Nike,NKE,123.06996154785156,https://query2.finance.yahoo.com/v8/finance/chart/NKE
2021-02-25,Nike,NKE,122.97015380859376,https://query2.finance.yahoo.com/v8/finance/chart/NKE
2021-02-26,Nike,NKE,122.52925872802734,https://query2.finance.yahoo.com/v8/finance/chart/NKE
2021-03-01,Nike,NKE,125.13835906982422,https://query2.finance.yahoo.com/v8/finance/chart/NKE
2021-03-02,Nike,NKE,124.56565856933594,https://query2.finance.yahoo.com/v8/finance/chart/NKE
2021-03-03,Nike,NKE,122.0564956665039,https://query2.finance.yahoo.com/v8/finance/chart/NKE
2021-03-04,Nike,NKE,120.03829193115234,https://query2.finance.yahoo.com/v8/finance/chart/NKE
2021-03-05,Nike,NKE,121.2292251586914,https://query2.finance.yahoo.com/v8/finance/chart/NKE
2021-03-08,Nike,NKE,122.32923126220705,https://query2.finance.yahoo.com/v8/finance/chart/NKE
2021-03-09,Nike,NKE,123.59292602539062,https://query2.finance.yahoo.com/v8/finance/chart/NKE
2021-03-10,Nike,NKE,125.0838394165039,https://query2.finance.yahoo.com/v8/finance/chart/NKE
2021-03-11,Nike,NKE,128.35665893554688,https://query2.finance.yahoo.com/v8/finance/chart/NKE
2021-03-12,Nike,NKE,127.68389892578124,https://query2.finance.yahoo.com/v8/finance/chart/NKE
2021-03-15,Nike,NKE,131.7657470703125,https://query2.finance.yahoo.com/v8/finance/chart/NKE
2021-03-16,Nike,NKE,131.5021209716797,https://query2.finance.yahoo.com/v8/finance/chart/NKE
2021-03-17,Nike,NKE,131.6566619873047,https://query2.finance.yahoo.com/v8/finance/chart/NKE
2021-03-18,Nike,NKE,130.1566162109375,https://query2.finance.yahoo.com/v8/finance/chart/NKE
2021-03-19,Nike,NKE,124.99292755126952,https://query2.finance.yahoo.com/v8/finance/chart/NKE
2021-03-22,Nike,NKE,125.70201110839844,https://query2.finance.yahoo.com/v8/finance/chart/NKE
2021-03-23,Nike,NKE,124.65657806396484,https://query2.finance.yahoo.com/v8/finance/chart/NKE
2021-03-24,Nike,NKE,121.05648803710938,https://query2.finance.yahoo.com/v8/finance/chart/NKE
2021-03-25,Nike,NKE,116.94734954833984,https://query2.finance.yahoo.com/v8/finance/chart/NKE
2021-03-26,Nike,NKE,120.9019546508789,https://query2.finance.yahoo.com/v8/finance/chart/NKE
2021-03-29,Nike,NKE,121.35652160644533,https://query2.finance.yahoo.com/v8/finance/chart/NKE
2021-03-30,Nike,NKE,120.8656005859375,https://query2.finance.yahoo.com/v8/finance/chart/NKE
2021-03-31,Nike,NKE,120.81102752685548,https://query2.finance.yahoo.com/v8/finance/chart/NKE
2021-04-01,Nike,NKE,120.48377227783205,https://query2.finance.yahoo.com/v8/finance/chart/NKE
2021-04-05,Nike,NKE,122.8383331298828,https://query2.finance.yahoo.com/v8/finance/chart/NKE
2021-04-06,Nike,NKE,124.69294738769533,https://query2.finance.yahoo.com/v8/finance/chart/NKE
2021-04-07,Nike,NKE,124.1292495727539,https://query2.finance.yahoo.com/v8/finance/chart/NKE
2021-04-08,Nike,NKE,121.52923583984376,https://query2.finance.yahoo.com/v8/finance/chart/NKE
2021-04-09,Nike,NKE,123.13835144042967,https://query2.finance.yahoo.com/v8/finance/chart/NKE
2021-04-12,Nike,NKE,124.2201919555664,https://query2.finance.yahoo.com/v8/finance/chart/NKE
2021-04-13,Nike,NKE,121.4019546508789,https://query2.finance.yahoo.com/v8/finance/chart/NKE
2021-04-14,Nike,NKE,120.2383041381836,https://query2.finance.yahoo.com/v8/finance/chart/NKE
2021-04-15,Nike,NKE,121.5201416015625,https://query2.finance.yahoo.com/v8/finance/chart/NKE
2021-04-16,Nike,NKE,122.10194396972656,https://query2.finance.yahoo.com/v8/finance/chart/NKE
2021-04-19,Nike,NKE,120.5201416015625,https://query2.finance.yahoo.com/v8/finance/chart/NKE
2021-04-20,Nike,NKE,115.556396484375,https://query2.finance.yahoo.com/v8/finance/chart/NKE
2021-04-21,Nike,NKE,118.09280395507812,https://query2.finance.yahoo.com/v8/finance/chart/NKE
2021-04-22,Nike,NKE,117.43826293945312,https://query2.finance.yahoo.com/v8/finance/chart/NKE
2021-04-23,Nike,NKE,118.3564453125,https://query2.finance.yahoo.com/v8/finance/chart/NKE
2021-04-26,Nike,NKE,119.63829040527344,https://query2.finance.yahoo.com/v8/finance/chart/NKE
2021-04-27,Nike,NKE,120.1019287109375,https://query2.finance.yahoo.com/v8/finance/chart/NKE
2021-04-28,Nike,NKE,118.8292007446289,https://query2.finance.yahoo.com/v8/finance/chart/NKE
2021-04-29,Nike,NKE,121.14738464355467,https://query2.finance.yahoo.com/v8/finance/chart/NKE
2021-04-30,Nike,NKE,120.56554412841795,https://query2.finance.yahoo.com/v8/finance/chart/NKE
2021-05-03,Nike,NKE,120.93831634521484,https://query2.finance.yahoo.com/v8/finance/chart/NKE
2021-05-04,Nike,NKE,119.59284973144533,https://query2.finance.yahoo.com/v8/finance/chart/NKE
2021-05-05,Nike,NKE,120.19285583496094,https://query2.finance.yahoo.com/v8/finance/chart/NKE
2021-05-06,Nike,NKE,121.35652160644533,https://query2.finance.yahoo.com/v8/finance/chart/NKE
2021-05-07,Nike,NKE,125.28384399414062,https://query2.finance.yahoo.com/v8/finance/chart/NKE
2021-05-10,Nike,NKE,124.00196838378906,https://query2.finance.yahoo.com/v8/finance/chart/NKE
2021-05-11,Nike,NKE,124.65657806396484,https://query2.finance.yahoo.com/v8/finance/chart/NKE
2021-05-12,Nike,NKE,121.2655792236328,https://query2.finance.yahoo.com/v8/finance/chart/NKE
2021-05-13,Nike,NKE,121.46560668945312,https://query2.finance.yahoo.com/v8/finance/chart/NKE
2021-05-14,Nike,NKE,123.57469940185548,https://query2.finance.yahoo.com/v8/finance/chart/NKE
2021-05-17,Nike,NKE,124.0110855102539,https://query2.finance.yahoo.com/v8/finance/chart/NKE
2021-05-18,Nike,NKE,123.23834991455078,https://query2.finance.yahoo.com/v8/finance/chart/NKE
2021-05-19,Nike,NKE,120.87467956542967,https://query2.finance.yahoo.com/v8/finance/chart/NKE
2021-05-20,Nike,NKE,121.15650939941406,https://query2.finance.yahoo.com/v8/finance/chart/NKE
2021-05-21,Nike,NKE,120.60196685791016,https://query2.finance.yahoo.com/v8/finance/chart/NKE
2021-05-24,Nike,NKE,121.87470245361328,https://query2.finance.yahoo.com/v8/finance/chart/NKE
2021-05-25,Nike,NKE,122.11104583740234,https://query2.finance.yahoo.com/v8/finance/chart/NKE
2021-05-26,Nike,NKE,124.44747924804688,https://query2.finance.yahoo.com/v8/finance/chart/NKE
2021-05-27,Nike,NKE,124.14743041992188,https://query2.finance.yahoo.com/v8/finance/chart/NKE
2021-05-28,Nike,NKE,124.3068618774414,https://query2.finance.yahoo.com/v8/finance/chart/NKE
2021-06-01,Nike,NKE,122.53052520751952,https://query2.finance.yahoo.com/v8/finance/chart/NKE
2021-06-02,Nike,NKE,122.22080993652344,https://query2.finance.yahoo.com/v8/finance/chart/NKE
2021-06-03,Nike,NKE,122.22080993652344,https://query2.finance.yahoo.com/v8/finance/chart/NKE
2021-06-04,Nike,NKE,121.82910919189452,https://query2.finance.yahoo.com/v8/finance/chart/NKE
2021-06-07,Nike,NKE,122.02043914794922,https://query2.finance.yahoo.com/v8/finance/chart/NKE
2021-06-08,Nike,NKE,121.47384643554688,https://query2.finance.yahoo.com/v8/finance/chart/NKE
2021-06-09,Nike,NKE,120.09832000732422,https://query2.finance.yahoo.com/v8/finance/chart/NKE
2021-06-10,Nike,NKE,119.3149185180664,https://query2.finance.yahoo.com/v8/finance/chart/NKE
2021-06-11,Nike,NKE,120.1894073486328,https://query2.finance.yahoo.com/v8/finance/chart/NKE
2021-06-14,Nike,NKE,119.66106414794922,https://query2.finance.yahoo.com/v8/finance/chart/NKE
2021-06-15,Nike,NKE,118.68633270263672,https://query2.finance.yahoo.com/v8/finance/chart/NKE
2021-06-16,Nike,NKE,118.78656768798828,https://query2.finance.yahoo.com/v8/finance/chart/NKE
2021-06-17,Nike,NKE,117.43838500976562,https://query2.finance.yahoo.com/v8/finance/chart/NKE
2021-06-18,Nike,NKE,116.97380065917967,https://query2.finance.yahoo.com/v8/finance/chart/NKE
2021-06-21,Nike,NKE,118.4950714111328,https://query2.finance.yahoo.com/v8/finance/chart/NKE
2021-06-22,Nike,NKE,120.68132781982422,https://query2.finance.yahoo.com/v8/finance/chart/NKE
2021-06-23,Nike,NKE,121.24610900878906,https://query2.finance.yahoo.com/v8/finance/chart/NKE
2021-06-24,Nike,NKE,121.70158386230467,https://query2.finance.yahoo.com/v8/finance/chart/NKE
2021-06-25,Nike,NKE,140.6035919189453,https://query2.finance.yahoo.com/v8/finance/chart/NKE
2021-06-28,Nike,NKE,138.79083251953125,https://query2.finance.yahoo.com/v8/finance/chart/NKE
2021-06-29,Nike,NKE,142.06109619140625,https://query2.finance.yahoo.com/v8/finance/chart/NKE
2021-06-30,Nike,NKE,140.7310791015625,https://query2.finance.yahoo.com/v8/finance/chart/NKE
2021-07-01,Nike,NKE,143.92849731445312,https://query2.finance.yahoo.com/v8/finance/chart/NKE
2021-07-02,Nike,NKE,145.51356506347656,https://query2.finance.yahoo.com/v8/finance/chart/NKE
2021-07-06,Nike,NKE,145.8505859375,https://query2.finance.yahoo.com/v8/finance/chart/NKE
2021-07-07,Nike,NKE,145.89614868164062,https://query2.finance.yahoo.com/v8/finance/chart/NKE
2021-07-08,Nike,NKE,146.3242950439453,https://query2.finance.yahoo.com/v8/finance/chart/NKE
2021-07-09,Nike,NKE,146.6613311767578,https://query2.finance.yahoo.com/v8/finance/chart/NKE
2021-07-12,Nike,NKE,147.40830993652344,https://query2.finance.yahoo.com/v8/finance/chart/NKE
2021-07-13,Nike,NKE,147.1987762451172,https://query2.finance.yahoo.com/v8/finance/chart/NKE
2021-07-14,Nike,NKE,147.15322875976562,https://query2.finance.yahoo.com/v8/finance/chart/NKE
2021-07-15,Nike,NKE,147.28988647460938,https://query2.finance.yahoo.com/v8/finance/chart/NKE
2021-07-16,Nike,NKE,145.6137237548828,https://query2.finance.yahoo.com/v8/finance/chart/NKE
2021-07-19,Nike,NKE,143.81011962890625,https://query2.finance.yahoo.com/v8/finance/chart/NKE
2021-07-20,Nike,NKE,145.51356506347656,https://query2.finance.yahoo.com/v8/finance/chart/NKE
2021-07-21,Nike,NKE,146.7342071533203,https://query2.finance.yahoo.com/v8/finance/chart/NKE
2021-07-22,Nike,NKE,149.10263061523438,https://query2.finance.yahoo.com/v8/finance/chart/NKE
2021-07-23,Nike,NKE,151.54396057128906,https://query2.finance.yahoo.com/v8/finance/chart/NKE
2021-07-26,Nike,NKE,150.38710021972656,https://query2.finance.yahoo.com/v8/finance/chart/NKE
2021-07-27,Nike,NKE,149.9134063720703,https://query2.finance.yahoo.com/v8/finance/chart/NKE
2021-07-28,Nike,NKE,150.72409057617188,https://query2.finance.yahoo.com/v8/finance/chart/NKE
2021-07-29,Nike,NKE,152.11788940429688,https://query2.finance.yahoo.com/v8/finance/chart/NKE
2021-07-30,Nike,NKE,152.591552734375,https://query2.finance.yahoo.com/v8/finance/chart/NKE
2021-08-02,Nike,NKE,153.7211151123047,https://query2.finance.yahoo.com/v8/finance/chart/NKE
2021-08-03,Nike,NKE,155.980224609375,https://query2.finance.yahoo.com/v8/finance/chart/NKE
2021-08-04,Nike,NKE,156.59970092773438,https://query2.finance.yahoo.com/v8/finance/chart/NKE
2021-08-05,Nike,NKE,158.3668975830078,https://query2.finance.yahoo.com/v8/finance/chart/NKE
2021-08-06,Nike,NKE,157.41043090820312,https://query2.finance.yahoo.com/v8/finance/chart/NKE
2021-08-09,Nike,NKE,156.47213745117188,https://query2.finance.yahoo.com/v8/finance/chart/NKE
2021-08-10,Nike,NKE,156.9276123046875,https://query2.finance.yahoo.com/v8/finance/chart/NKE
2021-08-11,Nike,NKE,156.01670837402344,https://query2.finance.yahoo.com/v8/finance/chart/NKE
2021-08-12,Nike,NKE,155.44281005859375,https://query2.finance.yahoo.com/v8/finance/chart/NKE
2021-08-13,Nike,NKE,156.39926147460938,https://query2.finance.yahoo.com/v8/finance/chart/NKE
2021-08-16,Nike,NKE,157.00961303710938,https://query2.finance.yahoo.com/v8/finance/chart/NKE
2021-08-17,Nike,NKE,155.4610137939453,https://query2.finance.yahoo.com/v8/finance/chart/NKE
2021-08-18,Nike,NKE,153.7757568359375,https://query2.finance.yahoo.com/v8/finance/chart/NKE
2021-08-19,Nike,NKE,150.84251403808594,https://query2.finance.yahoo.com/v8/finance/chart/NKE
2021-08-20,Nike,NKE,152.84658813476562,https://query2.finance.yahoo.com/v8/finance/chart/NKE
2021-08-23,Nike,NKE,154.60475158691406,https://query2.finance.yahoo.com/v8/finance/chart/NKE
2021-08-24,Nike,NKE,154.84156799316406,https://query2.finance.yahoo.com/v8/finance/chart/NKE
2021-08-25,Nike,NKE,154.71401977539062,https://query2.finance.yahoo.com/v8/finance/chart/NKE
2021-08-26,Nike,NKE,152.05413818359375,https://query2.finance.yahoo.com/v8/finance/chart/NKE
2021-08-27,Nike,NKE,152.90721130371094,https://query2.finance.yahoo.com/v8/finance/chart/NKE
2021-08-30,Nike,NKE,153.31784057617188,https://query2.finance.yahoo.com/v8/finance/chart/NKE
2021-08-31,Nike,NKE,150.31588745117188,https://query2.finance.yahoo.com/v8/finance/chart/NKE
2021-09-01,Nike,NKE,150.15162658691406,https://query2.finance.yahoo.com/v8/finance/chart/NKE
2021-09-02,Nike,NKE,149.3395538330078,https://query2.finance.yahoo.com/v8/finance/chart/NKE
2021-09-03,Nike,NKE,148.99285888671875,https://query2.finance.yahoo.com/v8/finance/chart/NKE
2021-09-07,Nike,NKE,148.39976501464844,https://query2.finance.yahoo.com/v8/finance/chart/NKE
2021-09-08,Nike,NKE,146.6387481689453,https://query2.finance.yahoo.com/v8/finance/chart/NKE
2021-09-09,Nike,NKE,149.03846740722656,https://query2.finance.yahoo.com/v8/finance/chart/NKE
2021-09-10,Nike,NKE,149.26657104492188,https://query2.finance.yahoo.com/v8/finance/chart/NKE
2021-09-13,Nike,NKE,145.55294799804688,https://query2.finance.yahoo.com/v8/finance/chart/NKE
2021-09-14,Nike,NKE,144.85948181152344,https://query2.finance.yahoo.com/v8/finance/chart/NKE
2021-09-15,Nike,NKE,144.0839385986328,https://query2.finance.yahoo.com/v8/finance/chart/NKE
2021-09-16,Nike,NKE,143.8010711669922,https://query2.finance.yahoo.com/v8/finance/chart/NKE
2021-09-17,Nike,NKE,142.724365234375,https://query2.finance.yahoo.com/v8/finance/chart/NKE
2021-09-20,Nike,NKE,140.74436950683594,https://query2.finance.yahoo.com/v8/finance/chart/NKE
2021-09-21,Nike,NKE,141.4469451904297,https://query2.finance.yahoo.com/v8/finance/chart/NKE
2021-09-22,Nike,NKE,143.65504455566406,https://query2.finance.yahoo.com/v8/finance/chart/NKE
2021-09-23,Nike,NKE,145.60772705078125,https://query2.finance.yahoo.com/v8/finance/chart/NKE
2021-09-24,Nike,NKE,136.4923858642578,https://query2.finance.yahoo.com/v8/finance/chart/NKE
2021-09-27,Nike,NKE,135.07806396484375,https://query2.finance.yahoo.com/v8/finance/chart/NKE
2021-09-28,Nike,NKE,132.57801818847656,https://query2.finance.yahoo.com/v8/finance/chart/NKE
2021-09-29,Nike,NKE,133.23495483398438,https://query2.finance.yahoo.com/v8/finance/chart/NKE
2021-09-30,Nike,NKE,132.5141143798828,https://query2.finance.yahoo.com/v8/finance/chart/NKE
2021-10-01,Nike,NKE,134.1838836669922,https://query2.finance.yahoo.com/v8/finance/chart/NKE
2021-10-04,Nike,NKE,134.25689697265625,https://query2.finance.yahoo.com/v8/finance/chart/NKE
2021-10-05,Nike,NKE,136.37376403808594,https://query2.finance.yahoo.com/v8/finance/chart/NKE
2021-10-06,Nike,NKE,135.77151489257812,https://query2.finance.yahoo.com/v8/finance/chart/NKE
2021-10-07,Nike,NKE,138.5544891357422,https://query2.finance.yahoo.com/v8/finance/chart/NKE
2021-10-08,Nike,NKE,139.1293487548828,https://query2.finance.yahoo.com/v8/finance/chart/NKE
2021-10-11,Nike,NKE,137.12196350097656,https://query2.finance.yahoo.com/v8/finance/chart/NKE
2021-10-12,Nike,NKE,139.9231719970703,https://query2.finance.yahoo.com/v8/finance/chart/NKE
2021-10-13,Nike,NKE,142.61485290527344,https://query2.finance.yahoo.com/v8/finance/chart/NKE
2021-10-14,Nike,NKE,143.38133239746094,https://query2.finance.yahoo.com/v8/finance/chart/NKE
2021-10-15,Nike,NKE,144.17515563964844,https://query2.finance.yahoo.com/v8/finance/chart/NKE
2021-10-18,Nike,NKE,145.4707794189453,https://query2.finance.yahoo.com/v8/finance/chart/NKE
2021-10-19,Nike,NKE,144.00177001953125,https://query2.finance.yahoo.com/v8/finance/chart/NKE
2021-10-20,Nike,NKE,144.57662963867188,https://query2.finance.yahoo.com/v8/finance/chart/NKE
2021-10-21,Nike,NKE,147.9800262451172,https://query2.finance.yahoo.com/v8/finance/chart/NKE
2021-10-22,Nike,NKE,149.1662139892578,https://query2.finance.yahoo.com/v8/finance/chart/NKE
2021-10-25,Nike,NKE,149.84141540527344,https://query2.finance.yahoo.com/v8/finance/chart/NKE
2021-10-26,Nike,NKE,149.44903564453125,https://query2.finance.yahoo.com/v8/finance/chart/NKE
2021-10-27,Nike,NKE,148.13519287109375,https://query2.finance.yahoo.com/v8/finance/chart/NKE
2021-10-28,Nike,NKE,150.06044006347656,https://query2.finance.yahoo.com/v8/finance/chart/NKE
2021-10-29,Nike,NKE,152.64260864257812,https://query2.finance.yahoo.com/v8/finance/chart/NKE
2021-11-01,Nike,NKE,151.76666259765625,https://query2.finance.yahoo.com/v8/finance/chart/NKE
2021-11-02,Nike,NKE,153.1353302001953,https://query2.finance.yahoo.com/v8/finance/chart/NKE
2021-11-03,Nike,NKE,157.396484375,https://query2.finance.yahoo.com/v8/finance/chart/NKE
2021-11-04,Nike,NKE,160.0790557861328,https://query2.finance.yahoo.com/v8/finance/chart/NKE
2021-11-05,Nike,NKE,161.9677734375,https://query2.finance.yahoo.com/v8/finance/chart/NKE
2021-11-08,Nike,NKE,156.80335998535156,https://query2.finance.yahoo.com/v8/finance/chart/NKE
2021-11-09,Nike,NKE,158.6008758544922,https://query2.finance.yahoo.com/v8/finance/chart/NKE
2021-11-10,Nike,NKE,153.52767944335938,https://query2.finance.yahoo.com/v8/finance/chart/NKE
2021-11-11,Nike,NKE,152.35064697265625,https://query2.finance.yahoo.com/v8/finance/chart/NKE
2021-11-12,Nike,NKE,154.28501892089844,https://query2.finance.yahoo.com/v8/finance/chart/NKE
2021-11-15,Nike,NKE,154.0660400390625,https://query2.finance.yahoo.com/v8/finance/chart/NKE
2021-11-16,Nike,NKE,156.78512573242188,https://query2.finance.yahoo.com/v8/finance/chart/NKE
2021-11-17,Nike,NKE,156.70298767089844,https://query2.finance.yahoo.com/v8/finance/chart/NKE
2021-11-18,Nike,NKE,156.34710693359375,https://query2.finance.yahoo.com/v8/finance/chart/NKE
2021-11-19,Nike,NKE,159.5680694580078,https://query2.finance.yahoo.com/v8/finance/chart/NKE
2021-11-22,Nike,NKE,158.9840850830078,https://query2.finance.yahoo.com/v8/finance/chart/NKE
2021-11-23,Nike,NKE,157.0771026611328,https://query2.finance.yahoo.com/v8/finance/chart/NKE
2021-11-24,Nike,NKE,156.9676055908203,https://query2.finance.yahoo.com/v8/finance/chart/NKE
2021-11-26,Nike,NKE,153.3087158203125,https://query2.finance.yahoo.com/v8/finance/chart/NKE
2021-11-29,Nike,NKE,154.99671936035156,https://query2.finance.yahoo.com/v8/finance/chart/NKE
2021-11-30,Nike,NKE,154.421875,https://query2.finance.yahoo.com/v8/finance/chart/NKE
2021-12-01,Nike,NKE,152.10430908203125,https://query2.finance.yahoo.com/v8/finance/chart/NKE
2021-12-02,Nike,NKE,155.1153564453125,https://query2.finance.yahoo.com/v8/finance/chart/NKE
2021-12-03,Nike,NKE,155.613525390625,https://query2.finance.yahoo.com/v8/finance/chart/NKE
2021-12-06,Nike,NKE,154.3977508544922,https://query2.finance.yahoo.com/v8/finance/chart/NKE
2021-12-07,Nike,NKE,156.57330322265625,https://query2.finance.yahoo.com/v8/finance/chart/NKE
2021-12-08,Nike,NKE,155.62266540527344,https://query2.finance.yahoo.com/v8/finance/chart/NKE
2021-12-09,Nike,NKE,153.65740966796875,https://query2.finance.yahoo.com/v8/finance/chart/NKE
2021-12-10,Nike,NKE,154.5348663330078,https://query2.finance.yahoo.com/v8/finance/chart/NKE
2021-12-13,Nike,NKE,152.50563049316406,https://query2.finance.yahoo.com/v8/finance/chart/NKE
2021-12-14,Nike,NKE,151.1893310546875,https://query2.finance.yahoo.com/v8/finance/chart/NKE
2021-12-15,Nike,NKE,149.81825256347656,https://query2.finance.yahoo.com/v8/finance/chart/NKE
2021-12-16,Nike,NKE,148.73959350585938,https://query2.finance.yahoo.com/v8/finance/chart/NKE
2021-12-17,Nike,NKE,147.4964599609375,https://query2.finance.yahoo.com/v8/finance/chart/NKE
2021-12-20,Nike,NKE,143.49276733398438,https://query2.finance.yahoo.com/v8/finance/chart/NKE
2021-12-21,Nike,NKE,152.31365966796875,https://query2.finance.yahoo.com/v8/finance/chart/NKE
2021-12-22,Nike,NKE,151.22593688964844,https://query2.finance.yahoo.com/v8/finance/chart/NKE
2021-12-23,Nike,NKE,151.43617248535156,https://query2.finance.yahoo.com/v8/finance/chart/NKE
2021-12-27,Nike,NKE,153.1820526123047,https://query2.finance.yahoo.com/v8/finance/chart/NKE
2021-12-28,Nike,NKE,152.1217041015625,https://query2.finance.yahoo.com/v8/finance/chart/NKE
2021-12-29,Nike,NKE,154.2790069580078,https://query2.finance.yahoo.com/v8/finance/chart/NKE
2021-12-30,Nike,NKE,153.09979248046875,https://query2.finance.yahoo.com/v8/finance/chart/NKE
2021-12-31,Nike,NKE,152.35025024414062,https://query2.finance.yahoo.com/v8/finance/chart/NKE
2022-01-03,Nike,NKE,150.52207946777344,https://query2.finance.yahoo.com/v8/finance/chart/NKE
2022-01-04,Nike,NKE,152.09429931640625,https://query2.finance.yahoo.com/v8/finance/chart/NKE
2022-01-05,Nike,NKE,148.3099822998047,https://query2.finance.yahoo.com/v8/finance/chart/NKE
2022-01-06,Nike,NKE,147.2039337158203,https://query2.finance.yahoo.com/v8/finance/chart/NKE
2022-01-07,Nike,NKE,143.483642578125,https://query2.finance.yahoo.com/v8/finance/chart/NKE
2022-01-10,Nike,NKE,137.51466369628906,https://query2.finance.yahoo.com/v8/finance/chart/NKE
2022-01-11,Nike,NKE,137.38670349121094,https://query2.finance.yahoo.com/v8/finance/chart/NKE
2022-01-12,Nike,NKE,139.13259887695312,https://query2.finance.yahoo.com/v8/finance/chart/NKE
2022-01-13,Nike,NKE,136.7377166748047,https://query2.finance.yahoo.com/v8/finance/chart/NKE
2022-01-14,Nike,NKE,135.44883728027344,https://query2.finance.yahoo.com/v8/finance/chart/NKE
2022-01-18,Nike,NKE,134.3245086669922,https://query2.finance.yahoo.com/v8/finance/chart/NKE
2022-01-19,Nike,NKE,132.64259338378906,https://query2.finance.yahoo.com/v8/finance/chart/NKE
2022-01-20,Nike,NKE,130.4671173095703,https://query2.finance.yahoo.com/v8/finance/chart/NKE
2022-01-21,Nike,NKE,130.6681365966797,https://query2.finance.yahoo.com/v8/finance/chart/NKE
2022-01-24,Nike,NKE,133.45614624023438,https://query2.finance.yahoo.com/v8/finance/chart/NKE
2022-01-25,Nike,NKE,132.98080444335938,https://query2.finance.yahoo.com/v8/finance/chart/NKE
2022-01-26,Nike,NKE,131.61886596679688,https://query2.finance.yahoo.com/v8/finance/chart/NKE
2022-01-27,Nike,NKE,132.21298217773438,https://query2.finance.yahoo.com/v8/finance/chart/NKE
2022-01-28,Nike,NKE,133.37387084960938,https://query2.finance.yahoo.com/v8/finance/chart/NKE
2022-01-31,Nike,NKE,135.34829711914062,https://query2.finance.yahoo.com/v8/finance/chart/NKE
2022-02-01,Nike,NKE,135.4853973388672,https://query2.finance.yahoo.com/v8/finance/chart/NKE
2022-02-02,Nike,NKE,135.9332733154297,https://query2.finance.yahoo.com/v8/finance/chart/NKE
2022-02-03,Nike,NKE,132.82540893554688,https://query2.finance.yahoo.com/v8/finance/chart/NKE
2022-02-04,Nike,NKE,132.89854431152344,https://query2.finance.yahoo.com/v8/finance/chart/NKE
2022-02-07,Nike,NKE,132.67002868652344,https://query2.finance.yahoo.com/v8/finance/chart/NKE
2022-02-08,Nike,NKE,131.1983642578125,https://query2.finance.yahoo.com/v8/finance/chart/NKE
2022-02-09,Nike,NKE,133.69383239746094,https://query2.finance.yahoo.com/v8/finance/chart/NKE
2022-02-10,Nike,NKE,132.37750244140625,https://query2.finance.yahoo.com/v8/finance/chart/NKE
2022-02-11,Nike,NKE,128.1361541748047,https://query2.finance.yahoo.com/v8/finance/chart/NKE
2022-02-14,Nike,NKE,129.42501831054688,https://query2.finance.yahoo.com/v8/finance/chart/NKE
2022-02-15,Nike,NKE,133.07223510742188,https://query2.finance.yahoo.com/v8/finance/chart/NKE
2022-02-16,Nike,NKE,133.904052734375,https://query2.finance.yahoo.com/v8/finance/chart/NKE
2022-02-17,Nike,NKE,130.5310821533203,https://query2.finance.yahoo.com/v8/finance/chart/NKE
2022-02-18,Nike,NKE,130.6681365966797,https://query2.finance.yahoo.com/v8/finance/chart/NKE
2022-02-22,Nike,NKE,126.31714630126952,https://query2.finance.yahoo.com/v8/finance/chart/NKE
2022-02-23,Nike,NKE,125.07398223876952,https://query2.finance.yahoo.com/v8/finance/chart/NKE
2022-02-24,Nike,NKE,125.38479614257812,https://query2.finance.yahoo.com/v8/finance/chart/NKE
2022-02-25,Nike,NKE,126.8747329711914,https://query2.finance.yahoo.com/v8/finance/chart/NKE
2022-02-28,Nike,NKE,124.81805419921876,https://query2.finance.yahoo.com/v8/finance/chart/NKE
2022-03-01,Nike,NKE,120.86005401611328,https://query2.finance.yahoo.com/v8/finance/chart/NKE
2022-03-02,Nike,NKE,124.02278900146484,https://query2.finance.yahoo.com/v8/finance/chart/NKE
2022-03-03,Nike,NKE,122.45970916748048,https://query2.finance.yahoo.com/v8/finance/chart/NKE
2022-03-04,Nike,NKE,120.18304443359376,https://query2.finance.yahoo.com/v8/finance/chart/NKE
2022-03-07,Nike,NKE,114.00807189941406,https://query2.finance.yahoo.com/v8/finance/chart/NKE
2022-03-08,Nike,NKE,111.04884338378906,https://query2.finance.yahoo.com/v8/finance/chart/NKE
2022-03-09,Nike,NKE,116.30764770507812,https://query2.finance.yahoo.com/v8/finance/chart/NKE
2022-03-10,Nike,NKE,115.46476745605467,https://query2.finance.yahoo.com/v8/finance/chart/NKE
2022-03-11,Nike,NKE,112.3498077392578,https://query2.finance.yahoo.com/v8/finance/chart/NKE
2022-03-14,Nike,NKE,107.7139892578125,https://query2.finance.yahoo.com/v8/finance/chart/NKE
2022-03-15,Nike,NKE,109.39058685302734,https://query2.finance.yahoo.com/v8/finance/chart/NKE
2022-03-16,Nike,NKE,114.69519805908205,https://query2.finance.yahoo.com/v8/finance/chart/NKE
2022-03-17,Nike,NKE,116.72908020019533,https://query2.finance.yahoo.com/v8/finance/chart/NKE
2022-03-18,Nike,NKE,120.23802185058594,https://query2.finance.yahoo.com/v8/finance/chart/NKE
2022-03-21,Nike,NKE,119.27604675292967,https://query2.finance.yahoo.com/v8/finance/chart/NKE
2022-03-22,Nike,NKE,121.9329071044922,https://query2.finance.yahoo.com/v8/finance/chart/NKE
2022-03-23,Nike,NKE,121.85047149658205,https://query2.finance.yahoo.com/v8/finance/chart/NKE
2022-03-24,Nike,NKE,121.00759887695312,https://query2.finance.yahoo.com/v8/finance/chart/NKE
2022-03-25,Nike,NKE,122.49176788330078,https://query2.finance.yahoo.com/v8/finance/chart/NKE
2022-03-28,Nike,NKE,123.50873565673828,https://query2.finance.yahoo.com/v8/finance/chart/NKE
2022-03-29,Nike,NKE,127.47575378417967,https://query2.finance.yahoo.com/v8/finance/chart/NKE
2022-03-30,Nike,NKE,126.9260482788086,https://query2.finance.yahoo.com/v8/finance/chart/NKE
2022-03-31,Nike,NKE,123.27970123291016,https://query2.finance.yahoo.com/v8/finance/chart/NKE
2022-04-01,Nike,NKE,122.32688903808594,https://query2.finance.yahoo.com/v8/finance/chart/NKE
2022-04-04,Nike,NKE,123.07816314697266,https://query2.finance.yahoo.com/v8/finance/chart/NKE
2022-04-05,Nike,NKE,121.20914459228516,https://query2.finance.yahoo.com/v8/finance/chart/NKE
2022-04-06,Nike,NKE,117.59944915771484,https://query2.finance.yahoo.com/v8/finance/chart/NKE
2022-04-07,Nike,NKE,118.53395080566406,https://query2.finance.yahoo.com/v8/finance/chart/NKE
2022-04-08,Nike,NKE,117.40705108642578,https://query2.finance.yahoo.com/v8/finance/chart/NKE
2022-04-11,Nike,NKE,114.50279998779295,https://query2.finance.yahoo.com/v8/finance/chart/NKE
2022-04-12,Nike,NKE,114.55775451660156,https://query2.finance.yahoo.com/v8/finance/chart/NKE
2022-04-13,Nike,NKE,116.80236053466795,https://query2.finance.yahoo.com/v8/finance/chart/NKE
2022-04-14,Nike,NKE,122.27191162109376,https://query2.finance.yahoo.com/v8/finance/chart/NKE
2022-04-18,Nike,NKE,120.5953369140625,https://query2.finance.yahoo.com/v8/finance/chart/NKE
2022-04-19,Nike,NKE,125.56097412109376,https://query2.finance.yahoo.com/v8/finance/chart/NKE
2022-04-20,Nike,NKE,124.47986602783205,https://query2.finance.yahoo.com/v8/finance/chart/NKE
2022-04-21,Nike,NKE,124.10425567626952,https://query2.finance.yahoo.com/v8/finance/chart/NKE
2022-04-22,Nike,NKE,118.24993133544922,https://query2.finance.yahoo.com/v8/finance/chart/NKE
2022-04-25,Nike,NKE,117.21466064453124,https://query2.finance.yahoo.com/v8/finance/chart/NKE
2022-04-26,Nike,NKE,110.41667938232422,https://query2.finance.yahoo.com/v8/finance/chart/NKE
2022-04-27,Nike,NKE,111.07632446289062,https://query2.finance.yahoo.com/v8/finance/chart/NKE
2022-04-28,Nike,NKE,116.39925384521484,https://query2.finance.yahoo.com/v8/finance/chart/NKE
2022-04-29,Nike,NKE,114.24626922607422,https://query2.finance.yahoo.com/v8/finance/chart/NKE
2022-05-02,Nike,NKE,115.5105972290039,https://query2.finance.yahoo.com/v8/finance/chart/NKE
2022-05-03,Nike,NKE,112.56051635742188,https://query2.finance.yahoo.com/v8/finance/chart/NKE
2022-05-04,Nike,NKE,115.49226379394533,https://query2.finance.yahoo.com/v8/finance/chart/NKE
2022-05-05,Nike,NKE,108.68512725830078,https://query2.finance.yahoo.com/v8/finance/chart/NKE
2022-05-06,Nike,NKE,104.8921890258789,https://query2.finance.yahoo.com/v8/finance/chart/NKE
2022-05-09,Nike,NKE,101.88713836669922,https://query2.finance.yahoo.com/v8/finance/chart/NKE
2022-05-10,Nike,NKE,100.31133270263672,https://query2.finance.yahoo.com/v8/finance/chart/NKE
2022-05-11,Nike,NKE,98.87295532226562,https://query2.finance.yahoo.com/v8/finance/chart/NKE
2022-05-12,Nike,NKE,98.85462951660156,https://query2.finance.yahoo.com/v8/finance/chart/NKE
2022-05-13,Nike,NKE,103.5362548828125,https://query2.finance.yahoo.com/v8/finance/chart/NKE
2022-05-16,Nike,NKE,103.16062927246094,https://query2.finance.yahoo.com/v8/finance/chart/NKE
2022-05-17,Nike,NKE,106.18397521972656,https://query2.finance.yahoo.com/v8/finance/chart/NKE
2022-05-18,Nike,NKE,100.20140838623048,https://query2.finance.yahoo.com/v8/finance/chart/NKE
2022-05-19,Nike,NKE,97.51702117919922,https://query2.finance.yahoo.com/v8/finance/chart/NKE
2022-05-20,Nike,NKE,98.94625091552734,https://query2.finance.yahoo.com/v8/finance/chart/NKE
2022-05-23,Nike,NKE,99.5234146118164,https://query2.finance.yahoo.com/v8/finance/chart/NKE
2022-05-24,Nike,NKE,98.29576873779295,https://query2.finance.yahoo.com/v8/finance/chart/NKE
2022-05-25,Nike,NKE,99.12946319580078,https://query2.finance.yahoo.com/v8/finance/chart/NKE
2022-05-26,Nike,NKE,103.47211456298828,https://query2.finance.yahoo.com/v8/finance/chart/NKE
2022-05-27,Nike,NKE,106.26642608642578,https://query2.finance.yahoo.com/v8/finance/chart/NKE
2022-05-31,Nike,NKE,108.88668060302734,https://query2.finance.yahoo.com/v8/finance/chart/NKE
2022-06-01,Nike,NKE,108.73092651367188,https://query2.finance.yahoo.com/v8/finance/chart/NKE
2022-06-02,Nike,NKE,113.06442260742188,https://query2.finance.yahoo.com/v8/finance/chart/NKE
2022-06-03,Nike,NKE,111.08517456054688,https://query2.finance.yahoo.com/v8/finance/chart/NKE
2022-06-06,Nike,NKE,110.42388916015624,https://query2.finance.yahoo.com/v8/finance/chart/NKE
2022-06-07,Nike,NKE,111.74645233154295,https://query2.finance.yahoo.com/v8/finance/chart/NKE
2022-06-08,Nike,NKE,112.41691589355467,https://query2.finance.yahoo.com/v8/finance/chart/NKE
2022-06-09,Nike,NKE,108.92684173583984,https://query2.finance.yahoo.com/v8/finance/chart/NKE
2022-06-10,Nike,NKE,105.37247467041016,https://query2.finance.yahoo.com/v8/finance/chart/NKE
2022-06-13,Nike,NKE,101.43238830566406,https://query2.finance.yahoo.com/v8/finance/chart/NKE
2022-06-14,Nike,NKE,101.68955993652344,https://query2.finance.yahoo.com/v8/finance/chart/NKE
2022-06-15,Nike,NKE,104.18770599365234,https://query2.finance.yahoo.com/v8/finance/chart/NKE
2022-06-16,Nike,NKE,98.38317108154295,https://query2.finance.yahoo.com/v8/finance/chart/NKE
2022-06-17,Nike,NKE,98.58522033691406,https://query2.finance.yahoo.com/v8/finance/chart/NKE
2022-06-21,Nike,NKE,99.81593322753906,https://query2.finance.yahoo.com/v8/finance/chart/NKE
2022-06-22,Nike,NKE,96.36260986328124,https://query2.finance.yahoo.com/v8/finance/chart/NKE
2022-06-23,Nike,NKE,99.19139862060548,https://query2.finance.yahoo.com/v8/finance/chart/NKE
2022-06-24,Nike,NKE,103.70093536376952,https://query2.finance.yahoo.com/v8/finance/chart/NKE
2022-06-27,Nike,NKE,101.48748016357422,https://query2.finance.yahoo.com/v8/finance/chart/NKE
2022-06-28,Nike,NKE,94.39714813232422,https://query2.finance.yahoo.com/v8/finance/chart/NKE
2022-06-29,Nike,NKE,94.82879638671876,https://query2.finance.yahoo.com/v8/finance/chart/NKE
2022-06-30,Nike,NKE,93.86443328857422,https://query2.finance.yahoo.com/v8/finance/chart/NKE
2022-07-01,Nike,NKE,92.9276351928711,https://query2.finance.yahoo.com/v8/finance/chart/NKE
2022-07-05,Nike,NKE,95.81153869628906,https://query2.finance.yahoo.com/v8/finance/chart/NKE
2022-07-06,Nike,NKE,95.72889709472656,https://query2.finance.yahoo.com/v8/finance/chart/NKE
2022-07-07,Nike,NKE,99.31079864501952,https://query2.finance.yahoo.com/v8/finance/chart/NKE
2022-07-08,Nike,NKE,99.12709045410156,https://query2.finance.yahoo.com/v8/finance/chart/NKE
2022-07-11,Nike,NKE,96.537109375,https://query2.finance.yahoo.com/v8/finance/chart/NKE
2022-07-12,Nike,NKE,95.29721069335938,https://query2.finance.yahoo.com/v8/finance/chart/NKE
2022-07-13,Nike,NKE,96.537109375,https://query2.finance.yahoo.com/v8/finance/chart/NKE
2022-07-14,Nike,NKE,94.8012466430664,https://query2.finance.yahoo.com/v8/finance/chart/NKE
2022-07-15,Nike,NKE,96.16053771972656,https://query2.finance.yahoo.com/v8/finance/chart/NKE
2022-07-18,Nike,NKE,95.46253967285156,https://query2.finance.yahoo.com/v8/finance/chart/NKE
2022-07-19,Nike,NKE,100.28434753417967,https://query2.finance.yahoo.com/v8/finance/chart/NKE
2022-07-20,Nike,NKE,102.04773712158205,https://query2.finance.yahoo.com/v8/finance/chart/NKE
2022-07-21,Nike,NKE,102.51614379882812,https://query2.finance.yahoo.com/v8/finance/chart/NKE
2022-07-22,Nike,NKE,100.22003936767578,https://query2.finance.yahoo.com/v8/finance/chart/NKE
2022-07-25,Nike,NKE,100.3669891357422,https://query2.finance.yahoo.com/v8/finance/chart/NKE
2022-07-26,Nike,NKE,96.61976623535156,https://query2.finance.yahoo.com/v8/finance/chart/NKE
2022-07-27,Nike,NKE,99.06282043457033,https://query2.finance.yahoo.com/v8/finance/chart/NKE
2022-07-28,Nike,NKE,103.07640075683594,https://query2.finance.yahoo.com/v8/finance/chart/NKE
2022-07-29,Nike,NKE,105.54698944091795,https://query2.finance.yahoo.com/v8/finance/chart/NKE
2022-08-01,Nike,NKE,104.97756958007812,https://query2.finance.yahoo.com/v8/finance/chart/NKE
2022-08-02,Nike,NKE,102.65389251708984,https://query2.finance.yahoo.com/v8/finance/chart/NKE
2022-08-03,Nike,NKE,104.9591827392578,https://query2.finance.yahoo.com/v8/finance/chart/NKE
2022-08-04,Nike,NKE,105.14288330078124,https://query2.finance.yahoo.com/v8/finance/chart/NKE
2022-08-05,Nike,NKE,104.58262634277344,https://query2.finance.yahoo.com/v8/finance/chart/NKE
2022-08-08,Nike,NKE,104.70203399658205,https://query2.finance.yahoo.com/v8/finance/chart/NKE
2022-08-09,Nike,NKE,101.1292953491211,https://query2.finance.yahoo.com/v8/finance/chart/NKE
2022-08-10,Nike,NKE,103.91216278076172,https://query2.finance.yahoo.com/v8/finance/chart/NKE
2022-08-11,Nike,NKE,104.79387664794922,https://query2.finance.yahoo.com/v8/finance/chart/NKE
2022-08-12,Nike,NKE,106.60319519042967,https://query2.finance.yahoo.com/v8/finance/chart/NKE
2022-08-15,Nike,NKE,106.83279418945312,https://query2.finance.yahoo.com/v8/finance/chart/NKE
2022-08-16,Nike,NKE,108.43089294433594,https://query2.finance.yahoo.com/v8/finance/chart/NKE
2022-08-17,Nike,NKE,107.49410247802734,https://query2.finance.yahoo.com/v8/finance/chart/NKE
2022-08-18,Nike,NKE,106.548095703125,https://query2.finance.yahoo.com/v8/finance/chart/NKE
2022-08-19,Nike,NKE,103.93054962158205,https://query2.finance.yahoo.com/v8/finance/chart/NKE
2022-08-22,Nike,NKE,101.3405303955078,https://query2.finance.yahoo.com/v8/finance/chart/NKE
2022-08-23,Nike,NKE,101.65281677246094,https://query2.finance.yahoo.com/v8/finance/chart/NKE
2022-08-24,Nike,NKE,102.32328033447266,https://query2.finance.yahoo.com/v8/finance/chart/NKE
2022-08-25,Nike,NKE,103.9856414794922,https://query2.finance.yahoo.com/v8/finance/chart/NKE
2022-08-26,Nike,NKE,99.44853973388672,https://query2.finance.yahoo.com/v8/finance/chart/NKE
2022-08-29,Nike,NKE,99.0811767578125,https://query2.finance.yahoo.com/v8/finance/chart/NKE
2022-08-30,Nike,NKE,99.06282043457033,https://query2.finance.yahoo.com/v8/finance/chart/NKE
2022-08-31,Nike,NKE,97.76780700683594,https://query2.finance.yahoo.com/v8/finance/chart/NKE
2022-09-01,Nike,NKE,97.8045425415039,https://query2.finance.yahoo.com/v8/finance/chart/NKE
2022-09-02,Nike,NKE,97.3946762084961,https://query2.finance.yahoo.com/v8/finance/chart/NKE
2022-09-06,Nike,NKE,96.85123443603516,https://query2.finance.yahoo.com/v8/finance/chart/NKE
2022-09-07,Nike,NKE,99.9184341430664,https://query2.finance.yahoo.com/v8/finance/chart/NKE
2022-09-08,Nike,NKE,100.14868927001952,https://query2.finance.yahoo.com/v8/finance/chart/NKE
2022-09-09,Nike,NKE,102.21190643310548,https://query2.finance.yahoo.com/v8/finance/chart/NKE
2022-09-12,Nike,NKE,103.51061248779295,https://query2.finance.yahoo.com/v8/finance/chart/NKE
2022-09-13,Nike,NKE,97.37625122070312,https://query2.finance.yahoo.com/v8/finance/chart/NKE
2022-09-14,Nike,NKE,98.5552215576172,https://query2.finance.yahoo.com/v8/finance/chart/NKE
2022-09-15,Nike,NKE,97.17361450195312,https://query2.finance.yahoo.com/v8/finance/chart/NKE
2022-09-16,Nike,NKE,95.90252685546876,https://query2.finance.yahoo.com/v8/finance/chart/NKE
2022-09-19,Nike,NKE,98.7486572265625,https://query2.finance.yahoo.com/v8/finance/chart/NKE
2022-09-20,Nike,NKE,94.33670043945312,https://query2.finance.yahoo.com/v8/finance/chart/NKE
2022-09-21,Nike,NKE,91.91427612304688,https://query2.finance.yahoo.com/v8/finance/chart/NKE
2022-09-22,Nike,NKE,90.77213287353516,https://query2.finance.yahoo.com/v8/finance/chart/NKE
2022-09-23,Nike,NKE,89.36288452148438,https://query2.finance.yahoo.com/v8/finance/chart/NKE
2022-09-26,Nike,NKE,88.4786376953125,https://query2.finance.yahoo.com/v8/finance/chart/NKE
2022-09-27,Nike,NKE,88.69048309326172,https://query2.finance.yahoo.com/v8/finance/chart/NKE
2022-09-28,Nike,NKE,90.9102783203125,https://query2.finance.yahoo.com/v8/finance/chart/NKE
2022-09-29,Nike,NKE,87.80625915527344,https://query2.finance.yahoo.com/v8/finance/chart/NKE
2022-09-30,Nike,NKE,76.55992126464844,https://query2.finance.yahoo.com/v8/finance/chart/NKE
2022-10-03,Nike,NKE,78.65998077392578,https://query2.finance.yahoo.com/v8/finance/chart/NKE
2022-10-04,Nike,NKE,81.64424896240234,https://query2.finance.yahoo.com/v8/finance/chart/NKE
2022-10-05,Nike,NKE,83.91011047363281,https://query2.finance.yahoo.com/v8/finance/chart/NKE
2022-10-06,Nike,NKE,83.05350494384766,https://query2.finance.yahoo.com/v8/finance/chart/NKE
2022-10-07,Nike,NKE,80.28105926513672,https://query2.finance.yahoo.com/v8/finance/chart/NKE
2022-10-10,Nike,NKE,79.84815979003906,https://query2.finance.yahoo.com/v8/finance/chart/NKE
2022-10-11,Nike,NKE,81.04556274414062,https://query2.finance.yahoo.com/v8/finance/chart/NKE
2022-10-12,Nike,NKE,81.5245132446289,https://query2.finance.yahoo.com/v8/finance/chart/NKE
2022-10-13,Nike,NKE,82.49163818359375,https://query2.finance.yahoo.com/v8/finance/chart/NKE
2022-10-14,Nike,NKE,80.6402816772461,https://query2.finance.yahoo.com/v8/finance/chart/NKE
2022-10-17,Nike,NKE,82.86927795410156,https://query2.finance.yahoo.com/v8/finance/chart/NKE
2022-10-18,Nike,NKE,82.60218048095703,https://query2.finance.yahoo.com/v8/finance/chart/NKE
2022-10-19,Nike,NKE,81.57978057861328,https://query2.finance.yahoo.com/v8/finance/chart/NKE
2022-10-20,Nike,NKE,79.97711181640625,https://query2.finance.yahoo.com/v8/finance/chart/NKE
2022-10-21,Nike,NKE,81.51530456542969,https://query2.finance.yahoo.com/v8/finance/chart/NKE
2022-10-24,Nike,NKE,81.06397247314453,https://query2.finance.yahoo.com/v8/finance/chart/NKE
2022-10-25,Nike,NKE,84.48117065429688,https://query2.finance.yahoo.com/v8/finance/chart/NKE
2022-10-26,Nike,NKE,85.0982894897461,https://query2.finance.yahoo.com/v8/finance/chart/NKE
2022-10-27,Nike,NKE,83.39429473876953,https://query2.finance.yahoo.com/v8/finance/chart/NKE
2022-10-28,Nike,NKE,86.42465209960938,https://query2.finance.yahoo.com/v8/finance/chart/NKE
2022-10-31,Nike,NKE,85.36540222167969,https://query2.finance.yahoo.com/v8/finance/chart/NKE
2022-11-01,Nike,NKE,86.36936950683594,https://query2.finance.yahoo.com/v8/finance/chart/NKE
2022-11-02,Nike,NKE,83.1732406616211,https://query2.finance.yahoo.com/v8/finance/chart/NKE
2022-11-03,Nike,NKE,83.2653579711914,https://query2.finance.yahoo.com/v8/finance/chart/NKE
2022-11-04,Nike,NKE,88.2299575805664,https://query2.finance.yahoo.com/v8/finance/chart/NKE
2022-11-07,Nike,NKE,86.0654296875,https://query2.finance.yahoo.com/v8/finance/chart/NKE
2022-11-08,Nike,NKE,86.3509521484375,https://query2.finance.yahoo.com/v8/finance/chart/NKE
2022-11-09,Nike,NKE,84.83116912841797,https://query2.finance.yahoo.com/v8/finance/chart/NKE
2022-11-10,Nike,NKE,91.63793182373048,https://query2.finance.yahoo.com/v8/finance/chart/NKE
2022-11-11,Nike,NKE,97.71704864501952,https://query2.finance.yahoo.com/v8/finance/chart/NKE
2022-11-14,Nike,NKE,96.15123748779295,https://query2.finance.yahoo.com/v8/finance/chart/NKE
2022-11-15,Nike,NKE,98.28810119628906,https://query2.finance.yahoo.com/v8/finance/chart/NKE
2022-11-16,Nike,NKE,96.9249267578125,https://query2.finance.yahoo.com/v8/finance/chart/NKE
2022-11-17,Nike,NKE,97.0446548461914,https://query2.finance.yahoo.com/v8/finance/chart/NKE
2022-11-18,Nike,NKE,97.09992980957033,https://query2.finance.yahoo.com/v8/finance/chart/NKE
2022-11-21,Nike,NKE,95.63541412353516,https://query2.finance.yahoo.com/v8/finance/chart/NKE
2022-11-22,Nike,NKE,97.60651397705078,https://query2.finance.yahoo.com/v8/finance/chart/NKE
2022-11-23,Nike,NKE,98.23285675048828,https://query2.finance.yahoo.com/v8/finance/chart/NKE
2022-11-25,Nike,NKE,97.5973129272461,https://query2.finance.yahoo.com/v8/finance/chart/NKE
2022-11-28,Nike,NKE,96.67623138427734,https://query2.finance.yahoo.com/v8/finance/chart/NKE
2022-11-29,Nike,NKE,97.86441802978516,https://query2.finance.yahoo.com/v8/finance/chart/NKE
2022-11-30,Nike,NKE,101.0329360961914,https://query2.finance.yahoo.com/v8/finance/chart/NKE
2022-12-01,Nike,NKE,102.34085083007812,https://query2.finance.yahoo.com/v8/finance/chart/NKE
2022-12-02,Nike,NKE,103.66203308105467,https://query2.finance.yahoo.com/v8/finance/chart/NKE
2022-12-05,Nike,NKE,101.27837371826172,https://query2.finance.yahoo.com/v8/finance/chart/NKE
2022-12-06,Nike,NKE,99.71696472167967,https://query2.finance.yahoo.com/v8/finance/chart/NKE
2022-12-07,Nike,NKE,100.08654022216795,https://query2.finance.yahoo.com/v8/finance/chart/NKE
2022-12-08,Nike,NKE,102.88597106933594,https://query2.finance.yahoo.com/v8/finance/chart/NKE
2022-12-09,Nike,NKE,101.09357452392578,https://query2.finance.yahoo.com/v8/finance/chart/NKE
2022-12-12,Nike,NKE,103.54192352294922,https://query2.finance.yahoo.com/v8/finance/chart/NKE
2022-12-13,Nike,NKE,104.26255798339844,https://query2.finance.yahoo.com/v8/finance/chart/NKE
2022-12-14,Nike,NKE,102.9690933227539,https://query2.finance.yahoo.com/v8/finance/chart/NKE
2022-12-15,Nike,NKE,100.2528305053711,https://query2.finance.yahoo.com/v8/finance/chart/NKE
2022-12-16,Nike,NKE,97.88764190673828,https://query2.finance.yahoo.com/v8/finance/chart/NKE
2022-12-19,Nike,NKE,95.20831298828124,https://query2.finance.yahoo.com/v8/finance/chart/NKE
2022-12-20,Nike,NKE,95.3561553955078,https://query2.finance.yahoo.com/v8/finance/chart/NKE
2022-12-21,Nike,NKE,106.96961975097656,https://query2.finance.yahoo.com/v8/finance/chart/NKE
2022-12-22,Nike,NKE,107.82884216308594,https://query2.finance.yahoo.com/v8/finance/chart/NKE
2022-12-23,Nike,NKE,107.40384674072266,https://query2.finance.yahoo.com/v8/finance/chart/NKE
2022-12-27,Nike,NKE,108.61415100097656,https://query2.finance.yahoo.com/v8/finance/chart/NKE
2022-12-28,Nike,NKE,106.2304916381836,https://query2.finance.yahoo.com/v8/finance/chart/NKE
2022-12-29,Nike,NKE,108.42015838623048,https://query2.finance.yahoo.com/v8/finance/chart/NKE
2022-12-30,Nike,NKE,108.10601043701172,https://query2.finance.yahoo.com/v8/finance/chart/NKE
2023-01-03,Nike,NKE,109.713623046875,https://query2.finance.yahoo.com/v8/finance/chart/NKE
2023-01-04,Nike,NKE,111.98641967773438,https://query2.finance.yahoo.com/v8/finance/chart/NKE
2023-01-05,Nike,NKE,111.44131469726562,https://query2.finance.yahoo.com/v8/finance/chart/NKE
2023-01-06,Nike,NKE,115.05377197265624,https://query2.finance.yahoo.com/v8/finance/chart/NKE
2023-01-09,Nike,NKE,115.34942626953124,https://query2.finance.yahoo.com/v8/finance/chart/NKE
2023-01-10,Nike,NKE,116.26408386230467,https://query2.finance.yahoo.com/v8/finance/chart/NKE
2023-01-11,Nike,NKE,118.20428466796876,https://query2.finance.yahoo.com/v8/finance/chart/NKE
2023-01-12,Nike,NKE,118.1580810546875,https://query2.finance.yahoo.com/v8/finance/chart/NKE
2023-01-13,Nike,NKE,119.04503631591795,https://query2.finance.yahoo.com/v8/finance/chart/NKE
2023-01-17,Nike,NKE,118.38907623291016,https://query2.finance.yahoo.com/v8/finance/chart/NKE
2023-01-18,Nike,NKE,116.80918884277344,https://query2.finance.yahoo.com/v8/finance/chart/NKE
2023-01-19,Nike,NKE,115.05377197265624,https://query2.finance.yahoo.com/v8/finance/chart/NKE
2023-01-20,Nike,NKE,116.9847412109375,https://query2.finance.yahoo.com/v8/finance/chart/NKE
2023-01-23,Nike,NKE,118.52764892578124,https://query2.finance.yahoo.com/v8/finance/chart/NKE
2023-01-24,Nike,NKE,117.17877197265624,https://query2.finance.yahoo.com/v8/finance/chart/NKE
2023-01-25,Nike,NKE,117.16950988769533,https://query2.finance.yahoo.com/v8/finance/chart/NKE
2023-01-26,Nike,NKE,117.8254852294922,https://query2.finance.yahoo.com/v8/finance/chart/NKE
2023-01-27,Nike,NKE,117.8254852294922,https://query2.finance.yahoo.com/v8/finance/chart/NKE
2023-01-30,Nike,NKE,116.75376892089844,https://query2.finance.yahoo.com/v8/finance/chart/NKE
2023-01-31,Nike,NKE,117.64070892333984,https://query2.finance.yahoo.com/v8/finance/chart/NKE
2023-02-01,Nike,NKE,119.64557647705078,https://query2.finance.yahoo.com/v8/finance/chart/NKE
2023-02-02,Nike,NKE,119.23906707763672,https://query2.finance.yahoo.com/v8/finance/chart/NKE
2023-02-03,Nike,NKE,117.89939880371094,https://query2.finance.yahoo.com/v8/finance/chart/NKE
2023-02-06,Nike,NKE,116.1624526977539,https://query2.finance.yahoo.com/v8/finance/chart/NKE
2023-02-07,Nike,NKE,115.79289245605467,https://query2.finance.yahoo.com/v8/finance/chart/NKE
2023-02-08,Nike,NKE,113.55706024169922,https://query2.finance.yahoo.com/v8/finance/chart/NKE
2023-02-09,Nike,NKE,112.8826141357422,https://query2.finance.yahoo.com/v8/finance/chart/NKE
2023-02-10,Nike,NKE,112.9288101196289,https://query2.finance.yahoo.com/v8/finance/chart/NKE
2023-02-13,Nike,NKE,115.62660217285156,https://query2.finance.yahoo.com/v8/finance/chart/NKE
2023-02-14,Nike,NKE,116.5967025756836,https://query2.finance.yahoo.com/v8/finance/chart/NKE
2023-02-15,Nike,NKE,117.77928924560548,https://query2.finance.yahoo.com/v8/finance/chart/NKE
2023-02-16,Nike,NKE,114.9151840209961,https://query2.finance.yahoo.com/v8/finance/chart/NKE
2023-02-17,Nike,NKE,115.34016418457033,https://query2.finance.yahoo.com/v8/finance/chart/NKE
2023-02-21,Nike,NKE,111.88478088378906,https://query2.finance.yahoo.com/v8/finance/chart/NKE
2023-02-22,Nike,NKE,110.77609252929688,https://query2.finance.yahoo.com/v8/finance/chart/NKE
2023-02-23,Nike,NKE,110.83153533935548,https://query2.finance.yahoo.com/v8/finance/chart/NKE
2023-02-24,Nike,NKE,109.0576400756836,https://query2.finance.yahoo.com/v8/finance/chart/NKE
2023-02-27,Nike,NKE,109.5103530883789,https://query2.finance.yahoo.com/v8/finance/chart/NKE
2023-02-28,Nike,NKE,109.75057983398438,https://query2.finance.yahoo.com/v8/finance/chart/NKE
2023-03-01,Nike,NKE,109.55655670166016,https://query2.finance.yahoo.com/v8/finance/chart/NKE
2023-03-02,Nike,NKE,110.48046112060548,https://query2.finance.yahoo.com/v8/finance/chart/NKE
2023-03-03,Nike,NKE,112.0555648803711,https://query2.finance.yahoo.com/v8/finance/chart/NKE
2023-03-06,Nike,NKE,111.34212493896484,https://query2.finance.yahoo.com/v8/finance/chart/NKE
2023-03-07,Nike,NKE,110.8047332763672,https://query2.finance.yahoo.com/v8/finance/chart/NKE
2023-03-08,Nike,NKE,111.05489349365234,https://query2.finance.yahoo.com/v8/finance/chart/NKE
2023-03-09,Nike,NKE,109.2110824584961,https://query2.finance.yahoo.com/v8/finance/chart/NKE
2023-03-10,Nike,NKE,108.8590087890625,https://query2.finance.yahoo.com/v8/finance/chart/NKE
2023-03-13,Nike,NKE,108.27527618408205,https://query2.finance.yahoo.com/v8/finance/chart/NKE
2023-03-14,Nike,NKE,110.2580795288086,https://query2.finance.yahoo.com/v8/finance/chart/NKE
2023-03-15,Nike,NKE,109.48904418945312,https://query2.finance.yahoo.com/v8/finance/chart/NKE
2023-03-16,Nike,NKE,111.78687286376952,https://query2.finance.yahoo.com/v8/finance/chart/NKE
2023-03-17,Nike,NKE,111.54596710205078,https://query2.finance.yahoo.com/v8/finance/chart/NKE
2023-03-20,Nike,NKE,112.29646301269533,https://query2.finance.yahoo.com/v8/finance/chart/NKE
2023-03-21,Nike,NKE,116.38250732421876,https://query2.finance.yahoo.com/v8/finance/chart/NKE
2023-03-22,Nike,NKE,110.72134399414062,https://query2.finance.yahoo.com/v8/finance/chart/NKE
2023-03-23,Nike,NKE,112.0833740234375,https://query2.finance.yahoo.com/v8/finance/chart/NKE
2023-03-24,Nike,NKE,111.84246826171876,https://query2.finance.yahoo.com/v8/finance/chart/NKE
2023-03-27,Nike,NKE,109.15550994873048,https://query2.finance.yahoo.com/v8/finance/chart/NKE
2023-03-28,Nike,NKE,109.2110824584961,https://query2.finance.yahoo.com/v8/finance/chart/NKE
2023-03-29,Nike,NKE,111.6386260986328,https://query2.finance.yahoo.com/v8/finance/chart/NKE
2023-03-30,Nike,NKE,111.27725219726562,https://query2.finance.yahoo.com/v8/finance/chart/NKE
2023-03-31,Nike,NKE,113.63067626953124,https://query2.finance.yahoo.com/v8/finance/chart/NKE
2023-04-03,Nike,NKE,112.73192596435548,https://query2.finance.yahoo.com/v8/finance/chart/NKE
2023-04-04,Nike,NKE,114.60355377197266,https://query2.finance.yahoo.com/v8/finance/chart/NKE
2023-04-05,Nike,NKE,112.01850128173828,https://query2.finance.yahoo.com/v8/finance/chart/NKE
2023-04-06,Nike,NKE,111.38846588134766,https://query2.finance.yahoo.com/v8/finance/chart/NKE
2023-04-10,Nike,NKE,112.95430755615234,https://query2.finance.yahoo.com/v8/finance/chart/NKE
2023-04-11,Nike,NKE,114.24220275878906,https://query2.finance.yahoo.com/v8/finance/chart/NKE
2023-04-12,Nike,NKE,114.57574462890624,https://query2.finance.yahoo.com/v8/finance/chart/NKE
2023-04-13,Nike,NKE,117.14225006103516,https://query2.finance.yahoo.com/v8/finance/chart/NKE
2023-04-14,Nike,NKE,116.69751739501952,https://query2.finance.yahoo.com/v8/finance/chart/NKE
2023-04-17,Nike,NKE,116.91989135742188,https://query2.finance.yahoo.com/v8/finance/chart/NKE
2023-04-18,Nike,NKE,116.93841552734376,https://query2.finance.yahoo.com/v8/finance/chart/NKE
2023-04-19,Nike,NKE,116.43809509277344,https://query2.finance.yahoo.com/v8/finance/chart/NKE
2023-04-20,Nike,NKE,115.30769348144533,https://query2.finance.yahoo.com/v8/finance/chart/NKE
2023-04-21,Nike,NKE,116.30838012695312,https://query2.finance.yahoo.com/v8/finance/chart/NKE
2023-04-24,Nike,NKE,117.75377655029295,https://query2.finance.yahoo.com/v8/finance/chart/NKE
2023-04-25,Nike,NKE,115.50228881835938,https://query2.finance.yahoo.com/v8/finance/chart/NKE
2023-04-26,Nike,NKE,114.74251556396484,https://query2.finance.yahoo.com/v8/finance/chart/NKE
2023-04-27,Nike,NKE,116.46588134765624,https://query2.finance.yahoo.com/v8/finance/chart/NKE
2023-04-28,Nike,NKE,117.41095733642578,https://query2.finance.yahoo.com/v8/finance/chart/NKE
2023-05-01,Nike,NKE,118.52279663085938,https://query2.finance.yahoo.com/v8/finance/chart/NKE
2023-05-02,Nike,NKE,117.9112777709961,https://query2.finance.yahoo.com/v8/finance/chart/NKE
2023-05-03,Nike,NKE,117.42947387695312,https://query2.finance.yahoo.com/v8/finance/chart/NKE
2023-05-04,Nike,NKE,114.5850067138672,https://query2.finance.yahoo.com/v8/finance/chart/NKE
2023-05-05,Nike,NKE,117.29049682617188,https://query2.finance.yahoo.com/v8/finance/chart/NKE
2023-05-08,Nike,NKE,117.55919647216795,https://query2.finance.yahoo.com/v8/finance/chart/NKE
2023-05-09,Nike,NKE,115.9099578857422,https://query2.finance.yahoo.com/v8/finance/chart/NKE
2023-05-10,Nike,NKE,114.43678283691406,https://query2.finance.yahoo.com/v8/finance/chart/NKE
2023-05-11,Nike,NKE,113.24153137207033,https://query2.finance.yahoo.com/v8/finance/chart/NKE
2023-05-12,Nike,NKE,111.37918853759766,https://query2.finance.yahoo.com/v8/finance/chart/NKE
2023-05-15,Nike,NKE,111.027099609375,https://query2.finance.yahoo.com/v8/finance/chart/NKE
2023-05-16,Nike,NKE,107.92320251464844,https://query2.finance.yahoo.com/v8/finance/chart/NKE
2023-05-17,Nike,NKE,108.386474609375,https://query2.finance.yahoo.com/v8/finance/chart/NKE
2023-05-18,Nike,NKE,110.13762664794922,https://query2.finance.yahoo.com/v8/finance/chart/NKE
2023-05-19,Nike,NKE,106.32955932617188,https://query2.finance.yahoo.com/v8/finance/chart/NKE
2023-05-22,Nike,NKE,102.08600616455078,https://query2.finance.yahoo.com/v8/finance/chart/NKE
2023-05-23,Nike,NKE,100.7888412475586,https://query2.finance.yahoo.com/v8/finance/chart/NKE
2023-05-24,Nike,NKE,100.33485412597656,https://query2.finance.yahoo.com/v8/finance/chart/NKE
2023-05-25,Nike,NKE,99.58436584472656,https://query2.finance.yahoo.com/v8/finance/chart/NKE
2023-05-26,Nike,NKE,99.61213684082033,https://query2.finance.yahoo.com/v8/finance/chart/NKE
2023-05-30,Nike,NKE,98.69486236572266,https://query2.finance.yahoo.com/v8/finance/chart/NKE
2023-05-31,Nike,NKE,97.52743530273438,https://query2.finance.yahoo.com/v8/finance/chart/NKE
2023-06-01,Nike,NKE,96.01718139648438,https://query2.finance.yahoo.com/v8/finance/chart/NKE
2023-06-02,Nike,NKE,100.19103240966795,https://query2.finance.yahoo.com/v8/finance/chart/NKE
2023-06-05,Nike,NKE,97.7927017211914,https://query2.finance.yahoo.com/v8/finance/chart/NKE
2023-06-06,Nike,NKE,98.71298217773438,https://query2.finance.yahoo.com/v8/finance/chart/NKE
2023-06-07,Nike,NKE,99.5496063232422,https://query2.finance.yahoo.com/v8/finance/chart/NKE
2023-06-08,Nike,NKE,98.72228240966795,https://query2.finance.yahoo.com/v8/finance/chart/NKE
2023-06-09,Nike,NKE,98.40621948242188,https://query2.finance.yahoo.com/v8/finance/chart/NKE
2023-06-12,Nike,NKE,99.30792999267578,https://query2.finance.yahoo.com/v8/finance/chart/NKE
2023-06-13,Nike,NKE,99.26144409179688,https://query2.finance.yahoo.com/v8/finance/chart/NKE
2023-06-14,Nike,NKE,104.91333770751952,https://query2.finance.yahoo.com/v8/finance/chart/NKE
2023-06-15,Nike,NKE,104.4950180053711,https://query2.finance.yahoo.com/v8/finance/chart/NKE
2023-06-16,Nike,NKE,105.5919418334961,https://query2.finance.yahoo.com/v8/finance/chart/NKE
2023-06-20,Nike,NKE,101.82711029052734,https://query2.finance.yahoo.com/v8/finance/chart/NKE
2023-06-21,Nike,NKE,102.2361297607422,https://query2.finance.yahoo.com/v8/finance/chart/NKE
2023-06-22,Nike,NKE,102.68231964111328,https://query2.finance.yahoo.com/v8/finance/chart/NKE
2023-06-23,Nike,NKE,101.80850982666016,https://query2.finance.yahoo.com/v8/finance/chart/NKE
2023-06-26,Nike,NKE,103.87220764160156,https://query2.finance.yahoo.com/v8/finance/chart/NKE
2023-06-27,Nike,NKE,105.61053466796876,https://query2.finance.yahoo.com/v8/finance/chart/NKE
2023-06-28,Nike,NKE,105.07137298583984,https://query2.finance.yahoo.com/v8/finance/chart/NKE
2023-06-29,Nike,NKE,105.3874282836914,https://query2.finance.yahoo.com/v8/finance/chart/NKE
2023-06-30,Nike,NKE,102.59868621826172,https://query2.finance.yahoo.com/v8/finance/chart/NKE
2023-07-03,Nike,NKE,101.42738342285156,https://query2.finance.yahoo.com/v8/finance/chart/NKE
2023-07-05,Nike,NKE,99.55892181396484,https://query2.finance.yahoo.com/v8/finance/chart/NKE
2023-07-06,Nike,NKE,97.69974517822266,https://query2.finance.yahoo.com/v8/finance/chart/NKE
2023-07-07,Nike,NKE,97.10479736328124,https://query2.finance.yahoo.com/v8/finance/chart/NKE
2023-07-10,Nike,NKE,98.33184051513672,https://query2.finance.yahoo.com/v8/finance/chart/NKE
2023-07-11,Nike,NKE,99.8284912109375,https://query2.finance.yahoo.com/v8/finance/chart/NKE
2023-07-12,Nike,NKE,100.17243957519533,https://query2.finance.yahoo.com/v8/finance/chart/NKE
2023-07-13,Nike,NKE,100.24679565429688,https://query2.finance.yahoo.com/v8/finance/chart/NKE
2023-07-14,Nike,NKE,100.34906768798828,https://query2.finance.yahoo.com/v8/finance/chart/NKE
2023-07-17,Nike,NKE,101.05554962158205,https://query2.finance.yahoo.com/v8/finance/chart/NKE
2023-07-18,Nike,NKE,101.9944305419922,https://query2.finance.yahoo.com/v8/finance/chart/NKE
2023-07-19,Nike,NKE,102.14315795898438,https://query2.finance.yahoo.com/v8/finance/chart/NKE
2023-07-20,Nike,NKE,99.9586410522461,https://query2.finance.yahoo.com/v8/finance/chart/NKE
2023-07-21,Nike,NKE,101.38088989257812,https://query2.finance.yahoo.com/v8/finance/chart/NKE
2023-07-24,Nike,NKE,101.11132049560548,https://query2.finance.yahoo.com/v8/finance/chart/NKE
2023-07-25,Nike,NKE,100.67442321777344,https://query2.finance.yahoo.com/v8/finance/chart/NKE
2023-07-26,Nike,NKE,101.60401153564452,https://query2.finance.yahoo.com/v8/finance/chart/NKE
2023-07-27,Nike,NKE,100.0887680053711,https://query2.finance.yahoo.com/v8/finance/chart/NKE
2023-07-28,Nike,NKE,100.97188568115234,https://query2.finance.yahoo.com/v8/finance/chart/NKE
2023-07-31,Nike,NKE,102.61726379394533,https://query2.finance.yahoo.com/v8/finance/chart/NKE
2023-08-01,Nike,NKE,101.69696807861328,https://query2.finance.yahoo.com/v8/finance/chart/NKE
2023-08-02,Nike,NKE,99.9400405883789,https://query2.finance.yahoo.com/v8/finance/chart/NKE
2023-08-03,Nike,NKE,100.990478515625,https://query2.finance.yahoo.com/v8/finance/chart/NKE
2023-08-04,Nike,NKE,101.14850616455078,https://query2.finance.yahoo.com/v8/finance/chart/NKE
2023-08-07,Nike,NKE,102.70092010498048,https://query2.finance.yahoo.com/v8/finance/chart/NKE
2023-08-08,Nike,NKE,101.96653747558594,https://query2.finance.yahoo.com/v8/finance/chart/NKE
2023-08-09,Nike,NKE,101.96653747558594,https://query2.finance.yahoo.com/v8/finance/chart/NKE
2023-08-10,Nike,NKE,101.35301208496094,https://query2.finance.yahoo.com/v8/finance/chart/NKE
2023-08-11,Nike,NKE,100.4792022705078,https://query2.finance.yahoo.com/v8/finance/chart/NKE
2023-08-14,Nike,NKE,100.0608901977539,https://query2.finance.yahoo.com/v8/finance/chart/NKE
2023-08-15,Nike,NKE,99.04764556884766,https://query2.finance.yahoo.com/v8/finance/chart/NKE
2023-08-16,Nike,NKE,99.02904510498048,https://query2.finance.yahoo.com/v8/finance/chart/NKE
2023-08-17,Nike,NKE,97.65325164794922,https://query2.finance.yahoo.com/v8/finance/chart/NKE
2023-08-18,Nike,NKE,97.43016052246094,https://query2.finance.yahoo.com/v8/finance/chart/NKE
2023-08-21,Nike,NKE,95.6174545288086,https://query2.finance.yahoo.com/v8/finance/chart/NKE
2023-08-22,Nike,NKE,94.31600952148438,https://query2.finance.yahoo.com/v8/finance/chart/NKE
2023-08-23,Nike,NKE,91.79684448242188,https://query2.finance.yahoo.com/v8/finance/chart/NKE
2023-08-24,Nike,NKE,90.7557144165039,https://query2.finance.yahoo.com/v8/finance/chart/NKE
2023-08-25,Nike,NKE,91.88050079345705,https://query2.finance.yahoo.com/v8/finance/chart/NKE
2023-08-28,Nike,NKE,92.6148910522461,https://query2.finance.yahoo.com/v8/finance/chart/NKE
2023-08-29,Nike,NKE,94.60419464111328,https://query2.finance.yahoo.com/v8/finance/chart/NKE
2023-08-30,Nike,NKE,94.91097259521484,https://query2.finance.yahoo.com/v8/finance/chart/NKE
2023-08-31,Nike,NKE,94.54843139648438,https://query2.finance.yahoo.com/v8/finance/chart/NKE
2023-09-01,Nike,NKE,95.47180938720705,https://query2.finance.yahoo.com/v8/finance/chart/NKE
2023-09-05,Nike,NKE,93.569091796875,https://query2.finance.yahoo.com/v8/finance/chart/NKE
2023-09-06,Nike,NKE,93.43851470947266,https://query2.finance.yahoo.com/v8/finance/chart/NKE
2023-09-07,Nike,NKE,91.33992767333984,https://query2.finance.yahoo.com/v8/finance/chart/NKE
2023-09-08,Nike,NKE,91.09742736816406,https://query2.finance.yahoo.com/v8/finance/chart/NKE
2023-09-11,Nike,NKE,90.27664947509766,https://query2.finance.yahoo.com/v8/finance/chart/NKE
2023-09-12,Nike,NKE,89.81963348388672,https://query2.finance.yahoo.com/v8/finance/chart/NKE
2023-09-13,Nike,NKE,89.66104888916016,https://query2.finance.yahoo.com/v8/finance/chart/NKE
2023-09-14,Nike,NKE,90.64971923828124,https://query2.finance.yahoo.com/v8/finance/chart/NKE
2023-09-15,Nike,NKE,89.78229522705078,https://query2.finance.yahoo.com/v8/finance/chart/NKE
2023-09-18,Nike,NKE,89.082763671875,https://query2.finance.yahoo.com/v8/finance/chart/NKE
2023-09-19,Nike,NKE,88.2526626586914,https://query2.finance.yahoo.com/v8/finance/chart/NKE
2023-09-20,Nike,NKE,87.71170043945312,https://query2.finance.yahoo.com/v8/finance/chart/NKE
2023-09-21,Nike,NKE,85.42655944824219,https://query2.finance.yahoo.com/v8/finance/chart/NKE
2023-09-22,Nike,NKE,84.73636627197266,https://query2.finance.yahoo.com/v8/finance/chart/NKE
2023-09-25,Nike,NKE,84.503173828125,https://query2.finance.yahoo.com/v8/finance/chart/NKE
2023-09-26,Nike,NKE,84.10212707519531,https://query2.finance.yahoo.com/v8/finance/chart/NKE
2023-09-27,Nike,NKE,83.402587890625,https://query2.finance.yahoo.com/v8/finance/chart/NKE
2023-09-28,Nike,NKE,83.59845733642578,https://query2.finance.yahoo.com/v8/finance/chart/NKE
2023-09-29,Nike,NKE,89.18538665771484,https://query2.finance.yahoo.com/v8/finance/chart/NKE
2023-10-02,Nike,NKE,88.19670104980469,https://query2.finance.yahoo.com/v8/finance/chart/NKE
2023-10-03,Nike,NKE,88.6910400390625,https://query2.finance.yahoo.com/v8/finance/chart/NKE
2023-10-04,Nike,NKE,89.43720245361328,https://query2.finance.yahoo.com/v8/finance/chart/NKE
2023-10-05,Nike,NKE,89.34393310546875,https://query2.finance.yahoo.com/v8/finance/chart/NKE
2023-10-06,Nike,NKE,90.57510375976562,https://query2.finance.yahoo.com/v8/finance/chart/NKE
2023-10-09,Nike,NKE,90.36058044433594,https://query2.finance.yahoo.com/v8/finance/chart/NKE
2023-10-10,Nike,NKE,91.05079650878906,https://query2.finance.yahoo.com/v8/finance/chart/NKE
2023-10-11,Nike,NKE,92.01148223876952,https://query2.finance.yahoo.com/v8/finance/chart/NKE
2023-10-12,Nike,NKE,92.57109832763672,https://query2.finance.yahoo.com/v8/finance/chart/NKE
2023-10-13,Nike,NKE,93.18669128417967,https://query2.finance.yahoo.com/v8/finance/chart/NKE
2023-10-16,Nike,NKE,95.17334747314452,https://query2.finance.yahoo.com/v8/finance/chart/NKE
2023-10-17,Nike,NKE,96.07807159423828,https://query2.finance.yahoo.com/v8/finance/chart/NKE
2023-10-18,Nike,NKE,96.78692626953124,https://query2.finance.yahoo.com/v8/finance/chart/NKE
2023-10-19,Nike,NKE,96.11539459228516,https://query2.finance.yahoo.com/v8/finance/chart/NKE
2023-10-20,Nike,NKE,95.76093292236328,https://query2.finance.yahoo.com/v8/finance/chart/NKE
2023-10-23,Nike,NKE,95.89151763916016,https://query2.finance.yahoo.com/v8/finance/chart/NKE
2023-10-24,Nike,NKE,98.10204315185548,https://query2.finance.yahoo.com/v8/finance/chart/NKE
2023-10-25,Nike,NKE,96.57240295410156,https://query2.finance.yahoo.com/v8/finance/chart/NKE
2023-10-26,Nike,NKE,93.28927612304688,https://query2.finance.yahoo.com/v8/finance/chart/NKE
2023-10-27,Nike,NKE,91.38656616210938,https://query2.finance.yahoo.com/v8/finance/chart/NKE
2023-10-30,Nike,NKE,94.94949340820312,https://query2.finance.yahoo.com/v8/finance/chart/NKE
2023-10-31,Nike,NKE,95.85421752929688,https://query2.finance.yahoo.com/v8/finance/chart/NKE
2023-11-01,Nike,NKE,94.09139251708984,https://query2.finance.yahoo.com/v8/finance/chart/NKE
2023-11-02,Nike,NKE,98.00877380371094,https://query2.finance.yahoo.com/v8/finance/chart/NKE
2023-11-03,Nike,NKE,99.85554504394533,https://query2.finance.yahoo.com/v8/finance/chart/NKE
2023-11-06,Nike,NKE,100.03274536132812,https://query2.finance.yahoo.com/v8/finance/chart/NKE
2023-11-07,Nike,NKE,102.0007553100586,https://query2.finance.yahoo.com/v8/finance/chart/NKE
2023-11-08,Nike,NKE,102.02872467041016,https://query2.finance.yahoo.com/v8/finance/chart/NKE
2023-11-09,Nike,NKE,99.79957580566406,https://query2.finance.yahoo.com/v8/finance/chart/NKE
2023-11-10,Nike,NKE,98.96945190429688,https://query2.finance.yahoo.com/v8/finance/chart/NKE
2023-11-13,Nike,NKE,97.18798065185548,https://query2.finance.yahoo.com/v8/finance/chart/NKE
2023-11-14,Nike,NKE,98.6336898803711,https://query2.finance.yahoo.com/v8/finance/chart/NKE
2023-11-15,Nike,NKE,100.56438446044922,https://query2.finance.yahoo.com/v8/finance/chart/NKE
2023-11-16,Nike,NKE,100.36852264404295,https://query2.finance.yahoo.com/v8/finance/chart/NKE
2023-11-17,Nike,NKE,98.82955169677734,https://query2.finance.yahoo.com/v8/finance/chart/NKE
2023-11-20,Nike,NKE,99.16532135009766,https://query2.finance.yahoo.com/v8/finance/chart/NKE
2023-11-21,Nike,NKE,99.37984466552734,https://query2.finance.yahoo.com/v8/finance/chart/NKE
2023-11-22,Nike,NKE,100.6576690673828,https://query2.finance.yahoo.com/v8/finance/chart/NKE
2023-11-24,Nike,NKE,100.39649963378906,https://query2.finance.yahoo.com/v8/finance/chart/NKE
2023-11-27,Nike,NKE,100.6949691772461,https://query2.finance.yahoo.com/v8/finance/chart/NKE
2023-11-28,Nike,NKE,101.43180847167967,https://query2.finance.yahoo.com/v8/finance/chart/NKE
2023-11-29,Nike,NKE,102.94278717041016,https://query2.finance.yahoo.com/v8/finance/chart/NKE
2023-11-30,Nike,NKE,102.84952545166016,https://query2.finance.yahoo.com/v8/finance/chart/NKE
2023-12-01,Nike,NKE,106.19985961914062,https://query2.finance.yahoo.com/v8/finance/chart/NKE
2023-12-04,Nike,NKE,107.76270294189452,https://query2.finance.yahoo.com/v8/finance/chart/NKE
2023-12-05,Nike,NKE,108.00602722167967,https://query2.finance.yahoo.com/v8/finance/chart/NKE
2023-12-06,Nike,NKE,108.6611099243164,https://query2.finance.yahoo.com/v8/finance/chart/NKE
2023-12-07,Nike,NKE,107.44452667236328,https://query2.finance.yahoo.com/v8/finance/chart/NKE
2023-12-08,Nike,NKE,108.47395324707033,https://query2.finance.yahoo.com/v8/finance/chart/NKE
2023-12-11,Nike,NKE,111.00074005126952,https://query2.finance.yahoo.com/v8/finance/chart/NKE
2023-12-12,Nike,NKE,111.96466827392578,https://query2.finance.yahoo.com/v8/finance/chart/NKE
2023-12-13,Nike,NKE,113.3965072631836,https://query2.finance.yahoo.com/v8/finance/chart/NKE
2023-12-14,Nike,NKE,113.25611877441406,https://query2.finance.yahoo.com/v8/finance/chart/NKE
2023-12-15,Nike,NKE,113.75213623046876,https://query2.finance.yahoo.com/v8/finance/chart/NKE
2023-12-18,Nike,NKE,113.3684310913086,https://query2.finance.yahoo.com/v8/finance/chart/NKE
2023-12-19,Nike,NKE,114.77220153808594,https://query2.finance.yahoo.com/v8/finance/chart/NKE
2023-12-20,Nike,NKE,113.63982391357422,https://query2.finance.yahoo.com/v8/finance/chart/NKE
2023-12-21,Nike,NKE,114.66925048828124,https://query2.finance.yahoo.com/v8/finance/chart/NKE
2023-12-22,Nike,NKE,101.1088409423828,https://query2.finance.yahoo.com/v8/finance/chart/NKE
2023-12-26,Nike,NKE,101.09012603759766,https://query2.finance.yahoo.com/v8/finance/chart/NKE
2023-12-27,Nike,NKE,100.25720977783205,https://query2.finance.yahoo.com/v8/finance/chart/NKE
2023-12-28,Nike,NKE,101.83881378173828,https://query2.finance.yahoo.com/v8/finance/chart/NKE
2023-12-29,Nike,NKE,101.60485076904295,https://query2.finance.yahoo.com/v8/finance/chart/NKE
2024-01-02,Nike,NKE,99.71443939208984,https://query2.finance.yahoo.com/v8/finance/chart/NKE
2024-01-03,Nike,NKE,97.36547088623048,https://query2.finance.yahoo.com/v8/finance/chart/NKE
2024-01-04,Nike,NKE,95.7370834350586,https://query2.finance.yahoo.com/v8/finance/chart/NKE
2024-01-05,Nike,NKE,95.53119659423828,https://query2.finance.yahoo.com/v8/finance/chart/NKE
2024-01-08,Nike,NKE,96.97239685058594,https://query2.finance.yahoo.com/v8/finance/chart/NKE
2024-01-09,Nike,NKE,96.14886474609376,https://query2.finance.yahoo.com/v8/finance/chart/NKE
2024-01-10,Nike,NKE,97.11277770996094,https://query2.finance.yahoo.com/v8/finance/chart/NKE
2024-01-11,Nike,NKE,99.10614013671876,https://query2.finance.yahoo.com/v8/finance/chart/NKE
2024-01-12,Nike,NKE,98.3200225830078,https://query2.finance.yahoo.com/v8/finance/chart/NKE
2024-01-16,Nike,NKE,95.1942901611328,https://query2.finance.yahoo.com/v8/finance/chart/NKE
2024-01-17,Nike,NKE,94.35203552246094,https://query2.finance.yahoo.com/v8/finance/chart/NKE
2024-01-18,Nike,NKE,94.46434020996094,https://query2.finance.yahoo.com/v8/finance/chart/NKE
2024-01-19,Nike,NKE,95.2504425048828,https://query2.finance.yahoo.com/v8/finance/chart/NKE
2024-01-22,Nike,NKE,94.10870361328124,https://query2.finance.yahoo.com/v8/finance/chart/NKE
2024-01-23,Nike,NKE,95.36275482177734,https://query2.finance.yahoo.com/v8/finance/chart/NKE
2024-01-24,Nike,NKE,94.29586791992188,https://query2.finance.yahoo.com/v8/finance/chart/NKE
2024-01-25,Nike,NKE,94.30523681640624,https://query2.finance.yahoo.com/v8/finance/chart/NKE
2024-01-26,Nike,NKE,96.15821838378906,https://query2.finance.yahoo.com/v8/finance/chart/NKE
2024-01-29,Nike,NKE,97.21571350097656,https://query2.finance.yahoo.com/v8/finance/chart/NKE
2024-01-30,Nike,NKE,97.49647521972656,https://query2.finance.yahoo.com/v8/finance/chart/NKE
2024-01-31,Nike,NKE,95.0164794921875,https://query2.finance.yahoo.com/v8/finance/chart/NKE
2024-02-01,Nike,NKE,95.2317352294922,https://query2.finance.yahoo.com/v8/finance/chart/NKE
2024-02-02,Nike,NKE,94.24909210205078,https://query2.finance.yahoo.com/v8/finance/chart/NKE
2024-02-05,Nike,NKE,93.28516387939452,https://query2.finance.yahoo.com/v8/finance/chart/NKE
2024-02-06,Nike,NKE,96.02720642089844,https://query2.finance.yahoo.com/v8/finance/chart/NKE
2024-02-07,Nike,NKE,97.13150024414062,https://query2.finance.yahoo.com/v8/finance/chart/NKE
2024-02-08,Nike,NKE,97.11277770996094,https://query2.finance.yahoo.com/v8/finance/chart/NKE
2024-02-09,Nike,NKE,97.79595184326172,https://query2.finance.yahoo.com/v8/finance/chart/NKE
2024-02-12,Nike,NKE,100.30401611328124,https://query2.finance.yahoo.com/v8/finance/chart/NKE
2024-02-13,Nike,NKE,98.26386260986328,https://query2.finance.yahoo.com/v8/finance/chart/NKE
2024-02-14,Nike,NKE,99.508544921875,https://query2.finance.yahoo.com/v8/finance/chart/NKE
2024-02-15,Nike,NKE,99.24650573730467,https://query2.finance.yahoo.com/v8/finance/chart/NKE
2024-02-16,Nike,NKE,96.86945343017578,https://query2.finance.yahoo.com/v8/finance/chart/NKE
2024-02-20,Nike,NKE,96.67292022705078,https://query2.finance.yahoo.com/v8/finance/chart/NKE
2024-02-21,Nike,NKE,98.51654052734376,https://query2.finance.yahoo.com/v8/finance/chart/NKE
2024-02-22,Nike,NKE,98.33872985839844,https://query2.finance.yahoo.com/v8/finance/chart/NKE
2024-02-23,Nike,NKE,98.85343933105467,https://query2.finance.yahoo.com/v8/finance/chart/NKE
2024-02-26,Nike,NKE,97.83338165283205,https://query2.finance.yahoo.com/v8/finance/chart/NKE
2024-02-27,Nike,NKE,98.40424346923828,https://query2.finance.yahoo.com/v8/finance/chart/NKE
2024-02-28,Nike,NKE,97.6555633544922,https://query2.finance.yahoo.com/v8/finance/chart/NKE
2024-02-29,Nike,NKE,97.26251983642578,https://query2.finance.yahoo.com/v8/finance/chart/NKE
2024-03-01,Nike,NKE,95.68466186523438,https://query2.finance.yahoo.com/v8/finance/chart/NKE
2024-03-04,Nike,NKE,93.4869613647461,https://query2.finance.yahoo.com/v8/finance/chart/NKE
2024-03-05,Nike,NKE,92.3317642211914,https://query2.finance.yahoo.com/v8/finance/chart/NKE
2024-03-06,Nike,NKE,91.69310760498048,https://query2.finance.yahoo.com/v8/finance/chart/NKE
2024-03-07,Nike,NKE,92.21906280517578,https://query2.finance.yahoo.com/v8/finance/chart/NKE
2024-03-08,Nike,NKE,93.13008880615234,https://query2.finance.yahoo.com/v8/finance/chart/NKE
2024-03-11,Nike,NKE,94.93333435058594,https://query2.finance.yahoo.com/v8/finance/chart/NKE
2024-03-12,Nike,NKE,94.0880355834961,https://query2.finance.yahoo.com/v8/finance/chart/NKE
2024-03-13,Nike,NKE,95.19630432128906,https://query2.finance.yahoo.com/v8/finance/chart/NKE
2024-03-14,Nike,NKE,94.16319274902344,https://query2.finance.yahoo.com/v8/finance/chart/NKE
2024-03-15,Nike,NKE,93.58088684082033,https://query2.finance.yahoo.com/v8/finance/chart/NKE
2024-03-18,Nike,NKE,92.7356185913086,https://query2.finance.yahoo.com/v8/finance/chart/NKE
2024-03-19,Nike,NKE,93.88141632080078,https://query2.finance.yahoo.com/v8/finance/chart/NKE
2024-03-20,Nike,NKE,94.1725616455078,https://query2.finance.yahoo.com/v8/finance/chart/NKE
2024-03-21,Nike,NKE,94.68912506103516,https://query2.finance.yahoo.com/v8/finance/chart/NKE
2024-03-22,Nike,NKE,88.15237426757812,https://query2.finance.yahoo.com/v8/finance/chart/NKE
2024-03-25,Nike,NKE,88.04905700683594,https://query2.finance.yahoo.com/v8/finance/chart/NKE
2024-03-26,Nike,NKE,86.95020294189453,https://query2.finance.yahoo.com/v8/finance/chart/NKE
2024-03-27,Nike,NKE,88.40594482421875,https://query2.finance.yahoo.com/v8/finance/chart/NKE
2024-03-28,Nike,NKE,88.26508331298828,https://query2.finance.yahoo.com/v8/finance/chart/NKE
2024-04-01,Nike,NKE,86.9314193725586,https://query2.finance.yahoo.com/v8/finance/chart/NKE
2024-04-02,Nike,NKE,85.41932678222656,https://query2.finance.yahoo.com/v8/finance/chart/NKE
2024-04-03,Nike,NKE,84.8370361328125,https://query2.finance.yahoo.com/v8/finance/chart/NKE
2024-04-04,Nike,NKE,83.6536636352539,https://query2.finance.yahoo.com/v8/finance/chart/NKE
2024-04-05,Nike,NKE,83.43762969970703,https://query2.finance.yahoo.com/v8/finance/chart/NKE
2024-04-08,Nike,NKE,84.52709197998047,https://query2.finance.yahoo.com/v8/finance/chart/NKE
2024-04-09,Nike,NKE,85.46629333496094,https://query2.finance.yahoo.com/v8/finance/chart/NKE
2024-04-10,Nike,NKE,83.5879135131836,https://query2.finance.yahoo.com/v8/finance/chart/NKE
2024-04-11,Nike,NKE,86.40547180175781,https://query2.finance.yahoo.com/v8/finance/chart/NKE
2024-04-12,Nike,NKE,86.40547180175781,https://query2.finance.yahoo.com/v8/finance/chart/NKE
2024-04-15,Nike,NKE,87.43859100341797,https://query2.finance.yahoo.com/v8/finance/chart/NKE
2024-04-16,Nike,NKE,87.71096801757812,https://query2.finance.yahoo.com/v8/finance/chart/NKE
2024-04-17,Nike,NKE,89.0727767944336,https://query2.finance.yahoo.com/v8/finance/chart/NKE
2024-04-18,Nike,NKE,89.91803741455078,https://query2.finance.yahoo.com/v8/finance/chart/NKE
2024-04-19,Nike,NKE,88.78162384033203,https://query2.finance.yahoo.com/v8/finance/chart/NKE
2024-04-22,Nike,NKE,88.46229553222656,https://query2.finance.yahoo.com/v8/finance/chart/NKE
2024-04-23,Nike,NKE,88.3026351928711,https://query2.finance.yahoo.com/v8/finance/chart/NKE
2024-04-24,Nike,NKE,88.88492584228516,https://query2.finance.yahoo.com/v8/finance/chart/NKE
2024-04-25,Nike,NKE,88.22750854492188,https://query2.finance.yahoo.com/v8/finance/chart/NKE
2024-04-26,Nike,NKE,88.39656066894531,https://query2.finance.yahoo.com/v8/finance/chart/NKE
2024-04-29,Nike,NKE,88.34021759033203,https://query2.finance.yahoo.com/v8/finance/chart/NKE
2024-04-30,Nike,NKE,86.64966583251953,https://query2.finance.yahoo.com/v8/finance/chart/NKE
2024-05-01,Nike,NKE,84.84640502929688,https://query2.finance.yahoo.com/v8/finance/chart/NKE
2024-05-02,Nike,NKE,86.7905502319336,https://query2.finance.yahoo.com/v8/finance/chart/NKE
2024-05-03,Nike,NKE,86.54635620117188,https://query2.finance.yahoo.com/v8/finance/chart/NKE
2024-05-06,Nike,NKE,87.68277740478516,https://query2.finance.yahoo.com/v8/finance/chart/NKE
2024-05-07,Nike,NKE,88.07723236083984,https://query2.finance.yahoo.com/v8/finance/chart/NKE
2024-05-08,Nike,NKE,87.89878845214844,https://query2.finance.yahoo.com/v8/finance/chart/NKE
2024-05-09,Nike,NKE,87.71096801757812,https://query2.finance.yahoo.com/v8/finance/chart/NKE
2024-05-10,Nike,NKE,85.40994262695312,https://query2.finance.yahoo.com/v8/finance/chart/NKE
2024-05-13,Nike,NKE,87.08169555664062,https://query2.finance.yahoo.com/v8/finance/chart/NKE
2024-05-14,Nike,NKE,87.14744567871094,https://query2.finance.yahoo.com/v8/finance/chart/NKE
2024-05-15,Nike,NKE,86.09554290771484,https://query2.finance.yahoo.com/v8/finance/chart/NKE
2024-05-16,Nike,NKE,86.189453125,https://query2.finance.yahoo.com/v8/finance/chart/NKE
2024-05-17,Nike,NKE,86.57453155517578,https://query2.finance.yahoo.com/v8/finance/chart/NKE
2024-05-20,Nike,NKE,86.189453125,https://query2.finance.yahoo.com/v8/finance/chart/NKE
2024-05-21,Nike,NKE,87.17561340332031,https://query2.finance.yahoo.com/v8/finance/chart/NKE
2024-05-22,Nike,NKE,86.87506866455078,https://query2.finance.yahoo.com/v8/finance/chart/NKE
2024-05-23,Nike,NKE,85.84196472167969,https://query2.finance.yahoo.com/v8/finance/chart/NKE
2024-05-24,Nike,NKE,86.17066955566406,https://query2.finance.yahoo.com/v8/finance/chart/NKE
2024-05-28,Nike,NKE,86.40547180175781,https://query2.finance.yahoo.com/v8/finance/chart/NKE
2024-05-29,Nike,NKE,86.09554290771484,https://query2.finance.yahoo.com/v8/finance/chart/NKE
2024-05-30,Nike,NKE,87.76729583740234,https://query2.finance.yahoo.com/v8/finance/chart/NKE
2024-05-31,Nike,NKE,89.27001190185547,https://query2.finance.yahoo.com/v8/finance/chart/NKE
2024-06-03,Nike,NKE,89.0060043334961,https://query2.finance.yahoo.com/v8/finance/chart/NKE
2024-06-04,Nike,NKE,89.32656860351562,https://query2.finance.yahoo.com/v8/finance/chart/NKE
2024-06-05,Nike,NKE,88.93058013916016,https://query2.finance.yahoo.com/v8/finance/chart/NKE
2024-06-06,Nike,NKE,90.25057220458984,https://query2.finance.yahoo.com/v8/finance/chart/NKE
2024-06-07,Nike,NKE,91.0331573486328,https://query2.finance.yahoo.com/v8/finance/chart/NKE
2024-06-10,Nike,NKE,90.51457977294922,https://query2.finance.yahoo.com/v8/finance/chart/NKE
2024-06-11,Nike,NKE,90.39199829101562,https://query2.finance.yahoo.com/v8/finance/chart/NKE
2024-06-12,Nike,NKE,88.32714080810547,https://query2.finance.yahoo.com/v8/finance/chart/NKE
2024-06-13,Nike,NKE,88.79857635498047,https://query2.finance.yahoo.com/v8/finance/chart/NKE
2024-06-14,Nike,NKE,88.05371856689453,https://query2.finance.yahoo.com/v8/finance/chart/NKE
2024-06-17,Nike,NKE,89.57171630859375,https://query2.finance.yahoo.com/v8/finance/chart/NKE
2024-06-18,Nike,NKE,89.3642807006836,https://query2.finance.yahoo.com/v8/finance/chart/NKE
2024-06-20,Nike,NKE,90.1091537475586,https://query2.finance.yahoo.com/v8/finance/chart/NKE
2024-06-21,Nike,NKE,91.62715911865234,https://query2.finance.yahoo.com/v8/finance/chart/NKE
2024-06-24,Nike,NKE,91.61771392822266,https://query2.finance.yahoo.com/v8/finance/chart/NKE
2024-06-25,Nike,NKE,89.33600616455078,https://query2.finance.yahoo.com/v8/finance/chart/NKE
2024-06-26,Nike,NKE,88.6854248046875,https://query2.finance.yahoo.com/v8/finance/chart/NKE
2024-06-27,Nike,NKE,88.80799102783203,https://query2.finance.yahoo.com/v8/finance/chart/NKE
2024-06-28,Nike,NKE,71.0633773803711,https://query2.finance.yahoo.com/v8/finance/chart/NKE
2024-07-01,Nike,NKE,72.43994140625,https://query2.finance.yahoo.com/v8/finance/chart/NKE
2024-07-02,Nike,NKE,71.6950912475586,https://query2.finance.yahoo.com/v8/finance/chart/NKE
2024-07-03,Nike,NKE,70.94080352783203,https://query2.finance.yahoo.com/v8/finance/chart/NKE
2024-07-05,Nike,NKE,71.11994171142578,https://query2.finance.yahoo.com/v8/finance/chart/NKE
2024-07-08,Nike,NKE,68.8759536743164,https://query2.finance.yahoo.com/v8/finance/chart/NKE
2024-07-09,Nike,NKE,68.31964874267578,https://query2.finance.yahoo.com/v8/finance/chart/NKE
2024-07-10,Nike,NKE,68.39508056640625,https://query2.finance.yahoo.com/v8/finance/chart/NKE
2024-07-11,Nike,NKE,69.1965103149414,https://query2.finance.yahoo.com/v8/finance/chart/NKE
2024-07-12,Nike,NKE,69.22480010986328,https://query2.finance.yahoo.com/v8/finance/chart/NKE
2024-07-15,Nike,NKE,67.23535919189453,https://query2.finance.yahoo.com/v8/finance/chart/NKE
2024-07-16,Nike,NKE,68.64964294433594,https://query2.finance.yahoo.com/v8/finance/chart/NKE
2024-07-17,Nike,NKE,68.89479064941406,https://query2.finance.yahoo.com/v8/finance/chart/NKE
2024-07-18,Nike,NKE,68.24422454833984,https://query2.finance.yahoo.com/v8/finance/chart/NKE
2024-07-19,Nike,NKE,68.54593658447266,https://query2.finance.yahoo.com/v8/finance/chart/NKE
2024-07-22,Nike,NKE,70.58251953125,https://query2.finance.yahoo.com/v8/finance/chart/NKE
2024-07-23,Nike,NKE,69.2059326171875,https://query2.finance.yahoo.com/v8/finance/chart/NKE
2024-07-24,Nike,NKE,67.0279312133789,https://query2.finance.yahoo.com/v8/finance/chart/NKE
2024-07-25,Nike,NKE,67.32965087890625,https://query2.finance.yahoo.com/v8/finance/chart/NKE
2024-07-26,Nike,NKE,68.41393280029297,https://query2.finance.yahoo.com/v8/finance/chart/NKE
2024-07-29,Nike,NKE,69.34737396240234,https://query2.finance.yahoo.com/v8/finance/chart/NKE
2024-07-30,Nike,NKE,70.07337188720703,https://query2.finance.yahoo.com/v8/finance/chart/NKE
2024-07-31,Nike,NKE,70.58251953125,https://query2.finance.yahoo.com/v8/finance/chart/NKE
2024-08-01,Nike,NKE,69.63021850585938,https://query2.finance.yahoo.com/v8/finance/chart/NKE
2024-08-02,Nike,NKE,69.78108215332031,https://query2.finance.yahoo.com/v8/finance/chart/NKE
2024-08-05,Nike,NKE,67.33908081054688,https://query2.finance.yahoo.com/v8/finance/chart/NKE
2024-08-06,Nike,NKE,68.35736846923828,https://query2.finance.yahoo.com/v8/finance/chart/NKE
2024-08-07,Nike,NKE,68.47051239013672,https://query2.finance.yahoo.com/v8/finance/chart/NKE
2024-08-08,Nike,NKE,69.95079040527344,https://query2.finance.yahoo.com/v8/finance/chart/NKE
2024-08-09,Nike,NKE,70.09223175048828,https://query2.finance.yahoo.com/v8/finance/chart/NKE
2024-08-12,Nike,NKE,70.37508392333984,https://query2.finance.yahoo.com/v8/finance/chart/NKE
2024-08-13,Nike,NKE,74.01453399658203,https://query2.finance.yahoo.com/v8/finance/chart/NKE
2024-08-14,Nike,NKE,74.03337097167969,https://query2.finance.yahoo.com/v8/finance/chart/NKE
2024-08-15,Nike,NKE,77.78596496582031,https://query2.finance.yahoo.com/v8/finance/chart/NKE
2024-08-16,Nike,NKE,78.47425842285156,https://query2.finance.yahoo.com/v8/finance/chart/NKE
2024-08-19,Nike,NKE,78.5213851928711,https://query2.finance.yahoo.com/v8/finance/chart/NKE
2024-08-20,Nike,NKE,78.785400390625,https://query2.finance.yahoo.com/v8/finance/chart/NKE
2024-08-21,Nike,NKE,79.20026397705078,https://query2.finance.yahoo.com/v8/finance/chart/NKE
2024-08-22,Nike,NKE,78.64397430419922,https://query2.finance.yahoo.com/v8/finance/chart/NKE
2024-08-23,Nike,NKE,79.24739837646484,https://query2.finance.yahoo.com/v8/finance/chart/NKE
2024-08-26,Nike,NKE,79.4642562866211,https://query2.finance.yahoo.com/v8/finance/chart/NKE
2024-08-27,Nike,NKE,80.41654968261719,https://query2.finance.yahoo.com/v8/finance/chart/NKE
2024-08-28,Nike,NKE,78.05940246582031,https://query2.finance.yahoo.com/v8/finance/chart/NKE
2024-08-29,Nike,NKE,78.5025405883789,https://query2.finance.yahoo.com/v8/finance/chart/NKE
2024-08-30,Nike,NKE,78.55911254882812,https://query2.finance.yahoo.com/v8/finance/chart/NKE
2024-09-03,Nike,NKE,77.0154037475586,https://query2.finance.yahoo.com/v8/finance/chart/NKE
2024-09-04,Nike,NKE,76.73126983642578,https://query2.finance.yahoo.com/v8/finance/chart/NKE
2024-09-05,Nike,NKE,76.55133056640625,https://query2.finance.yahoo.com/v8/finance/chart/NKE
2024-09-06,Nike,NKE,76.3619155883789,https://query2.finance.yahoo.com/v8/finance/chart/NKE
2024-09-09,Nike,NKE,75.28227233886719,https://query2.finance.yahoo.com/v8/finance/chart/NKE
2024-09-10,Nike,NKE,73.95636749267578,https://query2.finance.yahoo.com/v8/finance/chart/NKE
2024-09-11,Nike,NKE,74.24996185302734,https://query2.finance.yahoo.com/v8/finance/chart/NKE
2024-09-12,Nike,NKE,74.24996185302734,https://query2.finance.yahoo.com/v8/finance/chart/NKE
2024-09-13,Nike,NKE,74.82766723632812,https://query2.finance.yahoo.com/v8/finance/chart/NKE
2024-09-16,Nike,NKE,75.57585144042969,https://query2.finance.yahoo.com/v8/finance/chart/NKE
2024-09-17,Nike,NKE,76.37139129638672,https://query2.finance.yahoo.com/v8/finance/chart/NKE
2024-09-18,Nike,NKE,76.61762237548828,https://query2.finance.yahoo.com/v8/finance/chart/NKE
2024-09-19,Nike,NKE,76.69339752197266,https://query2.finance.yahoo.com/v8/finance/chart/NKE
2024-09-20,Nike,NKE,81.94014739990234,https://query2.finance.yahoo.com/v8/finance/chart/NKE
2024-09-23,Nike,NKE,81.63707733154297,https://query2.finance.yahoo.com/v8/finance/chart/NKE
2024-09-24,Nike,NKE,82.83037567138672,https://query2.finance.yahoo.com/v8/finance/chart/NKE
2024-09-25,Nike,NKE,83.34180450439453,https://query2.finance.yahoo.com/v8/finance/chart/NKE
2024-09-26,Nike,NKE,84.65821838378906,https://query2.finance.yahoo.com/v8/finance/chart/NKE
2024-09-27,Nike,NKE,84.70557403564453,https://query2.finance.yahoo.com/v8/finance/chart/NKE
2024-09-30,Nike,NKE,83.72062683105469,https://query2.finance.yahoo.com/v8/finance/chart/NKE
2024-10-01,Nike,NKE,84.41197204589844,https://query2.finance.yahoo.com/v8/finance/chart/NKE
2024-10-02,Nike,NKE,78.70115661621094,https://query2.finance.yahoo.com/v8/finance/chart/NKE
2024-10-03,Nike,NKE,77.75410461425781,https://query2.finance.yahoo.com/v8/finance/chart/NKE
2024-10-04,Nike,NKE,77.89617156982422,https://query2.finance.yahoo.com/v8/finance/chart/NKE
2024-10-07,Nike,NKE,76.55133056640625,https://query2.finance.yahoo.com/v8/finance/chart/NKE
2024-10-08,Nike,NKE,76.49449920654297,https://query2.finance.yahoo.com/v8/finance/chart/NKE
2024-10-09,Nike,NKE,78.08557891845703,https://query2.finance.yahoo.com/v8/finance/chart/NKE
2024-10-10,Nike,NKE,77.75410461425781,https://query2.finance.yahoo.com/v8/finance/chart/NKE
2024-10-11,Nike,NKE,77.80147552490234,https://query2.finance.yahoo.com/v8/finance/chart/NKE
2024-10-14,Nike,NKE,77.28057861328125,https://query2.finance.yahoo.com/v8/finance/chart/NKE
2024-10-15,Nike,NKE,77.7730484008789,https://query2.finance.yahoo.com/v8/finance/chart/NKE
2024-10-16,Nike,NKE,79.49671173095703,https://query2.finance.yahoo.com/v8/finance/chart/NKE
2024-10-17,Nike,NKE,78.98529052734375,https://query2.finance.yahoo.com/v8/finance/chart/NKE
2024-10-18,Nike,NKE,78.53070068359375,https://query2.finance.yahoo.com/v8/finance/chart/NKE
2024-10-21,Nike,NKE,77.16692352294922,https://query2.finance.yahoo.com/v8/finance/chart/NKE
2024-10-22,Nike,NKE,77.11009216308594,https://query2.finance.yahoo.com/v8/finance/chart/NKE
2024-10-23,Nike,NKE,75.8126220703125,https://query2.finance.yahoo.com/v8/finance/chart/NKE
2024-10-24,Nike,NKE,74.85608673095703,https://query2.finance.yahoo.com/v8/finance/chart/NKE
2024-10-25,Nike,NKE,74.6761474609375,https://query2.finance.yahoo.com/v8/finance/chart/NKE
2024-10-28,Nike,NKE,74.73296356201172,https://query2.finance.yahoo.com/v8/finance/chart/NKE
2024-10-29,Nike,NKE,74.24996185302734,https://query2.finance.yahoo.com/v8/finance/chart/NKE
2024-10-30,Nike,NKE,72.40318298339844,https://query2.finance.yahoo.com/v8/finance/chart/NKE
2024-10-31,Nike,NKE,73.04718017578125,https://query2.finance.yahoo.com/v8/finance/chart/NKE
2024-11-01,Nike,NKE,73.9279556274414,https://query2.finance.yahoo.com/v8/finance/chart/NKE
2024-11-04,Nike,NKE,73.10401916503906,https://query2.finance.yahoo.com/v8/finance/chart/NKE
2024-11-05,Nike,NKE,73.85218811035156,https://query2.finance.yahoo.com/v8/finance/chart/NKE
2024-11-06,Nike,NKE,71.33300018310547,https://query2.finance.yahoo.com/v8/finance/chart/NKE
2024-11-07,Nike,NKE,71.9012451171875,https://query2.finance.yahoo.com/v8/finance/chart/NKE
2024-11-08,Nike,NKE,71.86334991455078,https://query2.finance.yahoo.com/v8/finance/chart/NKE
2024-11-11,Nike,NKE,72.54524993896484,https://query2.finance.yahoo.com/v8/finance/chart/NKE
2024-11-12,Nike,NKE,72.6020736694336,https://query2.finance.yahoo.com/v8/finance/chart/NKE
2024-11-13,Nike,NKE,72.469482421875,https://query2.finance.yahoo.com/v8/finance/chart/NKE
2024-11-14,Nike,NKE,71.67394256591797,https://query2.finance.yahoo.com/v8/finance/chart/NKE
2024-11-15,Nike,NKE,72.6020736694336,https://query2.finance.yahoo.com/v8/finance/chart/NKE
2024-11-18,Nike,NKE,70.92576599121094,https://query2.finance.yahoo.com/v8/finance/chart/NKE
2024-11-19,Nike,NKE,69.99765014648438,https://query2.finance.yahoo.com/v8/finance/chart/NKE
2024-11-20,Nike,NKE,69.47676086425781,https://query2.finance.yahoo.com/v8/finance/chart/NKE
2024-11-21,Nike,NKE,71.12464141845703,https://query2.finance.yahoo.com/v8/finance/chart/NKE
2024-11-22,Nike,NKE,73.30290222167969,https://query2.finance.yahoo.com/v8/finance/chart/NKE
2024-11-25,Nike,NKE,75.06444549560547,https://query2.finance.yahoo.com/v8/finance/chart/NKE
2024-11-26,Nike,NKE,73.50178527832031,https://query2.finance.yahoo.com/v8/finance/chart/NKE
2024-11-27,Nike,NKE,74.1931381225586,https://query2.finance.yahoo.com/v8/finance/chart/NKE
2024-11-29,Nike,NKE,74.60037231445312,https://query2.finance.yahoo.com/v8/finance/chart/NKE
2024-12-02,Nike,NKE,75.28573608398438,https://query2.finance.yahoo.com/v8/finance/chart/NKE
2024-12-03,Nike,NKE,75.06680297851562,https://query2.finance.yahoo.com/v8/finance/chart/NKE
2024-12-04,Nike,NKE,74.60037231445312,https://query2.finance.yahoo.com/v8/finance/chart/NKE
2024-12-05,Nike,NKE,74.80027770996094,https://query2.finance.yahoo.com/v8/finance/chart/NKE
2024-12-06,Nike,NKE,75.0953598022461,https://query2.finance.yahoo.com/v8/finance/chart/NKE
2024-12-09,Nike,NKE,73.90548706054688,https://query2.finance.yahoo.com/v8/finance/chart/NKE
2024-12-10,Nike,NKE,73.04878234863281,https://query2.finance.yahoo.com/v8/finance/chart/NKE
2024-12-11,Nike,NKE,75.05729675292969,https://query2.finance.yahoo.com/v8/finance/chart/NKE
2024-12-12,Nike,NKE,74.21009063720703,https://query2.finance.yahoo.com/v8/finance/chart/NKE
2024-12-13,Nike,NKE,73.53424835205078,https://query2.finance.yahoo.com/v8/finance/chart/NKE
2024-12-16,Nike,NKE,73.48664855957031,https://query2.finance.yahoo.com/v8/finance/chart/NKE
2024-12-17,Nike,NKE,74.2481689453125,https://query2.finance.yahoo.com/v8/finance/chart/NKE
2024-12-18,Nike,NKE,73.20108795166016,https://query2.finance.yahoo.com/v8/finance/chart/NKE
2024-12-19,Nike,NKE,73.39146423339844,https://query2.finance.yahoo.com/v8/finance/chart/NKE
2024-12-20,Nike,NKE,73.2391586303711,https://query2.finance.yahoo.com/v8/finance/chart/NKE
2024-12-23,Nike,NKE,73.06781768798828,https://query2.finance.yahoo.com/v8/finance/chart/NKE
2024-12-24,Nike,NKE,73.09637451171875,https://query2.finance.yahoo.com/v8/finance/chart/NKE
2024-12-26,Nike,NKE,73.2391586303711,https://query2.finance.yahoo.com/v8/finance/chart/NKE
2024-12-27,Nike,NKE,72.74417877197266,https://query2.finance.yahoo.com/v8/finance/chart/NKE
2024-12-30,Nike,NKE,71.05931854248047,https://query2.finance.yahoo.com/v8/finance/chart/NKE
2024-12-31,Nike,NKE,72.0302505493164,https://query2.finance.yahoo.com/v8/finance/chart/NKE
2025-01-02,Nike,NKE,70.1264419555664,https://query2.finance.yahoo.com/v8/finance/chart/NKE
2025-01-03,Nike,NKE,69.78376770019531,https://query2.finance.yahoo.com/v8/finance/chart/NKE
2025-01-06,Nike,NKE,68.5367660522461,https://query2.finance.yahoo.com/v8/finance/chart/NKE
2025-01-07,Nike,NKE,68.62244415283203,https://query2.finance.yahoo.com/v8/finance/chart/NKE
2025-01-08,Nike,NKE,67.86092376708984,https://query2.finance.yahoo.com/v8/finance/chart/NKE
2025-01-10,Nike,NKE,67.77525329589844,https://query2.finance.yahoo.com/v8/finance/chart/NKE
2025-01-13,Nike,NKE,68.61293029785156,https://query2.finance.yahoo.com/v8/finance/chart/NKE
2025-01-14,Nike,NKE,67.7467041015625,https://query2.finance.yahoo.com/v8/finance/chart/NKE
2025-01-15,Nike,NKE,67.6515121459961,https://query2.finance.yahoo.com/v8/finance/chart/NKE
2025-01-16,Nike,NKE,67.68958282470703,https://query2.finance.yahoo.com/v8/finance/chart/NKE
2025-01-17,Nike,NKE,67.43256378173828,https://query2.finance.yahoo.com/v8/finance/chart/NKE
2025-01-21,Nike,NKE,69.6504898071289,https://query2.finance.yahoo.com/v8/finance/chart/NKE
2025-01-22,Nike,NKE,70.4786605834961,https://query2.finance.yahoo.com/v8/finance/chart/NKE
2025-01-23,Nike,NKE,70.71663665771484,https://query2.finance.yahoo.com/v8/finance/chart/NKE
2025-01-24,Nike,NKE,70.03125762939453,https://query2.finance.yahoo.com/v8/finance/chart/NKE
2025-01-27,Nike,NKE,71.944580078125,https://query2.finance.yahoo.com/v8/finance/chart/NKE
2025-01-28,Nike,NKE,70.81181335449219,https://query2.finance.yahoo.com/v8/finance/chart/NKE
2025-01-29,Nike,NKE,72.89647674560547,https://query2.finance.yahoo.com/v8/finance/chart/NKE
2025-01-30,Nike,NKE,74.56230163574219,https://query2.finance.yahoo.com/v8/finance/chart/NKE
2025-01-31,Nike,NKE,73.20108795166016,https://query2.finance.yahoo.com/v8/finance/chart/NKE
2025-02-03,Nike,NKE,72.9059829711914,https://query2.finance.yahoo.com/v8/finance/chart/NKE
2025-02-04,Nike,NKE,73.02975463867188,https://query2.finance.yahoo.com/v8/finance/chart/NKE
2025-02-05,Nike,NKE,70.983154296875,https://query2.finance.yahoo.com/v8/finance/chart/NKE
2025-02-06,Nike,NKE,68.28927612304688,https://query2.finance.yahoo.com/v8/finance/chart/NKE
2025-02-07,Nike,NKE,65.37648010253906,https://query2.finance.yahoo.com/v8/finance/chart/NKE
2025-02-10,Nike,NKE,67.52776336669922,https://query2.finance.yahoo.com/v8/finance/chart/NKE
2025-02-11,Nike,NKE,67.90851593017578,https://query2.finance.yahoo.com/v8/finance/chart/NKE
2025-02-12,Nike,NKE,68.78426361083984,https://query2.finance.yahoo.com/v8/finance/chart/NKE
2025-02-13,Nike,NKE,69.6885757446289,https://query2.finance.yahoo.com/v8/finance/chart/NKE
2025-02-14,Nike,NKE,69.52674865722656,https://query2.finance.yahoo.com/v8/finance/chart/NKE
2025-02-18,Nike,NKE,73.85789489746094,https://query2.finance.yahoo.com/v8/finance/chart/NKE
2025-02-19,Nike,NKE,73.08685302734375,https://query2.finance.yahoo.com/v8/finance/chart/NKE
2025-02-20,Nike,NKE,73.51521301269531,https://query2.finance.yahoo.com/v8/finance/chart/NKE
2025-02-21,Nike,NKE,72.82032012939453,https://query2.finance.yahoo.com/v8/finance/chart/NKE
2025-02-24,Nike,NKE,76.41851043701172,https://query2.finance.yahoo.com/v8/finance/chart/NKE
2025-02-25,Nike,NKE,77.78925323486328,https://query2.finance.yahoo.com/v8/finance/chart/NKE
2025-02-26,Nike,NKE,77.26569366455078,https://query2.finance.yahoo.com/v8/finance/chart/NKE
2025-02-27,Nike,NKE,76.17100524902344,https://query2.finance.yahoo.com/v8/finance/chart/NKE
2025-02-28,Nike,NKE,75.60939025878906,https://query2.finance.yahoo.com/v8/finance/chart/NKE
2025-03-03,Nike,NKE,75.0162353515625,https://query2.finance.yahoo.com/v8/finance/chart/NKE
2025-03-04,Nike,NKE,73.97339630126953,https://query2.finance.yahoo.com/v8/finance/chart/NKE
2025-03-05,Nike,NKE,74.44219970703125,https://query2.finance.yahoo.com/v8/finance/chart/NKE
2025-03-06,Nike,NKE,74.34652709960938,https://query2.finance.yahoo.com/v8/finance/chart/NKE
2025-03-07,Nike,NKE,75.18843078613281,https://query2.finance.yahoo.com/v8/finance/chart/NKE
2025-03-10,Nike,NKE,73.09323120117188,https://query2.finance.yahoo.com/v8/finance/chart/NKE
2025-03-11,Nike,NKE,70.9597396850586,https://query2.finance.yahoo.com/v8/finance/chart/NKE
2025-03-12,Nike,NKE,70.39527893066406,https://query2.finance.yahoo.com/v8/finance/chart/NKE
2025-03-13,Nike,NKE,69.4959716796875,https://query2.finance.yahoo.com/v8/finance/chart/NKE
2025-03-14,Nike,NKE,68.55838775634766,https://query2.finance.yahoo.com/v8/finance/chart/NKE
2025-03-17,Nike,NKE,70.51007843017578,https://query2.finance.yahoo.com/v8/finance/chart/NKE
2025-03-18,Nike,NKE,70.136962890625,https://query2.finance.yahoo.com/v8/finance/chart/NKE
2025-03-19,Nike,NKE,69.83081817626953,https://query2.finance.yahoo.com/v8/finance/chart/NKE
2025-03-20,Nike,NKE,68.74971771240234,https://query2.finance.yahoo.com/v8/finance/chart/NKE
2025-03-21,Nike,NKE,64.9993896484375,https://query2.finance.yahoo.com/v8/finance/chart/NKE
2025-03-24,Nike,NKE,64.47319793701172,https://query2.finance.yahoo.com/v8/finance/chart/NKE
2025-03-25,Nike,NKE,63.65999221801758,https://query2.finance.yahoo.com/v8/finance/chart/NKE
2025-03-26,Nike,NKE,62.89461135864258,https://query2.finance.yahoo.com/v8/finance/chart/NKE
2025-03-27,Nike,NKE,62.95202255249024,https://query2.finance.yahoo.com/v8/finance/chart/NKE
2025-03-28,Nike,NKE,60.5506591796875,https://query2.finance.yahoo.com/v8/finance/chart/NKE
2025-03-31,Nike,NKE,60.7324333190918,https://query2.finance.yahoo.com/v8/finance/chart/NKE
2025-04-01,Nike,NKE,61.95703887939453,https://query2.finance.yahoo.com/v8/finance/chart/NKE
2025-04-02,Nike,NKE,62.14837265014648,https://query2.finance.yahoo.com/v8/finance/chart/NKE
2025-04-03,Nike,NKE,53.17436218261719,https://query2.finance.yahoo.com/v8/finance/chart/NKE
2025-04-04,Nike,NKE,54.7720832824707,https://query2.finance.yahoo.com/v8/finance/chart/NKE
2025-04-07,Nike,NKE,53.203067779541016,https://query2.finance.yahoo.com/v8/finance/chart/NKE
2025-04-08,Nike,NKE,50.96434783935547,https://query2.finance.yahoo.com/v8/finance/chart/NKE
2025-04-09,Nike,NKE,56.75248718261719,https://query2.finance.yahoo.com/v8/finance/chart/NKE
2025-04-10,Nike,NKE,52.04543685913086,https://query2.finance.yahoo.com/v8/finance/chart/NKE
2025-04-11,Nike,NKE,52.03587341308594,https://query2.finance.yahoo.com/v8/finance/chart/NKE
2025-04-14,Nike,NKE,53.01172637939453,https://query2.finance.yahoo.com/v8/finance/chart/NKE
2025-04-15,Nike,NKE,52.45682907104492,https://query2.finance.yahoo.com/v8/finance/chart/NKE
2025-04-16,Nike,NKE,51.23222732543945,https://query2.finance.yahoo.com/v8/finance/chart/NKE
2025-04-17,Nike,NKE,53.3465690612793,https://query2.finance.yahoo.com/v8/finance/chart/NKE
2025-04-21,Nike,NKE,53.69098663330078,https://query2.finance.yahoo.com/v8/finance/chart/NKE
2025-04-22,Nike,NKE,54.590309143066406,https://query2.finance.yahoo.com/v8/finance/chart/NKE
2025-04-23,Nike,NKE,54.9060173034668,https://query2.finance.yahoo.com/v8/finance/chart/NKE
2025-04-24,Nike,NKE,55.94884490966797,https://query2.finance.yahoo.com/v8/finance/chart/NKE
2025-04-25,Nike,NKE,55.126068115234375,https://query2.finance.yahoo.com/v8/finance/chart/NKE
2025-04-28,Nike,NKE,54.82948303222656,https://query2.finance.yahoo.com/v8/finance/chart/NKE
2025-04-29,Nike,NKE,55.04953002929688,https://query2.finance.yahoo.com/v8/finance/chart/NKE
2025-04-30,Nike,NKE,53.95887756347656,https://query2.finance.yahoo.com/v8/finance/chart/NKE
2025-05-01,Nike,NKE,54.30328750610352,https://query2.finance.yahoo.com/v8/finance/chart/NKE
2025-05-02,Nike,NKE,56.05408477783203,https://query2.finance.yahoo.com/v8/finance/chart/NKE
2025-05-05,Nike,NKE,54.86774826049805,https://query2.finance.yahoo.com/v8/finance/chart/NKE
2025-05-06,Nike,NKE,54.57117462158203,https://query2.finance.yahoo.com/v8/finance/chart/NKE
2025-05-07,Nike,NKE,56.08278274536133,https://query2.finance.yahoo.com/v8/finance/chart/NKE
2025-05-08,Nike,NKE,56.3602294921875,https://query2.finance.yahoo.com/v8/finance/chart/NKE
2025-05-09,Nike,NKE,55.77663803100586,https://query2.finance.yahoo.com/v8/finance/chart/NKE
2025-05-12,Nike,NKE,59.87138748168945,https://query2.finance.yahoo.com/v8/finance/chart/NKE
2025-05-13,Nike,NKE,59.68960571289063,https://query2.finance.yahoo.com/v8/finance/chart/NKE
2025-05-14,Nike,NKE,59.05817413330078,https://query2.finance.yahoo.com/v8/finance/chart/NKE
2025-05-15,Nike,NKE,59.69917297363281,https://query2.finance.yahoo.com/v8/finance/chart/NKE
2025-05-16,Nike,NKE,60.37845230102539,https://query2.finance.yahoo.com/v8/finance/chart/NKE
2025-05-19,Nike,NKE,59.39303207397461,https://query2.finance.yahoo.com/v8/finance/chart/NKE
2025-05-20,Nike,NKE,59.85225296020508,https://query2.finance.yahoo.com/v8/finance/chart/NKE
2025-05-21,Nike,NKE,57.3839225769043,https://query2.finance.yahoo.com/v8/finance/chart/NKE
2025-05-22,Nike,NKE,58.665924072265625,https://query2.finance.yahoo.com/v8/finance/chart/NKE
2025-05-23,Nike,NKE,57.42219161987305,https://query2.finance.yahoo.com/v8/finance/chart/NKE
2025-05-27,Nike,NKE,60.11056518554688,https://query2.finance.yahoo.com/v8/finance/chart/NKE
2025-05-28,Nike,NKE,59.10600662231445,https://query2.finance.yahoo.com/v8/finance/chart/NKE
2025-05-29,Nike,NKE,58.78073120117188,https://query2.finance.yahoo.com/v8/finance/chart/NKE
2025-05-30,Nike,NKE,57.9675178527832,https://query2.finance.yahoo.com/v8/finance/chart/NKE
2025-06-02,Nike,NKE,59.29655838012695,https://query2.finance.yahoo.com/v8/finance/chart/NKE
2025-06-03,Nike,NKE,60.06702423095703,https://query2.finance.yahoo.com/v8/finance/chart/NKE
2025-06-04,Nike,NKE,60.45225524902344,https://query2.finance.yahoo.com/v8/finance/chart/NKE
2025-06-05,Nike,NKE,60.3559455871582,https://query2.finance.yahoo.com/v8/finance/chart/NKE
2025-06-06,Nike,NKE,60.48114776611328,https://query2.finance.yahoo.com/v8/finance/chart/NKE
2025-06-09,Nike,NKE,59.62400817871094,https://query2.finance.yahoo.com/v8/finance/chart/NKE
2025-06-10,Nike,NKE,61.51163101196289,https://query2.finance.yahoo.com/v8/finance/chart/NKE
2025-06-11,Nike,NKE,60.77970123291016,https://query2.finance.yahoo.com/v8/finance/chart/NKE
2025-06-12,Nike,NKE,60.48114776611328,https://query2.finance.yahoo.com/v8/finance/chart/NKE
2025-06-13,Nike,NKE,58.29495620727539,https://query2.finance.yahoo.com/v8/finance/chart/NKE
2025-06-16,Nike,NKE,59.614376068115234,https://query2.finance.yahoo.com/v8/finance/chart/NKE
2025-06-17,Nike,NKE,57.78453826904297,https://query2.finance.yahoo.com/v8/finance/chart/NKE
2025-06-18,Nike,NKE,57.312625885009766,https://query2.finance.yahoo.com/v8/finance/chart/NKE
2025-06-20,Nike,NKE,57.5822868347168,https://query2.finance.yahoo.com/v8/finance/chart/NKE
2025-06-23,Nike,NKE,58.535736083984375,https://query2.finance.yahoo.com/v8/finance/chart/NKE
2025-06-24,Nike,NKE,59.152099609375,https://query2.finance.yahoo.com/v8/finance/chart/NKE
2025-06-25,Nike,NKE,58.58388900756836,https://query2.finance.yahoo.com/v8/finance/chart/NKE
2025-06-26,Nike,NKE,60.23074722290039,https://query2.finance.yahoo.com/v8/finance/chart/NKE
2025-06-27,Nike,NKE,69.37996673583984,https://query2.finance.yahoo.com/v8/finance/chart/NKE
2025-06-30,Nike,NKE,68.41688537597656,https://query2.finance.yahoo.com/v8/finance/chart/NKE
2025-07-01,Nike,NKE,70.69938659667969,https://query2.finance.yahoo.com/v8/finance/chart/NKE
2025-07-02,Nike,NKE,73.5693359375,https://query2.finance.yahoo.com/v8/finance/chart/NKE
2025-07-03,Nike,NKE,73.5693359375,https://query2.finance.yahoo.com/v8/finance/chart/NKE
2025-07-07,Nike,NKE,73.70417022705078,https://query2.finance.yahoo.com/v8/finance/chart/NKE
2025-07-08,Nike,NKE,71.19054412841797,https://query2.finance.yahoo.com/v8/finance/chart/NKE
2025-07-09,Nike,NKE,70.84383392333984,https://query2.finance.yahoo.com/v8/finance/chart/NKE
2025-07-10,Nike,NKE,71.86470794677734,https://query2.finance.yahoo.com/v8/finance/chart/NKE
2025-07-11,Nike,NKE,69.94817352294922,https://query2.finance.yahoo.com/v8/finance/chart/NKE
2025-07-14,Nike,NKE,69.58222198486328,https://query2.finance.yahoo.com/v8/finance/chart/NKE
2025-07-15,Nike,NKE,69.33180236816406,https://query2.finance.yahoo.com/v8/finance/chart/NKE
2025-07-16,Nike,NKE,69.437744140625,https://query2.finance.yahoo.com/v8/finance/chart/NKE
2025-07-17,Nike,NKE,70.2852554321289,https://query2.finance.yahoo.com/v8/finance/chart/NKE
2025-07-18,Nike,NKE,69.79408264160156,https://query2.finance.yahoo.com/v8/finance/chart/NKE
2025-07-21,Nike,NKE,71.28684997558594,https://query2.finance.yahoo.com/v8/finance/chart/NKE
2025-07-22,Nike,NKE,72.60626983642578,https://query2.finance.yahoo.com/v8/finance/chart/NKE
2025-07-23,Nike,NKE,73.91605377197266,https://query2.finance.yahoo.com/v8/finance/chart/NKE
2025-07-24,Nike,NKE,72.63516235351562,https://query2.finance.yahoo.com/v8/finance/chart/NKE
2025-07-25,Nike,NKE,73.45377349853516,https://query2.finance.yahoo.com/v8/finance/chart/NKE
2025-07-28,Nike,NKE,76.31410217285156,https://query2.finance.yahoo.com/v8/finance/chart/NKE
2025-07-29,Nike,NKE,75.43771362304688,https://query2.finance.yahoo.com/v8/finance/chart/NKE
2025-07-30,Nike,NKE,73.8486328125,https://query2.finance.yahoo.com/v8/finance/chart/NKE
2025-07-31,Nike,NKE,71.93212127685547,https://query2.finance.yahoo.com/v8/finance/chart/NKE
2025-08-01,Nike,NKE,71.86470794677734,https://query2.finance.yahoo.com/v8/finance/chart/NKE
2025-08-04,Nike,NKE,72.05730438232422,https://query2.finance.yahoo.com/v8/finance/chart/NKE
2025-08-05,Nike,NKE,71.63355255126953,https://query2.finance.yahoo.com/v8/finance/chart/NKE
2025-08-06,Nike,NKE,72.69293975830078,https://query2.finance.yahoo.com/v8/finance/chart/NKE
2025-08-07,Nike,NKE,71.60466766357422,https://query2.finance.yahoo.com/v8/finance/chart/NKE
2025-08-08,Nike,NKE,71.45057678222656,https://query2.finance.yahoo.com/v8/finance/chart/NKE
2025-08-11,Nike,NKE,71.28684997558594,https://query2.finance.yahoo.com/v8/finance/chart/NKE
2025-08-12,Nike,NKE,72.13436126708984,https://query2.finance.yahoo.com/v8/finance/chart/NKE
2025-08-13,Nike,NKE,74.34943389892578,https://query2.finance.yahoo.com/v8/finance/chart/NKE
2025-08-14,Nike,NKE,73.5693359375,https://query2.finance.yahoo.com/v8/finance/chart/NKE
2025-08-15,Nike,NKE,74.12792205810547,https://query2.finance.yahoo.com/v8/finance/chart/NKE
2025-08-18,Nike,NKE,74.57093811035156,https://query2.finance.yahoo.com/v8/finance/chart/NKE
2025-08-19,Nike,NKE,74.04124450683594,https://query2.finance.yahoo.com/v8/finance/chart/NKE
2025-08-20,Nike,NKE,73.44414520263672,https://query2.finance.yahoo.com/v8/finance/chart/NKE
2025-08-21,Nike,NKE,73.36710357666016,https://query2.finance.yahoo.com/v8/finance/chart/NKE
2025-08-22,Nike,NKE,75.4858627319336,https://query2.finance.yahoo.com/v8/finance/chart/NKE
2025-08-25,Nike,NKE,76.24668884277344,https://query2.finance.yahoo.com/v8/finance/chart/NKE
2025-08-26,Nike,NKE,75.74588775634766,https://query2.finance.yahoo.com/v8/finance/chart/NKE
2025-08-27,Nike,NKE,75.17767333984375,https://query2.finance.yahoo.com/v8/finance/chart/NKE
2025-08-28,Nike,NKE,75.0428466796875,https://query2.finance.yahoo.com/v8/finance/chart/NKE
2025-08-29,Nike,NKE,74.51315307617188,https://query2.finance.yahoo.com/v8/finance/chart/NKE
2025-09-02,Nike,NKE,71.91870880126953,https://query2.finance.yahoo.com/v8/finance/chart/NKE
2025-09-03,Nike,NKE,72.35433197021484,https://query2.finance.yahoo.com/v8/finance/chart/NKE
2025-09-04,Nike,NKE,72.94486236572266,https://query2.finance.yahoo.com/v8/finance/chart/NKE
2025-09-05,Nike,NKE,71.55083465576172,https://query2.finance.yahoo.com/v8/finance/chart/NKE
2025-09-08,Nike,NKE,71.78317260742188,https://query2.finance.yahoo.com/v8/finance/chart/NKE
2025-09-09,Nike,NKE,71.250732421875,https://query2.finance.yahoo.com/v8/finance/chart/NKE
2025-09-10,Nike,NKE,71.8799819946289,https://query2.finance.yahoo.com/v8/finance/chart/NKE
2025-09-11,Nike,NKE,71.95742797851562,https://query2.finance.yahoo.com/v8/finance/chart/NKE
2025-09-12,Nike,NKE,70.66987609863281,https://query2.finance.yahoo.com/v8/finance/chart/NKE
2025-09-15,Nike,NKE,70.69892120361328,https://query2.finance.yahoo.com/v8/finance/chart/NKE
2025-09-16,Nike,NKE,70.42786407470703,https://query2.finance.yahoo.com/v8/finance/chart/NKE
2025-09-17,Nike,NKE,70.00189971923828,https://query2.finance.yahoo.com/v8/finance/chart/NKE
2025-09-18,Nike,NKE,69.79859924316406,https://query2.finance.yahoo.com/v8/finance/chart/NKE
2025-09-19,Nike,NKE,68.62723541259766,https://query2.finance.yahoo.com/v8/finance/chart/NKE
2025-09-22,Nike,NKE,69.00477600097656,https://query2.finance.yahoo.com/v8/finance/chart/NKE
2025-09-23,Nike,NKE,68.66595458984375,https://query2.finance.yahoo.com/v8/finance/chart/NKE
2025-09-24,Nike,NKE,68.94669342041016,https://query2.finance.yahoo.com/v8/finance/chart/NKE
2025-09-25,Nike,NKE,67.02989196777344,https://query2.finance.yahoo.com/v8/finance/chart/NKE
2025-09-26,Nike,NKE,67.09766387939453,https://query2.finance.yahoo.com/v8/finance/chart/NKE
2025-09-29,Nike,NKE,67.32999420166016,https://query2.finance.yahoo.com/v8/finance/chart/NKE
2025-09-30,Nike,NKE,67.50425720214844,https://query2.finance.yahoo.com/v8/finance/chart/NKE
2025-10-01,Nike,NKE,71.83157348632812,https://query2.finance.yahoo.com/v8/finance/chart/NKE
2025-10-02,Nike,NKE,72.18976593017578,https://query2.finance.yahoo.com/v8/finance/chart/NKE
2025-10-03,Nike,NKE,69.634033203125,https://query2.finance.yahoo.com/v8/finance/chart/NKE
2025-10-06,Nike,NKE,68.89828491210938,https://query2.finance.yahoo.com/v8/finance/chart/NKE
2025-10-07,Nike,NKE,66.71043395996094,https://query2.finance.yahoo.com/v8/finance/chart/NKE
2025-10-08,Nike,NKE,66.88468170166016,https://query2.finance.yahoo.com/v8/finance/chart/NKE
2025-10-09,Nike,NKE,65.88755798339844,https://query2.finance.yahoo.com/v8/finance/chart/NKE
2025-10-10,Nike,NKE,63.13821792602539,https://query2.finance.yahoo.com/v8/finance/chart/NKE
2025-10-13,Nike,NKE,65.22926330566406,https://query2.finance.yahoo.com/v8/finance/chart/NKE
2025-10-14,Nike,NKE,65.48096466064453,https://query2.finance.yahoo.com/v8/finance/chart/NKE
2025-10-15,Nike,NKE,66.27479553222656,https://query2.finance.yahoo.com/v8/finance/chart/NKE
2025-10-16,Nike,NKE,64.70650482177734,https://query2.finance.yahoo.com/v8/finance/chart/NKE
2025-10-17,Nike,NKE,65.21958923339844,https://query2.finance.yahoo.com/v8/finance/chart/NKE
2025-10-20,Nike,NKE,65.46160888671875,https://query2.finance.yahoo.com/v8/finance/chart/NKE
2025-10-21,Nike,NKE,66.17798614501953,https://query2.finance.yahoo.com/v8/finance/chart/NKE
2025-10-22,Nike,NKE,66.87500762939453,https://query2.finance.yahoo.com/v8/finance/chart/NKE
2025-10-23,Nike,NKE,67.45584869384766,https://query2.finance.yahoo.com/v8/finance/chart/NKE
2025-10-24,Nike,NKE,66.90404510498047,https://query2.finance.yahoo.com/v8/finance/chart/NKE
2025-10-27,Nike,NKE,66.400634765625,https://query2.finance.yahoo.com/v8/finance/chart/NKE
2025-10-28,Nike,NKE,65.27767181396484,https://query2.finance.yahoo.com/v8/finance/chart/NKE
2025-10-29,Nike,NKE,63.26406478881836,https://query2.finance.yahoo.com/v8/finance/chart/NKE
2025-10-30,Nike,NKE,62.828426361083984,https://query2.finance.yahoo.com/v8/finance/chart/NKE
2025-10-31,Nike,NKE,62.5283203125,https://query2.finance.yahoo.com/v8/finance/chart/NKE
2025-11-03,Nike,NKE,60.65025329589844,https://query2.finance.yahoo.com/v8/finance/chart/NKE
2025-11-04,Nike,NKE,59.27556991577149,https://query2.finance.yahoo.com/v8/finance/chart/NKE
2025-11-05,Nike,NKE,60.12748336791992,https://query2.finance.yahoo.com/v8/finance/chart/NKE
2025-11-06,Nike,NKE,59.91450119018555,https://query2.finance.yahoo.com/v8/finance/chart/NKE
2025-11-07,Nike,NKE,59.14003753662109,https://query2.finance.yahoo.com/v8/finance/chart/NKE
2025-11-10,Nike,NKE,58.85929870605469,https://query2.finance.yahoo.com/v8/finance/chart/NKE
2025-11-11,Nike,NKE,61.1342887878418,https://query2.finance.yahoo.com/v8/finance/chart/NKE
2025-11-12,Nike,NKE,62.15076446533203,https://query2.finance.yahoo.com/v8/finance/chart/NKE
2025-11-13,Nike,NKE,63.9223518371582,https://query2.finance.yahoo.com/v8/finance/chart/NKE
2025-11-14,Nike,NKE,62.121726989746094,https://query2.finance.yahoo.com/v8/finance/chart/NKE
2025-11-17,Nike,NKE,60.89226913452149,https://query2.finance.yahoo.com/v8/finance/chart/NKE
2025-11-18,Nike,NKE,60.49535751342773,https://query2.finance.yahoo.com/v8/finance/chart/NKE
2025-11-19,Nike,NKE,60.64056396484375,https://query2.finance.yahoo.com/v8/finance/chart/NKE
2025-11-20,Nike,NKE,59.46918869018555,https://query2.finance.yahoo.com/v8/finance/chart/NKE
2025-11-21,Nike,NKE,60.79545974731445,https://query2.finance.yahoo.com/v8/finance/chart/NKE
2025-11-24,Nike,NKE,59.953224182128906,https://query2.finance.yahoo.com/v8/finance/chart/NKE
2025-11-25,Nike,NKE,61.647369384765625,https://query2.finance.yahoo.com/v8/finance/chart/NKE
2025-11-26,Nike,NKE,62.27662658691406,https://query2.finance.yahoo.com/v8/finance/chart/NKE
2025-11-28,Nike,NKE,62.56704711914063,https://query2.finance.yahoo.com/v8/finance/chart/NKE
2025-12-01,Nike,NKE,63.70692825317383,https://query2.finance.yahoo.com/v8/finance/chart/NKE
2025-12-02,Nike,NKE,63.258766174316406,https://query2.finance.yahoo.com/v8/finance/chart/NKE
2025-12-03,Nike,NKE,63.960235595703125,https://query2.finance.yahoo.com/v8/finance/chart/NKE
2025-12-04,Nike,NKE,63.99920654296875,https://query2.finance.yahoo.com/v8/finance/chart/NKE
2025-12-05,Nike,NKE,64.16483306884766,https://query2.finance.yahoo.com/v8/finance/chart/NKE
2025-12-08,Nike,NKE,61.904544830322266,https://query2.finance.yahoo.com/v8/finance/chart/NKE
2025-12-09,Nike,NKE,61.699954986572266,https://query2.finance.yahoo.com/v8/finance/chart/NKE
2025-12-10,Nike,NKE,64.09663391113281,https://query2.finance.yahoo.com/v8/finance/chart/NKE
2025-12-11,Nike,NKE,65.99642944335938,https://query2.finance.yahoo.com/v8/finance/chart/NKE
2025-12-12,Nike,NKE,65.73339080810547,https://query2.finance.yahoo.com/v8/finance/chart/NKE
2025-12-15,Nike,NKE,66.03541564941406,https://query2.finance.yahoo.com/v8/finance/chart/NKE
2025-12-16,Nike,NKE,65.39240264892578,https://query2.finance.yahoo.com/v8/finance/chart/NKE
2025-12-17,Nike,NKE,63.99920654296875,https://query2.finance.yahoo.com/v8/finance/chart/NKE
2025-12-18,Nike,NKE,63.94075012207031,https://query2.finance.yahoo.com/v8/finance/chart/NKE
2025-12-19,Nike,NKE,57.19886779785156,https://query2.finance.yahoo.com/v8/finance/chart/NKE
2025-12-22,Nike,NKE,55.747215270996094,https://query2.finance.yahoo.com/v8/finance/chart/NKE
2025-12-23,Nike,NKE,55.86412811279297,https://query2.finance.yahoo.com/v8/finance/chart/NKE
2025-12-24,Nike,NKE,58.455665588378906,https://query2.finance.yahoo.com/v8/finance/chart/NKE
2025-12-26,Nike,NKE,59.36172103881836,https://query2.finance.yahoo.com/v8/finance/chart/NKE
2025-12-29,Nike,NKE,59.63451766967773,https://query2.finance.yahoo.com/v8/finance/chart/NKE
2025-12-30,Nike,NKE,59.61503219604492,https://query2.finance.yahoo.com/v8/finance/chart/NKE
2025-12-31,Nike,NKE,62.07017135620117,https://query2.finance.yahoo.com/v8/finance/chart/NKE
2026-01-02,Nike,NKE,61.65123748779297,https://query2.finance.yahoo.com/v8/finance/chart/NKE
2026-01-05,Nike,NKE,62.86906433105469,https://query2.finance.yahoo.com/v8/finance/chart/NKE
2026-01-06,Nike,NKE,63.66796112060547,https://query2.finance.yahoo.com/v8/finance/chart/NKE
2026-01-07,Nike,NKE,61.59278106689453,https://query2.finance.yahoo.com/v8/finance/chart/NKE
2026-01-08,Nike,NKE,63.58027267456055,https://query2.finance.yahoo.com/v8/finance/chart/NKE
2026-01-09,Nike,NKE,64.22328186035156,https://query2.finance.yahoo.com/v8/finance/chart/NKE
2026-01-12,Nike,NKE,63.950496673583984,https://query2.finance.yahoo.com/v8/finance/chart/NKE
2026-01-13,Nike,NKE,64.593505859375,https://query2.finance.yahoo.com/v8/finance/chart/NKE
2026-01-14,Nike,NKE,63.882301330566406,https://query2.finance.yahoo.com/v8/finance/chart/NKE
2026-01-15,Nike,NKE,62.92751693725586,https://query2.finance.yahoo.com/v8/finance/chart/NKE
2026-01-16,Nike,NKE,62.722923278808594,https://query2.finance.yahoo.com/v8/finance/chart/NKE
2026-01-20,Nike,NKE,61.99222946166992,https://query2.finance.yahoo.com/v8/finance/chart/NKE
2026-01-21,Nike,NKE,63.72642135620117,https://query2.finance.yahoo.com/v8/finance/chart/NKE
2026-01-22,Nike,NKE,63.77513122558594,https://query2.finance.yahoo.com/v8/finance/chart/NKE
2026-01-23,Nike,NKE,63.36593627929688,https://query2.finance.yahoo.com/v8/finance/chart/NKE
2026-01-26,Nike,NKE,63.31722259521485,https://query2.finance.yahoo.com/v8/finance/chart/NKE
2026-01-27,Nike,NKE,61.46613311767578,https://query2.finance.yahoo.com/v8/finance/chart/NKE
2026-01-28,Nike,NKE,60.63801193237305,https://query2.finance.yahoo.com/v8/finance/chart/NKE
2026-01-29,Nike,NKE,60.98873901367188,https://query2.finance.yahoo.com/v8/finance/chart/NKE
2026-01-30,Nike,NKE,60.21907043457031,https://query2.finance.yahoo.com/v8/finance/chart/NKE
2026-02-02,Nike,NKE,60.57954788208008,https://query2.finance.yahoo.com/v8/finance/chart/NKE
2026-02-03,Nike,NKE,59.36172103881836,https://query2.finance.yahoo.com/v8/finance/chart/NKE
2026-02-04,Nike,NKE,62.56704711914063,https://query2.finance.yahoo.com/v8/finance/chart/NKE
2026-02-05,Nike,NKE,61.08616638183594,https://query2.finance.yahoo.com/v8/finance/chart/NKE
2026-02-06,Nike,NKE,62.27476501464844,https://query2.finance.yahoo.com/v8/finance/chart/NKE
2026-02-09,Nike,NKE,60.80363082885742,https://query2.finance.yahoo.com/v8/finance/chart/NKE
2026-02-10,Nike,NKE,61.41741561889648,https://query2.finance.yahoo.com/v8/finance/chart/NKE
2026-02-11,Nike,NKE,60.74517440795898,https://query2.finance.yahoo.com/v8/finance/chart/NKE
2026-02-12,Nike,NKE,59.52734756469727,https://query2.finance.yahoo.com/v8/finance/chart/NKE
2026-02-13,Nike,NKE,61.505104064941406,https://query2.finance.yahoo.com/v8/finance/chart/NKE
2026-02-17,Nike,NKE,63.1515998840332,https://query2.finance.yahoo.com/v8/finance/chart/NKE
2026-02-18,Nike,NKE,63.86281204223633,https://query2.finance.yahoo.com/v8/finance/chart/NKE
2026-02-19,Nike,NKE,63.9212646484375,https://query2.finance.yahoo.com/v8/finance/chart/NKE
2026-02-20,Nike,NKE,63.7166748046875,https://query2.finance.yahoo.com/v8/finance/chart/NKE
2026-02-23,Nike,NKE,61.46613311767578,https://query2.finance.yahoo.com/v8/finance/chart/NKE
2026-02-24,Nike,NKE,62.44038391113281,https://query2.finance.yahoo.com/v8/finance/chart/NKE
2026-02-25,Nike,NKE,61.76815032958984,https://query2.finance.yahoo.com/v8/finance/chart/NKE
2026-02-26,Nike,NKE,62.303993225097656,https://query2.finance.yahoo.com/v8/finance/chart/NKE
2026-02-27,Nike,NKE,60.57954788208008,https://query2.finance.yahoo.com/v8/finance/chart/NKE
2026-03-02,Nike,NKE,59.83419418334961,https://query2.finance.yahoo.com/v8/finance/chart/NKE
2026-03-03,Nike,NKE,58.245418548583984,https://query2.finance.yahoo.com/v8/finance/chart/NKE
2026-03-04,Nike,NKE,57.50987243652344,https://query2.finance.yahoo.com/v8/finance/chart/NKE
2026-03-05,Nike,NKE,56.90182495117188,https://query2.finance.yahoo.com/v8/finance/chart/NKE
2026-03-06,Nike,NKE,55.91128540039063,https://query2.finance.yahoo.com/v8/finance/chart/NKE
2026-03-09,Nike,NKE,55.44053649902344,https://query2.finance.yahoo.com/v8/finance/chart/NKE
2026-03-10,Nike,NKE,54.99921417236328,https://query2.finance.yahoo.com/v8/finance/chart/NKE
2026-03-11,Nike,NKE,54.62653350830078,https://query2.finance.yahoo.com/v8/finance/chart/NKE
2026-03-12,Nike,NKE,53.086795806884766,https://query2.finance.yahoo.com/v8/finance/chart/NKE
2026-03-13,Nike,NKE,52.93968200683594,https://query2.finance.yahoo.com/v8/finance/chart/NKE
2026-03-16,Nike,NKE,53.734073638916016,https://query2.finance.yahoo.com/v8/finance/chart/NKE
2026-03-17,Nike,NKE,54.05771255493164,https://query2.finance.yahoo.com/v8/finance/chart/NKE
2026-03-18,Nike,NKE,52.43951416015625,https://query2.finance.yahoo.com/v8/finance/chart/NKE
2026-03-19,Nike,NKE,52.41008758544922,https://query2.finance.yahoo.com/v8/finance/chart/NKE
2026-03-20,Nike,NKE,51.36071014404297,https://query2.finance.yahoo.com/v8/finance/chart/NKE
2026-03-23,Nike,NKE,51.69415664672852,https://query2.finance.yahoo.com/v8/finance/chart/NKE
2026-03-24,Nike,NKE,52.45912551879883,https://query2.finance.yahoo.com/v8/finance/chart/NKE
2026-03-25,Nike,NKE,51.95895385742188,https://query2.finance.yahoo.com/v8/finance/chart/NKE
2026-03-26,Nike,NKE,51.06649398803711,https://query2.finance.yahoo.com/v8/finance/chart/NKE
2026-03-27,Nike,NKE,50.379981994628906,https://query2.finance.yahoo.com/v8/finance/chart/NKE
2026-03-30,Nike,NKE,50.25248718261719,https://query2.finance.yahoo.com/v8/finance/chart/NKE
2026-03-31,Nike,NKE,51.80203628540039,https://query2.finance.yahoo.com/v8/finance/chart/NKE
2026-04-01,Nike,NKE,43.76987838745117,https://query2.finance.yahoo.com/v8/finance/chart/NKE
2026-04-02,Nike,NKE,43.338356018066406,https://query2.finance.yahoo.com/v8/finance/chart/NKE
2026-04-06,Nike,NKE,43.18144226074219,https://query2.finance.yahoo.com/v8/finance/chart/NKE
2026-04-07,Nike,NKE,41.86726379394531,https://query2.finance.yahoo.com/v8/finance/chart/NKE
2026-04-08,Nike,NKE,42.29878616333008,https://query2.finance.yahoo.com/v8/finance/chart/NKE
2026-04-09,Nike,NKE,43.15202331542969,https://query2.finance.yahoo.com/v8/finance/chart/NKE
2026-04-10,Nike,NKE,41.798614501953125,https://query2.finance.yahoo.com/v8/finance/chart/NKE
2026-04-13,Nike,NKE,42.08302688598633,https://query2.finance.yahoo.com/v8/finance/chart/NKE
2026-04-14,Nike,NKE,43.3481674194336,https://query2.finance.yahoo.com/v8/finance/chart/NKE
2026-04-15,Nike,NKE,44.564266204833984,https://query2.finance.yahoo.com/v8/finance/chart/NKE
2026-04-16,Nike,NKE,44.81925582885742,https://query2.finance.yahoo.com/v8/finance/chart/NKE
2026-04-17,Nike,NKE,45.14289474487305,https://query2.finance.yahoo.com/v8/finance/chart/NKE
2026-04-20,Nike,NKE,45.58422470092773,https://query2.finance.yahoo.com/v8/finance/chart/NKE
2026-04-21,Nike,NKE,45.49595642089844,https://query2.finance.yahoo.com/v8/finance/chart/NKE
2026-04-22,Nike,NKE,44.79964447021485,https://query2.finance.yahoo.com/v8/finance/chart/NKE
2026-04-23,Nike,NKE,43.91698455810547,https://query2.finance.yahoo.com/v8/finance/chart/NKE
2026-04-24,Nike,NKE,43.82872009277344,https://query2.finance.yahoo.com/v8/finance/chart/NKE
2026-04-27,Nike,NKE,44.270050048828125,https://query2.finance.yahoo.com/v8/finance/chart/NKE
2026-04-28,Nike,NKE,44.16217041015625,https://query2.finance.yahoo.com/v8/finance/chart/NKE
2026-04-29,Nike,NKE,43.53450393676758,https://query2.finance.yahoo.com/v8/finance/chart/NKE
2026-04-30,Nike,NKE,43.50508499145508,https://query2.finance.yahoo.com/v8/finance/chart/NKE
2026-05-01,Nike,NKE,43.544315338134766,https://query2.finance.yahoo.com/v8/finance/chart/NKE
2026-05-04,Nike,NKE,42.25955581665039,https://query2.finance.yahoo.com/v8/finance/chart/NKE
2026-05-05,Nike,NKE,42.23013687133789,https://query2.finance.yahoo.com/v8/finance/chart/NKE
2026-05-06,Nike,NKE,43.03433227539063,https://query2.finance.yahoo.com/v8/finance/chart/NKE
2026-05-07,Nike,NKE,43.55411529541016,https://query2.finance.yahoo.com/v8/finance/chart/NKE
2026-05-08,Nike,NKE,43.28932189941406,https://query2.finance.yahoo.com/v8/finance/chart/NKE
2026-05-11,Nike,NKE,41.57304763793945,https://query2.finance.yahoo.com/v8/finance/chart/NKE
2026-05-12,Nike,NKE,41.53382110595703,https://query2.finance.yahoo.com/v8/finance/chart/NKE
2026-05-13,Nike,NKE,41.52401351928711,https://query2.finance.yahoo.com/v8/finance/chart/NKE
2026-05-14,Nike,NKE,41.21017837524414,https://query2.finance.yahoo.com/v8/finance/chart/NKE
2026-05-15,Nike,NKE,41.0728759765625,https://query2.finance.yahoo.com/v8/finance/chart/NKE
2026-05-18,Nike,NKE,41.74958038330078,https://query2.finance.yahoo.com/v8/finance/chart/NKE
2026-05-19,Nike,NKE,41.60247039794922,https://query2.finance.yahoo.com/v8/finance/chart/NKE
2026-05-20,Nike,NKE,43.338356018066406,https://query2.finance.yahoo.com/v8/finance/chart/NKE
2026-05-21,Nike,NKE,43.53450393676758,https://query2.finance.yahoo.com/v8/finance/chart/NKE
2026-05-22,Nike,NKE,43.8091049194336,https://query2.finance.yahoo.com/v8/finance/chart/NKE
2026-05-26,Nike,NKE,44.07390213012695,https://query2.finance.yahoo.com/v8/finance/chart/NKE
2026-05-27,Nike,NKE,45.0938606262207,https://query2.finance.yahoo.com/v8/finance/chart/NKE
2026-05-28,Nike,NKE,46.45707321166992,https://query2.finance.yahoo.com/v8/finance/chart/NKE
2026-05-29,Nike,NKE,45.33904266357422,https://query2.finance.yahoo.com/v8/finance/chart/NKE
2026-06-01,Nike,NKE,45.4478874206543,https://query2.finance.yahoo.com/v8/finance/chart/NKE
2026-06-02,Nike,NKE,43.27098083496094,https://query2.finance.yahoo.com/v8/finance/chart/NKE
2026-06-03,Nike,NKE,43.35014343261719,https://query2.finance.yahoo.com/v8/finance/chart/NKE
2026-06-04,Nike,NKE,43.1621322631836,https://query2.finance.yahoo.com/v8/finance/chart/NKE
2026-06-05,Nike,NKE,42.52885055541992,https://query2.finance.yahoo.com/v8/finance/chart/NKE
2026-06-08,Nike,NKE,42.77622985839844,https://query2.finance.yahoo.com/v8/finance/chart/NKE
2026-06-09,Nike,NKE,44.18132400512695,https://query2.finance.yahoo.com/v8/finance/chart/NKE
2026-06-10,Nike,NKE,43.498565673828125,https://query2.finance.yahoo.com/v8/finance/chart/NKE
2026-06-11,Nike,NKE,45.47757339477539,https://query2.finance.yahoo.com/v8/finance/chart/NKE
2026-06-12,Nike,NKE,44.4583854675293,https://query2.finance.yahoo.com/v8/finance/chart/NKE
2026-06-15,Nike,NKE,44.72555160522461,https://query2.finance.yahoo.com/v8/finance/chart/NKE
2026-06-16,Nike,NKE,44.567230224609375,https://query2.finance.yahoo.com/v8/finance/chart/NKE
2026-06-17,Nike,NKE,43.72615051269531,https://query2.finance.yahoo.com/v8/finance/chart/NKE
2026-06-18,Nike,NKE,44.72555160522461,https://query2.finance.yahoo.com/v8/finance/chart/NKE
2026-06-22,Nike,NKE,42.73664855957031,https://query2.finance.yahoo.com/v8/finance/chart/NKE
2026-06-23,Nike,NKE,41.935150146484375,https://query2.finance.yahoo.com/v8/finance/chart/NKE
2026-06-24,Nike,NKE,41.38102722167969,https://query2.finance.yahoo.com/v8/finance/chart/NKE
2026-06-25,Nike,NKE,40.47068786621094,https://query2.finance.yahoo.com/v8/finance/chart/NKE
2026-06-26,Nike,NKE,40.322261810302734,https://query2.finance.yahoo.com/v8/finance/chart/NKE
2026-06-29,Nike,NKE,41.04459762573242,https://query2.finance.yahoo.com/v8/finance/chart/NKE
2026-06-30,Nike,NKE,40.61911010742188,https://query2.finance.yahoo.com/v8/finance/chart/NKE
2026-07-01,Nike,NKE,42.60801315307617,https://query2.finance.yahoo.com/v8/finance/chart/NKE
2026-07-02,Nike,NKE,43.627201080322266,https://query2.finance.yahoo.com/v8/finance/chart/NKE
2026-07-06,Nike,NKE,42.88507461547852,https://query2.finance.yahoo.com/v8/finance/chart/NKE
2026-07-07,Nike,NKE,42.756439208984375,https://query2.finance.yahoo.com/v8/finance/chart/NKE
2026-07-08,Nike,NKE,42.43979644775391,https://query2.finance.yahoo.com/v8/finance/chart/NKE
2026-07-09,Nike,NKE,42.33095169067383,https://query2.finance.yahoo.com/v8/finance/chart/NKE
2026-07-10,Nike,NKE,43.90426254272461,https://query2.finance.yahoo.com/v8/finance/chart/NKE
2026-07-13,Nike,NKE,43.300662994384766,https://query2.finance.yahoo.com/v8/finance/chart/NKE
2026-07-14,Nike,NKE,42.41011428833008,https://query2.finance.yahoo.com/v8/finance/chart/NKE
2026-07-15,Nike,NKE,42.3210563659668,https://query2.finance.yahoo.com/v8/finance/chart/NKE
2026-07-16,Nike,NKE,44.1021614074707,https://query2.finance.yahoo.com/v8/finance/chart/NKE
2026-07-17,Nike,NKE,43.300662994384766,https://query2.finance.yahoo.com/v8/finance/chart/NKE
2026-07-20,Nike,NKE,43.013710021972656,https://query2.finance.yahoo.com/v8/finance/chart/NKE
2026-07-21,Nike,NKE,42.509063720703125,https://query2.finance.yahoo.com/v8/finance/chart/NKE
2026-07-22,Nike,NKE,41.76693344116211,https://query2.finance.yahoo.com/v8/finance/chart/NKE
2026-07-23,Nike,NKE,40.55974197387695,https://query2.finance.yahoo.com/v8/finance/chart/NKE
2026-07-24,Nike,NKE,41.26229095458984,https://query2.finance.yahoo.com/v8/finance/chart/NKE
2026-07-27,Nike,NKE,41.69766998291016,https://query2.finance.yahoo.com/v8/finance/chart/NKE
2026-07-28,Nike,NKE,42.59811782836914,https://query2.finance.yahoo.com/v8/finance/chart/NKE
2026-07-29,Nike,NKE,42.766334533691406,https://query2.finance.yahoo.com/v8/finance/chart/NKE
2026-07-30,Nike,NKE,41.84609603881836,https://query2.finance.yahoo.com/v8/finance/chart/NKE
2026-07-31,Nike,NKE,41.27218246459961,https://query2.finance.yahoo.com/v8/finance/chart/NKE
2026-08-03,Nike,NKE,42.192420959472656,https://query2.finance.yahoo.com/v8/finance/chart/NKE
2026-08-04,Nike,NKE,41.09407043457031,https://query2.finance.yahoo.com/v8/finance/chart/NKE
2026-08-05,Nike,NKE,42.0044174194336,https://query2.finance.yahoo.com/v8/finance/chart/NKE
2026-08-06,Nike,NKE,41.55913925170898,https://query2.finance.yahoo.com/v8/finance/chart/NKE
2026-08-07,Nike,NKE,41.26229095458984,https://query2.finance.yahoo.com/v8/finance/chart/NKE
2026-08-10,Nike,NKE,41.66798400878906,https://query2.finance.yahoo.com/v8/finance/chart/NKE
2026-08-11,Nike,NKE,40.88627624511719,https://query2.finance.yahoo.com/v8/finance/chart/NKE
2026-08-12,Nike,NKE,40.08477783203125,https://query2.finance.yahoo.com/v8/finance/chart/NKE
2026-08-13,Nike,NKE,40.79722213745117,https://query2.finance.yahoo.com/v8/finance/chart/NKE
2026-08-14,Nike,NKE,40.30247116088867,https://query2.finance.yahoo.com/v8/finance/chart/NKE
2026-08-17,Nike,NKE,38.679683685302734,https://query2.finance.yahoo.com/v8/finance/chart/NKE
2026-08-18,Nike,NKE,39.63950347900391,https://query2.finance.yahoo.com/v8/finance/chart/NKE
2026-08-19,Nike,NKE,40.61911010742188,https://query2.finance.yahoo.com/v8/finance/chart/NKE
2026-08-20,Nike,NKE,39.78792953491211,https://query2.finance.yahoo.com/v8/finance/chart/NKE
2026-08-21,Nike,NKE,40.3321533203125,https://query2.finance.yahoo.com/v8/finance/chart/NKE
2026-08-24,Nike,NKE,40.322261810302734,https://query2.finance.yahoo.com/v8/finance/chart/NKE
2026-08-25,Nike,NKE,39.06558990478516,https://query2.finance.yahoo.com/v8/finance/chart/NKE
2026-08-26,Nike,NKE,38.18493270874024,https://query2.finance.yahoo.com/v8/finance/chart/NKE
2026-08-27,Nike,NKE,38.03650665283203,https://query2.finance.yahoo.com/v8/finance/chart/NKE
2026-08-28,Nike,NKE,39.184329986572266,https://query2.finance.yahoo.com/v8/finance/chart/NKE
2026-08-31,Nike,NKE,38.650001525878906,https://query2.finance.yahoo.com/v8/finance/chart/NKE
2026-09-01,Nike,NKE,38.119998931884766,https://query2.finance.yahoo.com/v8/finance/chart/NKE
2026-09-02,Nike,NKE,38.2400016784668,https://query2.finance.yahoo.com/v8/finance/chart/NKE
2026-09-03,Nike,NKE,38.77000045776367,https://query2.finance.yahoo.com/v8/finance/chart/NKE
2026-09-04,Nike,NKE,38.400001525878906,https://query2.finance.yahoo.com/v8/finance/chart/NKE
2026-09-08,Nike,NKE,38.09999847412109,https://query2.finance.yahoo.com/v8/finance/chart/NKE
2026-09-09,Nike,NKE,37.34999847412109,https://query2.finance.yahoo.com/v8/finance/chart/NKE
2026-09-10,Nike,NKE,36.619998931884766,https://query2.finance.yahoo.com/v8/finance/chart/NKE
2026-09-11,Nike,NKE,36.79999923706055,https://query2.finance.yahoo.com/v8/finance/chart/NKE
2026-09-14,Nike,NKE,37.04999923706055,https://query2.finance.yahoo.com/v8/finance/chart/NKE
2026-09-15,Nike,NKE,36.220001220703125,https://query2.finance.yahoo.com/v8/finance/chart/NKE
2021-09-15,On,ONON,35.0,https://query2.finance.yahoo.com/v8/finance/chart/ONON
2021-09-16,On,ONON,37.4900016784668,https://query2.finance.yahoo.com/v8/finance/chart/ONON
2021-09-17,On,ONON,38.95000076293945,https://query2.finance.yahoo.com/v8/finance/chart/ONON
2021-09-20,On,ONON,36.0099983215332,https://query2.finance.yahoo.com/v8/finance/chart/ONON
2021-09-21,On,ONON,38.63999938964844,https://query2.finance.yahoo.com/v8/finance/chart/ONON
2021-09-22,On,ONON,35.75,https://query2.finance.yahoo.com/v8/finance/chart/ONON
2021-09-23,On,ONON,37.34000015258789,https://query2.finance.yahoo.com/v8/finance/chart/ONON
2021-09-24,On,ONON,36.02000045776367,https://query2.finance.yahoo.com/v8/finance/chart/ONON
2021-09-27,On,ONON,33.369998931884766,https://query2.finance.yahoo.com/v8/finance/chart/ONON
2021-09-28,On,ONON,32.0,https://query2.finance.yahoo.com/v8/finance/chart/ONON
2021-09-29,On,ONON,30.899999618530277,https://query2.finance.yahoo.com/v8/finance/chart/ONON
2021-09-30,On,ONON,30.1299991607666,https://query2.finance.yahoo.com/v8/finance/chart/ONON
2021-10-01,On,ONON,30.5,https://query2.finance.yahoo.com/v8/finance/chart/ONON
2021-10-04,On,ONON,29.09000015258789,https://query2.finance.yahoo.com/v8/finance/chart/ONON
2021-10-05,On,ONON,30.440000534057617,https://query2.finance.yahoo.com/v8/finance/chart/ONON
2021-10-06,On,ONON,29.59000015258789,https://query2.finance.yahoo.com/v8/finance/chart/ONON
2021-10-07,On,ONON,29.84000015258789,https://query2.finance.yahoo.com/v8/finance/chart/ONON
2021-10-08,On,ONON,30.06999969482422,https://query2.finance.yahoo.com/v8/finance/chart/ONON
2021-10-11,On,ONON,30.690000534057617,https://query2.finance.yahoo.com/v8/finance/chart/ONON
2021-10-12,On,ONON,30.540000915527344,https://query2.finance.yahoo.com/v8/finance/chart/ONON
2021-10-13,On,ONON,30.700000762939453,https://query2.finance.yahoo.com/v8/finance/chart/ONON
2021-10-14,On,ONON,29.56999969482422,https://query2.finance.yahoo.com/v8/finance/chart/ONON
2021-10-15,On,ONON,29.71999931335449,https://query2.finance.yahoo.com/v8/finance/chart/ONON
2021-10-18,On,ONON,30.06999969482422,https://query2.finance.yahoo.com/v8/finance/chart/ONON
2021-10-19,On,ONON,29.770000457763672,https://query2.finance.yahoo.com/v8/finance/chart/ONON
2021-10-20,On,ONON,31.36000061035156,https://query2.finance.yahoo.com/v8/finance/chart/ONON
2021-10-21,On,ONON,33.709999084472656,https://query2.finance.yahoo.com/v8/finance/chart/ONON
2021-10-22,On,ONON,33.2599983215332,https://query2.finance.yahoo.com/v8/finance/chart/ONON
2021-10-25,On,ONON,34.97999954223633,https://query2.finance.yahoo.com/v8/finance/chart/ONON
2021-10-26,On,ONON,35.58000183105469,https://query2.finance.yahoo.com/v8/finance/chart/ONON
2021-10-27,On,ONON,34.0,https://query2.finance.yahoo.com/v8/finance/chart/ONON
2021-10-28,On,ONON,33.70000076293945,https://query2.finance.yahoo.com/v8/finance/chart/ONON
2021-10-29,On,ONON,34.15999984741211,https://query2.finance.yahoo.com/v8/finance/chart/ONON
2021-11-01,On,ONON,36.58000183105469,https://query2.finance.yahoo.com/v8/finance/chart/ONON
2021-11-02,On,ONON,35.40999984741211,https://query2.finance.yahoo.com/v8/finance/chart/ONON
2021-11-03,On,ONON,38.45000076293945,https://query2.finance.yahoo.com/v8/finance/chart/ONON
2021-11-04,On,ONON,37.630001068115234,https://query2.finance.yahoo.com/v8/finance/chart/ONON
2021-11-05,On,ONON,39.18999862670898,https://query2.finance.yahoo.com/v8/finance/chart/ONON
2021-11-08,On,ONON,38.2400016784668,https://query2.finance.yahoo.com/v8/finance/chart/ONON
2021-11-09,On,ONON,37.84999847412109,https://query2.finance.yahoo.com/v8/finance/chart/ONON
2021-11-10,On,ONON,37.18999862670898,https://query2.finance.yahoo.com/v8/finance/chart/ONON
2021-11-11,On,ONON,37.0099983215332,https://query2.finance.yahoo.com/v8/finance/chart/ONON
2021-11-12,On,ONON,37.20000076293945,https://query2.finance.yahoo.com/v8/finance/chart/ONON
2021-11-15,On,ONON,36.43000030517578,https://query2.finance.yahoo.com/v8/finance/chart/ONON
2021-11-16,On,ONON,45.61000061035156,https://query2.finance.yahoo.com/v8/finance/chart/ONON
2021-11-17,On,ONON,51.45000076293945,https://query2.finance.yahoo.com/v8/finance/chart/ONON
2021-11-18,On,ONON,45.0,https://query2.finance.yahoo.com/v8/finance/chart/ONON
2021-11-19,On,ONON,44.93999862670898,https://query2.finance.yahoo.com/v8/finance/chart/ONON
2021-11-22,On,ONON,42.560001373291016,https://query2.finance.yahoo.com/v8/finance/chart/ONON
2021-11-23,On,ONON,42.4900016784668,https://query2.finance.yahoo.com/v8/finance/chart/ONON
2021-11-24,On,ONON,45.709999084472656,https://query2.finance.yahoo.com/v8/finance/chart/ONON
2021-11-26,On,ONON,43.11000061035156,https://query2.finance.yahoo.com/v8/finance/chart/ONON
2021-11-29,On,ONON,42.25,https://query2.finance.yahoo.com/v8/finance/chart/ONON
2021-11-30,On,ONON,40.15999984741211,https://query2.finance.yahoo.com/v8/finance/chart/ONON
2021-12-01,On,ONON,39.04999923706055,https://query2.finance.yahoo.com/v8/finance/chart/ONON
2021-12-02,On,ONON,38.75,https://query2.finance.yahoo.com/v8/finance/chart/ONON
2021-12-03,On,ONON,36.79999923706055,https://query2.finance.yahoo.com/v8/finance/chart/ONON
2021-12-06,On,ONON,40.150001525878906,https://query2.finance.yahoo.com/v8/finance/chart/ONON
2021-12-07,On,ONON,42.38999938964844,https://query2.finance.yahoo.com/v8/finance/chart/ONON
2021-12-08,On,ONON,41.810001373291016,https://query2.finance.yahoo.com/v8/finance/chart/ONON
2021-12-09,On,ONON,39.40999984741211,https://query2.finance.yahoo.com/v8/finance/chart/ONON
2021-12-10,On,ONON,38.27999877929688,https://query2.finance.yahoo.com/v8/finance/chart/ONON
2021-12-13,On,ONON,36.02000045776367,https://query2.finance.yahoo.com/v8/finance/chart/ONON
2021-12-14,On,ONON,36.560001373291016,https://query2.finance.yahoo.com/v8/finance/chart/ONON
2021-12-15,On,ONON,37.20000076293945,https://query2.finance.yahoo.com/v8/finance/chart/ONON
2021-12-16,On,ONON,36.119998931884766,https://query2.finance.yahoo.com/v8/finance/chart/ONON
2021-12-17,On,ONON,36.20000076293945,https://query2.finance.yahoo.com/v8/finance/chart/ONON
2021-12-20,On,ONON,35.2599983215332,https://query2.finance.yahoo.com/v8/finance/chart/ONON
2021-12-21,On,ONON,37.58000183105469,https://query2.finance.yahoo.com/v8/finance/chart/ONON
2021-12-22,On,ONON,37.66999816894531,https://query2.finance.yahoo.com/v8/finance/chart/ONON
2021-12-23,On,ONON,38.61000061035156,https://query2.finance.yahoo.com/v8/finance/chart/ONON
2021-12-27,On,ONON,36.52000045776367,https://query2.finance.yahoo.com/v8/finance/chart/ONON
2021-12-28,On,ONON,35.439998626708984,https://query2.finance.yahoo.com/v8/finance/chart/ONON
2021-12-29,On,ONON,37.02999877929688,https://query2.finance.yahoo.com/v8/finance/chart/ONON
2021-12-30,On,ONON,38.06999969482422,https://query2.finance.yahoo.com/v8/finance/chart/ONON
2021-12-31,On,ONON,37.810001373291016,https://query2.finance.yahoo.com/v8/finance/chart/ONON
2022-01-03,On,ONON,38.68000030517578,https://query2.finance.yahoo.com/v8/finance/chart/ONON
2022-01-04,On,ONON,36.43999862670898,https://query2.finance.yahoo.com/v8/finance/chart/ONON
2022-01-05,On,ONON,32.86000061035156,https://query2.finance.yahoo.com/v8/finance/chart/ONON
2022-01-06,On,ONON,33.36000061035156,https://query2.finance.yahoo.com/v8/finance/chart/ONON
2022-01-07,On,ONON,33.0,https://query2.finance.yahoo.com/v8/finance/chart/ONON
2022-01-10,On,ONON,31.46999931335449,https://query2.finance.yahoo.com/v8/finance/chart/ONON
2022-01-11,On,ONON,32.119998931884766,https://query2.finance.yahoo.com/v8/finance/chart/ONON
2022-01-12,On,ONON,30.68000030517578,https://query2.finance.yahoo.com/v8/finance/chart/ONON
2022-01-13,On,ONON,29.450000762939453,https://query2.finance.yahoo.com/v8/finance/chart/ONON
2022-01-14,On,ONON,28.030000686645508,https://query2.finance.yahoo.com/v8/finance/chart/ONON
2022-01-18,On,ONON,27.3700008392334,https://query2.finance.yahoo.com/v8/finance/chart/ONON
2022-01-19,On,ONON,26.82999992370605,https://query2.finance.yahoo.com/v8/finance/chart/ONON
2022-01-20,On,ONON,26.26000022888184,https://query2.finance.yahoo.com/v8/finance/chart/ONON
2022-01-21,On,ONON,25.75,https://query2.finance.yahoo.com/v8/finance/chart/ONON
2022-01-24,On,ONON,26.600000381469727,https://query2.finance.yahoo.com/v8/finance/chart/ONON
2022-01-25,On,ONON,25.43000030517578,https://query2.finance.yahoo.com/v8/finance/chart/ONON
2022-01-26,On,ONON,25.0,https://query2.finance.yahoo.com/v8/finance/chart/ONON
2022-01-27,On,ONON,24.21999931335449,https://query2.finance.yahoo.com/v8/finance/chart/ONON
2022-01-28,On,ONON,24.399999618530277,https://query2.finance.yahoo.com/v8/finance/chart/ONON
2022-01-31,On,ONON,26.3700008392334,https://query2.finance.yahoo.com/v8/finance/chart/ONON
2022-02-01,On,ONON,28.3799991607666,https://query2.finance.yahoo.com/v8/finance/chart/ONON
2022-02-02,On,ONON,28.690000534057617,https://query2.finance.yahoo.com/v8/finance/chart/ONON
2022-02-03,On,ONON,26.950000762939453,https://query2.finance.yahoo.com/v8/finance/chart/ONON
2022-02-04,On,ONON,27.780000686645508,https://query2.finance.yahoo.com/v8/finance/chart/ONON
2022-02-07,On,ONON,28.5,https://query2.finance.yahoo.com/v8/finance/chart/ONON
2022-02-08,On,ONON,29.440000534057617,https://query2.finance.yahoo.com/v8/finance/chart/ONON
2022-02-09,On,ONON,30.25,https://query2.finance.yahoo.com/v8/finance/chart/ONON
2022-02-10,On,ONON,29.3700008392334,https://query2.finance.yahoo.com/v8/finance/chart/ONON
2022-02-11,On,ONON,27.450000762939453,https://query2.finance.yahoo.com/v8/finance/chart/ONON
2022-02-14,On,ONON,27.06999969482422,https://query2.finance.yahoo.com/v8/finance/chart/ONON
2022-02-15,On,ONON,27.75,https://query2.finance.yahoo.com/v8/finance/chart/ONON
2022-02-16,On,ONON,28.31999969482422,https://query2.finance.yahoo.com/v8/finance/chart/ONON
2022-02-17,On,ONON,26.540000915527344,https://query2.finance.yahoo.com/v8/finance/chart/ONON
2022-02-18,On,ONON,25.030000686645508,https://query2.finance.yahoo.com/v8/finance/chart/ONON
2022-02-22,On,ONON,24.21999931335449,https://query2.finance.yahoo.com/v8/finance/chart/ONON
2022-02-23,On,ONON,23.82999992370605,https://query2.finance.yahoo.com/v8/finance/chart/ONON
2022-02-24,On,ONON,24.6299991607666,https://query2.finance.yahoo.com/v8/finance/chart/ONON
2022-02-25,On,ONON,24.01000022888184,https://query2.finance.yahoo.com/v8/finance/chart/ONON
2022-02-28,On,ONON,24.350000381469727,https://query2.finance.yahoo.com/v8/finance/chart/ONON
2022-03-01,On,ONON,21.950000762939453,https://query2.finance.yahoo.com/v8/finance/chart/ONON
2022-03-02,On,ONON,23.549999237060547,https://query2.finance.yahoo.com/v8/finance/chart/ONON
2022-03-03,On,ONON,22.65999984741211,https://query2.finance.yahoo.com/v8/finance/chart/ONON
2022-03-04,On,ONON,21.96999931335449,https://query2.finance.yahoo.com/v8/finance/chart/ONON
2022-03-07,On,ONON,20.729999542236328,https://query2.finance.yahoo.com/v8/finance/chart/ONON
2022-03-08,On,ONON,20.82999992370605,https://query2.finance.yahoo.com/v8/finance/chart/ONON
2022-03-09,On,ONON,22.88999938964844,https://query2.finance.yahoo.com/v8/finance/chart/ONON
2022-03-10,On,ONON,23.049999237060547,https://query2.finance.yahoo.com/v8/finance/chart/ONON
2022-03-11,On,ONON,22.020000457763672,https://query2.finance.yahoo.com/v8/finance/chart/ONON
2022-03-14,On,ONON,19.920000076293945,https://query2.finance.yahoo.com/v8/finance/chart/ONON
2022-03-15,On,ONON,21.32999992370605,https://query2.finance.yahoo.com/v8/finance/chart/ONON
2022-03-16,On,ONON,23.530000686645508,https://query2.finance.yahoo.com/v8/finance/chart/ONON
2022-03-17,On,ONON,24.43000030517578,https://query2.finance.yahoo.com/v8/finance/chart/ONON
2022-03-18,On,ONON,27.82999992370605,https://query2.finance.yahoo.com/v8/finance/chart/ONON
2022-03-21,On,ONON,27.13999938964844,https://query2.finance.yahoo.com/v8/finance/chart/ONON
2022-03-22,On,ONON,27.75,https://query2.finance.yahoo.com/v8/finance/chart/ONON
2022-03-23,On,ONON,27.440000534057617,https://query2.finance.yahoo.com/v8/finance/chart/ONON
2022-03-24,On,ONON,26.65999984741211,https://query2.finance.yahoo.com/v8/finance/chart/ONON
2022-03-25,On,ONON,25.549999237060547,https://query2.finance.yahoo.com/v8/finance/chart/ONON
2022-03-28,On,ONON,26.1200008392334,https://query2.finance.yahoo.com/v8/finance/chart/ONON
2022-03-29,On,ONON,26.88999938964844,https://query2.finance.yahoo.com/v8/finance/chart/ONON
2022-03-30,On,ONON,26.229999542236328,https://query2.finance.yahoo.com/v8/finance/chart/ONON
2022-03-31,On,ONON,25.239999771118164,https://query2.finance.yahoo.com/v8/finance/chart/ONON
2022-04-01,On,ONON,25.6299991607666,https://query2.finance.yahoo.com/v8/finance/chart/ONON
2022-04-04,On,ONON,26.81999969482422,https://query2.finance.yahoo.com/v8/finance/chart/ONON
2022-04-05,On,ONON,25.200000762939453,https://query2.finance.yahoo.com/v8/finance/chart/ONON
2022-04-06,On,ONON,23.5,https://query2.finance.yahoo.com/v8/finance/chart/ONON
2022-04-07,On,ONON,23.38999938964844,https://query2.finance.yahoo.com/v8/finance/chart/ONON
2022-04-08,On,ONON,22.68000030517578,https://query2.finance.yahoo.com/v8/finance/chart/ONON
2022-04-11,On,ONON,22.979999542236328,https://query2.finance.yahoo.com/v8/finance/chart/ONON
2022-04-12,On,ONON,23.75,https://query2.finance.yahoo.com/v8/finance/chart/ONON
2022-04-13,On,ONON,24.549999237060547,https://query2.finance.yahoo.com/v8/finance/chart/ONON
2022-04-14,On,ONON,24.81999969482422,https://query2.finance.yahoo.com/v8/finance/chart/ONON
2022-04-18,On,ONON,24.549999237060547,https://query2.finance.yahoo.com/v8/finance/chart/ONON
2022-04-19,On,ONON,26.01000022888184,https://query2.finance.yahoo.com/v8/finance/chart/ONON
2022-04-20,On,ONON,26.049999237060547,https://query2.finance.yahoo.com/v8/finance/chart/ONON
2022-04-21,On,ONON,26.13999938964844,https://query2.finance.yahoo.com/v8/finance/chart/ONON
2022-04-22,On,ONON,26.01000022888184,https://query2.finance.yahoo.com/v8/finance/chart/ONON
2022-04-25,On,ONON,26.209999084472656,https://query2.finance.yahoo.com/v8/finance/chart/ONON
2022-04-26,On,ONON,23.940000534057617,https://query2.finance.yahoo.com/v8/finance/chart/ONON
2022-04-27,On,ONON,24.11000061035156,https://query2.finance.yahoo.com/v8/finance/chart/ONON
2022-04-28,On,ONON,25.549999237060547,https://query2.finance.yahoo.com/v8/finance/chart/ONON
2022-04-29,On,ONON,24.96999931335449,https://query2.finance.yahoo.com/v8/finance/chart/ONON
2022-05-02,On,ONON,26.040000915527344,https://query2.finance.yahoo.com/v8/finance/chart/ONON
2022-05-03,On,ONON,26.290000915527344,https://query2.finance.yahoo.com/v8/finance/chart/ONON
2022-05-04,On,ONON,25.729999542236328,https://query2.finance.yahoo.com/v8/finance/chart/ONON
2022-05-05,On,ONON,23.239999771118164,https://query2.finance.yahoo.com/v8/finance/chart/ONON
2022-05-06,On,ONON,22.530000686645508,https://query2.finance.yahoo.com/v8/finance/chart/ONON
2022-05-09,On,ONON,20.739999771118164,https://query2.finance.yahoo.com/v8/finance/chart/ONON
2022-05-10,On,ONON,20.100000381469727,https://query2.finance.yahoo.com/v8/finance/chart/ONON
2022-05-11,On,ONON,16.729999542236328,https://query2.finance.yahoo.com/v8/finance/chart/ONON
2022-05-12,On,ONON,19.020000457763672,https://query2.finance.yahoo.com/v8/finance/chart/ONON
2022-05-13,On,ONON,20.21999931335449,https://query2.finance.yahoo.com/v8/finance/chart/ONON
2022-05-16,On,ONON,20.399999618530277,https://query2.finance.yahoo.com/v8/finance/chart/ONON
2022-05-17,On,ONON,20.61000061035156,https://query2.finance.yahoo.com/v8/finance/chart/ONON
2022-05-18,On,ONON,19.6200008392334,https://query2.finance.yahoo.com/v8/finance/chart/ONON
2022-05-19,On,ONON,20.729999542236328,https://query2.finance.yahoo.com/v8/finance/chart/ONON
2022-05-20,On,ONON,19.950000762939453,https://query2.finance.yahoo.com/v8/finance/chart/ONON
2022-05-23,On,ONON,20.040000915527344,https://query2.finance.yahoo.com/v8/finance/chart/ONON
2022-05-24,On,ONON,18.31999969482422,https://query2.finance.yahoo.com/v8/finance/chart/ONON
2022-05-25,On,ONON,18.65999984741211,https://query2.finance.yahoo.com/v8/finance/chart/ONON
2022-05-26,On,ONON,19.700000762939453,https://query2.finance.yahoo.com/v8/finance/chart/ONON
2022-05-27,On,ONON,21.0,https://query2.finance.yahoo.com/v8/finance/chart/ONON
2022-05-31,On,ONON,20.649999618530277,https://query2.finance.yahoo.com/v8/finance/chart/ONON
2022-06-01,On,ONON,21.1200008392334,https://query2.finance.yahoo.com/v8/finance/chart/ONON
2022-06-02,On,ONON,22.68000030517578,https://query2.finance.yahoo.com/v8/finance/chart/ONON
2022-06-03,On,ONON,21.90999984741211,https://query2.finance.yahoo.com/v8/finance/chart/ONON
2022-06-06,On,ONON,20.940000534057617,https://query2.finance.yahoo.com/v8/finance/chart/ONON
2022-06-07,On,ONON,21.15999984741211,https://query2.finance.yahoo.com/v8/finance/chart/ONON
2022-06-08,On,ONON,21.21999931335449,https://query2.finance.yahoo.com/v8/finance/chart/ONON
2022-06-09,On,ONON,20.729999542236328,https://query2.finance.yahoo.com/v8/finance/chart/ONON
2022-06-10,On,ONON,20.13999938964844,https://query2.finance.yahoo.com/v8/finance/chart/ONON
2022-06-13,On,ONON,19.049999237060547,https://query2.finance.yahoo.com/v8/finance/chart/ONON
2022-06-14,On,ONON,19.200000762939453,https://query2.finance.yahoo.com/v8/finance/chart/ONON
2022-06-15,On,ONON,18.989999771118164,https://query2.finance.yahoo.com/v8/finance/chart/ONON
2022-06-16,On,ONON,17.1299991607666,https://query2.finance.yahoo.com/v8/finance/chart/ONON
2022-06-17,On,ONON,17.0,https://query2.finance.yahoo.com/v8/finance/chart/ONON
2022-06-21,On,ONON,17.110000610351562,https://query2.finance.yahoo.com/v8/finance/chart/ONON
2022-06-22,On,ONON,17.43000030517578,https://query2.finance.yahoo.com/v8/finance/chart/ONON
2022-06-23,On,ONON,18.280000686645508,https://query2.finance.yahoo.com/v8/finance/chart/ONON
2022-06-24,On,ONON,18.989999771118164,https://query2.finance.yahoo.com/v8/finance/chart/ONON
2022-06-27,On,ONON,18.290000915527344,https://query2.finance.yahoo.com/v8/finance/chart/ONON
2022-06-28,On,ONON,17.450000762939453,https://query2.finance.yahoo.com/v8/finance/chart/ONON
2022-06-29,On,ONON,17.780000686645508,https://query2.finance.yahoo.com/v8/finance/chart/ONON
2022-06-30,On,ONON,17.690000534057617,https://query2.finance.yahoo.com/v8/finance/chart/ONON
2022-07-01,On,ONON,17.65999984741211,https://query2.finance.yahoo.com/v8/finance/chart/ONON
2022-07-05,On,ONON,18.549999237060547,https://query2.finance.yahoo.com/v8/finance/chart/ONON
2022-07-06,On,ONON,17.709999084472656,https://query2.finance.yahoo.com/v8/finance/chart/ONON
2022-07-07,On,ONON,18.100000381469727,https://query2.finance.yahoo.com/v8/finance/chart/ONON
2022-07-08,On,ONON,18.040000915527344,https://query2.finance.yahoo.com/v8/finance/chart/ONON
2022-07-11,On,ONON,17.459999084472656,https://query2.finance.yahoo.com/v8/finance/chart/ONON
2022-07-12,On,ONON,17.31999969482422,https://query2.finance.yahoo.com/v8/finance/chart/ONON
2022-07-13,On,ONON,17.420000076293945,https://query2.finance.yahoo.com/v8/finance/chart/ONON
2022-07-14,On,ONON,16.540000915527344,https://query2.finance.yahoo.com/v8/finance/chart/ONON
2022-07-15,On,ONON,17.200000762939453,https://query2.finance.yahoo.com/v8/finance/chart/ONON
2022-07-18,On,ONON,17.729999542236328,https://query2.finance.yahoo.com/v8/finance/chart/ONON
2022-07-19,On,ONON,19.049999237060547,https://query2.finance.yahoo.com/v8/finance/chart/ONON
2022-07-20,On,ONON,19.270000457763672,https://query2.finance.yahoo.com/v8/finance/chart/ONON
2022-07-21,On,ONON,19.940000534057617,https://query2.finance.yahoo.com/v8/finance/chart/ONON
2022-07-22,On,ONON,19.450000762939453,https://query2.finance.yahoo.com/v8/finance/chart/ONON
2022-07-25,On,ONON,19.34000015258789,https://query2.finance.yahoo.com/v8/finance/chart/ONON
2022-07-26,On,ONON,18.530000686645508,https://query2.finance.yahoo.com/v8/finance/chart/ONON
2022-07-27,On,ONON,19.11000061035156,https://query2.finance.yahoo.com/v8/finance/chart/ONON
2022-07-28,On,ONON,21.170000076293945,https://query2.finance.yahoo.com/v8/finance/chart/ONON
2022-07-29,On,ONON,21.770000457763672,https://query2.finance.yahoo.com/v8/finance/chart/ONON
2022-08-01,On,ONON,22.190000534057617,https://query2.finance.yahoo.com/v8/finance/chart/ONON
2022-08-02,On,ONON,21.690000534057617,https://query2.finance.yahoo.com/v8/finance/chart/ONON
2022-08-03,On,ONON,22.450000762939453,https://query2.finance.yahoo.com/v8/finance/chart/ONON
2022-08-04,On,ONON,22.6299991607666,https://query2.finance.yahoo.com/v8/finance/chart/ONON
2022-08-05,On,ONON,22.84000015258789,https://query2.finance.yahoo.com/v8/finance/chart/ONON
2022-08-08,On,ONON,23.479999542236328,https://query2.finance.yahoo.com/v8/finance/chart/ONON
2022-08-09,On,ONON,22.559999465942383,https://query2.finance.yahoo.com/v8/finance/chart/ONON
2022-08-10,On,ONON,23.899999618530277,https://query2.finance.yahoo.com/v8/finance/chart/ONON
2022-08-11,On,ONON,23.8799991607666,https://query2.finance.yahoo.com/v8/finance/chart/ONON
2022-08-12,On,ONON,24.46999931335449,https://query2.finance.yahoo.com/v8/finance/chart/ONON
2022-08-15,On,ONON,24.459999084472656,https://query2.finance.yahoo.com/v8/finance/chart/ONON
2022-08-16,On,ONON,24.280000686645508,https://query2.finance.yahoo.com/v8/finance/chart/ONON
2022-08-17,On,ONON,24.06999969482422,https://query2.finance.yahoo.com/v8/finance/chart/ONON
2022-08-18,On,ONON,23.65999984741211,https://query2.finance.yahoo.com/v8/finance/chart/ONON
2022-08-19,On,ONON,22.46999931335449,https://query2.finance.yahoo.com/v8/finance/chart/ONON
2022-08-22,On,ONON,21.71999931335449,https://query2.finance.yahoo.com/v8/finance/chart/ONON
2022-08-23,On,ONON,21.850000381469727,https://query2.finance.yahoo.com/v8/finance/chart/ONON
2022-08-24,On,ONON,21.75,https://query2.finance.yahoo.com/v8/finance/chart/ONON
2022-08-25,On,ONON,21.780000686645508,https://query2.finance.yahoo.com/v8/finance/chart/ONON
2022-08-26,On,ONON,20.899999618530277,https://query2.finance.yahoo.com/v8/finance/chart/ONON
2022-08-29,On,ONON,20.76000022888184,https://query2.finance.yahoo.com/v8/finance/chart/ONON
2022-08-30,On,ONON,20.6200008392334,https://query2.finance.yahoo.com/v8/finance/chart/ONON
2022-08-31,On,ONON,19.989999771118164,https://query2.finance.yahoo.com/v8/finance/chart/ONON
2022-09-01,On,ONON,19.479999542236328,https://query2.finance.yahoo.com/v8/finance/chart/ONON
2022-09-02,On,ONON,19.3700008392334,https://query2.finance.yahoo.com/v8/finance/chart/ONON
2022-09-06,On,ONON,18.780000686645508,https://query2.finance.yahoo.com/v8/finance/chart/ONON
2022-09-07,On,ONON,19.540000915527344,https://query2.finance.yahoo.com/v8/finance/chart/ONON
2022-09-08,On,ONON,19.75,https://query2.finance.yahoo.com/v8/finance/chart/ONON
2022-09-09,On,ONON,20.280000686645508,https://query2.finance.yahoo.com/v8/finance/chart/ONON
2022-09-12,On,ONON,20.920000076293945,https://query2.finance.yahoo.com/v8/finance/chart/ONON
2022-09-13,On,ONON,19.100000381469727,https://query2.finance.yahoo.com/v8/finance/chart/ONON
2022-09-14,On,ONON,19.229999542236328,https://query2.finance.yahoo.com/v8/finance/chart/ONON
2022-09-15,On,ONON,18.6200008392334,https://query2.finance.yahoo.com/v8/finance/chart/ONON
2022-09-16,On,ONON,18.100000381469727,https://query2.finance.yahoo.com/v8/finance/chart/ONON
2022-09-19,On,ONON,18.25,https://query2.finance.yahoo.com/v8/finance/chart/ONON
2022-09-20,On,ONON,17.729999542236328,https://query2.finance.yahoo.com/v8/finance/chart/ONON
2022-09-21,On,ONON,17.739999771118164,https://query2.finance.yahoo.com/v8/finance/chart/ONON
2022-09-22,On,ONON,17.350000381469727,https://query2.finance.yahoo.com/v8/finance/chart/ONON
2022-09-23,On,ONON,17.15999984741211,https://query2.finance.yahoo.com/v8/finance/chart/ONON
2022-09-26,On,ONON,16.559999465942383,https://query2.finance.yahoo.com/v8/finance/chart/ONON
2022-09-27,On,ONON,16.93000030517578,https://query2.finance.yahoo.com/v8/finance/chart/ONON
2022-09-28,On,ONON,17.90999984741211,https://query2.finance.yahoo.com/v8/finance/chart/ONON
2022-09-29,On,ONON,17.299999237060547,https://query2.finance.yahoo.com/v8/finance/chart/ONON
2022-09-30,On,ONON,16.049999237060547,https://query2.finance.yahoo.com/v8/finance/chart/ONON
2022-10-03,On,ONON,16.799999237060547,https://query2.finance.yahoo.com/v8/finance/chart/ONON
2022-10-04,On,ONON,17.649999618530273,https://query2.finance.yahoo.com/v8/finance/chart/ONON
2022-10-05,On,ONON,17.90999984741211,https://query2.finance.yahoo.com/v8/finance/chart/ONON
2022-10-06,On,ONON,18.06999969482422,https://query2.finance.yahoo.com/v8/finance/chart/ONON
2022-10-07,On,ONON,16.780000686645508,https://query2.finance.yahoo.com/v8/finance/chart/ONON
2022-10-10,On,ONON,16.0,https://query2.finance.yahoo.com/v8/finance/chart/ONON
2022-10-11,On,ONON,16.299999237060547,https://query2.finance.yahoo.com/v8/finance/chart/ONON
2022-10-12,On,ONON,16.84000015258789,https://query2.finance.yahoo.com/v8/finance/chart/ONON
2022-10-13,On,ONON,17.139999389648438,https://query2.finance.yahoo.com/v8/finance/chart/ONON
2022-10-14,On,ONON,16.09000015258789,https://query2.finance.yahoo.com/v8/finance/chart/ONON
2022-10-17,On,ONON,16.520000457763672,https://query2.finance.yahoo.com/v8/finance/chart/ONON
2022-10-18,On,ONON,16.989999771118164,https://query2.finance.yahoo.com/v8/finance/chart/ONON
2022-10-19,On,ONON,16.209999084472656,https://query2.finance.yahoo.com/v8/finance/chart/ONON
2022-10-20,On,ONON,16.170000076293945,https://query2.finance.yahoo.com/v8/finance/chart/ONON
2022-10-21,On,ONON,16.479999542236328,https://query2.finance.yahoo.com/v8/finance/chart/ONON
2022-10-24,On,ONON,16.799999237060547,https://query2.finance.yahoo.com/v8/finance/chart/ONON
2022-10-25,On,ONON,18.1299991607666,https://query2.finance.yahoo.com/v8/finance/chart/ONON
2022-10-26,On,ONON,17.850000381469727,https://query2.finance.yahoo.com/v8/finance/chart/ONON
2022-10-27,On,ONON,17.3799991607666,https://query2.finance.yahoo.com/v8/finance/chart/ONON
2022-10-28,On,ONON,17.579999923706055,https://query2.finance.yahoo.com/v8/finance/chart/ONON
2022-10-31,On,ONON,17.59000015258789,https://query2.finance.yahoo.com/v8/finance/chart/ONON
2022-11-01,On,ONON,17.709999084472656,https://query2.finance.yahoo.com/v8/finance/chart/ONON
2022-11-02,On,ONON,16.850000381469727,https://query2.finance.yahoo.com/v8/finance/chart/ONON
2022-11-03,On,ONON,17.0,https://query2.finance.yahoo.com/v8/finance/chart/ONON
2022-11-04,On,ONON,17.6299991607666,https://query2.finance.yahoo.com/v8/finance/chart/ONON
2022-11-07,On,ONON,17.450000762939453,https://query2.finance.yahoo.com/v8/finance/chart/ONON
2022-11-08,On,ONON,17.31999969482422,https://query2.finance.yahoo.com/v8/finance/chart/ONON
2022-11-09,On,ONON,16.450000762939453,https://query2.finance.yahoo.com/v8/finance/chart/ONON
2022-11-10,On,ONON,18.09000015258789,https://query2.finance.yahoo.com/v8/finance/chart/ONON
2022-11-11,On,ONON,19.57999992370605,https://query2.finance.yahoo.com/v8/finance/chart/ONON
2022-11-14,On,ONON,19.63999938964844,https://query2.finance.yahoo.com/v8/finance/chart/ONON
2022-11-15,On,ONON,20.15999984741211,https://query2.finance.yahoo.com/v8/finance/chart/ONON
2022-11-16,On,ONON,18.399999618530277,https://query2.finance.yahoo.com/v8/finance/chart/ONON
2022-11-17,On,ONON,17.31999969482422,https://query2.finance.yahoo.com/v8/finance/chart/ONON
2022-11-18,On,ONON,16.93000030517578,https://query2.finance.yahoo.com/v8/finance/chart/ONON
2022-11-21,On,ONON,17.020000457763672,https://query2.finance.yahoo.com/v8/finance/chart/ONON
2022-11-22,On,ONON,18.170000076293945,https://query2.finance.yahoo.com/v8/finance/chart/ONON
2022-11-23,On,ONON,18.61000061035156,https://query2.finance.yahoo.com/v8/finance/chart/ONON
2022-11-25,On,ONON,18.46999931335449,https://query2.finance.yahoo.com/v8/finance/chart/ONON
2022-11-28,On,ONON,18.51000022888184,https://query2.finance.yahoo.com/v8/finance/chart/ONON
2022-11-29,On,ONON,18.440000534057617,https://query2.finance.yahoo.com/v8/finance/chart/ONON
2022-11-30,On,ONON,19.420000076293945,https://query2.finance.yahoo.com/v8/finance/chart/ONON
2022-12-01,On,ONON,19.229999542236328,https://query2.finance.yahoo.com/v8/finance/chart/ONON
2022-12-02,On,ONON,19.61000061035156,https://query2.finance.yahoo.com/v8/finance/chart/ONON
2022-12-05,On,ONON,18.86000061035156,https://query2.finance.yahoo.com/v8/finance/chart/ONON
2022-12-06,On,ONON,17.90999984741211,https://query2.finance.yahoo.com/v8/finance/chart/ONON
2022-12-07,On,ONON,18.030000686645508,https://query2.finance.yahoo.com/v8/finance/chart/ONON
2022-12-08,On,ONON,17.8700008392334,https://query2.finance.yahoo.com/v8/finance/chart/ONON
2022-12-09,On,ONON,17.420000076293945,https://query2.finance.yahoo.com/v8/finance/chart/ONON
2022-12-12,On,ONON,17.719999313354492,https://query2.finance.yahoo.com/v8/finance/chart/ONON
2022-12-13,On,ONON,17.639999389648438,https://query2.finance.yahoo.com/v8/finance/chart/ONON
2022-12-14,On,ONON,17.829999923706055,https://query2.finance.yahoo.com/v8/finance/chart/ONON
2022-12-15,On,ONON,17.1200008392334,https://query2.finance.yahoo.com/v8/finance/chart/ONON
2022-12-16,On,ONON,16.489999771118164,https://query2.finance.yahoo.com/v8/finance/chart/ONON
2022-12-19,On,ONON,16.34000015258789,https://query2.finance.yahoo.com/v8/finance/chart/ONON
2022-12-20,On,ONON,16.389999389648438,https://query2.finance.yahoo.com/v8/finance/chart/ONON
2022-12-21,On,ONON,16.850000381469727,https://query2.finance.yahoo.com/v8/finance/chart/ONON
2022-12-22,On,ONON,16.6200008392334,https://query2.finance.yahoo.com/v8/finance/chart/ONON
2022-12-23,On,ONON,16.280000686645508,https://query2.finance.yahoo.com/v8/finance/chart/ONON
2022-12-27,On,ONON,16.389999389648438,https://query2.finance.yahoo.com/v8/finance/chart/ONON
2022-12-28,On,ONON,16.3700008392334,https://query2.finance.yahoo.com/v8/finance/chart/ONON
2022-12-29,On,ONON,17.270000457763672,https://query2.finance.yahoo.com/v8/finance/chart/ONON
2022-12-30,On,ONON,17.15999984741211,https://query2.finance.yahoo.com/v8/finance/chart/ONON
2023-01-03,On,ONON,17.06999969482422,https://query2.finance.yahoo.com/v8/finance/chart/ONON
2023-01-04,On,ONON,17.479999542236328,https://query2.finance.yahoo.com/v8/finance/chart/ONON
2023-01-05,On,ONON,17.479999542236328,https://query2.finance.yahoo.com/v8/finance/chart/ONON
2023-01-06,On,ONON,19.1299991607666,https://query2.finance.yahoo.com/v8/finance/chart/ONON
2023-01-09,On,ONON,19.1200008392334,https://query2.finance.yahoo.com/v8/finance/chart/ONON
2023-01-10,On,ONON,19.709999084472656,https://query2.finance.yahoo.com/v8/finance/chart/ONON
2023-01-11,On,ONON,20.540000915527344,https://query2.finance.yahoo.com/v8/finance/chart/ONON
2023-01-12,On,ONON,20.31999969482422,https://query2.finance.yahoo.com/v8/finance/chart/ONON
2023-01-13,On,ONON,20.700000762939453,https://query2.finance.yahoo.com/v8/finance/chart/ONON
2023-01-17,On,ONON,21.36000061035156,https://query2.finance.yahoo.com/v8/finance/chart/ONON
2023-01-18,On,ONON,20.81999969482422,https://query2.finance.yahoo.com/v8/finance/chart/ONON
2023-01-19,On,ONON,20.600000381469727,https://query2.finance.yahoo.com/v8/finance/chart/ONON
2023-01-20,On,ONON,21.15999984741211,https://query2.finance.yahoo.com/v8/finance/chart/ONON
2023-01-23,On,ONON,22.270000457763672,https://query2.finance.yahoo.com/v8/finance/chart/ONON
2023-01-24,On,ONON,21.790000915527344,https://query2.finance.yahoo.com/v8/finance/chart/ONON
2023-01-25,On,ONON,22.209999084472656,https://query2.finance.yahoo.com/v8/finance/chart/ONON
2023-01-26,On,ONON,22.229999542236328,https://query2.finance.yahoo.com/v8/finance/chart/ONON
2023-01-27,On,ONON,22.8799991607666,https://query2.finance.yahoo.com/v8/finance/chart/ONON
2023-01-30,On,ONON,22.88999938964844,https://query2.finance.yahoo.com/v8/finance/chart/ONON
2023-01-31,On,ONON,23.200000762939453,https://query2.finance.yahoo.com/v8/finance/chart/ONON
2023-02-01,On,ONON,23.770000457763672,https://query2.finance.yahoo.com/v8/finance/chart/ONON
2023-02-02,On,ONON,23.780000686645508,https://query2.finance.yahoo.com/v8/finance/chart/ONON
2023-02-03,On,ONON,22.88999938964844,https://query2.finance.yahoo.com/v8/finance/chart/ONON
2023-02-06,On,ONON,22.489999771118164,https://query2.finance.yahoo.com/v8/finance/chart/ONON
2023-02-07,On,ONON,21.989999771118164,https://query2.finance.yahoo.com/v8/finance/chart/ONON
2023-02-08,On,ONON,21.420000076293945,https://query2.finance.yahoo.com/v8/finance/chart/ONON
2023-02-09,On,ONON,21.18000030517578,https://query2.finance.yahoo.com/v8/finance/chart/ONON
2023-02-10,On,ONON,21.11000061035156,https://query2.finance.yahoo.com/v8/finance/chart/ONON
2023-02-13,On,ONON,21.709999084472656,https://query2.finance.yahoo.com/v8/finance/chart/ONON
2023-02-14,On,ONON,23.07999992370605,https://query2.finance.yahoo.com/v8/finance/chart/ONON
2023-02-15,On,ONON,23.559999465942383,https://query2.finance.yahoo.com/v8/finance/chart/ONON
2023-02-16,On,ONON,22.15999984741211,https://query2.finance.yahoo.com/v8/finance/chart/ONON
2023-02-17,On,ONON,21.75,https://query2.finance.yahoo.com/v8/finance/chart/ONON
2023-02-21,On,ONON,21.049999237060547,https://query2.finance.yahoo.com/v8/finance/chart/ONON
2023-02-22,On,ONON,21.049999237060547,https://query2.finance.yahoo.com/v8/finance/chart/ONON
2023-02-23,On,ONON,21.15999984741211,https://query2.finance.yahoo.com/v8/finance/chart/ONON
2023-02-24,On,ONON,20.68000030517578,https://query2.finance.yahoo.com/v8/finance/chart/ONON
2023-02-27,On,ONON,21.309999465942383,https://query2.finance.yahoo.com/v8/finance/chart/ONON
2023-02-28,On,ONON,21.8700008392334,https://query2.finance.yahoo.com/v8/finance/chart/ONON
2023-03-01,On,ONON,22.190000534057617,https://query2.finance.yahoo.com/v8/finance/chart/ONON
2023-03-02,On,ONON,22.57999992370605,https://query2.finance.yahoo.com/v8/finance/chart/ONON
2023-03-03,On,ONON,22.770000457763672,https://query2.finance.yahoo.com/v8/finance/chart/ONON
2023-03-06,On,ONON,22.46999931335449,https://query2.finance.yahoo.com/v8/finance/chart/ONON
2023-03-07,On,ONON,22.309999465942383,https://query2.finance.yahoo.com/v8/finance/chart/ONON
2023-03-08,On,ONON,22.34000015258789,https://query2.finance.yahoo.com/v8/finance/chart/ONON
2023-03-09,On,ONON,21.21999931335449,https://query2.finance.yahoo.com/v8/finance/chart/ONON
2023-03-10,On,ONON,20.489999771118164,https://query2.finance.yahoo.com/v8/finance/chart/ONON
2023-03-13,On,ONON,20.25,https://query2.finance.yahoo.com/v8/finance/chart/ONON
2023-03-14,On,ONON,20.96999931335449,https://query2.finance.yahoo.com/v8/finance/chart/ONON
2023-03-15,On,ONON,20.549999237060547,https://query2.finance.yahoo.com/v8/finance/chart/ONON
2023-03-16,On,ONON,21.71999931335449,https://query2.finance.yahoo.com/v8/finance/chart/ONON
2023-03-17,On,ONON,21.61000061035156,https://query2.finance.yahoo.com/v8/finance/chart/ONON
2023-03-20,On,ONON,21.56999969482422,https://query2.finance.yahoo.com/v8/finance/chart/ONON
2023-03-21,On,ONON,27.26000022888184,https://query2.finance.yahoo.com/v8/finance/chart/ONON
2023-03-22,On,ONON,27.36000061035156,https://query2.finance.yahoo.com/v8/finance/chart/ONON
2023-03-23,On,ONON,30.63999938964844,https://query2.finance.yahoo.com/v8/finance/chart/ONON
2023-03-24,On,ONON,31.65999984741211,https://query2.finance.yahoo.com/v8/finance/chart/ONON
2023-03-27,On,ONON,30.239999771118164,https://query2.finance.yahoo.com/v8/finance/chart/ONON
2023-03-28,On,ONON,29.690000534057617,https://query2.finance.yahoo.com/v8/finance/chart/ONON
2023-03-29,On,ONON,30.799999237060547,https://query2.finance.yahoo.com/v8/finance/chart/ONON
2023-03-30,On,ONON,30.81999969482422,https://query2.finance.yahoo.com/v8/finance/chart/ONON
2023-03-31,On,ONON,31.030000686645508,https://query2.finance.yahoo.com/v8/finance/chart/ONON
2023-04-03,On,ONON,31.190000534057617,https://query2.finance.yahoo.com/v8/finance/chart/ONON
2023-04-04,On,ONON,32.5099983215332,https://query2.finance.yahoo.com/v8/finance/chart/ONON
2023-04-05,On,ONON,29.350000381469727,https://query2.finance.yahoo.com/v8/finance/chart/ONON
2023-04-06,On,ONON,29.3799991607666,https://query2.finance.yahoo.com/v8/finance/chart/ONON
2023-04-10,On,ONON,30.38999938964844,https://query2.finance.yahoo.com/v8/finance/chart/ONON
2023-04-11,On,ONON,29.8700008392334,https://query2.finance.yahoo.com/v8/finance/chart/ONON
2023-04-12,On,ONON,29.31999969482422,https://query2.finance.yahoo.com/v8/finance/chart/ONON
2023-04-13,On,ONON,29.920000076293945,https://query2.finance.yahoo.com/v8/finance/chart/ONON
2023-04-14,On,ONON,30.709999084472656,https://query2.finance.yahoo.com/v8/finance/chart/ONON
2023-04-17,On,ONON,30.450000762939453,https://query2.finance.yahoo.com/v8/finance/chart/ONON
2023-04-18,On,ONON,31.90999984741211,https://query2.finance.yahoo.com/v8/finance/chart/ONON
2023-04-19,On,ONON,31.51000022888184,https://query2.finance.yahoo.com/v8/finance/chart/ONON
2023-04-20,On,ONON,31.88999938964844,https://query2.finance.yahoo.com/v8/finance/chart/ONON
2023-04-21,On,ONON,33.310001373291016,https://query2.finance.yahoo.com/v8/finance/chart/ONON
2023-04-24,On,ONON,33.61000061035156,https://query2.finance.yahoo.com/v8/finance/chart/ONON
2023-04-25,On,ONON,32.15999984741211,https://query2.finance.yahoo.com/v8/finance/chart/ONON
2023-04-26,On,ONON,32.880001068115234,https://query2.finance.yahoo.com/v8/finance/chart/ONON
2023-04-27,On,ONON,32.439998626708984,https://query2.finance.yahoo.com/v8/finance/chart/ONON
2023-04-28,On,ONON,32.45000076293945,https://query2.finance.yahoo.com/v8/finance/chart/ONON
2023-05-01,On,ONON,32.41999816894531,https://query2.finance.yahoo.com/v8/finance/chart/ONON
2023-05-02,On,ONON,31.809999465942383,https://query2.finance.yahoo.com/v8/finance/chart/ONON
2023-05-03,On,ONON,32.630001068115234,https://query2.finance.yahoo.com/v8/finance/chart/ONON
2023-05-04,On,ONON,32.529998779296875,https://query2.finance.yahoo.com/v8/finance/chart/ONON
2023-05-05,On,ONON,33.90999984741211,https://query2.finance.yahoo.com/v8/finance/chart/ONON
2023-05-08,On,ONON,34.369998931884766,https://query2.finance.yahoo.com/v8/finance/chart/ONON
2023-05-09,On,ONON,33.619998931884766,https://query2.finance.yahoo.com/v8/finance/chart/ONON
2023-05-10,On,ONON,32.65999984741211,https://query2.finance.yahoo.com/v8/finance/chart/ONON
2023-05-11,On,ONON,33.119998931884766,https://query2.finance.yahoo.com/v8/finance/chart/ONON
2023-05-12,On,ONON,32.869998931884766,https://query2.finance.yahoo.com/v8/finance/chart/ONON
2023-05-15,On,ONON,33.439998626708984,https://query2.finance.yahoo.com/v8/finance/chart/ONON
2023-05-16,On,ONON,30.190000534057617,https://query2.finance.yahoo.com/v8/finance/chart/ONON
2023-05-17,On,ONON,27.899999618530277,https://query2.finance.yahoo.com/v8/finance/chart/ONON
2023-05-18,On,ONON,27.51000022888184,https://query2.finance.yahoo.com/v8/finance/chart/ONON
2023-05-19,On,ONON,26.690000534057617,https://query2.finance.yahoo.com/v8/finance/chart/ONON
2023-05-22,On,ONON,27.479999542236328,https://query2.finance.yahoo.com/v8/finance/chart/ONON
2023-05-23,On,ONON,26.6299991607666,https://query2.finance.yahoo.com/v8/finance/chart/ONON
2023-05-24,On,ONON,26.15999984741211,https://query2.finance.yahoo.com/v8/finance/chart/ONON
2023-05-25,On,ONON,26.649999618530277,https://query2.finance.yahoo.com/v8/finance/chart/ONON
2023-05-26,On,ONON,27.450000762939453,https://query2.finance.yahoo.com/v8/finance/chart/ONON
2023-05-30,On,ONON,27.31999969482422,https://query2.finance.yahoo.com/v8/finance/chart/ONON
2023-05-31,On,ONON,27.450000762939453,https://query2.finance.yahoo.com/v8/finance/chart/ONON
2023-06-01,On,ONON,27.170000076293945,https://query2.finance.yahoo.com/v8/finance/chart/ONON
2023-06-02,On,ONON,27.96999931335449,https://query2.finance.yahoo.com/v8/finance/chart/ONON
2023-06-05,On,ONON,28.649999618530277,https://query2.finance.yahoo.com/v8/finance/chart/ONON
2023-06-06,On,ONON,28.3700008392334,https://query2.finance.yahoo.com/v8/finance/chart/ONON
2023-06-07,On,ONON,28.040000915527344,https://query2.finance.yahoo.com/v8/finance/chart/ONON
2023-06-08,On,ONON,28.71999931335449,https://query2.finance.yahoo.com/v8/finance/chart/ONON
2023-06-09,On,ONON,30.280000686645508,https://query2.finance.yahoo.com/v8/finance/chart/ONON
2023-06-12,On,ONON,30.56999969482422,https://query2.finance.yahoo.com/v8/finance/chart/ONON
2023-06-13,On,ONON,29.739999771118164,https://query2.finance.yahoo.com/v8/finance/chart/ONON
2023-06-14,On,ONON,29.850000381469727,https://query2.finance.yahoo.com/v8/finance/chart/ONON
2023-06-15,On,ONON,30.280000686645508,https://query2.finance.yahoo.com/v8/finance/chart/ONON
2023-06-16,On,ONON,29.93000030517578,https://query2.finance.yahoo.com/v8/finance/chart/ONON
2023-06-20,On,ONON,29.51000022888184,https://query2.finance.yahoo.com/v8/finance/chart/ONON
2023-06-21,On,ONON,28.770000457763672,https://query2.finance.yahoo.com/v8/finance/chart/ONON
2023-06-22,On,ONON,29.040000915527344,https://query2.finance.yahoo.com/v8/finance/chart/ONON
2023-06-23,On,ONON,29.76000022888184,https://query2.finance.yahoo.com/v8/finance/chart/ONON
2023-06-26,On,ONON,30.6299991607666,https://query2.finance.yahoo.com/v8/finance/chart/ONON
2023-06-27,On,ONON,31.299999237060547,https://query2.finance.yahoo.com/v8/finance/chart/ONON
2023-06-28,On,ONON,31.979999542236328,https://query2.finance.yahoo.com/v8/finance/chart/ONON
2023-06-29,On,ONON,31.61000061035156,https://query2.finance.yahoo.com/v8/finance/chart/ONON
2023-06-30,On,ONON,33.0,https://query2.finance.yahoo.com/v8/finance/chart/ONON
2023-07-03,On,ONON,33.15999984741211,https://query2.finance.yahoo.com/v8/finance/chart/ONON
2023-07-05,On,ONON,33.04999923706055,https://query2.finance.yahoo.com/v8/finance/chart/ONON
2023-07-06,On,ONON,31.799999237060547,https://query2.finance.yahoo.com/v8/finance/chart/ONON
2023-07-07,On,ONON,31.43000030517578,https://query2.finance.yahoo.com/v8/finance/chart/ONON
2023-07-10,On,ONON,32.22999954223633,https://query2.finance.yahoo.com/v8/finance/chart/ONON
2023-07-11,On,ONON,32.68000030517578,https://query2.finance.yahoo.com/v8/finance/chart/ONON
2023-07-12,On,ONON,32.58000183105469,https://query2.finance.yahoo.com/v8/finance/chart/ONON
2023-07-13,On,ONON,33.54999923706055,https://query2.finance.yahoo.com/v8/finance/chart/ONON
2023-07-14,On,ONON,33.13999938964844,https://query2.finance.yahoo.com/v8/finance/chart/ONON
2023-07-17,On,ONON,35.27000045776367,https://query2.finance.yahoo.com/v8/finance/chart/ONON
2023-07-18,On,ONON,35.33000183105469,https://query2.finance.yahoo.com/v8/finance/chart/ONON
2023-07-19,On,ONON,35.0,https://query2.finance.yahoo.com/v8/finance/chart/ONON
2023-07-20,On,ONON,34.31999969482422,https://query2.finance.yahoo.com/v8/finance/chart/ONON
2023-07-21,On,ONON,34.619998931884766,https://query2.finance.yahoo.com/v8/finance/chart/ONON
2023-07-24,On,ONON,35.470001220703125,https://query2.finance.yahoo.com/v8/finance/chart/ONON
2023-07-25,On,ONON,35.060001373291016,https://query2.finance.yahoo.com/v8/finance/chart/ONON
2023-07-26,On,ONON,36.18000030517578,https://query2.finance.yahoo.com/v8/finance/chart/ONON
2023-07-27,On,ONON,33.869998931884766,https://query2.finance.yahoo.com/v8/finance/chart/ONON
2023-07-28,On,ONON,35.22999954223633,https://query2.finance.yahoo.com/v8/finance/chart/ONON
2023-07-31,On,ONON,36.0,https://query2.finance.yahoo.com/v8/finance/chart/ONON
2023-08-01,On,ONON,35.97999954223633,https://query2.finance.yahoo.com/v8/finance/chart/ONON
2023-08-02,On,ONON,34.83000183105469,https://query2.finance.yahoo.com/v8/finance/chart/ONON
2023-08-03,On,ONON,35.47999954223633,https://query2.finance.yahoo.com/v8/finance/chart/ONON
2023-08-04,On,ONON,35.33000183105469,https://query2.finance.yahoo.com/v8/finance/chart/ONON
2023-08-07,On,ONON,35.27000045776367,https://query2.finance.yahoo.com/v8/finance/chart/ONON
2023-08-08,On,ONON,35.70000076293945,https://query2.finance.yahoo.com/v8/finance/chart/ONON
2023-08-09,On,ONON,36.5099983215332,https://query2.finance.yahoo.com/v8/finance/chart/ONON
2023-08-10,On,ONON,35.709999084472656,https://query2.finance.yahoo.com/v8/finance/chart/ONON
2023-08-11,On,ONON,34.54999923706055,https://query2.finance.yahoo.com/v8/finance/chart/ONON
2023-08-14,On,ONON,34.61000061035156,https://query2.finance.yahoo.com/v8/finance/chart/ONON
2023-08-15,On,ONON,29.770000457763672,https://query2.finance.yahoo.com/v8/finance/chart/ONON
2023-08-16,On,ONON,30.31999969482422,https://query2.finance.yahoo.com/v8/finance/chart/ONON
2023-08-17,On,ONON,30.65999984741211,https://query2.finance.yahoo.com/v8/finance/chart/ONON
2023-08-18,On,ONON,30.26000022888184,https://query2.finance.yahoo.com/v8/finance/chart/ONON
2023-08-21,On,ONON,29.739999771118164,https://query2.finance.yahoo.com/v8/finance/chart/ONON
2023-08-22,On,ONON,29.3799991607666,https://query2.finance.yahoo.com/v8/finance/chart/ONON
2023-08-23,On,ONON,29.8799991607666,https://query2.finance.yahoo.com/v8/finance/chart/ONON
2023-08-24,On,ONON,28.399999618530277,https://query2.finance.yahoo.com/v8/finance/chart/ONON
2023-08-25,On,ONON,28.75,https://query2.finance.yahoo.com/v8/finance/chart/ONON
2023-08-28,On,ONON,28.059999465942383,https://query2.finance.yahoo.com/v8/finance/chart/ONON
2023-08-29,On,ONON,28.51000022888184,https://query2.finance.yahoo.com/v8/finance/chart/ONON
2023-08-30,On,ONON,28.93000030517578,https://query2.finance.yahoo.com/v8/finance/chart/ONON
2023-08-31,On,ONON,28.82999992370605,https://query2.finance.yahoo.com/v8/finance/chart/ONON
2023-09-01,On,ONON,29.229999542236328,https://query2.finance.yahoo.com/v8/finance/chart/ONON
2023-09-05,On,ONON,30.06999969482422,https://query2.finance.yahoo.com/v8/finance/chart/ONON
2023-09-06,On,ONON,30.61000061035156,https://query2.finance.yahoo.com/v8/finance/chart/ONON
2023-09-07,On,ONON,29.31999969482422,https://query2.finance.yahoo.com/v8/finance/chart/ONON
2023-09-08,On,ONON,29.59000015258789,https://query2.finance.yahoo.com/v8/finance/chart/ONON
2023-09-11,On,ONON,29.989999771118164,https://query2.finance.yahoo.com/v8/finance/chart/ONON
2023-09-12,On,ONON,29.75,https://query2.finance.yahoo.com/v8/finance/chart/ONON
2023-09-13,On,ONON,29.020000457763672,https://query2.finance.yahoo.com/v8/finance/chart/ONON
2023-09-14,On,ONON,30.68000030517578,https://query2.finance.yahoo.com/v8/finance/chart/ONON
2023-09-15,On,ONON,29.950000762939453,https://query2.finance.yahoo.com/v8/finance/chart/ONON
2023-09-18,On,ONON,30.270000457763672,https://query2.finance.yahoo.com/v8/finance/chart/ONON
2023-09-19,On,ONON,29.86000061035156,https://query2.finance.yahoo.com/v8/finance/chart/ONON
2023-09-20,On,ONON,29.700000762939453,https://query2.finance.yahoo.com/v8/finance/chart/ONON
2023-09-21,On,ONON,28.76000022888184,https://query2.finance.yahoo.com/v8/finance/chart/ONON
2023-09-22,On,ONON,28.07999992370605,https://query2.finance.yahoo.com/v8/finance/chart/ONON
2023-09-25,On,ONON,27.31999969482422,https://query2.finance.yahoo.com/v8/finance/chart/ONON
2023-09-26,On,ONON,26.059999465942383,https://query2.finance.yahoo.com/v8/finance/chart/ONON
2023-09-27,On,ONON,26.15999984741211,https://query2.finance.yahoo.com/v8/finance/chart/ONON
2023-09-28,On,ONON,26.229999542236328,https://query2.finance.yahoo.com/v8/finance/chart/ONON
2023-09-29,On,ONON,27.81999969482422,https://query2.finance.yahoo.com/v8/finance/chart/ONON
2023-10-02,On,ONON,26.1200008392334,https://query2.finance.yahoo.com/v8/finance/chart/ONON
2023-10-03,On,ONON,25.989999771118164,https://query2.finance.yahoo.com/v8/finance/chart/ONON
2023-10-04,On,ONON,25.049999237060547,https://query2.finance.yahoo.com/v8/finance/chart/ONON
2023-10-05,On,ONON,24.149999618530277,https://query2.finance.yahoo.com/v8/finance/chart/ONON
2023-10-06,On,ONON,25.11000061035156,https://query2.finance.yahoo.com/v8/finance/chart/ONON
2023-10-09,On,ONON,25.200000762939453,https://query2.finance.yahoo.com/v8/finance/chart/ONON
2023-10-10,On,ONON,25.11000061035156,https://query2.finance.yahoo.com/v8/finance/chart/ONON
2023-10-11,On,ONON,24.65999984741211,https://query2.finance.yahoo.com/v8/finance/chart/ONON
2023-10-12,On,ONON,23.780000686645508,https://query2.finance.yahoo.com/v8/finance/chart/ONON
2023-10-13,On,ONON,23.670000076293945,https://query2.finance.yahoo.com/v8/finance/chart/ONON
2023-10-16,On,ONON,24.88999938964844,https://query2.finance.yahoo.com/v8/finance/chart/ONON
2023-10-17,On,ONON,25.59000015258789,https://query2.finance.yahoo.com/v8/finance/chart/ONON
2023-10-18,On,ONON,25.239999771118164,https://query2.finance.yahoo.com/v8/finance/chart/ONON
2023-10-19,On,ONON,25.270000457763672,https://query2.finance.yahoo.com/v8/finance/chart/ONON
2023-10-20,On,ONON,25.040000915527344,https://query2.finance.yahoo.com/v8/finance/chart/ONON
2023-10-23,On,ONON,25.559999465942383,https://query2.finance.yahoo.com/v8/finance/chart/ONON
2023-10-24,On,ONON,26.020000457763672,https://query2.finance.yahoo.com/v8/finance/chart/ONON
2023-10-25,On,ONON,24.770000457763672,https://query2.finance.yahoo.com/v8/finance/chart/ONON
2023-10-26,On,ONON,24.75,https://query2.finance.yahoo.com/v8/finance/chart/ONON
2023-10-27,On,ONON,24.51000022888184,https://query2.finance.yahoo.com/v8/finance/chart/ONON
2023-10-30,On,ONON,25.309999465942383,https://query2.finance.yahoo.com/v8/finance/chart/ONON
2023-10-31,On,ONON,25.670000076293945,https://query2.finance.yahoo.com/v8/finance/chart/ONON
2023-11-01,On,ONON,26.51000022888184,https://query2.finance.yahoo.com/v8/finance/chart/ONON
2023-11-02,On,ONON,27.57999992370605,https://query2.finance.yahoo.com/v8/finance/chart/ONON
2023-11-03,On,ONON,28.059999465942383,https://query2.finance.yahoo.com/v8/finance/chart/ONON
2023-11-06,On,ONON,28.059999465942383,https://query2.finance.yahoo.com/v8/finance/chart/ONON
2023-11-07,On,ONON,28.709999084472656,https://query2.finance.yahoo.com/v8/finance/chart/ONON
2023-11-08,On,ONON,28.21999931335449,https://query2.finance.yahoo.com/v8/finance/chart/ONON
2023-11-09,On,ONON,26.979999542236328,https://query2.finance.yahoo.com/v8/finance/chart/ONON
2023-11-10,On,ONON,26.899999618530277,https://query2.finance.yahoo.com/v8/finance/chart/ONON
2023-11-13,On,ONON,26.559999465942383,https://query2.finance.yahoo.com/v8/finance/chart/ONON
2023-11-14,On,ONON,25.649999618530277,https://query2.finance.yahoo.com/v8/finance/chart/ONON
2023-11-15,On,ONON,27.770000457763672,https://query2.finance.yahoo.com/v8/finance/chart/ONON
2023-11-16,On,ONON,27.1299991607666,https://query2.finance.yahoo.com/v8/finance/chart/ONON
2023-11-17,On,ONON,27.600000381469727,https://query2.finance.yahoo.com/v8/finance/chart/ONON
2023-11-20,On,ONON,28.459999084472656,https://query2.finance.yahoo.com/v8/finance/chart/ONON
2023-11-21,On,ONON,27.8700008392334,https://query2.finance.yahoo.com/v8/finance/chart/ONON
2023-11-22,On,ONON,27.57999992370605,https://query2.finance.yahoo.com/v8/finance/chart/ONON
2023-11-24,On,ONON,28.479999542236328,https://query2.finance.yahoo.com/v8/finance/chart/ONON
2023-11-27,On,ONON,28.209999084472656,https://query2.finance.yahoo.com/v8/finance/chart/ONON
2023-11-28,On,ONON,28.790000915527344,https://query2.finance.yahoo.com/v8/finance/chart/ONON
2023-11-29,On,ONON,29.950000762939453,https://query2.finance.yahoo.com/v8/finance/chart/ONON
2023-11-30,On,ONON,29.01000022888184,https://query2.finance.yahoo.com/v8/finance/chart/ONON
2023-12-01,On,ONON,30.26000022888184,https://query2.finance.yahoo.com/v8/finance/chart/ONON
2023-12-04,On,ONON,29.82999992370605,https://query2.finance.yahoo.com/v8/finance/chart/ONON
2023-12-05,On,ONON,29.290000915527344,https://query2.finance.yahoo.com/v8/finance/chart/ONON
2023-12-06,On,ONON,27.59000015258789,https://query2.finance.yahoo.com/v8/finance/chart/ONON
2023-12-07,On,ONON,28.270000457763672,https://query2.finance.yahoo.com/v8/finance/chart/ONON
2023-12-08,On,ONON,28.6299991607666,https://query2.finance.yahoo.com/v8/finance/chart/ONON
2023-12-11,On,ONON,28.26000022888184,https://query2.finance.yahoo.com/v8/finance/chart/ONON
2023-12-12,On,ONON,28.15999984741211,https://query2.finance.yahoo.com/v8/finance/chart/ONON
2023-12-13,On,ONON,29.81999969482422,https://query2.finance.yahoo.com/v8/finance/chart/ONON
2023-12-14,On,ONON,30.549999237060547,https://query2.finance.yahoo.com/v8/finance/chart/ONON
2023-12-15,On,ONON,30.8799991607666,https://query2.finance.yahoo.com/v8/finance/chart/ONON
2023-12-18,On,ONON,30.559999465942383,https://query2.finance.yahoo.com/v8/finance/chart/ONON
2023-12-19,On,ONON,31.350000381469727,https://query2.finance.yahoo.com/v8/finance/chart/ONON
2023-12-20,On,ONON,29.420000076293945,https://query2.finance.yahoo.com/v8/finance/chart/ONON
2023-12-21,On,ONON,29.11000061035156,https://query2.finance.yahoo.com/v8/finance/chart/ONON
2023-12-22,On,ONON,28.030000686645508,https://query2.finance.yahoo.com/v8/finance/chart/ONON
2023-12-26,On,ONON,28.0,https://query2.finance.yahoo.com/v8/finance/chart/ONON
2023-12-27,On,ONON,27.729999542236328,https://query2.finance.yahoo.com/v8/finance/chart/ONON
2023-12-28,On,ONON,27.959999084472656,https://query2.finance.yahoo.com/v8/finance/chart/ONON
2023-12-29,On,ONON,26.96999931335449,https://query2.finance.yahoo.com/v8/finance/chart/ONON
2024-01-02,On,ONON,26.76000022888184,https://query2.finance.yahoo.com/v8/finance/chart/ONON
2024-01-03,On,ONON,26.06999969482422,https://query2.finance.yahoo.com/v8/finance/chart/ONON
2024-01-04,On,ONON,26.270000457763672,https://query2.finance.yahoo.com/v8/finance/chart/ONON
2024-01-05,On,ONON,26.56999969482422,https://query2.finance.yahoo.com/v8/finance/chart/ONON
2024-01-08,On,ONON,28.200000762939453,https://query2.finance.yahoo.com/v8/finance/chart/ONON
2024-01-09,On,ONON,27.530000686645508,https://query2.finance.yahoo.com/v8/finance/chart/ONON
2024-01-10,On,ONON,28.709999084472656,https://query2.finance.yahoo.com/v8/finance/chart/ONON
2024-01-11,On,ONON,28.700000762939453,https://query2.finance.yahoo.com/v8/finance/chart/ONON
2024-01-12,On,ONON,28.020000457763672,https://query2.finance.yahoo.com/v8/finance/chart/ONON
2024-01-16,On,ONON,27.979999542236328,https://query2.finance.yahoo.com/v8/finance/chart/ONON
2024-01-17,On,ONON,27.700000762939453,https://query2.finance.yahoo.com/v8/finance/chart/ONON
2024-01-18,On,ONON,27.780000686645508,https://query2.finance.yahoo.com/v8/finance/chart/ONON
2024-01-19,On,ONON,27.959999084472656,https://query2.finance.yahoo.com/v8/finance/chart/ONON
2024-01-22,On,ONON,28.200000762939453,https://query2.finance.yahoo.com/v8/finance/chart/ONON
2024-01-23,On,ONON,27.729999542236328,https://query2.finance.yahoo.com/v8/finance/chart/ONON
2024-01-24,On,ONON,26.049999237060547,https://query2.finance.yahoo.com/v8/finance/chart/ONON
2024-01-25,On,ONON,26.6299991607666,https://query2.finance.yahoo.com/v8/finance/chart/ONON
2024-01-26,On,ONON,26.25,https://query2.finance.yahoo.com/v8/finance/chart/ONON
2024-01-29,On,ONON,27.489999771118164,https://query2.finance.yahoo.com/v8/finance/chart/ONON
2024-01-30,On,ONON,27.5,https://query2.finance.yahoo.com/v8/finance/chart/ONON
2024-01-31,On,ONON,26.559999465942383,https://query2.finance.yahoo.com/v8/finance/chart/ONON
2024-02-01,On,ONON,26.799999237060547,https://query2.finance.yahoo.com/v8/finance/chart/ONON
2024-02-02,On,ONON,27.700000762939453,https://query2.finance.yahoo.com/v8/finance/chart/ONON
2024-02-05,On,ONON,27.170000076293945,https://query2.finance.yahoo.com/v8/finance/chart/ONON
2024-02-06,On,ONON,27.8700008392334,https://query2.finance.yahoo.com/v8/finance/chart/ONON
2024-02-07,On,ONON,27.8700008392334,https://query2.finance.yahoo.com/v8/finance/chart/ONON
2024-02-08,On,ONON,28.56999969482422,https://query2.finance.yahoo.com/v8/finance/chart/ONON
2024-02-09,On,ONON,29.5,https://query2.finance.yahoo.com/v8/finance/chart/ONON
2024-02-12,On,ONON,30.049999237060547,https://query2.finance.yahoo.com/v8/finance/chart/ONON
2024-02-13,On,ONON,29.959999084472656,https://query2.finance.yahoo.com/v8/finance/chart/ONON
2024-02-14,On,ONON,32.0099983215332,https://query2.finance.yahoo.com/v8/finance/chart/ONON
2024-02-15,On,ONON,32.310001373291016,https://query2.finance.yahoo.com/v8/finance/chart/ONON
2024-02-16,On,ONON,31.739999771118164,https://query2.finance.yahoo.com/v8/finance/chart/ONON
2024-02-20,On,ONON,31.61000061035156,https://query2.finance.yahoo.com/v8/finance/chart/ONON
2024-02-21,On,ONON,31.56999969482422,https://query2.finance.yahoo.com/v8/finance/chart/ONON
2024-02-22,On,ONON,32.2599983215332,https://query2.finance.yahoo.com/v8/finance/chart/ONON
2024-02-23,On,ONON,32.20000076293945,https://query2.finance.yahoo.com/v8/finance/chart/ONON
2024-02-26,On,ONON,32.790000915527344,https://query2.finance.yahoo.com/v8/finance/chart/ONON
2024-02-27,On,ONON,34.099998474121094,https://query2.finance.yahoo.com/v8/finance/chart/ONON
2024-02-28,On,ONON,34.25,https://query2.finance.yahoo.com/v8/finance/chart/ONON
2024-02-29,On,ONON,35.02000045776367,https://query2.finance.yahoo.com/v8/finance/chart/ONON
2024-03-01,On,ONON,34.650001525878906,https://query2.finance.yahoo.com/v8/finance/chart/ONON
2024-03-04,On,ONON,34.029998779296875,https://query2.finance.yahoo.com/v8/finance/chart/ONON
2024-03-05,On,ONON,33.029998779296875,https://query2.finance.yahoo.com/v8/finance/chart/ONON
2024-03-06,On,ONON,32.63999938964844,https://query2.finance.yahoo.com/v8/finance/chart/ONON
2024-03-07,On,ONON,32.02000045776367,https://query2.finance.yahoo.com/v8/finance/chart/ONON
2024-03-08,On,ONON,33.09000015258789,https://query2.finance.yahoo.com/v8/finance/chart/ONON
2024-03-11,On,ONON,33.619998931884766,https://query2.finance.yahoo.com/v8/finance/chart/ONON
2024-03-12,On,ONON,30.63999938964844,https://query2.finance.yahoo.com/v8/finance/chart/ONON
2024-03-13,On,ONON,33.279998779296875,https://query2.finance.yahoo.com/v8/finance/chart/ONON
2024-03-14,On,ONON,32.68000030517578,https://query2.finance.yahoo.com/v8/finance/chart/ONON
2024-03-15,On,ONON,33.22999954223633,https://query2.finance.yahoo.com/v8/finance/chart/ONON
2024-03-18,On,ONON,33.099998474121094,https://query2.finance.yahoo.com/v8/finance/chart/ONON
2024-03-19,On,ONON,34.22999954223633,https://query2.finance.yahoo.com/v8/finance/chart/ONON
2024-03-20,On,ONON,34.72999954223633,https://query2.finance.yahoo.com/v8/finance/chart/ONON
2024-03-21,On,ONON,35.61000061035156,https://query2.finance.yahoo.com/v8/finance/chart/ONON
2024-03-22,On,ONON,34.709999084472656,https://query2.finance.yahoo.com/v8/finance/chart/ONON
2024-03-25,On,ONON,34.59000015258789,https://query2.finance.yahoo.com/v8/finance/chart/ONON
2024-03-26,On,ONON,34.04999923706055,https://query2.finance.yahoo.com/v8/finance/chart/ONON
2024-03-27,On,ONON,34.7400016784668,https://query2.finance.yahoo.com/v8/finance/chart/ONON
2024-03-28,On,ONON,35.380001068115234,https://query2.finance.yahoo.com/v8/finance/chart/ONON
2024-04-01,On,ONON,35.220001220703125,https://query2.finance.yahoo.com/v8/finance/chart/ONON
2024-04-02,On,ONON,34.290000915527344,https://query2.finance.yahoo.com/v8/finance/chart/ONON
2024-04-03,On,ONON,33.18000030517578,https://query2.finance.yahoo.com/v8/finance/chart/ONON
2024-04-04,On,ONON,32.150001525878906,https://query2.finance.yahoo.com/v8/finance/chart/ONON
2024-04-05,On,ONON,31.979999542236328,https://query2.finance.yahoo.com/v8/finance/chart/ONON
2024-04-08,On,ONON,32.56999969482422,https://query2.finance.yahoo.com/v8/finance/chart/ONON
2024-04-09,On,ONON,33.11000061035156,https://query2.finance.yahoo.com/v8/finance/chart/ONON
2024-04-10,On,ONON,32.08000183105469,https://query2.finance.yahoo.com/v8/finance/chart/ONON
2024-04-11,On,ONON,32.79999923706055,https://query2.finance.yahoo.com/v8/finance/chart/ONON
2024-04-12,On,ONON,32.869998931884766,https://query2.finance.yahoo.com/v8/finance/chart/ONON
2024-04-15,On,ONON,32.209999084472656,https://query2.finance.yahoo.com/v8/finance/chart/ONON
2024-04-16,On,ONON,32.560001373291016,https://query2.finance.yahoo.com/v8/finance/chart/ONON
2024-04-17,On,ONON,33.369998931884766,https://query2.finance.yahoo.com/v8/finance/chart/ONON
2024-04-18,On,ONON,33.0099983215332,https://query2.finance.yahoo.com/v8/finance/chart/ONON
2024-04-19,On,ONON,31.57999992370605,https://query2.finance.yahoo.com/v8/finance/chart/ONON
2024-04-22,On,ONON,31.93000030517578,https://query2.finance.yahoo.com/v8/finance/chart/ONON
2024-04-23,On,ONON,32.560001373291016,https://query2.finance.yahoo.com/v8/finance/chart/ONON
2024-04-24,On,ONON,32.36000061035156,https://query2.finance.yahoo.com/v8/finance/chart/ONON
2024-04-25,On,ONON,31.940000534057617,https://query2.finance.yahoo.com/v8/finance/chart/ONON
2024-04-26,On,ONON,32.790000915527344,https://query2.finance.yahoo.com/v8/finance/chart/ONON
2024-04-29,On,ONON,32.61000061035156,https://query2.finance.yahoo.com/v8/finance/chart/ONON
2024-04-30,On,ONON,31.75,https://query2.finance.yahoo.com/v8/finance/chart/ONON
2024-05-01,On,ONON,31.290000915527344,https://query2.finance.yahoo.com/v8/finance/chart/ONON
2024-05-02,On,ONON,32.7400016784668,https://query2.finance.yahoo.com/v8/finance/chart/ONON
2024-05-03,On,ONON,33.27000045776367,https://query2.finance.yahoo.com/v8/finance/chart/ONON
2024-05-06,On,ONON,34.040000915527344,https://query2.finance.yahoo.com/v8/finance/chart/ONON
2024-05-07,On,ONON,34.0099983215332,https://query2.finance.yahoo.com/v8/finance/chart/ONON
2024-05-08,On,ONON,32.97999954223633,https://query2.finance.yahoo.com/v8/finance/chart/ONON
2024-05-09,On,ONON,31.299999237060547,https://query2.finance.yahoo.com/v8/finance/chart/ONON
2024-05-10,On,ONON,30.399999618530277,https://query2.finance.yahoo.com/v8/finance/chart/ONON
2024-05-13,On,ONON,30.690000534057617,https://query2.finance.yahoo.com/v8/finance/chart/ONON
2024-05-14,On,ONON,36.29999923706055,https://query2.finance.yahoo.com/v8/finance/chart/ONON
2024-05-15,On,ONON,36.41999816894531,https://query2.finance.yahoo.com/v8/finance/chart/ONON
2024-05-16,On,ONON,36.63999938964844,https://query2.finance.yahoo.com/v8/finance/chart/ONON
2024-05-17,On,ONON,38.119998931884766,https://query2.finance.yahoo.com/v8/finance/chart/ONON
2024-05-20,On,ONON,38.36000061035156,https://query2.finance.yahoo.com/v8/finance/chart/ONON
2024-05-21,On,ONON,37.310001373291016,https://query2.finance.yahoo.com/v8/finance/chart/ONON
2024-05-22,On,ONON,37.59000015258789,https://query2.finance.yahoo.com/v8/finance/chart/ONON
2024-05-23,On,ONON,38.40999984741211,https://query2.finance.yahoo.com/v8/finance/chart/ONON
2024-05-24,On,ONON,40.22999954223633,https://query2.finance.yahoo.com/v8/finance/chart/ONON
2024-05-28,On,ONON,41.81999969482422,https://query2.finance.yahoo.com/v8/finance/chart/ONON
2024-05-29,On,ONON,42.650001525878906,https://query2.finance.yahoo.com/v8/finance/chart/ONON
2024-05-30,On,ONON,42.59999847412109,https://query2.finance.yahoo.com/v8/finance/chart/ONON
2024-05-31,On,ONON,42.540000915527344,https://query2.finance.yahoo.com/v8/finance/chart/ONON
2024-06-03,On,ONON,41.2400016784668,https://query2.finance.yahoo.com/v8/finance/chart/ONON
2024-06-04,On,ONON,40.81999969482422,https://query2.finance.yahoo.com/v8/finance/chart/ONON
2024-06-05,On,ONON,42.0,https://query2.finance.yahoo.com/v8/finance/chart/ONON
2024-06-06,On,ONON,42.20000076293945,https://query2.finance.yahoo.com/v8/finance/chart/ONON
2024-06-07,On,ONON,42.34999847412109,https://query2.finance.yahoo.com/v8/finance/chart/ONON
2024-06-10,On,ONON,42.72999954223633,https://query2.finance.yahoo.com/v8/finance/chart/ONON
2024-06-11,On,ONON,43.790000915527344,https://query2.finance.yahoo.com/v8/finance/chart/ONON
2024-06-12,On,ONON,43.630001068115234,https://query2.finance.yahoo.com/v8/finance/chart/ONON
2024-06-13,On,ONON,42.900001525878906,https://query2.finance.yahoo.com/v8/finance/chart/ONON
2024-06-14,On,ONON,42.0,https://query2.finance.yahoo.com/v8/finance/chart/ONON
2024-06-17,On,ONON,41.630001068115234,https://query2.finance.yahoo.com/v8/finance/chart/ONON
2024-06-18,On,ONON,42.22999954223633,https://query2.finance.yahoo.com/v8/finance/chart/ONON
2024-06-20,On,ONON,41.72999954223633,https://query2.finance.yahoo.com/v8/finance/chart/ONON
2024-06-21,On,ONON,39.720001220703125,https://query2.finance.yahoo.com/v8/finance/chart/ONON
2024-06-24,On,ONON,39.02999877929688,https://query2.finance.yahoo.com/v8/finance/chart/ONON
2024-06-25,On,ONON,38.7599983215332,https://query2.finance.yahoo.com/v8/finance/chart/ONON
2024-06-26,On,ONON,38.59999847412109,https://query2.finance.yahoo.com/v8/finance/chart/ONON
2024-06-27,On,ONON,39.02999877929688,https://query2.finance.yahoo.com/v8/finance/chart/ONON
2024-06-28,On,ONON,38.79999923706055,https://query2.finance.yahoo.com/v8/finance/chart/ONON
2024-07-01,On,ONON,38.02999877929688,https://query2.finance.yahoo.com/v8/finance/chart/ONON
2024-07-02,On,ONON,37.220001220703125,https://query2.finance.yahoo.com/v8/finance/chart/ONON
2024-07-03,On,ONON,36.650001525878906,https://query2.finance.yahoo.com/v8/finance/chart/ONON
2024-07-05,On,ONON,37.18999862670898,https://query2.finance.yahoo.com/v8/finance/chart/ONON
2024-07-08,On,ONON,37.93000030517578,https://query2.finance.yahoo.com/v8/finance/chart/ONON
2024-07-09,On,ONON,37.20000076293945,https://query2.finance.yahoo.com/v8/finance/chart/ONON
2024-07-10,On,ONON,36.630001068115234,https://query2.finance.yahoo.com/v8/finance/chart/ONON
2024-07-11,On,ONON,37.02999877929688,https://query2.finance.yahoo.com/v8/finance/chart/ONON
2024-07-12,On,ONON,37.5099983215332,https://query2.finance.yahoo.com/v8/finance/chart/ONON
2024-07-15,On,ONON,37.59000015258789,https://query2.finance.yahoo.com/v8/finance/chart/ONON
2024-07-16,On,ONON,39.20000076293945,https://query2.finance.yahoo.com/v8/finance/chart/ONON
2024-07-17,On,ONON,40.36000061035156,https://query2.finance.yahoo.com/v8/finance/chart/ONON
2024-07-18,On,ONON,40.119998931884766,https://query2.finance.yahoo.com/v8/finance/chart/ONON
2024-07-19,On,ONON,40.060001373291016,https://query2.finance.yahoo.com/v8/finance/chart/ONON
2024-07-22,On,ONON,40.58000183105469,https://query2.finance.yahoo.com/v8/finance/chart/ONON
2024-07-23,On,ONON,40.52000045776367,https://query2.finance.yahoo.com/v8/finance/chart/ONON
2024-07-24,On,ONON,38.5,https://query2.finance.yahoo.com/v8/finance/chart/ONON
2024-07-25,On,ONON,38.20000076293945,https://query2.finance.yahoo.com/v8/finance/chart/ONON
2024-07-26,On,ONON,40.220001220703125,https://query2.finance.yahoo.com/v8/finance/chart/ONON
2024-07-29,On,ONON,39.83000183105469,https://query2.finance.yahoo.com/v8/finance/chart/ONON
2024-07-30,On,ONON,38.81999969482422,https://query2.finance.yahoo.com/v8/finance/chart/ONON
2024-07-31,On,ONON,41.41999816894531,https://query2.finance.yahoo.com/v8/finance/chart/ONON
2024-08-01,On,ONON,40.25,https://query2.finance.yahoo.com/v8/finance/chart/ONON
2024-08-02,On,ONON,38.66999816894531,https://query2.finance.yahoo.com/v8/finance/chart/ONON
2024-08-05,On,ONON,37.2400016784668,https://query2.finance.yahoo.com/v8/finance/chart/ONON
2024-08-06,On,ONON,37.83000183105469,https://query2.finance.yahoo.com/v8/finance/chart/ONON
2024-08-07,On,ONON,36.95000076293945,https://query2.finance.yahoo.com/v8/finance/chart/ONON
2024-08-08,On,ONON,39.040000915527344,https://query2.finance.yahoo.com/v8/finance/chart/ONON
2024-08-09,On,ONON,40.22999954223633,https://query2.finance.yahoo.com/v8/finance/chart/ONON
2024-08-12,On,ONON,39.54999923706055,https://query2.finance.yahoo.com/v8/finance/chart/ONON
2024-08-13,On,ONON,41.27000045776367,https://query2.finance.yahoo.com/v8/finance/chart/ONON
2024-08-14,On,ONON,40.560001373291016,https://query2.finance.yahoo.com/v8/finance/chart/ONON
2024-08-15,On,ONON,42.72999954223633,https://query2.finance.yahoo.com/v8/finance/chart/ONON
2024-08-16,On,ONON,42.540000915527344,https://query2.finance.yahoo.com/v8/finance/chart/ONON
2024-08-19,On,ONON,42.45000076293945,https://query2.finance.yahoo.com/v8/finance/chart/ONON
2024-08-20,On,ONON,41.72999954223633,https://query2.finance.yahoo.com/v8/finance/chart/ONON
2024-08-21,On,ONON,43.459999084472656,https://query2.finance.yahoo.com/v8/finance/chart/ONON
2024-08-22,On,ONON,43.18999862670898,https://query2.finance.yahoo.com/v8/finance/chart/ONON
2024-08-23,On,ONON,44.56999969482422,https://query2.finance.yahoo.com/v8/finance/chart/ONON
2024-08-26,On,ONON,45.900001525878906,https://query2.finance.yahoo.com/v8/finance/chart/ONON
2024-08-27,On,ONON,47.91999816894531,https://query2.finance.yahoo.com/v8/finance/chart/ONON
2024-08-28,On,ONON,46.369998931884766,https://query2.finance.yahoo.com/v8/finance/chart/ONON
2024-08-29,On,ONON,46.91999816894531,https://query2.finance.yahoo.com/v8/finance/chart/ONON
2024-08-30,On,ONON,46.97999954223633,https://query2.finance.yahoo.com/v8/finance/chart/ONON
2024-09-03,On,ONON,46.06999969482422,https://query2.finance.yahoo.com/v8/finance/chart/ONON
2024-09-04,On,ONON,45.70000076293945,https://query2.finance.yahoo.com/v8/finance/chart/ONON
2024-09-05,On,ONON,44.77999877929688,https://query2.finance.yahoo.com/v8/finance/chart/ONON
2024-09-06,On,ONON,44.43999862670898,https://query2.finance.yahoo.com/v8/finance/chart/ONON
2024-09-09,On,ONON,44.36000061035156,https://query2.finance.yahoo.com/v8/finance/chart/ONON
2024-09-10,On,ONON,45.2599983215332,https://query2.finance.yahoo.com/v8/finance/chart/ONON
2024-09-11,On,ONON,46.41999816894531,https://query2.finance.yahoo.com/v8/finance/chart/ONON
2024-09-12,On,ONON,49.04999923706055,https://query2.finance.yahoo.com/v8/finance/chart/ONON
2024-09-13,On,ONON,48.630001068115234,https://query2.finance.yahoo.com/v8/finance/chart/ONON
2024-09-16,On,ONON,49.880001068115234,https://query2.finance.yahoo.com/v8/finance/chart/ONON
2024-09-17,On,ONON,49.25,https://query2.finance.yahoo.com/v8/finance/chart/ONON
2024-09-18,On,ONON,50.93999862670898,https://query2.finance.yahoo.com/v8/finance/chart/ONON
2024-09-19,On,ONON,49.72999954223633,https://query2.finance.yahoo.com/v8/finance/chart/ONON
2024-09-20,On,ONON,49.95000076293945,https://query2.finance.yahoo.com/v8/finance/chart/ONON
2024-09-23,On,ONON,50.40999984741211,https://query2.finance.yahoo.com/v8/finance/chart/ONON
2024-09-24,On,ONON,50.56999969482422,https://query2.finance.yahoo.com/v8/finance/chart/ONON
2024-09-25,On,ONON,50.20000076293945,https://query2.finance.yahoo.com/v8/finance/chart/ONON
2024-09-26,On,ONON,51.56999969482422,https://query2.finance.yahoo.com/v8/finance/chart/ONON
2024-09-27,On,ONON,51.130001068115234,https://query2.finance.yahoo.com/v8/finance/chart/ONON
2024-09-30,On,ONON,50.150001525878906,https://query2.finance.yahoo.com/v8/finance/chart/ONON
2024-10-01,On,ONON,49.34999847412109,https://query2.finance.yahoo.com/v8/finance/chart/ONON
2024-10-02,On,ONON,49.209999084472656,https://query2.finance.yahoo.com/v8/finance/chart/ONON
2024-10-03,On,ONON,49.66999816894531,https://query2.finance.yahoo.com/v8/finance/chart/ONON
2024-10-04,On,ONON,51.709999084472656,https://query2.finance.yahoo.com/v8/finance/chart/ONON
2024-10-07,On,ONON,50.400001525878906,https://query2.finance.yahoo.com/v8/finance/chart/ONON
2024-10-08,On,ONON,51.75,https://query2.finance.yahoo.com/v8/finance/chart/ONON
2024-10-09,On,ONON,50.95000076293945,https://query2.finance.yahoo.com/v8/finance/chart/ONON
2024-10-10,On,ONON,49.95000076293945,https://query2.finance.yahoo.com/v8/finance/chart/ONON
2024-10-11,On,ONON,50.0,https://query2.finance.yahoo.com/v8/finance/chart/ONON
2024-10-14,On,ONON,49.61000061035156,https://query2.finance.yahoo.com/v8/finance/chart/ONON
2024-10-15,On,ONON,49.38999938964844,https://query2.finance.yahoo.com/v8/finance/chart/ONON
2024-10-16,On,ONON,49.130001068115234,https://query2.finance.yahoo.com/v8/finance/chart/ONON
2024-10-17,On,ONON,48.15999984741211,https://query2.finance.yahoo.com/v8/finance/chart/ONON
2024-10-18,On,ONON,48.33000183105469,https://query2.finance.yahoo.com/v8/finance/chart/ONON
2024-10-21,On,ONON,48.310001373291016,https://query2.finance.yahoo.com/v8/finance/chart/ONON
2024-10-22,On,ONON,48.65999984741211,https://query2.finance.yahoo.com/v8/finance/chart/ONON
2024-10-23,On,ONON,47.380001068115234,https://query2.finance.yahoo.com/v8/finance/chart/ONON
2024-10-24,On,ONON,47.59000015258789,https://query2.finance.yahoo.com/v8/finance/chart/ONON
2024-10-25,On,ONON,50.650001525878906,https://query2.finance.yahoo.com/v8/finance/chart/ONON
2024-10-28,On,ONON,50.61000061035156,https://query2.finance.yahoo.com/v8/finance/chart/ONON
2024-10-29,On,ONON,49.90999984741211,https://query2.finance.yahoo.com/v8/finance/chart/ONON
2024-10-30,On,ONON,48.810001373291016,https://query2.finance.yahoo.com/v8/finance/chart/ONON
2024-10-31,On,ONON,47.41999816894531,https://query2.finance.yahoo.com/v8/finance/chart/ONON
2024-11-01,On,ONON,46.5,https://query2.finance.yahoo.com/v8/finance/chart/ONON
2024-11-04,On,ONON,46.29999923706055,https://query2.finance.yahoo.com/v8/finance/chart/ONON
2024-11-05,On,ONON,47.880001068115234,https://query2.finance.yahoo.com/v8/finance/chart/ONON
2024-11-06,On,ONON,47.56999969482422,https://query2.finance.yahoo.com/v8/finance/chart/ONON
2024-11-07,On,ONON,50.380001068115234,https://query2.finance.yahoo.com/v8/finance/chart/ONON
2024-11-08,On,ONON,51.4900016784668,https://query2.finance.yahoo.com/v8/finance/chart/ONON
2024-11-11,On,ONON,52.709999084472656,https://query2.finance.yahoo.com/v8/finance/chart/ONON
2024-11-12,On,ONON,52.619998931884766,https://query2.finance.yahoo.com/v8/finance/chart/ONON
2024-11-13,On,ONON,52.709999084472656,https://query2.finance.yahoo.com/v8/finance/chart/ONON
2024-11-14,On,ONON,53.34999847412109,https://query2.finance.yahoo.com/v8/finance/chart/ONON
2024-11-15,On,ONON,51.91999816894531,https://query2.finance.yahoo.com/v8/finance/chart/ONON
2024-11-18,On,ONON,51.4900016784668,https://query2.finance.yahoo.com/v8/finance/chart/ONON
2024-11-19,On,ONON,53.400001525878906,https://query2.finance.yahoo.com/v8/finance/chart/ONON
2024-11-20,On,ONON,53.7400016784668,https://query2.finance.yahoo.com/v8/finance/chart/ONON
2024-11-21,On,ONON,56.18999862670898,https://query2.finance.yahoo.com/v8/finance/chart/ONON
2024-11-22,On,ONON,58.130001068115234,https://query2.finance.yahoo.com/v8/finance/chart/ONON
2024-11-25,On,ONON,58.470001220703125,https://query2.finance.yahoo.com/v8/finance/chart/ONON
2024-11-26,On,ONON,57.97999954223633,https://query2.finance.yahoo.com/v8/finance/chart/ONON
2024-11-27,On,ONON,57.900001525878906,https://query2.finance.yahoo.com/v8/finance/chart/ONON
2024-11-29,On,ONON,58.33000183105469,https://query2.finance.yahoo.com/v8/finance/chart/ONON
2024-12-02,On,ONON,58.52999877929688,https://query2.finance.yahoo.com/v8/finance/chart/ONON
2024-12-03,On,ONON,59.540000915527344,https://query2.finance.yahoo.com/v8/finance/chart/ONON
2024-12-04,On,ONON,59.0,https://query2.finance.yahoo.com/v8/finance/chart/ONON
2024-12-05,On,ONON,59.369998931884766,https://query2.finance.yahoo.com/v8/finance/chart/ONON
2024-12-06,On,ONON,57.63999938964844,https://query2.finance.yahoo.com/v8/finance/chart/ONON
2024-12-09,On,ONON,55.02000045776367,https://query2.finance.yahoo.com/v8/finance/chart/ONON
2024-12-10,On,ONON,55.18000030517578,https://query2.finance.yahoo.com/v8/finance/chart/ONON
2024-12-11,On,ONON,58.20000076293945,https://query2.finance.yahoo.com/v8/finance/chart/ONON
2024-12-12,On,ONON,57.59999847412109,https://query2.finance.yahoo.com/v8/finance/chart/ONON
2024-12-13,On,ONON,57.29999923706055,https://query2.finance.yahoo.com/v8/finance/chart/ONON
2024-12-16,On,ONON,57.880001068115234,https://query2.finance.yahoo.com/v8/finance/chart/ONON
2024-12-17,On,ONON,56.63999938964844,https://query2.finance.yahoo.com/v8/finance/chart/ONON
2024-12-18,On,ONON,54.7599983215332,https://query2.finance.yahoo.com/v8/finance/chart/ONON
2024-12-19,On,ONON,55.13999938964844,https://query2.finance.yahoo.com/v8/finance/chart/ONON
2024-12-20,On,ONON,57.13999938964844,https://query2.finance.yahoo.com/v8/finance/chart/ONON
2024-12-23,On,ONON,56.650001525878906,https://query2.finance.yahoo.com/v8/finance/chart/ONON
2024-12-24,On,ONON,56.45000076293945,https://query2.finance.yahoo.com/v8/finance/chart/ONON
2024-12-26,On,ONON,56.38999938964844,https://query2.finance.yahoo.com/v8/finance/chart/ONON
2024-12-27,On,ONON,55.630001068115234,https://query2.finance.yahoo.com/v8/finance/chart/ONON
2024-12-30,On,ONON,55.18999862670898,https://query2.finance.yahoo.com/v8/finance/chart/ONON
2024-12-31,On,ONON,54.77000045776367,https://query2.finance.yahoo.com/v8/finance/chart/ONON
2025-01-02,On,ONON,55.369998931884766,https://query2.finance.yahoo.com/v8/finance/chart/ONON
2025-01-03,On,ONON,56.619998931884766,https://query2.finance.yahoo.com/v8/finance/chart/ONON
2025-01-06,On,ONON,54.619998931884766,https://query2.finance.yahoo.com/v8/finance/chart/ONON
2025-01-07,On,ONON,55.27999877929688,https://query2.finance.yahoo.com/v8/finance/chart/ONON
2025-01-08,On,ONON,55.540000915527344,https://query2.finance.yahoo.com/v8/finance/chart/ONON
2025-01-10,On,ONON,56.630001068115234,https://query2.finance.yahoo.com/v8/finance/chart/ONON
2025-01-13,On,ONON,55.380001068115234,https://query2.finance.yahoo.com/v8/finance/chart/ONON
2025-01-14,On,ONON,54.5,https://query2.finance.yahoo.com/v8/finance/chart/ONON
2025-01-15,On,ONON,54.720001220703125,https://query2.finance.yahoo.com/v8/finance/chart/ONON
2025-01-16,On,ONON,56.33000183105469,https://query2.finance.yahoo.com/v8/finance/chart/ONON
2025-01-17,On,ONON,57.97999954223633,https://query2.finance.yahoo.com/v8/finance/chart/ONON
2025-01-21,On,ONON,59.95000076293945,https://query2.finance.yahoo.com/v8/finance/chart/ONON
2025-01-22,On,ONON,58.560001373291016,https://query2.finance.yahoo.com/v8/finance/chart/ONON
2025-01-23,On,ONON,60.45000076293945,https://query2.finance.yahoo.com/v8/finance/chart/ONON
2025-01-24,On,ONON,60.150001525878906,https://query2.finance.yahoo.com/v8/finance/chart/ONON
2025-01-27,On,ONON,59.900001525878906,https://query2.finance.yahoo.com/v8/finance/chart/ONON
2025-01-28,On,ONON,62.15999984741211,https://query2.finance.yahoo.com/v8/finance/chart/ONON
2025-01-29,On,ONON,63.040000915527344,https://query2.finance.yahoo.com/v8/finance/chart/ONON
2025-01-30,On,ONON,63.619998931884766,https://query2.finance.yahoo.com/v8/finance/chart/ONON
2025-01-31,On,ONON,59.880001068115234,https://query2.finance.yahoo.com/v8/finance/chart/ONON
2025-02-03,On,ONON,58.52000045776367,https://query2.finance.yahoo.com/v8/finance/chart/ONON
2025-02-04,On,ONON,58.34000015258789,https://query2.finance.yahoo.com/v8/finance/chart/ONON
2025-02-05,On,ONON,59.040000915527344,https://query2.finance.yahoo.com/v8/finance/chart/ONON
2025-02-06,On,ONON,59.720001220703125,https://query2.finance.yahoo.com/v8/finance/chart/ONON
2025-02-07,On,ONON,56.40999984741211,https://query2.finance.yahoo.com/v8/finance/chart/ONON
2025-02-10,On,ONON,55.709999084472656,https://query2.finance.yahoo.com/v8/finance/chart/ONON
2025-02-11,On,ONON,53.970001220703125,https://query2.finance.yahoo.com/v8/finance/chart/ONON
2025-02-12,On,ONON,54.040000915527344,https://query2.finance.yahoo.com/v8/finance/chart/ONON
2025-02-13,On,ONON,52.369998931884766,https://query2.finance.yahoo.com/v8/finance/chart/ONON
2025-02-14,On,ONON,52.02999877929688,https://query2.finance.yahoo.com/v8/finance/chart/ONON
2025-02-18,On,ONON,53.36000061035156,https://query2.finance.yahoo.com/v8/finance/chart/ONON
2025-02-19,On,ONON,52.06999969482422,https://query2.finance.yahoo.com/v8/finance/chart/ONON
2025-02-20,On,ONON,51.209999084472656,https://query2.finance.yahoo.com/v8/finance/chart/ONON
2025-02-21,On,ONON,48.43999862670898,https://query2.finance.yahoo.com/v8/finance/chart/ONON
2025-02-24,On,ONON,48.75,https://query2.finance.yahoo.com/v8/finance/chart/ONON
2025-02-25,On,ONON,48.400001525878906,https://query2.finance.yahoo.com/v8/finance/chart/ONON
2025-02-26,On,ONON,49.88999938964844,https://query2.finance.yahoo.com/v8/finance/chart/ONON
2025-02-27,On,ONON,46.68999862670898,https://query2.finance.yahoo.com/v8/finance/chart/ONON
2025-02-28,On,ONON,48.47999954223633,https://query2.finance.yahoo.com/v8/finance/chart/ONON
2025-03-03,On,ONON,47.84999847412109,https://query2.finance.yahoo.com/v8/finance/chart/ONON
2025-03-04,On,ONON,50.630001068115234,https://query2.finance.yahoo.com/v8/finance/chart/ONON
2025-03-05,On,ONON,52.47999954223633,https://query2.finance.yahoo.com/v8/finance/chart/ONON
2025-03-06,On,ONON,49.52999877929688,https://query2.finance.yahoo.com/v8/finance/chart/ONON
2025-03-07,On,ONON,46.65999984741211,https://query2.finance.yahoo.com/v8/finance/chart/ONON
2025-03-10,On,ONON,44.22999954223633,https://query2.finance.yahoo.com/v8/finance/chart/ONON
2025-03-11,On,ONON,45.16999816894531,https://query2.finance.yahoo.com/v8/finance/chart/ONON
2025-03-12,On,ONON,46.72999954223633,https://query2.finance.yahoo.com/v8/finance/chart/ONON
2025-03-13,On,ONON,46.369998931884766,https://query2.finance.yahoo.com/v8/finance/chart/ONON
2025-03-14,On,ONON,46.43999862670898,https://query2.finance.yahoo.com/v8/finance/chart/ONON
2025-03-17,On,ONON,48.060001373291016,https://query2.finance.yahoo.com/v8/finance/chart/ONON
2025-03-18,On,ONON,46.27999877929688,https://query2.finance.yahoo.com/v8/finance/chart/ONON
2025-03-19,On,ONON,47.06999969482422,https://query2.finance.yahoo.com/v8/finance/chart/ONON
2025-03-20,On,ONON,45.560001373291016,https://query2.finance.yahoo.com/v8/finance/chart/ONON
2025-03-21,On,ONON,46.25,https://query2.finance.yahoo.com/v8/finance/chart/ONON
2025-03-24,On,ONON,48.31999969482422,https://query2.finance.yahoo.com/v8/finance/chart/ONON
2025-03-25,On,ONON,47.970001220703125,https://query2.finance.yahoo.com/v8/finance/chart/ONON
2025-03-26,On,ONON,46.04999923706055,https://query2.finance.yahoo.com/v8/finance/chart/ONON
2025-03-27,On,ONON,46.0,https://query2.finance.yahoo.com/v8/finance/chart/ONON
2025-03-28,On,ONON,44.150001525878906,https://query2.finance.yahoo.com/v8/finance/chart/ONON
2025-03-31,On,ONON,43.91999816894531,https://query2.finance.yahoo.com/v8/finance/chart/ONON
2025-04-01,On,ONON,42.70000076293945,https://query2.finance.yahoo.com/v8/finance/chart/ONON
2025-04-02,On,ONON,44.91999816894531,https://query2.finance.yahoo.com/v8/finance/chart/ONON
2025-04-03,On,ONON,37.650001525878906,https://query2.finance.yahoo.com/v8/finance/chart/ONON
2025-04-04,On,ONON,39.61000061035156,https://query2.finance.yahoo.com/v8/finance/chart/ONON
2025-04-07,On,ONON,40.970001220703125,https://query2.finance.yahoo.com/v8/finance/chart/ONON
2025-04-08,On,ONON,38.90999984741211,https://query2.finance.yahoo.com/v8/finance/chart/ONON
2025-04-09,On,ONON,45.0099983215332,https://query2.finance.yahoo.com/v8/finance/chart/ONON
2025-04-10,On,ONON,43.02000045776367,https://query2.finance.yahoo.com/v8/finance/chart/ONON
2025-04-11,On,ONON,43.5099983215332,https://query2.finance.yahoo.com/v8/finance/chart/ONON
2025-04-14,On,ONON,43.16999816894531,https://query2.finance.yahoo.com/v8/finance/chart/ONON
2025-04-15,On,ONON,42.66999816894531,https://query2.finance.yahoo.com/v8/finance/chart/ONON
2025-04-16,On,ONON,41.75,https://query2.finance.yahoo.com/v8/finance/chart/ONON
2025-04-17,On,ONON,42.5,https://query2.finance.yahoo.com/v8/finance/chart/ONON
2025-04-21,On,ONON,41.310001373291016,https://query2.finance.yahoo.com/v8/finance/chart/ONON
2025-04-22,On,ONON,42.630001068115234,https://query2.finance.yahoo.com/v8/finance/chart/ONON
2025-04-23,On,ONON,43.93000030517578,https://query2.finance.yahoo.com/v8/finance/chart/ONON
2025-04-24,On,ONON,44.7599983215332,https://query2.finance.yahoo.com/v8/finance/chart/ONON
2025-04-25,On,ONON,45.02999877929688,https://query2.finance.yahoo.com/v8/finance/chart/ONON
2025-04-28,On,ONON,46.59000015258789,https://query2.finance.yahoo.com/v8/finance/chart/ONON
2025-04-29,On,ONON,47.900001525878906,https://query2.finance.yahoo.com/v8/finance/chart/ONON
2025-04-30,On,ONON,48.11000061035156,https://query2.finance.yahoo.com/v8/finance/chart/ONON
2025-05-01,On,ONON,47.720001220703125,https://query2.finance.yahoo.com/v8/finance/chart/ONON
2025-05-02,On,ONON,48.90999984741211,https://query2.finance.yahoo.com/v8/finance/chart/ONON
2025-05-05,On,ONON,48.88999938964844,https://query2.finance.yahoo.com/v8/finance/chart/ONON
2025-05-06,On,ONON,48.20000076293945,https://query2.finance.yahoo.com/v8/finance/chart/ONON
2025-05-07,On,ONON,48.52999877929688,https://query2.finance.yahoo.com/v8/finance/chart/ONON
2025-05-08,On,ONON,49.720001220703125,https://query2.finance.yahoo.com/v8/finance/chart/ONON
2025-05-09,On,ONON,49.41999816894531,https://query2.finance.yahoo.com/v8/finance/chart/ONON
2025-05-12,On,ONON,51.310001373291016,https://query2.finance.yahoo.com/v8/finance/chart/ONON
2025-05-13,On,ONON,57.380001068115234,https://query2.finance.yahoo.com/v8/finance/chart/ONON
2025-05-14,On,ONON,57.59000015258789,https://query2.finance.yahoo.com/v8/finance/chart/ONON
2025-05-15,On,ONON,60.25,https://query2.finance.yahoo.com/v8/finance/chart/ONON
2025-05-16,On,ONON,59.900001525878906,https://query2.finance.yahoo.com/v8/finance/chart/ONON
2025-05-19,On,ONON,59.9900016784668,https://query2.finance.yahoo.com/v8/finance/chart/ONON
2025-05-20,On,ONON,59.66999816894531,https://query2.finance.yahoo.com/v8/finance/chart/ONON
2025-05-21,On,ONON,59.13999938964844,https://query2.finance.yahoo.com/v8/finance/chart/ONON
2025-05-22,On,ONON,58.81999969482422,https://query2.finance.yahoo.com/v8/finance/chart/ONON
2025-05-23,On,ONON,58.43999862670898,https://query2.finance.yahoo.com/v8/finance/chart/ONON
2025-05-27,On,ONON,60.68000030517578,https://query2.finance.yahoo.com/v8/finance/chart/ONON
2025-05-28,On,ONON,59.77999877929688,https://query2.finance.yahoo.com/v8/finance/chart/ONON
2025-05-29,On,ONON,58.84000015258789,https://query2.finance.yahoo.com/v8/finance/chart/ONON
2025-05-30,On,ONON,59.38999938964844,https://query2.finance.yahoo.com/v8/finance/chart/ONON
2025-06-02,On,ONON,59.13999938964844,https://query2.finance.yahoo.com/v8/finance/chart/ONON
2025-06-03,On,ONON,58.52999877929688,https://query2.finance.yahoo.com/v8/finance/chart/ONON
2025-06-04,On,ONON,58.02999877929688,https://query2.finance.yahoo.com/v8/finance/chart/ONON
2025-06-05,On,ONON,56.95000076293945,https://query2.finance.yahoo.com/v8/finance/chart/ONON
2025-06-06,On,ONON,56.560001373291016,https://query2.finance.yahoo.com/v8/finance/chart/ONON
2025-06-09,On,ONON,56.459999084472656,https://query2.finance.yahoo.com/v8/finance/chart/ONON
2025-06-10,On,ONON,56.93000030517578,https://query2.finance.yahoo.com/v8/finance/chart/ONON
2025-06-11,On,ONON,56.790000915527344,https://query2.finance.yahoo.com/v8/finance/chart/ONON
2025-06-12,On,ONON,55.72999954223633,https://query2.finance.yahoo.com/v8/finance/chart/ONON
2025-06-13,On,ONON,52.2599983215332,https://query2.finance.yahoo.com/v8/finance/chart/ONON
2025-06-16,On,ONON,53.0099983215332,https://query2.finance.yahoo.com/v8/finance/chart/ONON
2025-06-17,On,ONON,52.08000183105469,https://query2.finance.yahoo.com/v8/finance/chart/ONON
2025-06-18,On,ONON,51.869998931884766,https://query2.finance.yahoo.com/v8/finance/chart/ONON
2025-06-20,On,ONON,52.66999816894531,https://query2.finance.yahoo.com/v8/finance/chart/ONON
2025-06-23,On,ONON,53.06999969482422,https://query2.finance.yahoo.com/v8/finance/chart/ONON
2025-06-24,On,ONON,52.459999084472656,https://query2.finance.yahoo.com/v8/finance/chart/ONON
2025-06-25,On,ONON,51.47999954223633,https://query2.finance.yahoo.com/v8/finance/chart/ONON
2025-06-26,On,ONON,51.59000015258789,https://query2.finance.yahoo.com/v8/finance/chart/ONON
2025-06-27,On,ONON,52.4900016784668,https://query2.finance.yahoo.com/v8/finance/chart/ONON
2025-06-30,On,ONON,52.04999923706055,https://query2.finance.yahoo.com/v8/finance/chart/ONON
2025-07-01,On,ONON,52.209999084472656,https://query2.finance.yahoo.com/v8/finance/chart/ONON
2025-07-02,On,ONON,53.70000076293945,https://query2.finance.yahoo.com/v8/finance/chart/ONON
2025-07-03,On,ONON,54.310001373291016,https://query2.finance.yahoo.com/v8/finance/chart/ONON
2025-07-07,On,ONON,54.36000061035156,https://query2.finance.yahoo.com/v8/finance/chart/ONON
2025-07-08,On,ONON,52.59999847412109,https://query2.finance.yahoo.com/v8/finance/chart/ONON
2025-07-09,On,ONON,54.119998931884766,https://query2.finance.yahoo.com/v8/finance/chart/ONON
2025-07-10,On,ONON,53.310001373291016,https://query2.finance.yahoo.com/v8/finance/chart/ONON
2025-07-11,On,ONON,52.43999862670898,https://query2.finance.yahoo.com/v8/finance/chart/ONON
2025-07-14,On,ONON,53.2599983215332,https://query2.finance.yahoo.com/v8/finance/chart/ONON
2025-07-15,On,ONON,53.459999084472656,https://query2.finance.yahoo.com/v8/finance/chart/ONON
2025-07-16,On,ONON,52.880001068115234,https://query2.finance.yahoo.com/v8/finance/chart/ONON
2025-07-17,On,ONON,54.2400016784668,https://query2.finance.yahoo.com/v8/finance/chart/ONON
2025-07-18,On,ONON,53.119998931884766,https://query2.finance.yahoo.com/v8/finance/chart/ONON
2025-07-21,On,ONON,53.209999084472656,https://query2.finance.yahoo.com/v8/finance/chart/ONON
2025-07-22,On,ONON,50.36000061035156,https://query2.finance.yahoo.com/v8/finance/chart/ONON
2025-07-23,On,ONON,51.63999938964844,https://query2.finance.yahoo.com/v8/finance/chart/ONON
2025-07-24,On,ONON,49.95000076293945,https://query2.finance.yahoo.com/v8/finance/chart/ONON
2025-07-25,On,ONON,50.7599983215332,https://query2.finance.yahoo.com/v8/finance/chart/ONON
2025-07-28,On,ONON,50.95000076293945,https://query2.finance.yahoo.com/v8/finance/chart/ONON
2025-07-29,On,ONON,51.75,https://query2.finance.yahoo.com/v8/finance/chart/ONON
2025-07-30,On,ONON,50.68000030517578,https://query2.finance.yahoo.com/v8/finance/chart/ONON
2025-07-31,On,ONON,48.56999969482422,https://query2.finance.yahoo.com/v8/finance/chart/ONON
2025-08-01,On,ONON,47.02999877929688,https://query2.finance.yahoo.com/v8/finance/chart/ONON
2025-08-04,On,ONON,47.59999847412109,https://query2.finance.yahoo.com/v8/finance/chart/ONON
2025-08-05,On,ONON,47.150001525878906,https://query2.finance.yahoo.com/v8/finance/chart/ONON
2025-08-06,On,ONON,46.810001373291016,https://query2.finance.yahoo.com/v8/finance/chart/ONON
2025-08-07,On,ONON,45.15999984741211,https://query2.finance.yahoo.com/v8/finance/chart/ONON
2025-08-08,On,ONON,45.65999984741211,https://query2.finance.yahoo.com/v8/finance/chart/ONON
2025-08-11,On,ONON,45.720001220703125,https://query2.finance.yahoo.com/v8/finance/chart/ONON
2025-08-12,On,ONON,49.810001373291016,https://query2.finance.yahoo.com/v8/finance/chart/ONON
2025-08-13,On,ONON,48.18999862670898,https://query2.finance.yahoo.com/v8/finance/chart/ONON
2025-08-14,On,ONON,44.209999084472656,https://query2.finance.yahoo.com/v8/finance/chart/ONON
2025-08-15,On,ONON,45.34000015258789,https://query2.finance.yahoo.com/v8/finance/chart/ONON
2025-08-18,On,ONON,45.220001220703125,https://query2.finance.yahoo.com/v8/finance/chart/ONON
2025-08-19,On,ONON,45.02999877929688,https://query2.finance.yahoo.com/v8/finance/chart/ONON
2025-08-20,On,ONON,45.2400016784668,https://query2.finance.yahoo.com/v8/finance/chart/ONON
2025-08-21,On,ONON,44.58000183105469,https://query2.finance.yahoo.com/v8/finance/chart/ONON
2025-08-22,On,ONON,46.560001373291016,https://query2.finance.yahoo.com/v8/finance/chart/ONON
2025-08-25,On,ONON,45.59000015258789,https://query2.finance.yahoo.com/v8/finance/chart/ONON
2025-08-26,On,ONON,45.18000030517578,https://query2.finance.yahoo.com/v8/finance/chart/ONON
2025-08-27,On,ONON,45.18000030517578,https://query2.finance.yahoo.com/v8/finance/chart/ONON
2025-08-28,On,ONON,44.59000015258789,https://query2.finance.yahoo.com/v8/finance/chart/ONON
2025-08-29,On,ONON,45.08000183105469,https://query2.finance.yahoo.com/v8/finance/chart/ONON
2025-09-02,On,ONON,44.790000915527344,https://query2.finance.yahoo.com/v8/finance/chart/ONON
2025-09-03,On,ONON,44.79999923706055,https://query2.finance.yahoo.com/v8/finance/chart/ONON
2025-09-04,On,ONON,46.04999923706055,https://query2.finance.yahoo.com/v8/finance/chart/ONON
2025-09-05,On,ONON,45.52000045776367,https://query2.finance.yahoo.com/v8/finance/chart/ONON
2025-09-08,On,ONON,45.20000076293945,https://query2.finance.yahoo.com/v8/finance/chart/ONON
2025-09-09,On,ONON,44.38999938964844,https://query2.finance.yahoo.com/v8/finance/chart/ONON
2025-09-10,On,ONON,42.84999847412109,https://query2.finance.yahoo.com/v8/finance/chart/ONON
2025-09-11,On,ONON,43.29999923706055,https://query2.finance.yahoo.com/v8/finance/chart/ONON
2025-09-12,On,ONON,42.88999938964844,https://query2.finance.yahoo.com/v8/finance/chart/ONON
2025-09-15,On,ONON,42.66999816894531,https://query2.finance.yahoo.com/v8/finance/chart/ONON
2025-09-16,On,ONON,43.02000045776367,https://query2.finance.yahoo.com/v8/finance/chart/ONON
2025-09-17,On,ONON,43.84000015258789,https://query2.finance.yahoo.com/v8/finance/chart/ONON
2025-09-18,On,ONON,44.9900016784668,https://query2.finance.yahoo.com/v8/finance/chart/ONON
2025-09-19,On,ONON,45.22999954223633,https://query2.finance.yahoo.com/v8/finance/chart/ONON
2025-09-22,On,ONON,45.59000015258789,https://query2.finance.yahoo.com/v8/finance/chart/ONON
2025-09-23,On,ONON,45.86000061035156,https://query2.finance.yahoo.com/v8/finance/chart/ONON
2025-09-24,On,ONON,45.7599983215332,https://query2.finance.yahoo.com/v8/finance/chart/ONON
2025-09-25,On,ONON,43.91999816894531,https://query2.finance.yahoo.com/v8/finance/chart/ONON
2025-09-26,On,ONON,42.470001220703125,https://query2.finance.yahoo.com/v8/finance/chart/ONON
2025-09-29,On,ONON,43.59000015258789,https://query2.finance.yahoo.com/v8/finance/chart/ONON
2025-09-30,On,ONON,42.34999847412109,https://query2.finance.yahoo.com/v8/finance/chart/ONON
2025-10-01,On,ONON,40.959999084472656,https://query2.finance.yahoo.com/v8/finance/chart/ONON
2025-10-02,On,ONON,42.36000061035156,https://query2.finance.yahoo.com/v8/finance/chart/ONON
2025-10-03,On,ONON,42.09999847412109,https://query2.finance.yahoo.com/v8/finance/chart/ONON
2025-10-06,On,ONON,42.56999969482422,https://query2.finance.yahoo.com/v8/finance/chart/ONON
2025-10-07,On,ONON,41.709999084472656,https://query2.finance.yahoo.com/v8/finance/chart/ONON
2025-10-08,On,ONON,43.619998931884766,https://query2.finance.yahoo.com/v8/finance/chart/ONON
2025-10-09,On,ONON,43.29999923706055,https://query2.finance.yahoo.com/v8/finance/chart/ONON
2025-10-10,On,ONON,41.86000061035156,https://query2.finance.yahoo.com/v8/finance/chart/ONON
2025-10-13,On,ONON,42.970001220703125,https://query2.finance.yahoo.com/v8/finance/chart/ONON
2025-10-14,On,ONON,42.18000030517578,https://query2.finance.yahoo.com/v8/finance/chart/ONON
2025-10-15,On,ONON,41.43999862670898,https://query2.finance.yahoo.com/v8/finance/chart/ONON
2025-10-16,On,ONON,41.97999954223633,https://query2.finance.yahoo.com/v8/finance/chart/ONON
2025-10-17,On,ONON,41.81999969482422,https://query2.finance.yahoo.com/v8/finance/chart/ONON
2025-10-20,On,ONON,41.470001220703125,https://query2.finance.yahoo.com/v8/finance/chart/ONON
2025-10-21,On,ONON,42.90999984741211,https://query2.finance.yahoo.com/v8/finance/chart/ONON
2025-10-22,On,ONON,42.27000045776367,https://query2.finance.yahoo.com/v8/finance/chart/ONON
2025-10-23,On,ONON,43.22999954223633,https://query2.finance.yahoo.com/v8/finance/chart/ONON
2025-10-24,On,ONON,41.70000076293945,https://query2.finance.yahoo.com/v8/finance/chart/ONON
2025-10-27,On,ONON,42.209999084472656,https://query2.finance.yahoo.com/v8/finance/chart/ONON
2025-10-28,On,ONON,41.16999816894531,https://query2.finance.yahoo.com/v8/finance/chart/ONON
2025-10-29,On,ONON,39.290000915527344,https://query2.finance.yahoo.com/v8/finance/chart/ONON
2025-10-30,On,ONON,37.22999954223633,https://query2.finance.yahoo.com/v8/finance/chart/ONON
2025-10-31,On,ONON,37.150001525878906,https://query2.finance.yahoo.com/v8/finance/chart/ONON
2025-11-03,On,ONON,36.459999084472656,https://query2.finance.yahoo.com/v8/finance/chart/ONON
2025-11-04,On,ONON,36.20000076293945,https://query2.finance.yahoo.com/v8/finance/chart/ONON
2025-11-05,On,ONON,36.08000183105469,https://query2.finance.yahoo.com/v8/finance/chart/ONON
2025-11-06,On,ONON,35.5099983215332,https://query2.finance.yahoo.com/v8/finance/chart/ONON
2025-11-07,On,ONON,35.0,https://query2.finance.yahoo.com/v8/finance/chart/ONON
2025-11-10,On,ONON,34.959999084472656,https://query2.finance.yahoo.com/v8/finance/chart/ONON
2025-11-11,On,ONON,35.18000030517578,https://query2.finance.yahoo.com/v8/finance/chart/ONON
2025-11-12,On,ONON,41.5099983215332,https://query2.finance.yahoo.com/v8/finance/chart/ONON
2025-11-13,On,ONON,42.400001525878906,https://query2.finance.yahoo.com/v8/finance/chart/ONON
2025-11-14,On,ONON,42.400001525878906,https://query2.finance.yahoo.com/v8/finance/chart/ONON
2025-11-17,On,ONON,41.400001525878906,https://query2.finance.yahoo.com/v8/finance/chart/ONON
2025-11-18,On,ONON,42.65999984741211,https://query2.finance.yahoo.com/v8/finance/chart/ONON
2025-11-19,On,ONON,43.29999923706055,https://query2.finance.yahoo.com/v8/finance/chart/ONON
2025-11-20,On,ONON,41.41999816894531,https://query2.finance.yahoo.com/v8/finance/chart/ONON
2025-11-21,On,ONON,41.27999877929688,https://query2.finance.yahoo.com/v8/finance/chart/ONON
2025-11-24,On,ONON,40.790000915527344,https://query2.finance.yahoo.com/v8/finance/chart/ONON
2025-11-25,On,ONON,41.7599983215332,https://query2.finance.yahoo.com/v8/finance/chart/ONON
2025-11-26,On,ONON,43.18999862670898,https://query2.finance.yahoo.com/v8/finance/chart/ONON
2025-11-28,On,ONON,43.9900016784668,https://query2.finance.yahoo.com/v8/finance/chart/ONON
2025-12-01,On,ONON,44.68000030517578,https://query2.finance.yahoo.com/v8/finance/chart/ONON
2025-12-02,On,ONON,45.150001525878906,https://query2.finance.yahoo.com/v8/finance/chart/ONON
2025-12-03,On,ONON,47.06999969482422,https://query2.finance.yahoo.com/v8/finance/chart/ONON
2025-12-04,On,ONON,46.5099983215332,https://query2.finance.yahoo.com/v8/finance/chart/ONON
2025-12-05,On,ONON,48.13999938964844,https://query2.finance.yahoo.com/v8/finance/chart/ONON
2025-12-08,On,ONON,47.02000045776367,https://query2.finance.yahoo.com/v8/finance/chart/ONON
2025-12-09,On,ONON,47.310001373291016,https://query2.finance.yahoo.com/v8/finance/chart/ONON
2025-12-10,On,ONON,48.720001220703125,https://query2.finance.yahoo.com/v8/finance/chart/ONON
2025-12-11,On,ONON,49.5,https://query2.finance.yahoo.com/v8/finance/chart/ONON
2025-12-12,On,ONON,48.7599983215332,https://query2.finance.yahoo.com/v8/finance/chart/ONON
2025-12-15,On,ONON,47.790000915527344,https://query2.finance.yahoo.com/v8/finance/chart/ONON
2025-12-16,On,ONON,48.290000915527344,https://query2.finance.yahoo.com/v8/finance/chart/ONON
2025-12-17,On,ONON,48.09999847412109,https://query2.finance.yahoo.com/v8/finance/chart/ONON
2025-12-18,On,ONON,48.459999084472656,https://query2.finance.yahoo.com/v8/finance/chart/ONON
2025-12-19,On,ONON,48.56999969482422,https://query2.finance.yahoo.com/v8/finance/chart/ONON
2025-12-22,On,ONON,48.13999938964844,https://query2.finance.yahoo.com/v8/finance/chart/ONON
2025-12-23,On,ONON,47.88999938964844,https://query2.finance.yahoo.com/v8/finance/chart/ONON
2025-12-24,On,ONON,46.4900016784668,https://query2.finance.yahoo.com/v8/finance/chart/ONON
2025-12-26,On,ONON,46.77999877929688,https://query2.finance.yahoo.com/v8/finance/chart/ONON
2025-12-29,On,ONON,47.459999084472656,https://query2.finance.yahoo.com/v8/finance/chart/ONON
2025-12-30,On,ONON,47.45000076293945,https://query2.finance.yahoo.com/v8/finance/chart/ONON
2025-12-31,On,ONON,46.47999954223633,https://query2.finance.yahoo.com/v8/finance/chart/ONON
2026-01-02,On,ONON,46.95000076293945,https://query2.finance.yahoo.com/v8/finance/chart/ONON
2026-01-05,On,ONON,49.0,https://query2.finance.yahoo.com/v8/finance/chart/ONON
2026-01-06,On,ONON,49.040000915527344,https://query2.finance.yahoo.com/v8/finance/chart/ONON
2026-01-07,On,ONON,48.65999984741211,https://query2.finance.yahoo.com/v8/finance/chart/ONON
2026-01-08,On,ONON,50.630001068115234,https://query2.finance.yahoo.com/v8/finance/chart/ONON
2026-01-09,On,ONON,49.119998931884766,https://query2.finance.yahoo.com/v8/finance/chart/ONON
2026-01-12,On,ONON,48.90999984741211,https://query2.finance.yahoo.com/v8/finance/chart/ONON
2026-01-13,On,ONON,47.2599983215332,https://query2.finance.yahoo.com/v8/finance/chart/ONON
2026-01-14,On,ONON,45.06999969482422,https://query2.finance.yahoo.com/v8/finance/chart/ONON
2026-01-15,On,ONON,46.0,https://query2.finance.yahoo.com/v8/finance/chart/ONON
2026-01-16,On,ONON,45.04999923706055,https://query2.finance.yahoo.com/v8/finance/chart/ONON
2026-01-20,On,ONON,44.119998931884766,https://query2.finance.yahoo.com/v8/finance/chart/ONON
2026-01-21,On,ONON,46.29999923706055,https://query2.finance.yahoo.com/v8/finance/chart/ONON
2026-01-22,On,ONON,46.619998931884766,https://query2.finance.yahoo.com/v8/finance/chart/ONON
2026-01-23,On,ONON,45.959999084472656,https://query2.finance.yahoo.com/v8/finance/chart/ONON
2026-01-26,On,ONON,46.470001220703125,https://query2.finance.yahoo.com/v8/finance/chart/ONON
2026-01-27,On,ONON,45.52000045776367,https://query2.finance.yahoo.com/v8/finance/chart/ONON
2026-01-28,On,ONON,44.86000061035156,https://query2.finance.yahoo.com/v8/finance/chart/ONON
2026-01-29,On,ONON,45.02000045776367,https://query2.finance.yahoo.com/v8/finance/chart/ONON
2026-01-30,On,ONON,45.25,https://query2.finance.yahoo.com/v8/finance/chart/ONON
2026-02-02,On,ONON,45.93999862670898,https://query2.finance.yahoo.com/v8/finance/chart/ONON
2026-02-03,On,ONON,44.130001068115234,https://query2.finance.yahoo.com/v8/finance/chart/ONON
2026-02-04,On,ONON,43.869998931884766,https://query2.finance.yahoo.com/v8/finance/chart/ONON
2026-02-05,On,ONON,42.91999816894531,https://query2.finance.yahoo.com/v8/finance/chart/ONON
2026-02-06,On,ONON,43.470001220703125,https://query2.finance.yahoo.com/v8/finance/chart/ONON
2026-02-09,On,ONON,44.34000015258789,https://query2.finance.yahoo.com/v8/finance/chart/ONON
2026-02-10,On,ONON,45.29999923706055,https://query2.finance.yahoo.com/v8/finance/chart/ONON
2026-02-11,On,ONON,45.290000915527344,https://query2.finance.yahoo.com/v8/finance/chart/ONON
2026-02-12,On,ONON,44.27000045776367,https://query2.finance.yahoo.com/v8/finance/chart/ONON
2026-02-13,On,ONON,45.290000915527344,https://query2.finance.yahoo.com/v8/finance/chart/ONON
2026-02-17,On,ONON,46.65999984741211,https://query2.finance.yahoo.com/v8/finance/chart/ONON
2026-02-18,On,ONON,47.33000183105469,https://query2.finance.yahoo.com/v8/finance/chart/ONON
2026-02-19,On,ONON,48.02000045776367,https://query2.finance.yahoo.com/v8/finance/chart/ONON
2026-02-20,On,ONON,49.41999816894531,https://query2.finance.yahoo.com/v8/finance/chart/ONON
2026-02-23,On,ONON,47.43999862670898,https://query2.finance.yahoo.com/v8/finance/chart/ONON
2026-02-24,On,ONON,46.790000915527344,https://query2.finance.yahoo.com/v8/finance/chart/ONON
2026-02-25,On,ONON,46.650001525878906,https://query2.finance.yahoo.com/v8/finance/chart/ONON
2026-02-26,On,ONON,47.59999847412109,https://query2.finance.yahoo.com/v8/finance/chart/ONON
2026-02-27,On,ONON,46.47999954223633,https://query2.finance.yahoo.com/v8/finance/chart/ONON
2026-03-02,On,ONON,46.7599983215332,https://query2.finance.yahoo.com/v8/finance/chart/ONON
2026-03-03,On,ONON,43.90999984741211,https://query2.finance.yahoo.com/v8/finance/chart/ONON
2026-03-04,On,ONON,43.22999954223633,https://query2.finance.yahoo.com/v8/finance/chart/ONON
2026-03-05,On,ONON,43.369998931884766,https://query2.finance.yahoo.com/v8/finance/chart/ONON
2026-03-06,On,ONON,41.459999084472656,https://query2.finance.yahoo.com/v8/finance/chart/ONON
2026-03-09,On,ONON,41.18000030517578,https://query2.finance.yahoo.com/v8/finance/chart/ONON
2026-03-10,On,ONON,41.02000045776367,https://query2.finance.yahoo.com/v8/finance/chart/ONON
2026-03-11,On,ONON,39.43999862670898,https://query2.finance.yahoo.com/v8/finance/chart/ONON
2026-03-12,On,ONON,37.959999084472656,https://query2.finance.yahoo.com/v8/finance/chart/ONON
2026-03-13,On,ONON,37.9900016784668,https://query2.finance.yahoo.com/v8/finance/chart/ONON
2026-03-16,On,ONON,39.25,https://query2.finance.yahoo.com/v8/finance/chart/ONON
2026-03-17,On,ONON,39.790000915527344,https://query2.finance.yahoo.com/v8/finance/chart/ONON
2026-03-18,On,ONON,39.04999923706055,https://query2.finance.yahoo.com/v8/finance/chart/ONON
2026-03-19,On,ONON,38.869998931884766,https://query2.finance.yahoo.com/v8/finance/chart/ONON
2026-03-20,On,ONON,37.65999984741211,https://query2.finance.yahoo.com/v8/finance/chart/ONON
2026-03-23,On,ONON,39.86000061035156,https://query2.finance.yahoo.com/v8/finance/chart/ONON
2026-03-24,On,ONON,39.59000015258789,https://query2.finance.yahoo.com/v8/finance/chart/ONON
2026-03-25,On,ONON,35.15999984741211,https://query2.finance.yahoo.com/v8/finance/chart/ONON
2026-03-26,On,ONON,32.11000061035156,https://query2.finance.yahoo.com/v8/finance/chart/ONON
2026-03-27,On,ONON,32.38999938964844,https://query2.finance.yahoo.com/v8/finance/chart/ONON
2026-03-30,On,ONON,31.8799991607666,https://query2.finance.yahoo.com/v8/finance/chart/ONON
2026-03-31,On,ONON,34.02000045776367,https://query2.finance.yahoo.com/v8/finance/chart/ONON
2026-04-01,On,ONON,34.77000045776367,https://query2.finance.yahoo.com/v8/finance/chart/ONON
2026-04-02,On,ONON,33.029998779296875,https://query2.finance.yahoo.com/v8/finance/chart/ONON
2026-04-06,On,ONON,33.66999816894531,https://query2.finance.yahoo.com/v8/finance/chart/ONON
2026-04-07,On,ONON,32.209999084472656,https://query2.finance.yahoo.com/v8/finance/chart/ONON
2026-04-08,On,ONON,33.810001373291016,https://query2.finance.yahoo.com/v8/finance/chart/ONON
2026-04-09,On,ONON,34.439998626708984,https://query2.finance.yahoo.com/v8/finance/chart/ONON
2026-04-10,On,ONON,33.54999923706055,https://query2.finance.yahoo.com/v8/finance/chart/ONON
2026-04-13,On,ONON,34.189998626708984,https://query2.finance.yahoo.com/v8/finance/chart/ONON
2026-04-14,On,ONON,35.58000183105469,https://query2.finance.yahoo.com/v8/finance/chart/ONON
2026-04-15,On,ONON,35.43000030517578,https://query2.finance.yahoo.com/v8/finance/chart/ONON
2026-04-16,On,ONON,35.41999816894531,https://query2.finance.yahoo.com/v8/finance/chart/ONON
2026-04-17,On,ONON,36.95000076293945,https://query2.finance.yahoo.com/v8/finance/chart/ONON
2026-04-20,On,ONON,37.25,https://query2.finance.yahoo.com/v8/finance/chart/ONON
2026-04-21,On,ONON,36.72999954223633,https://query2.finance.yahoo.com/v8/finance/chart/ONON
2026-04-22,On,ONON,36.59999847412109,https://query2.finance.yahoo.com/v8/finance/chart/ONON
2026-04-23,On,ONON,36.220001220703125,https://query2.finance.yahoo.com/v8/finance/chart/ONON
2026-04-24,On,ONON,36.25,https://query2.finance.yahoo.com/v8/finance/chart/ONON
2026-04-27,On,ONON,35.93000030517578,https://query2.finance.yahoo.com/v8/finance/chart/ONON
2026-04-28,On,ONON,35.43000030517578,https://query2.finance.yahoo.com/v8/finance/chart/ONON
2026-04-29,On,ONON,35.33000183105469,https://query2.finance.yahoo.com/v8/finance/chart/ONON
2026-04-30,On,ONON,35.61000061035156,https://query2.finance.yahoo.com/v8/finance/chart/ONON
2026-05-01,On,ONON,34.540000915527344,https://query2.finance.yahoo.com/v8/finance/chart/ONON
2026-05-04,On,ONON,34.290000915527344,https://query2.finance.yahoo.com/v8/finance/chart/ONON
2026-05-05,On,ONON,34.59000015258789,https://query2.finance.yahoo.com/v8/finance/chart/ONON
2026-05-06,On,ONON,36.060001373291016,https://query2.finance.yahoo.com/v8/finance/chart/ONON
2026-05-07,On,ONON,35.650001525878906,https://query2.finance.yahoo.com/v8/finance/chart/ONON
2026-05-08,On,ONON,35.2400016784668,https://query2.finance.yahoo.com/v8/finance/chart/ONON
2026-05-11,On,ONON,34.040000915527344,https://query2.finance.yahoo.com/v8/finance/chart/ONON
2026-05-12,On,ONON,33.83000183105469,https://query2.finance.yahoo.com/v8/finance/chart/ONON
2026-05-13,On,ONON,35.38999938964844,https://query2.finance.yahoo.com/v8/finance/chart/ONON
2026-05-14,On,ONON,36.84000015258789,https://query2.finance.yahoo.com/v8/finance/chart/ONON
2026-05-15,On,ONON,37.2599983215332,https://query2.finance.yahoo.com/v8/finance/chart/ONON
2026-05-18,On,ONON,38.09999847412109,https://query2.finance.yahoo.com/v8/finance/chart/ONON
2026-05-19,On,ONON,37.34000015258789,https://query2.finance.yahoo.com/v8/finance/chart/ONON
2026-05-20,On,ONON,37.84999847412109,https://query2.finance.yahoo.com/v8/finance/chart/ONON
2026-05-21,On,ONON,39.18999862670898,https://query2.finance.yahoo.com/v8/finance/chart/ONON
2026-05-22,On,ONON,39.810001373291016,https://query2.finance.yahoo.com/v8/finance/chart/ONON
2026-05-26,On,ONON,40.31999969482422,https://query2.finance.yahoo.com/v8/finance/chart/ONON
2026-05-27,On,ONON,39.619998931884766,https://query2.finance.yahoo.com/v8/finance/chart/ONON
2026-05-28,On,ONON,39.75,https://query2.finance.yahoo.com/v8/finance/chart/ONON
2026-05-29,On,ONON,40.81999969482422,https://query2.finance.yahoo.com/v8/finance/chart/ONON
2026-06-01,On,ONON,39.630001068115234,https://query2.finance.yahoo.com/v8/finance/chart/ONON
2026-06-02,On,ONON,38.31999969482422,https://query2.finance.yahoo.com/v8/finance/chart/ONON
2026-06-03,On,ONON,37.52000045776367,https://query2.finance.yahoo.com/v8/finance/chart/ONON
2026-06-04,On,ONON,37.470001220703125,https://query2.finance.yahoo.com/v8/finance/chart/ONON
2026-06-05,On,ONON,37.08000183105469,https://query2.finance.yahoo.com/v8/finance/chart/ONON
2026-06-08,On,ONON,37.11000061035156,https://query2.finance.yahoo.com/v8/finance/chart/ONON
2026-06-09,On,ONON,38.25,https://query2.finance.yahoo.com/v8/finance/chart/ONON
2026-06-10,On,ONON,38.0,https://query2.finance.yahoo.com/v8/finance/chart/ONON
2026-06-11,On,ONON,39.209999084472656,https://query2.finance.yahoo.com/v8/finance/chart/ONON
2026-06-12,On,ONON,38.58000183105469,https://query2.finance.yahoo.com/v8/finance/chart/ONON
2026-06-15,On,ONON,38.68999862670898,https://query2.finance.yahoo.com/v8/finance/chart/ONON
2026-06-16,On,ONON,38.060001373291016,https://query2.finance.yahoo.com/v8/finance/chart/ONON
2026-06-17,On,ONON,37.720001220703125,https://query2.finance.yahoo.com/v8/finance/chart/ONON
2026-06-18,On,ONON,38.880001068115234,https://query2.finance.yahoo.com/v8/finance/chart/ONON
2026-06-22,On,ONON,36.209999084472656,https://query2.finance.yahoo.com/v8/finance/chart/ONON
2026-06-23,On,ONON,35.13999938964844,https://query2.finance.yahoo.com/v8/finance/chart/ONON
2026-06-24,On,ONON,36.91999816894531,https://query2.finance.yahoo.com/v8/finance/chart/ONON
2026-06-25,On,ONON,36.58000183105469,https://query2.finance.yahoo.com/v8/finance/chart/ONON
2026-06-26,On,ONON,37.06999969482422,https://query2.finance.yahoo.com/v8/finance/chart/ONON
2026-06-29,On,ONON,35.41999816894531,https://query2.finance.yahoo.com/v8/finance/chart/ONON
2026-06-30,On,ONON,35.41999816894531,https://query2.finance.yahoo.com/v8/finance/chart/ONON
2026-07-01,On,ONON,35.560001373291016,https://query2.finance.yahoo.com/v8/finance/chart/ONON
2026-07-02,On,ONON,36.83000183105469,https://query2.finance.yahoo.com/v8/finance/chart/ONON
2026-07-06,On,ONON,36.869998931884766,https://query2.finance.yahoo.com/v8/finance/chart/ONON
2026-07-07,On,ONON,36.619998931884766,https://query2.finance.yahoo.com/v8/finance/chart/ONON
2026-07-08,On,ONON,36.380001068115234,https://query2.finance.yahoo.com/v8/finance/chart/ONON
2026-07-09,On,ONON,36.77000045776367,https://query2.finance.yahoo.com/v8/finance/chart/ONON
2026-07-10,On,ONON,38.540000915527344,https://query2.finance.yahoo.com/v8/finance/chart/ONON
2026-07-13,On,ONON,37.91999816894531,https://query2.finance.yahoo.com/v8/finance/chart/ONON
2026-07-14,On,ONON,37.7400016784668,https://query2.finance.yahoo.com/v8/finance/chart/ONON
2026-07-15,On,ONON,37.459999084472656,https://query2.finance.yahoo.com/v8/finance/chart/ONON
2026-07-16,On,ONON,38.20000076293945,https://query2.finance.yahoo.com/v8/finance/chart/ONON
2026-07-17,On,ONON,37.20000076293945,https://query2.finance.yahoo.com/v8/finance/chart/ONON
2026-07-20,On,ONON,37.650001525878906,https://query2.finance.yahoo.com/v8/finance/chart/ONON
2026-07-21,On,ONON,37.2400016784668,https://query2.finance.yahoo.com/v8/finance/chart/ONON
2026-07-22,On,ONON,36.650001525878906,https://query2.finance.yahoo.com/v8/finance/chart/ONON
2026-07-23,On,ONON,34.84000015258789,https://query2.finance.yahoo.com/v8/finance/chart/ONON
2026-07-24,On,ONON,35.81999969482422,https://query2.finance.yahoo.com/v8/finance/chart/ONON
2026-07-27,On,ONON,37.060001373291016,https://query2.finance.yahoo.com/v8/finance/chart/ONON
2026-07-28,On,ONON,37.88999938964844,https://query2.finance.yahoo.com/v8/finance/chart/ONON
2026-07-29,On,ONON,37.90999984741211,https://query2.finance.yahoo.com/v8/finance/chart/ONON
2026-07-30,On,ONON,37.09999847412109,https://query2.finance.yahoo.com/v8/finance/chart/ONON
2026-07-31,On,ONON,36.2400016784668,https://query2.finance.yahoo.com/v8/finance/chart/ONON
2026-08-03,On,ONON,37.95000076293945,https://query2.finance.yahoo.com/v8/finance/chart/ONON
2026-08-04,On,ONON,37.61000061035156,https://query2.finance.yahoo.com/v8/finance/chart/ONON
2026-08-05,On,ONON,38.18999862670898,https://query2.finance.yahoo.com/v8/finance/chart/ONON
2026-08-06,On,ONON,37.34000015258789,https://query2.finance.yahoo.com/v8/finance/chart/ONON
2026-08-07,On,ONON,37.54999923706055,https://query2.finance.yahoo.com/v8/finance/chart/ONON
2026-08-10,On,ONON,38.77999877929688,https://query2.finance.yahoo.com/v8/finance/chart/ONON
2026-08-11,On,ONON,30.90999984741211,https://query2.finance.yahoo.com/v8/finance/chart/ONON
2026-08-12,On,ONON,31.01000022888184,https://query2.finance.yahoo.com/v8/finance/chart/ONON
2026-08-13,On,ONON,31.59000015258789,https://query2.finance.yahoo.com/v8/finance/chart/ONON
2026-08-14,On,ONON,32.220001220703125,https://query2.finance.yahoo.com/v8/finance/chart/ONON
2026-08-17,On,ONON,31.309999465942383,https://query2.finance.yahoo.com/v8/finance/chart/ONON
2026-08-18,On,ONON,31.030000686645508,https://query2.finance.yahoo.com/v8/finance/chart/ONON
2026-08-19,On,ONON,31.26000022888184,https://query2.finance.yahoo.com/v8/finance/chart/ONON
2026-08-20,On,ONON,29.899999618530277,https://query2.finance.yahoo.com/v8/finance/chart/ONON
2026-08-21,On,ONON,30.020000457763672,https://query2.finance.yahoo.com/v8/finance/chart/ONON
2026-08-24,On,ONON,29.51000022888184,https://query2.finance.yahoo.com/v8/finance/chart/ONON
2026-08-25,On,ONON,28.82999992370605,https://query2.finance.yahoo.com/v8/finance/chart/ONON
2026-08-26,On,ONON,29.229999542236328,https://query2.finance.yahoo.com/v8/finance/chart/ONON
2026-08-27,On,ONON,28.950000762939453,https://query2.finance.yahoo.com/v8/finance/chart/ONON
2026-08-28,On,ONON,28.850000381469727,https://query2.finance.yahoo.com/v8/finance/chart/ONON
2026-08-31,On,ONON,28.5,https://query2.finance.yahoo.com/v8/finance/chart/ONON
2026-09-01,On,ONON,27.729999542236328,https://query2.finance.yahoo.com/v8/finance/chart/ONON
2026-09-02,On,ONON,27.799999237060547,https://query2.finance.yahoo.com/v8/finance/chart/ONON
2026-09-03,On,ONON,28.36000061035156,https://query2.finance.yahoo.com/v8/finance/chart/ONON
2026-09-04,On,ONON,27.989999771118164,https://query2.finance.yahoo.com/v8/finance/chart/ONON
2026-09-08,On,ONON,27.270000457763672,https://query2.finance.yahoo.com/v8/finance/chart/ONON
2026-09-09,On,ONON,26.84000015258789,https://query2.finance.yahoo.com/v8/finance/chart/ONON
2026-09-10,On,ONON,26.850000381469727,https://query2.finance.yahoo.com/v8/finance/chart/ONON
2026-09-11,On,ONON,27.40999984741211,https://query2.finance.yahoo.com/v8/finance/chart/ONON
2026-09-14,On,ONON,27.46999931335449,https://query2.finance.yahoo.com/v8/finance/chart/ONON
2026-09-15,On,ONON,26.76000022888184,https://query2.finance.yahoo.com/v8/finance/chart/ONON
