date,open,high,low,close,adj_close,volume
2019-01-01,1.0167664289474487,1.0192641019821167,1.0165700912475586,1.0167664289474487,1.0167664289474487,0
2019-01-02,1.0185374021530151,1.0210332870483398,1.0108667612075806,1.0183299779891968,1.0183299779891968,0
2019-01-03,1.0109587907791138,1.0157440900802612,1.0103356838226318,1.0114291906356812,1.0114291906356812,0
2019-01-04,1.012904405593872,1.0150223970413208,1.0094077587127686,1.0130685567855835,1.0130685567855835,0
2019-01-07,1.0144354104995728,1.0215548276901245,1.0144354104995728,1.0144457817077637,1.0144457817077637,0
2019-01-08,1.0211479663848877,1.0216591358184814,1.016952633857727,1.021346092224121,1.021346092224121,0
2019-01-09,1.0196901559829712,1.0272530317306519,1.0186411142349243,1.0196070671081543,1.0196070671081543,0
2019-01-10,1.0279605388641357,1.0292301177978516,1.0180292129516602,1.0267467498779297,1.0267467498779297,0
2019-01-11,1.0164873600006104,1.018952488899231,1.0147751569747925,1.0162498950958252,1.0162498950958252,0
2019-01-14,1.0165390968322754,1.0202000141143799,1.015857458114624,1.0165700912475586,1.0165700912475586,0
2019-01-15,1.0193679332733154,1.020512342453003,1.0112450122833252,1.0193471908569336,1.0193471908569336,0
2019-01-16,1.0128017663955688,1.0130685567855835,1.009254813194275,1.0126889944076538,1.0126889944076538,0
2019-01-17,1.0102030038833618,1.0104072093963623,1.0047121047973633,1.0100908279418945,1.0100908279418945,0
2019-01-18,1.0061577558517456,1.0071507692337036,1.0041874647140503,1.0063399076461792,1.0063399076461792,0
2019-01-21,1.0046314001083374,1.0054292678833008,1.0013418197631836,1.0046615600585938,1.0046615600585938,0
2019-01-22,1.0027072429656982,1.0040160417556763,1.0014722347259521,1.0027072429656982,1.0027072429656982,0
2019-01-23,1.0028983354568481,1.0056315660476685,1.001081109046936,1.0030090808868408,1.0030090808868408,0
2019-01-24,1.0056214332580566,1.0066438913345337,1.003451943397522,1.0054596662521362,1.0054596662521362,0
2019-01-25,1.0043185949325562,1.0076074600219727,1.0026670694351196,1.0044194459915161,1.0044194459915161,0
2019-01-28,1.0074957609176636,1.0096930265426636,1.0068060159683228,1.0076582431793213,1.0076582431793213,0
2019-01-29,1.008471131324768,1.0092854499816895,1.004772663116455,1.008471131324768,1.008471131324768,0
2019-01-30,1.0053685903549194,1.0057326555252075,1.0005803108215332,1.0055304765701294,1.0055304765701294,0
2019-01-31,1.00640070438385,1.0092854499816895,1.0049039125442505,1.0065425634384155,1.0065425634384155,0
2019-02-01,1.0062386989593506,1.007820725440979,1.00383460521698,1.0063399076461792,1.0063399076461792,0
2019-02-04,1.0044900178909302,1.0051867961883545,1.0006403923034668,1.004550576210022,1.004550576210022,0
2019-02-05,1.0020943880081177,1.0024057626724243,0.9980837106704712,1.0022048950195312,1.0022048950195312,0
2019-02-06,1.0001599788665771,1.0013618469238281,0.998502254486084,1.000290036201477,1.000290036201477,0
2019-02-07,0.9977152347564697,0.9998999834060669,0.9971680045127869,0.9979044198989868,0.9979044198989868,0
2019-02-08,0.9976156949996948,1.0005003213882446,0.997287392616272,0.9975957274436951,0.9975957274436951,0
2019-02-11,1.0006604194641113,1.0009007453918457,0.9947081804275513,1.0007104873657227,1.0007104873657227,0
2019-02-12,0.9961150884628296,0.9963136315345764,0.9909821152687073,0.9961150884628296,0.9961150884628296,0
2019-02-13,0.9939369559288025,0.9956192374229431,0.9920733571052551,0.9939271807670593,0.9939271807670593,0
2019-02-14,0.991276741027832,0.9947279095649719,0.9904324412345886,0.9913750290870667,0.9913750290870667,0
2019-02-15,0.9951239228248596,0.995322048664093,0.9912079572677612,0.9950743317604065,0.9950743317604065,0
2019-02-18,0.9957184195518494,0.9979044198989868,0.9951832890510559,0.9955201148986816,0.9955201148986816,0
2019-02-19,0.9956192374229431,0.9994003772735596,0.994045615196228,0.9955499172210693,0.9955499172210693,0
2019-02-20,0.9986119270324707,1.001502275466919,0.997994065284729,0.9987216591835022,0.9987216591835022,0
2019-02-21,0.9997300505638123,1.0007004737854004,0.9977849125862122,1.0,1.0,0
2019-02-22,0.9991507530212402,1.0011012554168701,0.9977948665618896,0.999140739440918,0.999140739440918,0
2019-02-25,1.000100016593933,1.0017129182815552,0.999140739440918,1.0003000497817993,1.0003000497817993,0
2019-02-26,0.999760091304779,1.0007004737854004,0.9982032775878906,0.9999099969863892,0.9999099969863892,0
2019-02-27,1.0001800060272217,1.0039153099060059,0.9989810585975647,1.000290036201477,1.000290036201477,0
2019-02-28,0.9995002746582031,1.0074551105499268,0.9991207718849182,0.9995002746582031,0.9995002746582031,0
2019-03-01,1.00290846824646,1.0036935806274414,0.9992105960845947,1.0027475357055664,1.0027475357055664,0
2019-03-04,1.0016026496887207,1.0016026496887207,0.9980936646461487,1.001702904701233,1.001702904701233,0
2019-03-05,1.0009409189224243,1.001301646232605,0.995322048664093,1.0014019012451172,1.0014019012451172,0
2019-03-06,0.9956192374229431,0.9968897700309753,0.9944707155227661,0.9956192374229431,0.9956192374229431,0
2019-03-07,0.9959167838096619,0.996512234210968,0.9893937110900879,0.9959167838096619,0.9959167838096619,0
2019-03-08,0.9892076849937439,0.9930585622787476,0.9883962869644165,0.9894132614135742,0.9894132614135742,0
2019-03-11,0.991876482963562,0.9929894208908081,0.9890903830528259,0.9922603964805603,0.9922603964805603,0
2019-03-12,0.9898638129234314,0.9938382506370544,0.9889729619026184,0.9898638129234314,0.9898638129234314,0
2019-03-13,0.9925557971000671,0.9954904913902283,0.991719126701355,0.9926543235778809,0.9926543235778809,0
2019-03-14,0.9969692826271057,0.9971083998680115,0.9949852228164673,0.9967207312583923,0.9967207312583923,0
2019-03-15,0.9964724779129028,0.9988313317298889,0.9948961138725281,0.9965618252754211,0.9965618252754211,0
2019-03-18,0.9979044198989868,1.0005003213882446,0.9976056814193726,0.9976056814193726,0.9976056814193726,0
2019-03-19,0.9990009665489197,1.0016125440597534,0.9987117052078247,0.9990009665489197,0.9990009665489197,0
2019-03-20,1.0010911226272583,1.0034116506576538,0.9991008043289185,1.0014019012451172,1.0014019012451172,0
2019-03-21,1.0092854499816895,1.009795069694519,1.0057427883148193,1.0090817213058472,1.0090817213058472,0
2019-03-22,1.0081254243850708,1.0086746215820312,1.0030392408370972,1.0081660747528076,1.0081660747528076,0
2019-03-25,1.0062386989593506,1.0086746215820312,1.0051159858703613,1.0060462951660156,1.0060462951660156,0
2019-03-26,1.00770902633667,1.008471131324768,1.0050150156021118,1.0077495574951172,1.0077495574951172,0
2019-03-27,1.0062285661697388,1.0090919733047485,1.0034921169281006,1.0064412355422974,1.0064412355422974,0
2019-03-28,1.0052776336669922,1.0059350728988647,1.0028681755065918,1.0053281784057617,1.0053281784057617,0
2019-03-29,1.0050857067108154,1.0057326555252075,1.002677083015442,1.0051968097686768,1.0051968097686768,0
2019-03-31,1.0051261186599731,1.00684654712677,1.0011913776397705,1.0050251483917236,1.0050251483917236,0
2019-04-01,1.001001000404358,1.0018032789230347,1.0000500679016113,1.000800609588623,1.000800609588623,0
2019-04-02,1.0019036531448364,1.0048232078552246,1.0013116598129272,1.0018433332443237,1.0018433332443237,0
2019-04-03,1.0027475357055664,1.00290846824646,0.9997400641441345,1.00271737575531,1.00271737575531,0
2019-04-04,1.0002000331878662,1.0008206367492676,0.998891294002533,1.0000799894332886,1.0000799894332886,0
2019-04-07,0.9999599456787109,1.0024057626724243,0.99972003698349,1.000100016593933,1.000100016593933,0
2019-04-08,1.0008306503295898,1.0020040273666382,0.9992006421089172,1.000890851020813,1.000890851020813,0
2019-04-09,1.000230073928833,1.0006003379821777,0.9968101382255554,1.0003501176834106,1.0003501176834106,0
2019-04-10,0.9976754784584045,0.9992006421089172,0.9954309463500977,0.9977948665618896,0.9977948665618896,0
2019-04-11,0.9970884919166565,1.0005003213882446,0.9967108964920044,0.997267484664917,0.997267484664917,0
2019-04-14,0.9975759387016296,0.999300479888916,0.9960953593254089,0.9976056814193726,0.9976056814193726,0
2019-04-15,0.9963136315345764,0.9968101382255554,0.9931176900863647,0.9963434338569641,0.9963434338569641,0
2019-04-16,0.9922899603843689,0.9933445453643799,0.9901774525642395,0.9925557971000671,0.9925557971000671,0
2019-04-17,0.989471971988678,0.9908838868141174,0.9847366213798523,0.9897069931030273,0.9897069931030273,0
2019-04-18,0.9853090643882751,0.9872642755508423,0.9849985241889954,0.9853770136833191,0.9853770136833191,0
2019-04-21,0.9859015941619873,0.9859988689422607,0.9843197464942932,0.9858141541481018,0.9858141541481018,0
2019-04-22,0.9848142266273499,0.9849305152893066,0.9776222705841064,0.9849305152893066,0.9849305152893066,0
2019-04-23,0.9802191853523254,0.9832648634910583,0.9794511198997498,0.9802480340003967,0.9802480340003967,0
2019-04-24,0.9801038503646851,0.9810654520988464,0.9777560234069824,0.9801038503646851,0.9801038503646851,0
2019-04-25,0.980680525302887,0.9819324612617493,0.977861225605011,0.9804883003234863,0.9804883003234863,0
2019-04-28,0.9810172915458679,0.9820288419723511,0.9789621233940125,0.981046199798584,0.981046199798584,0
2019-04-29,0.9808633327484131,0.9830908179283142,0.9802095890045166,0.9810654520988464,0.9810654520988464,0
2019-04-30,0.9811713695526123,0.9866798520088196,0.9806421399116516,0.9813446998596191,0.9813446998596191,0
2019-05-01,0.9828492999076843,0.9832842350006104,0.9801326990127563,0.9828975796699524,0.9828975796699524,0
2019-05-02,0.980901837348938,0.9836710691452026,0.9792688488960266,0.9810172915458679,0.9810172915458679,0
2019-05-05,0.9839032888412476,0.9853187799453735,0.9807575941085815,0.9837484359741211,0.9837484359741211,0
2019-05-06,0.9829362630844116,0.9842519164085388,0.9780238270759583,0.9831874966621399,0.9831874966621399,0
2019-05-07,0.9808056354522705,0.9835742712020874,0.980680525302887,0.9807767271995544,0.9807767271995544,0
2019-05-08,0.9800366759300232,0.9877616167068481,0.9795278310775757,0.9801038503646851,0.9801038503646851,0
2019-05-09,0.9847656488418579,0.9900009632110596,0.9844748973846436,0.985027551651001,0.985027551651001,0
2019-05-12,0.9897069931030273,0.9950248599052429,0.9888555407524109,0.9897069931030273,0.9897069931030273,0
2019-05-13,0.9945400357246399,0.9948268532752991,0.9909035563468933,0.9946487545967102,0.9946487545967102,0
2019-05-14,0.9913750290870667,0.9947081804275513,0.9909231066703796,0.9913357496261597,0.9913357496261597,0
2019-05-15,0.9918863773345947,0.9928514957427979,0.9896091222763062,0.9918175339698792,0.9918175339698792,0
2019-05-16,0.9901970624923706,0.9916700124740601,0.9881129860877991,0.9901186227798462,0.9901186227798462,0
2019-05-19,0.9894523620605469,0.9920634627342224,0.9880934357643127,0.9896091222763062,0.9896091222763062,0
2019-05-20,0.9915716648101807,0.9916700124740601,0.9883279204368591,0.9917683601379395,0.9917683601379395,0
2019-05-21,,,,,,
2019-05-22,0.9911784529685974,0.9964129328727722,0.9904618859291077,0.9910606741905212,0.9910606741905212,0
2019-05-23,0.9970089793205261,0.9991008043289185,0.9958076477050781,0.9971083998680115,0.9971083998680115,0
2019-05-26,0.9980736970901489,0.9987016916275024,0.9940357208251953,0.9982330799102783,0.9982330799102783,0
2019-05-27,0.9960854053497314,0.9966115355491638,0.9911293983459473,0.9960655570030212,0.9960655570030212,0
2019-05-28,0.9930486679077148,0.9951239228248596,0.9918863773345947,0.9931176900863647,0.9931176900863647,0
2019-05-29,0.9917585253715515,0.9931473135948181,0.9903736114501953,0.9917683601379395,0.9917683601379395,0
2019-05-30,0.9931176900863647,0.9972078204154968,0.993107795715332,0.9931473135948181,0.9931473135948181,0
2019-06-02,1.0003401041030884,1.004722237586975,1.0000900030136108,1.0004701614379883,1.0004701614379883,0
2019-06-03,1.007556676864624,1.0099989175796509,1.0046414136886597,1.0077598094940186,1.0077598094940186,0
2019-06-04,1.0077699422836304,1.0146619081497192,1.0072218179702759,1.0075870752334595,1.0075870752334595,0
2019-06-05,1.0057427883148193,1.012145757675171,1.004379153251648,1.006137490272522,1.006137490272522,0
2019-06-06,1.0087051391601562,1.0143016576766968,1.005136251449585,1.0089799165725708,1.0089799165725708,0
2019-06-09,1.0102030038833618,1.0110201835632324,1.008176326751709,1.0102030038833618,1.0102030038833618,0
2019-06-10,1.0108566284179688,1.0110201835632324,1.00651216506958,1.011224627494812,1.011224627494812,0
2019-06-11,1.007678508758545,1.0096930265426636,1.0048332214355469,1.0080645084381104,1.0080645084381104,0
2019-06-12,1.0051261186599731,1.0082677602767944,1.0042580366134644,1.0053281784057617,1.0053281784057617,0
2019-06-13,1.00640070438385,1.007556676864624,1.0006003379821777,1.0065425634384155,1.0065425634384155,0
2019-06-16,1.0011813640594482,1.0030492544174194,1.0002200603485107,1.0012015104293823,1.0012015104293823,0
2019-06-17,1.0016026496887207,1.003612995147705,0.9988712668418884,1.0013518333435059,1.0013518333435059,0
2019-06-18,0.999300479888916,1.0050655603408813,0.9986019730567932,0.9993104934692383,0.9993104934692383,0
2019-06-19,1.007353663444519,1.0188902616500854,1.007353663444519,1.007353663444519,1.007353663444519,0
2019-06-20,1.0192224979400635,1.021669626235962,1.0164563655853271,1.0193160772323608,1.0193160772323608,0
2019-06-23,1.0249576568603516,1.029908537864685,1.0222649574279785,1.0252203941345215,1.0252203941345215,0
2019-06-24,1.028658390045166,1.0316296815872192,1.0231225490570068,1.0290182828903198,1.0290182828903198,0
2019-06-25,1.0257987976074219,1.0263779163360596,1.0221081972122192,1.0258303880691528,1.0258303880691528,0
2019-06-26,1.0230597257614136,1.0243277549743652,1.0189733505249023,1.0231330394744873,1.0231330394744873,0
2019-06-27,1.0239187479019165,1.0270209312438965,1.0237195491790771,1.023908257484436,1.023908257484436,0
2019-06-30,1.0209290981292725,1.021763563156128,1.0132533311843872,1.0210332870483398,1.0210332870483398,0
2019-07-01,1.0128223896026611,1.0144869089126587,1.0113166570663452,1.0131711959838867,1.0131711959838867,0
2019-07-02,1.014857530593872,1.0168802738189697,1.0129865407943726,1.0150223970413208,1.0150223970413208,0
2019-07-03,1.0145692825317383,1.0157440900802612,1.0132430791854858,1.0146104097366333,1.0146104097366333,0
2019-07-04,1.0157440900802612,1.0157440900802612,1.0070189237594604,1.0155171155929565,1.0155171155929565,0
2019-07-07,1.0088781118392944,1.0105092525482178,1.005500078201294,1.0088781118392944,1.0088781118392944,0
2019-07-08,1.005843997001648,1.007962942123413,1.0050958395004272,1.005945086479187,1.005945086479187,0
2019-07-09,1.0066438913345337,1.0115314722061157,1.0059653520584106,1.0064513683319092,1.0064513683319092,0
2019-07-10,1.0120433568954468,1.0156408548355103,1.0109179019927979,1.012248158454895,1.012248158454895,0
2019-07-11,1.0094891786575317,1.016642451286316,1.0093872547149658,1.0095911026000977,1.0095911026000977,0
2019-07-14,1.0158988237380981,1.0187034606933594,1.0148266553878784,1.0162601470947266,1.0162601470947266,0
2019-07-15,1.0158782005310059,1.0167871713638306,1.0109076499938965,1.0161569118499756,1.0161569118499756,0
2019-07-16,1.0123506784439087,1.0134073495864868,1.0093669891357422,1.0121560096740723,1.0121560096740723,0
2019-07-17,1.0133765935897827,1.0157233476638794,1.0110814571380615,1.0135819911956787,1.0135819911956787,0
2019-07-18,1.0176252126693726,1.0194718837738037,1.0155583620071411,1.0176666975021362,1.0176666975021362,0
2019-07-21,1.0176045894622803,1.0200958251953125,1.0163633823394775,1.0174596309661865,1.0174596309661865,0
2019-07-22,1.0176563262939453,1.0182262659072876,1.0150429010391235,1.0179153680801392,1.0179153680801392,0
2019-07-23,1.0149707794189453,1.0165081024169922,1.0128121376037598,1.0148369073867798,1.0148369073867798,0
2019-07-24,1.0155996084213257,1.0159504413604736,1.0099684000015259,1.0155583620071411,1.0155583620071411,0
2019-07-25,1.0090817213058472,1.0103051662445068,1.006076693534851,1.0091021060943604,1.0091021060943604,0
2019-07-28,1.00684654712677,1.0092854499816895,1.0067249536514282,1.0067452192306519,1.0067452192306519,0
2019-07-29,1.0086746215820312,1.0111223459243774,1.0079222917556763,1.008471131324768,1.008471131324768,0
2019-07-30,1.010151982307434,1.0109179019927979,1.0087865591049194,1.0104072093963623,1.0104072093963623,0
2019-07-31,1.0059754848480225,1.0065932273864746,1.002697229385376,1.0062386989593506,1.0062386989593506,0
2019-08-01,1.01032555103302,1.018433690071106,1.0099276304244995,1.0100295543670654,1.0100295543670654,0
2019-08-04,1.01781165599823,1.0288171768188477,1.0177081823349,1.01781165599823,1.01781165599823,0
2019-08-05,1.0302162170410156,1.0306090116500854,1.0213252305984497,1.0302693843841553,1.0302693843841553,0
2019-08-06,1.0248421430587769,1.0304179191589355,1.0208561420440674,1.0248737335205078,1.0248737335205078,0
2019-08-07,1.025683045387268,1.027010440826416,1.0220977067947388,1.0259567499160767,1.0259567499160767,0
2019-08-08,1.0267994403839111,1.0296540260314941,1.025262475013733,1.0267678499221802,1.0267678499221802,0
2019-08-11,1.0295480489730835,1.0329511165618896,1.0252729654312134,1.0294208526611328,1.0294208526611328,0
2019-08-12,1.0317362546920776,1.0351860523223877,1.0240445137023926,1.0317468643188477,1.0317468643188477,0
2019-08-13,1.0245691537857056,1.0303436517715454,1.023740530014038,1.024800181388855,1.024800181388855,0
2019-08-14,1.0273057222366333,1.028499722480774,1.0229970216751099,1.0272635221481323,1.0272635221481323,0
2019-08-15,1.0242018699645996,1.024275302886963,1.019513487815857,1.024275302886963,1.024275302886963,0
2019-08-18,1.0214505195617676,1.0233005285263062,1.018298864364624,1.0211374759674072,1.0211374759674072,0
2019-08-19,1.019097924232483,1.021972417831421,1.0188175439834595,1.0191082954406738,1.0191082954406738,0
2019-08-20,1.022494912147522,1.022704005241394,1.018682599067688,1.022704005241394,1.022704005241394,0
2019-08-21,1.0182158946990967,1.0189110040664673,1.0158369541168213,1.018433690071106,1.018433690071106,0
2019-08-22,1.01658034324646,1.0262726545333862,1.0124531984329224,1.0166114568710327,1.0166114568710327,0
2019-08-25,1.0277702808380127,1.0277702808380127,1.019295334815979,1.0279076099395752,1.0279076099395752,0
2019-08-26,1.021283507347107,1.0231225490570068,1.0166940689086914,1.021346092224121,1.021346092224121,0
2019-08-27,1.0193055868148804,1.0202000141143799,1.0175423622131348,1.0194718837738037,1.0194718837738037,0
2019-08-28,1.0187968015670776,1.0206164121627808,1.014548659324646,1.019025206565857,1.019025206565857,0
2019-08-29,1.014188528060913,1.0143427848815918,1.0098358392715454,1.014404535293579,1.014404535293579,0
2019-09-01,1.0108157396316528,1.0111223459243774,1.008176326751709,1.0108157396316528,1.0108157396316528,0
2019-09-02,1.0094891786575317,1.0138388872146606,1.0072522163391113,1.0097644329071045,1.0097644329071045,0
2019-09-03,1.013314962387085,1.0196694135665894,1.01192045211792,1.013345718383789,1.013345718383789,0
2019-09-04,1.0194823741912842,1.0198878049850464,1.0129865407943726,1.0195342302322388,1.0195342302322388,0
2019-09-05,1.0141987800598145,1.0145074129104614,1.0085119009017944,1.0139622688293457,1.0139622688293457,0
2019-09-08,1.0118283033370972,1.0120433568954468,1.008654236793518,1.012145757675171,1.012145757675171,0
2019-09-09,1.0077699422836304,1.011152982711792,1.0069783926010132,1.007668375968933,1.007668375968933,0
2019-09-10,1.008410096168518,1.0088781118392944,1.005763053894043,1.008471131324768,1.008471131324768,0
2019-09-11,1.006410837173462,1.011838436126709,1.005682110786438,1.0063196420669556,1.0063196420669556,0
2019-09-12,1.0096726417541504,1.0149192810058594,1.0096726417541504,1.009529948234558,1.009529948234558,0
2019-09-15,1.0133970975875854,1.013890266418457,1.0062083005905151,1.013314962387085,1.013314962387085,0
2019-09-16,1.0071102380752563,1.0089391469955444,1.0033612251281738,1.00713050365448,1.00713050365448,0
2019-09-17,1.0074145793914795,1.007556676864624,1.0037741661071777,1.0075160264968872,1.0075160264968872,0
2019-09-18,1.0029284954071045,1.010223388671875,1.0017530918121338,1.0032103061676025,1.0032103061676025,0
2019-09-19,1.007211685180664,1.0111223459243774,1.00662362575531,1.0073131322860718,1.0073131322860718,0
2019-09-22,1.0087764263153076,1.0111223459243774,1.0079222917556763,1.0087051391601562,1.0087051391601562,0
2019-09-23,1.0103868246078491,1.0132739543914795,1.0086643695831299,1.010284662246704,1.010284662246704,0
2019-09-24,1.0141165256500244,1.0150223970413208,1.0091530084609985,1.0143016576766968,1.0143016576766968,0
2019-09-25,1.0089391469955444,1.0096930265426636,1.0053685903549194,1.00922429561615,1.00922429561615,0
2019-09-26,1.0068566799163818,1.0100398063659668,1.0052473545074463,1.006653904914856,1.006653904914856,0
2019-09-29,1.0090715885162354,1.0094891786575317,1.0020743608474731,1.009183645248413,1.009183645248413,0
2019-09-30,1.0024057626724243,1.007049322128296,0.998382568359375,1.0024057626724243,1.0024057626724243,0
2019-10-01,1.0074348449707031,1.0080645084381104,0.9978147745132446,1.0073739290237427,1.0073739290237427,0
2019-10-02,1.0032404661178589,1.0047423839569092,0.9973868727684021,1.0032806396484375,1.0032806396484375,0
2019-10-03,1.0018032789230347,1.0070899724960327,0.9992805123329163,1.0018534660339355,1.0018534660339355,0
2019-10-06,1.0063399076461792,1.0073943138122559,1.0037641525268555,1.0060462951660156,1.0060462951660156,0
2019-10-07,1.0052170753479004,1.0096930265426636,1.0042177438735962,1.00526762008667,1.00526762008667,0
2019-10-08,1.0075769424438477,1.0085728168487549,1.0045607089996338,1.0074551105499268,1.0074551105499268,0
2019-10-09,1.00713050365448,1.0087764263153076,1.0028681755065918,1.0071710348129272,1.0071710348129272,0
2019-10-10,1.0039454698562622,1.004520297050476,1.0010210275650024,1.00388503074646,1.00388503074646,0
2019-10-13,1.00210440158844,1.0056719779968262,1.001994013786316,1.0022048950195312,1.0022048950195312,0
2019-10-14,1.0023857355117798,1.0039153099060059,1.0004903078079224,1.0023857355117798,1.0023857355117798,0
2019-10-15,1.0016026496887207,1.0042378902435303,1.0011212825775146,1.0014821290969849,1.0014821290969849,0
2019-10-16,1.0057326555252075,1.0133354663848877,1.0055203437805176,1.0058135986328125,1.0058135986328125,0
2019-10-17,1.012719750404358,1.0155377388000488,1.0109996795654297,1.0128633975982666,1.0128633975982666,0
2019-10-20,1.0153623819351196,1.0161775350570679,1.0126582384109497,1.015321135520935,1.015321135520935,0
2019-10-21,1.0143221616744995,1.0143325328826904,1.011050820350647,1.0142810344696045,1.0142810344696045,0
2019-10-22,1.0108872652053833,1.0115314722061157,1.0091530084609985,1.010774850845337,1.010774850845337,0
2019-10-23,1.0096930265426636,1.011050820350647,1.0072623491287231,1.0099989175796509,1.0099989175796509,0
2019-10-24,1.0077699422836304,1.0093872547149658,1.0054091215133667,1.00770902633667,1.00770902633667,0
2019-10-28,1.0056315660476685,1.0058338642120361,1.0031700134277344,1.0058338642120361,1.0058338642120361,0
2019-10-29,1.0051665306091309,1.00684654712677,1.0035525560379028,1.00526762008667,1.00526762008667,0
2019-10-30,1.0058237314224243,1.0095911026000977,1.005581021308899,1.0059148073196411,1.0059148073196411,0
2019-10-31,1.011183738708496,1.0141061544418335,1.0111734867095947,1.011009931564331,1.011009931564331,0
2019-11-01,1.0137361288070679,1.0149192810058594,1.0109792947769165,1.013777256011963,1.013777256011963,0
2019-11-04,1.0146104097366333,1.0151253938674927,1.0113575458526611,1.014363408088684,1.014363408088684,0
2019-11-05,1.0117872953414917,1.0123506784439087,1.00662362575531,1.0118486881256104,1.0118486881256104,0
2019-11-06,1.0075058937072754,1.0085728168487549,1.0061070919036865,1.0076582431793213,1.0076582431793213,0
2019-11-07,1.0076582431793213,1.0089799165725708,1.0043690204620361,1.0075870752334595,1.0075870752334595,0
2019-11-08,1.0053281784057617,1.0059350728988647,1.0027776956558228,1.0054292678833008,1.0054292678833008,0
2019-11-11,1.0028581619262695,1.0069479942321777,1.002466082572937,1.0028380155563354,1.0028380155563354,0
2019-11-12,1.0069986581802368,1.0074551105499268,1.003544569015503,1.007039189338684,1.007039189338684,0
2019-11-13,1.0073131322860718,1.0110201835632324,1.0071913003921509,1.0073943138122559,1.0073943138122559,0
2019-11-14,1.010396957397461,1.013222575187683,1.0093567371368408,1.0104378461837769,1.0104378461837769,0
2019-11-15,1.0115314722061157,1.011838436126709,1.0091326236724854,1.0113575458526611,1.0113575458526611,0
2019-11-18,1.011050820350647,1.0133765935897827,1.008745789527893,1.0111366510391235,1.0111366510391235,0
2019-11-19,1.0108157396316528,1.011321783065796,1.0082881450653076,1.0110201835632324,1.0110201835632324,0
2019-11-20,1.0096930265426636,1.0104072093963623,1.0066337585449219,1.0097848176956177,1.0097848176956177,0
2019-11-21,1.009795069694519,1.011224627494812,1.0075465440750122,1.0097134113311768,1.0097134113311768,0
2019-11-22,1.0072826147079468,1.007353663444519,1.0030392408370972,1.007353663444519,1.007353663444519,0
2019-11-25,1.0024057626724243,1.0037540197372437,1.0014922618865967,1.0024057626724243,1.0024057626724243,0
2019-11-26,1.0035122632980347,1.0039153099060059,1.0014722347259521,1.0032706260681152,1.0032706260681152,0
2019-11-27,1.0024057626724243,1.0027072429656982,1.0000300407409668,1.0024157762527466,1.0024157762527466,0
2019-11-28,1.001452088356018,1.0020040273666382,1.000420093536377,1.0015323162078857,1.0015323162078857,0
2019-11-29,1.0015524625778198,1.00210440158844,0.9978446960449219,1.0016427040100098,1.0016427040100098,0
2019-12-02,0.9999599456787109,1.0087865591049194,0.999190628528595,0.9998899698257446,0.9998899698257446,0
2019-12-03,1.0087051391601562,1.0144147872924805,1.0075160264968872,1.0086441040039062,1.0086441040039062,0
2019-12-04,1.0127812623977661,1.0147134065628052,1.0101724863052368,1.0132739543914795,1.0132739543914795,0
2019-12-05,1.0120023488998413,1.0132739543914795,1.010631799697876,1.0118896961212158,1.0118896961212158,0
2019-12-06,1.0128531455993652,1.013890266418457,1.0083390474319458,1.0131711959838867,1.0131711959838867,0
2019-12-09,1.0096726417541504,1.0126582384109497,1.009061336517334,1.0096114873886108,1.0096114873886108,0
2019-12-10,1.0122994184494019,1.0155377388000488,1.0119614601135254,1.0123916864395142,1.0123916864395142,0
2019-12-11,1.0158265829086304,1.0163633823394775,1.013900637626648,1.0157749652862549,1.0157749652862549,0
2019-12-12,1.0178014039993286,1.019575834274292,1.0126889944076538,1.0179153680801392,1.0179153680801392,0
2019-12-13,1.01518714427948,1.0188175439834595,1.0140239000320435,1.0152387619018555,1.0152387619018555,0
2019-12-16,1.0163841247558594,1.0185374021530151,1.015713095664978,1.0163015127182007,1.0163015127182007,0
2019-12-17,1.0171490907669067,1.0209290981292725,1.0159298181533813,1.0170871019363403,1.0170871019363403,0
2019-12-18,1.0204811096191406,1.0211374759674072,1.0182781219482422,1.0207206010818481,1.0207206010818481,0
2019-12-19,1.0203040838241577,1.0229133367538452,1.0191913843154907,1.0203977823257446,1.0203977823257446,0
2019-12-20,1.0221604108810425,1.022599458694458,1.0174492597579956,1.02228581905365,1.02228581905365,0
2019-12-23,1.0180397033691406,1.0204758644104004,1.0176045894622803,1.0180397033691406,1.0180397033691406,0
2019-12-24,1.0189110040664673,1.020512342453003,1.0172215700149536,1.0188798904418945,1.0188798904418945,0
2019-12-25,1.0200958251953125,1.0206164121627808,1.0173975229263306,1.0200958251953125,1.0200958251953125,0
2019-12-26,1.0209290981292725,1.0209290981292725,1.018547773361206,1.0210332870483398,1.0210332870483398,0
2019-12-27,1.0189006328582764,1.0269049406051636,1.0188175439834595,1.0188798904418945,1.0188798904418945,0
2019-12-30,1.026915431022644,1.0335917472839355,1.0266940593719482,1.026999831199646,1.026999831199646,0
2019-12-31,1.0323752164840698,1.036806583404541,1.0312680006027222,1.0323859453201294,1.0323859453201294,0
2020-01-01,1.0338054895401,1.0346611738204956,1.0317788124084473,1.0339123010635376,1.0339123010635376,0
2020-01-02,1.0333994626998901,1.0335917472839355,1.028499722480774,1.0335917472839355,1.0335917472839355,0
2020-01-03,1.029473900794983,1.0322154760360718,1.0263357162475586,1.0296540260314941,1.0296540260314941,0
2020-01-06,1.0293148756027222,1.0328444242477417,1.0292619466781616,1.0293573141098022,1.0293573141098022,0
2020-01-07,1.032535195350647,1.0327378511428833,1.0279500484466553,1.0325244665145874,1.0325244665145874,0
2020-01-08,1.032268762588501,1.0346611738204956,1.0275169610977173,1.0321727991104126,1.0321727991104126,0
2020-01-09,1.0275485515594482,1.0297601222991943,1.025998830795288,1.0275379419326782,1.0275379419326782,0
2020-01-10,1.0274535417556763,1.028489112854004,1.0244327783584595,1.0276224613189697,1.0276224613189697,0
2020-01-13,1.0276013612747192,1.0314594507217407,1.0271475315093994,1.0276013612747192,1.0276013612747192,0
2020-01-14,1.0299721956253052,1.0343401432037354,1.029590368270874,1.0301843881607056,1.0301843881607056,0
2020-01-15,1.0339123010635376,1.0383137464523315,1.0330791473388672,1.0340512990951538,1.0340512990951538,0
2020-01-16,1.037581205368042,1.0403120517730713,1.036172866821289,1.0376672744750977,1.0376672744750977,0
2020-01-17,1.0363337993621826,1.0371291637420654,1.031395673751831,1.0363982915878296,1.0363982915878296,0
2020-01-20,1.0329084396362305,1.033698558807373,1.0311616659164429,1.0328338146209717,1.0328338146209717,0
2020-01-21,1.0327484607696533,1.0351324081420898,1.032151460647583,1.032652497291565,1.032652497291565,0
2020-01-22,1.0321195125579834,1.0323646068572998,1.0281718969345093,1.0322047472000122,1.0322047472000122,0
2020-01-23,1.0339123010635376,1.0342544317245483,1.0310447216033936,1.033698558807373,1.033698558807373,0
2020-01-24,1.031395673751831,1.0317788124084473,1.0290607213974,1.0314594507217407,1.0314594507217407,0
2020-01-27,1.0308853387832642,1.0329511165618896,1.0289759635925293,1.030991554260254,1.030991554260254,0
2020-01-28,1.0310341119766235,1.033484935760498,1.0266940593719482,1.0310872793197632,1.0310872793197632,0
2020-01-29,1.0281718969345093,1.0282776355743408,1.0239187479019165,1.0277702808380127,1.0277702808380127,0
2020-01-30,1.0275063514709473,1.0331004858016968,1.0275063514709473,1.0275591611862183,1.0275591611862183,0
2020-01-31,1.0314276218414307,1.0382922887802124,1.0296752452850342,1.0315552949905396,1.0315552949905396,0
2020-02-03,1.0379581451416016,1.0387451648712158,1.0345861911773682,1.0380334854125977,1.0380334854125977,0
2020-02-04,1.0355075597763062,1.0358400344848633,1.0305453538894653,1.0355182886123657,1.0355182886123657,0
2020-02-05,1.0315978527069092,1.033260703086853,1.0260093212127686,1.031704306602478,1.031704306602478,0
2020-02-06,1.0272425413131714,1.0278549194335938,1.0251047611236572,1.0274324417114258,1.0274324417114258,0
2020-02-07,1.0262726545333862,1.027010440826416,1.0225367546081543,1.0261672735214233,1.0261672735214233,0
2020-02-10,1.0238349437713623,1.024275302886963,1.0221813917160034,1.0238977670669556,1.0238977670669556,0
2020-02-11,1.0232272148132324,1.0249052047729492,1.0216904878616333,1.0234366655349731,1.0234366655349731,0
2020-02-12,1.0249052047729492,1.0265886783599854,1.0233843326568604,1.0250102281570435,1.0250102281570435,0
2020-02-13,1.0229865312576294,1.0245901346206665,1.0210750102996826,1.0229551792144775,1.0229551792144775,0
2020-02-14,1.0214817523956299,1.021763563156128,1.0182158946990967,1.021575689315796,1.021575689315796,0
2020-02-17,1.0186203718185425,1.0194718837738037,1.0176459550857544,1.0186514854431152,1.0186514854431152,0
2020-02-18,1.0196694135665894,1.0209290981292725,1.0163841247558594,1.0199917554855347,1.0199917554855347,0
2020-02-19,1.0169939994812012,1.0180189609527588,1.0159090757369995,1.0173975229263306,1.0173975229263306,0
2020-02-20,1.016528844833374,1.0190563201904297,1.0155067443847656,1.0167768001556396,1.0167768001556396,0
2020-02-21,1.0165081024169922,1.0234471559524536,1.0162705183029175,1.0165081024169922,1.0165081024169922,0
2020-02-24,1.0214817523956299,1.024065613746643,1.019025206565857,1.0216174125671387,1.0216174125671387,0
2020-02-25,1.0206581354141235,1.0256409645080566,1.0200438499450684,1.0206372737884521,1.0206372737884521,0
2020-02-26,1.0244642496109009,1.0277491807937622,1.0227981805801392,1.0246951580047607,1.0246951580047607,0
2020-02-27,1.0241808891296387,1.0335276126861572,1.0241808891296387,1.0241808891296387,1.0241808891296387,0
2020-02-28,1.0320981740951538,1.0406043529510498,1.0314594507217407,1.0322580337524414,1.0322580337524414,0
2020-03-02,1.0372798442840576,1.0476139783859253,1.035872220993042,1.0373659133911133,1.0373659133911133,0
2020-03-03,1.0435471534729004,1.0503098964691162,1.0421009063720703,1.0437324047088623,1.0437324047088623,0
2020-03-04,1.0462549924850464,1.0489766597747803,1.0421334505081177,1.0464081764221191,1.0464081764221191,0
2020-03-05,1.0456204414367676,1.0544073581695557,1.0449320077896118,1.045369029045105,1.045369029045105,0
2020-03-06,1.0573171377182007,1.0730994939804077,1.056557536125183,1.057305932044983,1.057305932044983,0
2020-03-09,1.078143835067749,1.0890636444091797,1.0734566450119019,1.0782252550125122,1.0782252550125122,0
2020-03-10,1.0767971277236938,1.079086184501648,1.0669056177139282,1.077168345451355,1.077168345451355,0
2020-03-11,1.067338466644287,1.0723860263824463,1.0643279552459717,1.067452311515808,1.067452311515808,0
2020-03-12,1.0648720264434814,1.072650671005249,1.0485477447509766,1.0650194883346558,1.0650194883346558,0
2020-03-13,1.0589854717254639,1.0613232851028442,1.0467586517333984,1.0585931539535522,1.0585931539535522,0
2020-03-16,1.0568478107452393,1.064736008644104,1.0501333475112915,1.056747317314148,1.056747317314148,0
2020-03-17,1.0554312467575073,1.0557432174682617,1.0369571447372437,1.055375576019287,1.055375576019287,0
2020-03-18,1.0420900583267212,1.0453252792358398,1.026989221572876,1.0420465469360352,1.0420465469360352,0
2020-03-19,1.0328764915466309,1.03616201877594,1.0156512260437012,1.0345220565795898,1.0345220565795898,0
2020-03-20,1.011582612991333,1.0261040925979614,1.0115007162094116,1.0114086866378784,1.0114086866378784,0
2020-03-23,1.0145795345306396,1.0213148593902588,1.0117053985595703,1.0151562690734863,1.0151562690734863,0
2020-03-24,1.0186203718185425,1.0288594961166382,1.0172008275985718,1.0186411142349243,1.0186411142349243,0
2020-03-25,1.0202832221984863,1.022390365600586,1.0175734758377075,1.0204393863677979,1.0204393863677979,0
2020-03-26,1.0241913795471191,1.0370001792907715,1.0234891176223755,1.0243382453918457,1.0243382453918457,0
2020-03-27,1.039717197418213,1.0461235046386719,1.0358507633209229,1.0398684740066528,1.0398684740066528,0
2020-03-29,1.051856517791748,1.051856517791748,1.0406910181045532,1.0521111488342285,1.0521111488342285,0
2020-03-30,1.041677474975586,1.0424919128417969,1.0327057838439941,1.0416667461395264,1.0416667461395264,0
2020-03-31,1.0401389598846436,1.0414496660232544,1.0323113203048706,1.040030837059021,1.040030837059021,0
2020-04-01,1.0346719026565552,1.0354111194610596,1.0275485515594482,1.0349931716918945,1.0349931716918945,0
2020-04-02,1.0261040925979614,1.0277597904205322,1.0210436582565308,1.026462197303772,1.026462197303772,0
2020-04-05,1.0233843326568604,1.0245901346206665,1.0207726955413818,1.0233319997787476,1.0233319997787476,0
2020-04-06,1.0225262641906738,1.031831979751587,1.021826148033142,1.0225367546081543,1.0225367546081543,0
2020-04-07,1.031725525856018,1.032140851020813,1.0266202688217163,1.0317894220352173,1.0317894220352173,0
2020-04-08,1.0290077924728394,1.0361405611038208,1.0275274515151978,1.0289971828460693,1.0289971828460693,0
2020-04-09,1.0343079566955566,1.0369141101837158,1.0335917472839355,1.0342758893966675,1.0342758893966675,0
2020-04-12,1.0355182886123657,1.0385295152664185,1.032417893409729,1.0353682041168213,1.0353682041168213,0
2020-04-13,1.034382939338684,1.042209506034851,1.034382939338684,1.0347682237625122,1.0347682237625122,0
2020-04-14,1.0414713621139526,1.041938066482544,1.0309277772903442,1.0417535305023193,1.0417535305023193,0
2020-04-15,1.0359796285629272,1.0364090204238892,1.0304391384124756,1.03616201877594,1.03616201877594,0
2020-04-16,1.032002329826355,1.0355290174484253,1.0284150838851929,1.0317788124084473,1.0317788124084473,0
2020-04-19,1.033271312713623,1.0357327461242676,1.0310447216033936,1.0332393646240234,1.0332393646240234,0
2020-04-20,1.0329618453979492,1.0340512990951538,1.0281612873077393,1.033164620399475,1.033164620399475,0
2020-04-21,1.0313531160354614,1.034083366394043,1.029155969619751,1.031172275543213,1.031172275543213,0
2020-04-22,1.0278866291046143,1.0302904844284058,1.023604393005371,1.0280661582946777,1.0280661582946777,0
2020-04-23,1.0243487358093262,1.0279711484909058,1.0202728509902954,1.0242438316345215,1.0242438316345215,0
2020-04-26,1.0271581411361694,1.0295480489730835,1.023929238319397,1.0272213220596313,1.0272213220596313,0
2020-04-27,1.0246531963348389,1.0288065671920776,1.0205955505371094,1.024768590927124,1.024768590927124,0
2020-04-28,1.0269049406051636,1.0296964645385742,1.0255569219589233,1.026968240737915,1.026968240737915,0
2020-04-29,1.0269049406051636,1.0374735593795776,1.024758219718933,1.0267994403839111,1.0267994403839111,0
2020-04-30,1.0345433950424194,1.0428180694580078,1.0342330932617188,1.0346932411193848,1.0346932411193848,0
2020-05-03,1.0387344360351562,1.0388531684875488,1.0349609851837158,1.0389610528945923,1.0389610528945923,0
2020-05-04,1.0356041193008423,1.0369141101837158,1.0276752710342407,1.0358400344848633,1.0358400344848633,0
2020-05-05,1.0282459259033203,1.0288065671920776,1.024779200553894,1.0281718969345093,1.0281718969345093,0
2020-05-06,1.0253885984420776,1.026999831199646,1.022390365600586,1.025430679321289,1.025430679321289,0
2020-05-07,1.0279076099395752,1.0327911376953125,1.0275907516479492,1.0278021097183228,1.0278021097183228,0
2020-05-10,1.029945731163025,1.0311404466629028,1.0271053314208984,1.0299488306045532,1.0299488306045532,0
2020-05-11,1.0279203653335571,1.0343401432037354,1.025714635848999,1.0278654098510742,1.0278654098510742,0
2020-05-12,1.0313531160354614,1.0344364643096924,1.029579758644104,1.0311191082000732,1.0311191082000732,0
2020-05-13,1.0288701057434082,1.0296540260314941,1.0251679420471191,1.0290182828903198,1.0290182828903198,0
2020-05-14,1.0274957418441772,1.0309809446334839,1.0263147354125977,1.0276435613632202,1.0276435613632202,0
2020-05-17,1.0288701057434082,1.0331859588623047,1.0277386903762817,1.0289018154144287,1.0289018154144287,0
2020-05-18,1.0290924310684204,1.0312467813491821,1.0280133485794067,1.0290924310684204,1.0290924310684204,0
2020-05-19,1.0297812223434448,1.0375596284866333,1.0297706127166748,1.0296964645385742,1.0296964645385742,0
2020-05-20,1.0363446474075317,1.0364842414855957,1.0299721956253052,1.036591649055481,1.036591649055481,0
2020-05-21,1.0303436517715454,1.0310341119766235,1.0275379419326782,1.0302056074142456,1.0302056074142456,0
2020-05-24,1.0296646356582642,1.0304816961288452,1.0272425413131714,1.029632806777954,1.029632806777954,0
2020-05-25,1.0294843912124634,1.0359902381896973,1.0290924310684204,1.0293785333633423,1.0293785333633423,0
2020-05-26,1.0357863903045654,1.035947322845459,1.0284045934677124,1.035896897315979,1.035896897315979,0
2020-05-27,1.03292977809906,1.0373444557189941,1.0292831659317017,1.033025860786438,1.033025860786438,0
2020-05-28,1.0371291637420654,1.0414496660232544,1.03638756275177,1.0373444557189941,1.0373444557189941,0
2020-05-31,1.0406477451324463,1.043819546699524,1.0390366315841675,1.04099440574646,1.04099440574646,0
2020-06-01,1.0404528379440308,1.0446046590805054,1.0379472970962524,1.040474534034729,1.040474534034729,0
2020-06-02,1.039879322052002,1.0410159826278687,1.0365809202194214,1.0399225950241089,1.0399225950241089,0
2020-06-03,1.0401498079299927,1.0461454391479492,1.039371371269226,1.0401930809020996,1.0401930809020996,0
2020-06-04,1.04666006565094,1.0481081008911133,1.0363446474075317,1.0464520454406738,1.0464520454406738,0
2020-06-07,1.0399442911148071,1.0463534593582153,1.0374627113342285,1.0405826568603516,1.0405826568603516,0
2020-06-08,1.0441901683807373,1.0546298027038574,1.0433404445648193,1.04436457157135,1.04436457157135,0
2020-06-09,1.051436185836792,1.0590864419937134,1.0510605573654175,1.051414132118225,1.051414132118225,0
2020-06-10,1.0596587657928467,1.0660980939865112,1.0571383237838745,1.0596251487731934,1.0596251487731934,0
2020-06-11,1.0593219995498657,1.05988347530365,1.0503098964691162,1.0591648817062378,1.0591648817062378,0
2020-06-14,1.051171064376831,1.0548522472381592,1.0476031303405762,1.0510494709014893,1.0510494709014893,0
2020-06-15,1.0536631345748901,1.056859016418457,1.0505194664001465,1.053851842880249,1.053851842880249,0
2020-06-16,1.051414132118225,1.0547633171081543,1.049538254737854,1.05138099193573,1.05138099193573,0
2020-06-17,1.0539740324020386,1.0547411441802979,1.0499018430709839,1.054062843322754,1.054062843322754,0
2020-06-18,1.0505746603012085,1.053829550743103,1.0494720935821533,1.0507513284683228,1.0507513284683228,0
2020-06-21,1.0503098964691162,1.0564905405044556,1.0500340461730957,1.0501995086669922,1.0501995086669922,0
2020-06-22,1.0564124584197998,1.0613908767700195,1.0537407398223877,1.0561223030090332,1.0561223030090332,0
2020-06-23,1.058884620666504,1.0601980686187744,1.0542407035827637,1.0586827993392944,1.0586827993392944,0
2020-06-24,1.054707646369934,1.0554089546203613,1.0520004034042358,1.0546742677688599,1.0546742677688599,0
2020-06-25,1.0544630289077759,1.0561447143554688,1.0527645349502563,1.0547411441802979,1.0547411441802979,0
2020-06-28,1.0549858808517456,1.0594342947006226,1.0520224571228027,1.055297613143921,1.055297613143921,0
2020-06-29,1.0516352653503418,1.0568478107452393,1.049141764640808,1.0514694452285767,1.0514694452285767,0
2020-06-30,1.0558323860168457,1.0589854717254639,1.0534965991973877,1.0561892986297607,1.0561892986297607,0
2020-07-01,1.0575296878814697,1.0608503818511963,1.0566803216934204,1.0573395490646362,1.0573395490646362,0
2020-07-02,1.0575631856918335,1.0588732957839966,1.0560554265975952,1.0575966835021973,1.0575966835021973,0
2020-07-05,1.0584362745285034,1.065757155418396,1.0584362745285034,1.058234691619873,1.058234691619873,0
2020-07-06,1.0615936517715454,1.0630381107330322,1.05794358253479,1.0617740154266357,1.0617740154266357,0
2020-07-07,1.0609291791915894,1.0665756464004517,1.060333013534546,1.0612331628799438,1.0612331628799438,0
2020-07-08,1.065836787223816,1.068261981010437,1.0633094310760498,1.0659844875335693,1.0659844875335693,0
2020-07-09,1.063490390777588,1.0654165744781494,1.060400366783142,1.0634112358093262,1.0634112358093262,0
2020-07-12,1.0633772611618042,1.0649627447128296,1.0596925020217896,1.0632529258728027,1.0632529258728027,0
2020-07-13,1.0618754625320435,1.0660980939865112,1.0611430406570435,1.061841607093811,1.061841607093811,0
2020-07-14,1.0644639730453491,1.0673497915267944,1.0589854717254639,1.0644639730453491,1.0644639730453491,0
2020-07-15,1.0593332052230835,1.0606815814971924,1.056401252746582,1.059310793876648,1.059310793876648,0
2020-07-16,1.0577309131622314,1.065246343612671,1.057283639907837,1.057820439338684,1.057820439338684,0
2020-07-19,1.065757155418396,1.067008137702942,1.0628912448883057,1.0657345056533813,1.0657345056533813,0
2020-07-20,1.0655300617218018,1.070835828781128,1.0643506050109863,1.0651895999908447,1.0651895999908447,0
2020-07-21,1.0726161003112793,1.0768898725509644,1.0695072412490845,1.0723515748977661,1.0723515748977661,0
2020-07-22,1.0755348205566406,1.0814902782440186,1.0755348205566406,1.0759629011154175,1.0759629011154175,0
2020-07-23,1.0807188749313354,1.0847399234771729,1.0799485445022583,1.0807422399520874,1.0807422399520874,0
2020-07-26,1.0859532356262207,1.090869426727295,1.0834940671920776,1.085894227027893,1.085894227027893,0
2020-07-27,1.0876659154891968,1.0922634601593018,1.0837640762329102,1.0875712633132935,1.0875712633132935,0
2020-07-28,1.0894314050674438,1.0946906805038452,1.0886130332946777,1.089561939239502,1.089561939239502,0
2020-07-29,1.0960825681686401,1.0976948738098145,1.0928603410720825,1.0959864854812622,1.0959864854812622,0
2020-07-30,1.1006791591644287,1.1042524576187134,1.0954701900482178,1.1007153987884521,1.1007153987884521,0
2020-08-02,1.0948106050491333,1.094894528388977,1.082473635673523,1.09505033493042,1.09505033493042,0
2020-08-03,1.0896451473236084,1.0938525199890137,1.088435411453247,1.0897995233535767,1.0897995233535767,0
2020-08-04,1.0958304405212402,1.1049723625183105,1.0947985649108887,1.095806360244751,1.095806360244751,0
2020-08-05,1.1012730598449707,1.1031439304351807,1.0955421924591064,1.1012852191925049,1.1012852191925049,0
2020-08-06,1.0991426706314087,1.0995051860809326,1.0921800136566162,1.0989131927490234,1.0989131927490234,0
2020-08-09,1.0957703590393066,1.0964912176132202,1.0889331102371216,1.0956082344055176,1.0956082344055176,0
2020-08-10,1.0922753810882568,1.0981770753860474,1.0908575057983398,1.0922993421554565,1.0922993421554565,0
2020-08-11,1.0902271270751953,1.0989614725112915,1.087311029434204,1.090274691581726,1.090274691581726,0
2020-08-12,1.0969363451004028,1.1010669469833374,1.096767783164978,1.096719741821289,1.096719741821289,0
2020-08-13,1.0993843078613281,1.1007153987884521,1.096419095993042,1.0993238687515259,1.0993238687515259,0
2020-08-16,1.100315809249878,1.1049845218658447,1.0993843078613281,1.1007153987884521,1.1007153987884521,0
2020-08-17,1.1031439304351807,1.1098902225494385,1.1031074523925781,1.1035091876983643,1.1035091876983643,0
2020-08-18,1.1076650619506836,1.1087703704833984,1.0970566272735596,1.1077386140823364,1.1077386140823364,0
2020-08-19,1.0930036306381226,1.1011202335357666,1.091619610786438,1.0932666063308716,1.0932666063308716,0
2020-08-20,1.1025844812393188,1.1037527322769165,1.094439148902893,1.1029006242752075,1.1029006242752075,0
2020-08-23,1.0965392589569092,1.1019283533096313,1.0956143140792847,1.0967316627502441,1.0967316627502441,0
2020-08-24,1.0966235399246216,1.101539969444275,1.0959504842758179,1.0966354608535767,1.0966354608535767,0
2020-08-25,1.1011518239974976,1.1020498275756836,1.0965874195098877,1.1013579368591309,1.1013579368591309,0
2020-08-26,1.1021713018417358,1.1062558889389038,1.0962027311325073,1.102074146270752,1.102074146270752,0
2020-08-27,1.0998680591583252,1.108217477798462,1.098997712135315,1.1001100540161133,1.1001100540161133,0
2020-08-30,1.1066476106643677,1.1111111640930176,1.1049357652664185,1.1066844463348389,1.1066844463348389,0
2020-08-31,1.1063170433044434,1.1112345457077026,1.099045991897583,1.1063170433044434,1.1063170433044434,0
2020-09-01,1.0997470617294312,1.0999890565872192,1.094846487045288,1.09966242313385,1.09966242313385,0
2020-09-02,1.0971890687942505,1.1008366346359253,1.0940560102462769,1.097477912902832,1.097477912902832,0
2020-09-03,1.0989735126495361,1.1001100540161133,1.091381311416626,1.0988527536392212,1.0988527536392212,0
2020-09-06,1.0947266817092896,1.0964912176132202,1.0918937921524048,1.094606876373291,1.094606876373291,0
2020-09-07,1.091226577758789,1.0917030572891235,1.0870392322540283,1.0912384986877441,1.0912384986877441,0
2020-09-08,1.0893957614898682,1.0961307287216187,1.0881866216659546,1.089561939239502,1.089561939239502,0
2020-09-09,1.0964912176132202,1.1049234867095947,1.0964070558547974,1.0963228940963745,1.0963228940963745,0
2020-09-10,1.0989373922348022,1.1014429330825806,1.0981649160385132,1.098575234413147,1.098575234413147,0
2020-09-13,1.1002916097640991,1.1039965152740479,1.0991426706314087,1.1002068519592285,1.1002068519592285,0
2020-09-14,1.1007033586502075,1.1048502922058105,1.1003400087356567,1.10093355178833,1.10093355178833,0
2020-09-15,1.1004973649978638,1.1044842004776,1.099686622619629,1.1006791591644287,1.1006791591644287,0
2020-09-16,1.0982855558395386,1.1001100540161133,1.0945110321044922,1.0982011556625366,1.0982011556625366,0
2020-09-17,1.1013215780258179,1.102074146270752,1.0975863933563232,1.100969910621643,1.100969910621643,0
2020-09-20,1.0976707935333252,1.1006548404693604,1.0904886722564697,1.0975502729415894,1.0975502729415894,0
2020-09-21,1.0923947095870972,1.0943313837051392,1.0867911577224731,1.0928232669830322,1.0928232669830322,0
2020-09-22,1.087448239326477,1.0883169174194336,1.0820988416671753,1.087074637413025,1.087074637413025,0
2020-09-23,1.0824971199035645,1.0853049755096436,1.0777952671051025,1.082309603691101,1.082309603691101,0
2020-09-24,1.0790629386901855,1.08119797706604,1.0758124589920044,1.0790512561798096,1.0790512561798096,0
2020-09-27,1.0773308277130127,1.0813149213790894,1.0759282112121582,1.0774585008621216,1.0774585008621216,0
2020-09-28,1.082580327987671,1.087867021560669,1.0816190242767334,1.0825556516647339,1.0825556516647339,0
2020-09-29,1.0876895189285278,1.091524362564087,1.081911563873291,1.0876185894012451,1.0876185894012451,0
2020-09-30,1.086130142211914,1.0913456678390503,1.0853402614593506,1.086130142211914,1.086130142211914,0
2020-10-01,1.0884946584701538,1.0893245935440063,1.084939956665039,1.0881630182266235,1.0881630182266235,0
2020-10-04,1.0892534255981445,1.0936132669448853,1.088672399520874,1.0894432067871094,1.0894432067871094,0
2020-10-05,1.0928961038589478,1.094954490661621,1.092514157295227,1.0928363800048828,1.0928363800048828,0
2020-10-06,1.0901559591293335,1.0918222665786743,1.0888501405715942,1.089751958847046,1.089751958847046,0
2020-10-07,1.0904886722564697,1.0919533967971802,1.087417483329773,1.0907789468765259,1.0907789468765259,0
2020-10-08,1.0905839204788208,1.098876953125,1.090274691581726,1.090869426727295,1.090869426727295,0
2020-10-11,1.0980805158615112,1.1007153987884521,1.096262812614441,1.0983580350875854,1.0983580350875854,0
2020-10-12,1.1000010967254639,1.1001547574996948,1.0930156707763672,1.100097894668579,1.100097894668579,0
2020-10-13,1.0926930904388428,1.097285270690918,1.0915124416351318,1.0926811695098877,1.0926811695098877,0
2020-10-14,1.095170259475708,1.0958904027938843,1.0923351049423218,1.0949064493179321,1.0949064493179321,0
2020-10-15,1.0934937000274658,1.0962268114089966,1.0914766788482666,1.0937328338623047,1.0937328338623047,0
2020-10-18,1.0927648544311523,1.1000494956970215,1.0911788940429688,1.0927648544311523,1.0927648544311523,0
2020-10-19,1.0981045961380005,1.1044842004776,1.0978515148162842,1.0982131958007812,1.0982131958007812,0
2020-10-20,1.1027425527572632,1.107419729232788,1.1027425527572632,1.1029006242752075,1.1029006242752075,0
2020-10-21,1.1037771701812744,1.1044842004776,1.1015034914016724,1.104008674621582,1.104008674621582,0
2020-10-22,1.1017826795578003,1.1068804264068604,1.099976897239685,1.1018069982528687,1.1018069982528687,0
2020-10-26,1.105509877204895,1.1060723066329956,1.1014186143875122,1.105509877204895,1.105509877204895,0
2020-10-27,1.1014429330825806,1.1037527322769165,1.099251389503479,1.1014429330825806,1.1014429330825806,0
2020-10-28,1.1002068519592285,1.1008366346359253,1.0957703590393066,1.1002613306045532,1.1002613306045532,0
2020-10-29,1.0981770753860474,1.1003520488739014,1.0903817415237427,1.098189115524292,1.098189115524292,0
2020-10-30,1.092358946800232,1.0945708751678467,1.0906909704208374,1.0925259590148926,1.0925259590148926,0
2020-11-02,1.0903104543685913,1.0911074876785278,1.0866022109985352,1.0903223752975464,1.0903223752975464,0
2020-11-03,1.0883406400680542,1.0969723463058472,1.0879616737365723,1.08840811252594,1.08840811252594,0
2020-11-04,1.098575234413147,1.0998680591583252,1.0878314971923828,1.0981287956237793,1.0981287956237793,0
2020-11-05,1.096864104270935,1.1054977178573608,1.0958664417266846,1.0972130298614502,1.0972130298614502,0
2020-11-06,1.1056687831878662,1.1130156517028809,1.1043378114700317,1.1059867143630981,1.1059867143630981,0
2020-11-09,1.112025499343872,1.1130775213241577,1.0945829153060913,1.111951231956482,1.111951231956482,0
2020-11-10,1.0955662727355957,1.0970566272735596,1.089953899383545,1.095662236213684,1.095662236213684,0
2020-11-11,1.0929081439971924,1.0944511890411377,1.0879498720169067,1.0929200649261475,1.0929200649261475,0
2020-11-12,1.09088134765625,1.09505033493042,1.090274691581726,1.0910038948059082,1.0910038948059082,0
2020-11-13,1.0933741331100464,1.0955902338027954,1.0919772386550903,1.0931111574172974,1.0931111574172974,0
2020-11-16,1.096411943435669,1.0993843078613281,1.0928603410720825,1.0963950157165527,1.0963950157165527,0
2020-11-17,1.0961908102035522,1.1004489660263062,1.0955421924591064,1.0960465669631958,1.0960465669631958,0
2020-11-18,1.0973937511444092,1.0999042987823486,1.0963108539581299,1.0976948738098145,1.0976948738098145,0
2020-11-19,1.0964912176132202,1.0984183549880981,1.094247579574585,1.096659541130066,1.096659541130066,0
2020-11-20,1.0978394746780396,1.0999406576156616,1.0962748527526855,1.0977635383605957,1.0977635383605957,0
2020-11-23,1.098140835762024,1.1019283533096313,1.0933263301849365,1.0982614755630493,1.0982614755630493,0
2020-11-24,1.0959625244140625,1.099203109741211,1.0946189165115356,1.0959625244140625,1.0959625244140625,0
2020-11-25,1.0977792739868164,1.1013215780258179,1.0943313837051392,1.0979359149932861,1.0979359149932861,0
2020-11-26,1.1011518239974976,1.1036310195922852,1.0997833013534546,1.1010547876358032,1.1010547876358032,0
2020-11-27,1.1029735803604126,1.106157898902893,1.101078987121582,1.1032413244247437,1.1032413244247437,0
2020-11-30,1.1058521270751953,1.1088441610336304,1.1032534837722778,1.1059132814407349,1.1059132814407349,0
2020-12-01,1.100897192955017,1.1107407808303833,1.1008851528167725,1.1009942293167114,1.1009942293167114,0
2020-12-02,1.1115680932998657,1.1182680130004883,1.1096316576004028,1.111716389656067,1.111716389656067,0
2020-12-03,1.1177055835723877,1.124593734741211,1.1169066429138184,1.1178054809570312,1.1178054809570312,0
2020-12-04,1.122536063194275,1.1254290342330933,1.1216672658920288,1.1226242780685425,1.1226242780685425,0
2020-12-07,1.1212018728256226,1.126633644104004,1.11793053150177,1.1214030981063843,1.1214030981063843,0
2020-12-08,1.1225864887237549,1.1259359121322632,1.1219189167022705,1.122877597808838,1.122877597808838,0
2020-12-09,1.1252644062042236,1.1273956298828125,1.122725009918213,1.1254569292068481,1.1254569292068481,0
2020-12-10,1.1245051622390747,1.1296627521514893,1.1234692335128784,1.1244040727615356,1.1244040727615356,0
2020-12-11,1.128757357597351,1.1300712823867798,1.122674584388733,1.1288491487503052,1.1288491487503052,0
2020-12-14,1.1254796981811523,1.1298924684524536,1.1243029832839966,1.1254416704177856,1.1254416704177856,0
2020-12-15,1.127789855003357,1.1301988363265991,1.1262149810791016,1.1279298067092896,1.1279298067092896,0
2020-12-16,1.129216194152832,1.133080244064331,1.1279298067092896,1.1293820142745972,1.1293820142745972,0
2020-12-17,1.1296881437301636,1.133529782295227,1.1289994716644287,1.1294457912445068,1.1294457912445068,0
2020-12-18,1.1302627325057983,1.133144497871399,1.127789855003357,1.1303011178970337,1.1303011178970337,0
2020-12-21,1.1289230585098267,1.1310042142868042,1.121289849281311,1.1293309926986694,1.1293309926986694,0
2020-12-22,1.1290887594223022,1.1306078433990479,1.1243914365768433,1.1293309926986694,1.1293309926986694,0
2020-12-23,1.1262022256851196,1.1276500225067139,1.1224603652954102,1.1263036727905273,1.1263036727905273,0
2020-12-24,1.1265066862106323,1.1277772188186646,1.12147855758667,1.1262530088424683,1.1262530088424683,0
2020-12-25,1.1222084760665894,1.1298158168792725,1.1222084760665894,1.1224603652954102,1.1224603652954102,0
2020-12-28,1.1244419813156128,1.1267224550247192,1.1212271451950073,1.124315619468689,1.124315619468689,0
2020-12-29,1.1258344650268555,1.1324899196624756,1.1256989240646362,1.1257457733154297,1.1257457733154297,0
2020-12-30,1.131080985069275,1.134429931640625,1.1294968128204346,1.1310937404632568,1.1310937404632568,0
2020-12-31,1.134352684020996,1.1369191408157349,1.1299052238464355,1.1343270540237427,1.1343270540237427,0
2021-01-01,1.113089919090271,1.12386953830719,1.1123470067977905,1.1134617328643799,1.1134617328643799,0
2021-01-04,1.1323232650756836,1.1382391452789307,1.1306078433990479,1.13237464427948,1.13237464427948,0
2021-01-05,1.134751796722412,1.1386020183563232,1.1343399286270142,1.1347646713256836,1.1347646713256836,0
2021-01-06,1.1387187242507935,1.1422044038772583,1.1338125467300415,1.1387187242507935,1.1387187242507935,0
2021-01-07,1.1388094425201416,1.1396141052246094,1.1286299228668213,1.1388614177703857,1.1388614177703857,0
2021-01-08,1.1295478343963623,1.1332343816757202,1.1256697177886963,1.1297520399093628,1.1297520399093628,0
2021-01-11,1.1268748044967651,1.1275991201400757,1.1210637092590332,1.1265828609466553,1.1265828609466553,0
2021-01-12,1.1241008043289185,1.1248594522476196,1.1216169595718384,1.1240754127502441,1.1240754127502441,0
2021-01-13,1.1287955045700073,1.1298797130584717,1.1249985694885254,1.1287955045700073,1.1287955045700073,0
2021-01-14,1.1272051334381104,1.1281588077545166,1.121623158454895,1.1275228261947632,1.1275228261947632,0
2021-01-15,1.1258091926574707,1.1276500225067139,1.12311589717865,1.1258091926574707,1.1258091926574707,0
2021-01-18,1.1206742525100708,1.1239112615585327,1.1205862760543823,1.1208499670028687,1.1208499670028687,0
2021-01-19,1.1225107908248901,1.128413438796997,1.1217100620269775,1.1224603652954102,1.1224603652954102,0
2021-01-20,1.1259866952896118,1.1278661489486694,1.1211265325546265,1.1261261701583862,1.1261261701583862,0
2021-01-21,1.1248087882995605,1.1301988363265991,1.123721718788147,1.1245051622390747,1.1245051622390747,0
2021-01-22,1.1296755075454712,1.1314136981964111,1.1279170513153076,1.1294840574264526,1.1294840574264526,0
2021-01-25,1.1292799711227417,1.1303905248641968,1.1246063709259033,1.1295312643051147,1.1295312643051147,0
2021-01-26,1.126037359237671,1.1278280019760132,1.1241639852523804,1.126100778579712,1.126100778579712,0
2021-01-27,1.1278789043426514,1.1287955045700073,1.1217553615570068,1.1277772188186646,1.1277772188186646,0
2021-01-28,1.1247328519821167,1.1273956298828125,1.1213905811309814,1.124985933303833,1.124985933303833,0
2021-01-29,1.1255683898925781,1.126887559890747,1.122725009918213,1.1253544092178345,1.1253544092178345,0
2021-02-01,1.1216672658920288,1.1228384971618652,1.1152374744415283,1.1218812465667725,1.1218812465667725,0
2021-02-02,1.1153743267059326,1.1177055835723877,1.1117781400680542,1.1154738664627075,1.1154738664627075,0
2021-02-03,1.1140199899673462,1.114951491355896,1.1108518838882446,1.1142061948776245,1.1142061948776245,0
2021-02-04,1.1131147146224976,1.1132138967514038,1.1062558889389038,1.1131643056869507,1.1131643056869507,0
2021-02-05,1.106157898902893,1.1122233867645264,1.1055954694747925,1.106157898902893,1.106157898902893,0
2021-02-08,1.1123223304748535,1.1134617328643799,1.1087826490402222,1.112371802330017,1.112371802330017,0
2021-02-09,1.112681269645691,1.1200717687606812,1.112681269645691,1.11284339427948,1.11284339427948,0
2021-02-10,1.1204230785369873,1.124821424484253,1.1197456121444702,1.1205737590789795,1.1205737590789795,0
2021-02-11,1.123721718788147,1.1247328519821167,1.1225864887237549,1.1232850551605225,1.1232850551605225,0
2021-02-12,1.1234439611434937,1.123974323272705,1.1186808347702026,1.1234439611434937,1.1234439611434937,0
2021-02-15,1.1212396621704102,1.1242270469665527,1.1205360889434814,1.1213792562484741,1.1213792562484741,0
2021-02-16,1.1241008043289185,1.1273956298828125,1.119921088218689,1.1238051652908325,1.1238051652908325,0
2021-02-17,1.1191065311431885,1.1202723979949951,1.1123223304748535,1.1195476055145264,1.1195476055145264,0
2021-02-18,1.1128793954849243,1.1165075302124023,1.1117658615112305,1.1130527257919312,1.1130527257919312,0
2021-02-19,1.1162209510803223,1.119444727897644,1.1149640083312988,1.1163080930709839,1.1163080930709839,0
2021-02-22,1.1150137186050415,1.117817997932434,1.1084262132644653,1.1152125597000122,1.1152125597000122,0
2021-02-23,1.1164439916610718,1.1176930665969849,1.1085245609283447,1.1164577007293701,1.1164577007293701,0
2021-02-24,1.1049295663833618,1.1051067113876343,1.0996019840240479,1.1048502922058105,1.1048502922058105,0
2021-02-25,1.1028629541397095,1.1077386140823364,1.1013579368591309,1.1030223369598389,1.1030223369598389,0
2021-02-26,1.104472041130066,1.1079105138778687,1.0997591018676758,1.1042768955230713,1.1042768955230713,0
2021-03-01,1.1021713018417358,1.102657437324524,1.0923231840133667,1.1020498275756836,1.1020498275756836,0
2021-03-02,1.0929319858551025,1.0942115783691406,1.0879143476486206,1.0930156707763672,1.0930156707763672,0
2021-03-03,1.0930156707763672,1.0940918922424316,1.0883997678756714,1.0928961038589478,1.0928961038589478,0
2021-03-04,1.087074637413025,1.0883879661560059,1.0801352262496948,1.087311029434204,1.087311029434204,0
2021-03-05,1.0762293338775635,1.0798436403274536,1.073203206062317,1.0761018991470337,1.0761018991470337,0
2021-03-08,1.0750607252120972,1.0757315158843994,1.068467378616333,1.0750375986099243,1.0750375986099243,0
2021-03-09,1.068296194076538,1.0769479274749756,1.0666667222976685,1.0686043500900269,1.0686043500900269,0
2021-03-10,1.0774468183517456,1.07758629322052,1.0727887153625488,1.0774236917495728,1.0774236917495728,0
2021-03-11,1.0754770040512085,1.0818997621536255,1.0743677616119385,1.0756157636642456,1.0756157636642456,0
2021-03-12,1.0813149213790894,1.0816657543182373,1.0726391077041626,1.0814785957336426,1.0814785957336426,0
2021-03-15,1.0760498046875,1.0781670808792114,1.0738486051559448,1.076119303703308,1.076119303703308,0
2021-03-16,1.0781193971633911,1.081946611404419,1.0767971277236938,1.0780508518218994,1.0780508518218994,0
2021-03-17,1.0811395645141602,1.0814317464828491,1.0757893323898315,1.0813149213790894,1.0813149213790894,0
2021-03-18,1.0841635465621948,1.0848339796066284,1.074806571006775,1.084316372871399,1.084316372871399,0
2021-03-19,1.078260064125061,1.0810810327529907,1.0731916427612305,1.0783764123916626,1.0783764123916626,0
2021-03-22,1.0752919912338257,1.084293007850647,1.0743331909179688,1.0752226114273071,1.0752226114273071,0
2021-03-23,1.0830832719802856,1.0831888914108276,1.0712602138519287,1.0831888914108276,1.0831888914108276,0
2021-03-24,1.0702054500579834,1.071237325668335,1.0673611164093018,1.0700680017471313,1.0700680017471313,0
2021-03-25,1.0684559345245361,1.06963312625885,1.0643846988677979,1.068387508392334,1.068387508392334,0
2021-03-26,1.0643279552459717,1.0649967193603516,1.061954379081726,1.0643846988677979,1.0643846988677979,0
2021-03-28,1.0643960237503052,1.0672358274459839,1.0633772611618042,1.064339280128479,1.064339280128479,0
2021-03-29,1.0650761127471924,1.0654165744781494,1.059569001197815,1.0650761127471924,1.0650761127471924,0
2021-03-30,1.062022089958191,1.0633659362792969,1.0586267709732056,1.0619205236434937,1.0619205236434937,0
2021-03-31,1.0595465898513794,1.0630720853805542,1.0558212995529175,1.0594342947006226,1.0594342947006226,0
2021-04-01,1.0615485906600952,1.063490390777588,1.060490369796753,1.0614471435546875,1.0614471435546875,0
2021-04-04,1.0614134073257446,1.0691070556640625,1.059490442276001,1.0615711212158203,1.0615711212158203,0
2021-04-05,1.068467378616333,1.072961449623108,1.064497947692871,1.0683304071426392,1.0683304071426392,0
2021-04-06,1.0743216276168823,1.079074501991272,1.0735650062561035,1.0736525058746338,1.0736525058746338,0
2021-04-07,1.075893521308899,1.0823564529418945,1.0750375986099243,1.0760787725448608,1.0760787725448608,0
2021-04-08,1.0822510719299316,1.0829542875289917,1.0774236917495728,1.0820636749267578,1.0820636749267578,0
2021-04-11,1.0806137323379517,1.0854109525680542,1.0790047645568848,1.0807422399520874,1.0807422399520874,0
2021-04-12,1.0841635465621948,1.087074637413025,1.0801469087600708,1.084481120109558,1.084481120109558,0
2021-04-13,1.08672034740448,1.0886130332946777,1.0830364227294922,1.0868383646011353,1.0868383646011353,0
2021-04-14,1.0835645198822021,1.0862244367599487,1.0817359685897827,1.0837758779525757,1.0837758779525757,0
2021-04-15,1.0847752094268799,1.0892059803009033,1.0831185579299927,1.0847245454788208,1.0847245454788208,0
2021-04-18,1.0863189697265625,1.0954822301864624,1.085293173789978,1.086307168006897,1.086307168006897,0
2021-04-19,1.0932546854019165,1.0948957204818726,1.0906314849853516,1.0932546854019165,1.0932546854019165,0
2021-04-20,1.091701865196228,1.0926573276519775,1.0876659154891968,1.0918222665786743,1.0918222665786743,0
2021-04-21,1.0909645557403564,1.0938525199890137,1.0883761644363403,1.0908337831497192,1.0908337831497192,0
2021-04-22,1.090702772140503,1.0939722061157227,1.0901440382003784,1.0904649496078491,1.0904649496078491,0
2021-04-25,1.0941756963729858,1.096611499786377,1.0912504196166992,1.0942236185073853,1.0942236185073853,0
2021-04-26,1.0933741331100464,1.0960105657577515,1.0904886722564697,1.0933263301849365,1.0933263301849365,0
2021-04-27,1.0942115783691406,1.0966956615447998,1.0892653465270996,1.0940439701080322,1.0940439701080322,0
2021-04-28,1.100122094154358,1.1012367010116577,1.0968159437179565,1.100473165512085,1.100473165512085,0
2021-04-29,1.1003520488739014,1.1013215780258179,1.094846487045288,1.1001100540161133,1.1001100540161133,0
2021-05-02,1.0952422618865967,1.0997663736343384,1.0932188034057617,1.0954102277755737,1.0954102277755737,0
2021-05-03,1.0973478555679321,1.0974539518356323,1.091786503791809,1.097044587135315,1.097044587135315,0
2021-05-04,1.0948106050491333,1.0963108539581299,1.0913695096969604,1.0948106050491333,1.0948106050491333,0
2021-05-05,1.0952062606811523,1.1021713018417358,1.0935535430908203,1.095158338546753,1.095158338546753,0
2021-05-06,1.1018919944763184,1.1103708744049072,1.0997954607009888,1.1018191576004028,1.1018191576004028,0
2021-05-09,1.1102722883224487,1.113089919090271,1.108794927597046,1.11055588722229,1.11055588722229,0
2021-05-10,1.11055588722229,1.1111111640930176,1.1072357892990112,1.1106421947479248,1.1106421947479248,0
2021-05-11,1.106696605682373,1.107137680053711,1.1000736951828003,1.1063904762268066,1.1063904762268066,0
2021-05-12,1.1000858545303345,1.1048502922058105,1.0998317003250122,1.100594401359558,1.100594401359558,0
2021-05-13,1.1038014888763428,1.1096316576004028,1.1033508777618408,1.1038258075714111,1.1038258075714111,0
2021-05-16,1.1095085144042969,1.110987663269043,1.1076527833938599,1.1096316576004028,1.1096316576004028,0
2021-05-17,1.1071745157241821,1.1158223152160645,1.1069294214248657,1.1070151329040527,1.1070151329040527,0
2021-05-18,1.1143426895141602,1.1150758266448975,1.1075423955917358,1.1142929792404175,1.1142929792404175,0
2021-05-19,1.106439471244812,1.1133378744125366,1.1056320667266846,1.106096863746643,1.106096863746643,0
2021-05-20,1.1143550872802734,1.1168566942214966,1.1113333702087402,1.1144545078277588,1.1144545078277588,0
2021-05-23,1.1142061948776245,1.1165698766708374,1.1110987663269043,1.1143302917480469,1.1143302917480469,0
2021-05-24,1.114951491355896,1.1198208332061768,1.114740252494812,1.1148271560668945,1.1148271560668945,0
2021-05-25,1.1166571378707886,1.1185681819915771,1.1133378744125366,1.1165698766708374,1.1165698766708374,0
2021-05-26,1.1137222051620483,1.1159967184066772,1.110111951828003,1.1139206886291504,1.1139206886291504,0
2021-05-27,1.114951491355896,1.114951491355896,1.107530117034912,1.1147650480270386,1.1147650480270386,0
2021-05-30,1.110938310623169,1.1134617328643799,1.1097030639648438,1.1109752655029297,1.1109752655029297,0
2021-05-31,1.113250970840454,1.117817997932434,1.1114075183868408,1.113089919090271,1.113089919090271,0
2021-06-01,1.1147526502609253,1.1154489517211914,1.1082665920257568,1.1148520708084106,1.1148520708084106,0
2021-06-02,1.1133378744125366,1.1140819787979126,1.1047916412353516,1.1133378744125366,1.1133378744125366,0
2021-06-03,1.1069294214248657,1.1132138967514038,1.1045939922332764,1.1068068742752075,1.1068068742752075,0
2021-06-06,1.111840009689331,1.1153244972229004,1.109939455986023,1.1122233867645264,1.1122233867645264,0
2021-06-07,1.1139206886291504,1.117193579673767,1.1126317977905273,1.1142061948776245,1.1142061948776245,0
2021-06-08,1.115200161933899,1.1203227043151855,1.114740252494812,1.1150758266448975,1.1150758266448975,0
2021-06-09,1.116071343421936,1.1185681819915771,1.112433671951294,1.1165698766708374,1.1165698766708374,0
2021-06-10,1.1178929805755615,1.1196954250335693,1.1111605167388916,1.1177555322647095,1.1177555322647095,0
2021-06-13,1.1138337850570679,1.1138337850570679,1.1112345457077026,1.1139429807662964,1.1139429807662964,0
2021-06-14,1.1123470067977905,1.1155734062194824,1.1103215217590332,1.1122233867645264,1.1122233867645264,0
2021-06-15,1.1132138967514038,1.1140819787979126,1.1111111640930176,1.1129660606384277,1.1129660606384277,0
2021-06-16,1.100509524345398,1.1020498275756836,1.089751958847046,1.1006791591644287,1.1006791591644287,0
2021-06-17,1.0898232460021973,1.0909883975982666,1.083282709121704,1.0897401571273804,1.0897401571273804,0
2021-06-20,1.0839638710021973,1.0897282361984253,1.0827432870864868,1.0840226411819458,1.0840226411819458,0
2021-06-21,1.0885419845581055,1.0890873670578003,1.0855759382247925,1.0885539054870605,1.0885539054870605,0
2021-06-22,1.0885419845581055,1.0924185514450073,1.0870628356933594,1.0886249542236328,1.0886249542236328,0
2021-06-23,1.0893245935440063,1.0900845527648926,1.0870274305343628,1.0891940593719482,1.0891940593719482,0
2021-06-24,1.089111089706421,1.093780755996704,1.089111089706421,1.0891704559326172,1.0891704559326172,0
2021-06-27,1.09088134765625,1.09088134765625,1.0853874683380127,1.09088134765625,1.09088134765625,0
2021-06-28,1.0875475406646729,1.0882933139801025,1.0832358598709106,1.087417483329773,1.087417483329773,0
2021-06-29,1.0857999324798584,1.0864840745925903,1.080263614654541,1.085894227027893,1.085894227027893,0
2021-06-30,1.080987572669983,1.0826494693756104,1.0787602663040161,1.0811395645141602,1.0811395645141602,0
2021-07-01,1.0800652503967285,1.0842812061309814,1.0783647298812866,1.0800302028656006,1.0800302028656006,0
2021-07-04,1.0847163200378418,1.0866022109985352,1.0832358598709106,1.0850694179534912,1.0850694179534912,0
2021-07-05,1.0844104290008545,1.0877841711044312,1.0813149213790894,1.084481120109558,1.084481120109558,0
2021-07-06,1.0813499689102173,1.0841283798217773,1.079214334487915,1.0814669132232666,1.0814669132232666,0
2021-07-07,1.080450415611267,1.094894528388977,1.0798436403274536,1.0806137323379517,1.0806137323379517,0
2021-07-08,1.0932546854019165,1.0939722061157227,1.0900251865386963,1.093206763267517,1.093206763267517,0
2021-07-11,1.094067931175232,1.09505033493042,1.0905125141143799,1.0940439701080322,1.0940439701080322,0
2021-07-12,1.093135118484497,1.0940918922424316,1.0870510339736938,1.0928722620010376,1.0928722620010376,0
2021-07-13,1.0882813930511475,1.0926573276519775,1.087133765220642,1.0883761644363403,1.0883761644363403,0
2021-07-14,1.0933860540390015,1.0967594385147095,1.0884590148925781,1.0932666063308716,1.0932666063308716,0
2021-07-15,1.0897995233535767,1.090274691581726,1.0867438316345215,1.089561939239502,1.089561939239502,0
2021-07-18,1.0884827375411987,1.0912741422653198,1.0845280885696411,1.0886961221694946,1.0886961221694946,0
2021-07-19,1.0885064601898193,1.0901321172714233,1.0833179950714111,1.0887316465377808,1.0887316465377808,0
2021-07-20,1.0855170488357544,1.0899977684020996,1.083435297012329,1.0855052471160889,1.0855052471160889,0
2021-07-21,1.0899182558059692,1.0923351049423218,1.0870628356933594,1.0898351669311523,1.0898351669311523,0
2021-07-22,1.0880564451217651,1.0888501405715942,1.084481120109558,1.0879971981048584,1.0879971981048584,0
2021-07-25,1.0875475406646729,1.0925379991531372,1.0867557525634766,1.0875121355056763,1.0875121355056763,0
2021-07-26,1.0922634601593018,1.0949784517288208,1.088660478591919,1.0923470258712769,1.0923470258712769,0
2021-07-27,1.0939244031906128,1.09505033493042,1.090893268585205,1.0936132669448853,1.0936132669448853,0
2021-07-28,1.0993843078613281,1.1046061515808105,1.098876953125,1.0995051860809326,1.0995051860809326,0
2021-07-29,1.1041427850723267,1.106415033340454,1.1019283533096313,1.1040940284729004,1.1040940284729004,0
2021-08-01,1.1037527322769165,1.1066476106643677,1.1029858589172363,1.1038624048233032,1.1038624048233032,0
2021-08-02,1.1046550273895264,1.1084016561508179,1.1041183471679688,1.1046428680419922,1.1046428680419922,0
2021-08-03,1.1066844463348389,1.1088072061538696,1.1018919944763184,1.106415033340454,1.106415033340454,0
2021-08-04,1.1030466556549072,1.1048502922058105,1.1017705202102661,1.103265643119812,1.103265643119812,0
2021-08-05,1.10293710231781,1.1031439304351807,1.0930633544921875,1.1031439304351807,1.1031439304351807,0
2021-08-08,1.0922993421554565,1.0935415029525757,1.087417483329773,1.0921800136566162,1.0921800136566162,0
2021-08-09,1.086130142211914,1.087902545928955,1.0831419229507446,1.0862481594085693,1.0862481594085693,0
2021-08-10,1.0835645198822021,1.0863661766052246,1.0820754766464233,1.0834705829620361,1.0834705829620361,0
2021-08-11,1.0852224826812744,1.085894227027893,1.0826611518859863,1.08523428440094,1.08523428440094,0
2021-08-12,1.0833179950714111,1.091941475868225,1.08241868019104,1.0833531618118286,1.0833531618118286,0
2021-08-15,1.0926573276519775,1.0977792739868164,1.091309905052185,1.0924185514450073,1.0924185514450073,0
2021-08-16,1.0958904027938843,1.0991426706314087,1.0931470394134521,1.0958904027938843,1.0958904027938843,0
2021-08-17,1.0930395126342773,1.0957703590393066,1.087559461593628,1.093194842338562,1.093194842338562,0
2021-08-18,1.0900371074676514,1.0934937000274658,1.0863778591156006,1.0898469686508179,1.0898469686508179,0
2021-08-19,1.0882458686828613,1.0919653177261353,1.0882458686828613,1.0882340669631958,1.0882340669631958,0
2021-08-22,1.0904412269592285,1.095662236213684,1.089656949043274,1.0903698205947876,1.0903698205947876,0
2021-08-23,1.0962748527526855,1.0976948738098145,1.0947626829147339,1.0961307287216187,1.0961307287216187,0
2021-08-24,1.0952062606811523,1.0957943201065063,1.092072606086731,1.095170259475708,1.095170259475708,0
2021-08-25,1.0944870710372925,1.0949305295944214,1.088008999824524,1.0945229530334473,1.0945229530334473,0
2021-08-26,1.0894314050674438,1.096575379371643,1.0870510339736938,1.0893957614898682,1.0893957614898682,0
2021-08-29,1.0973455905914307,1.0989010334014893,1.088767170906067,1.0974539518356323,1.0974539518356323,0
2021-08-30,1.0903817415237427,1.0974539518356323,1.0902390480041504,1.0902985334396362,1.0902985334396362,0
2021-08-31,1.0924185514450073,1.0942115783691406,1.0883642435073853,1.0925379991531372,1.0925379991531372,0
2021-09-01,1.092382788658142,1.0942115783691406,1.0910003185272217,1.092279076576233,1.092279076576233,0
2021-09-02,1.0936132669448853,1.0972130298614502,1.0922515392303467,1.0935057401657104,1.0935057401657104,0
2021-09-05,1.0943325757980347,1.0945708751678467,1.090798020362854,1.0942834615707397,1.0942834615707397,0
2021-09-06,1.093135118484497,1.09505033493042,1.0883169174194336,1.0930395126342773,1.0930395126342773,0
2021-09-07,1.0875948667526245,1.0890161991119385,1.0829542875289917,1.0876067876815796,1.0876067876815796,0
2021-09-08,1.0849517583847046,1.090869426727295,1.0842459201812744,1.0847868919372559,1.0847868919372559,0
2021-09-09,1.0911074876785278,1.0930156707763672,1.0889450311660767,1.0910955667495728,1.0910955667495728,0
2021-09-12,1.089158535003662,1.0893245935440063,1.0822277069091797,1.089158535003662,1.089158535003662,0
2021-09-13,1.0843281745910645,1.0889924764633179,1.0837289094924927,1.0845986604690552,1.0845986604690552,0
2021-09-14,1.0868501663208008,1.0914647579193115,1.0864605903625488,1.0868619680404663,1.0868619680404663,0
2021-09-15,1.0872282981872559,1.087902545928955,1.0787835121154785,1.0872992277145386,1.0872992277145386,0
2021-09-16,1.078283429145813,1.0801469087600708,1.073318362236023,1.0783299207687378,1.0783299207687378,0
2021-09-19,1.0730764865875244,1.078515887260437,1.0715816020965576,1.0729153156280518,1.0729153156280518,0
2021-09-20,1.0780508518218994,1.0841283798217773,1.0772960186004639,1.0779695510864258,1.0779695510864258,0
2021-09-21,1.0828369855880737,1.0851871967315674,1.08125638961792,1.0828369855880737,1.0828369855880737,0
2021-09-22,1.0797970294952393,1.0847281217575073,1.0784345865249634,1.079563856124878,1.079563856124878,0
2021-09-23,1.0817828178405762,1.0845986604690552,1.07991361618042,1.0816657543182373,1.0816657543182373,0
2021-09-26,1.0817828178405762,1.081841230392456,1.0764957666397095,1.0817008018493652,1.0817008018493652,0
2021-09-27,1.080263614654541,1.0806137323379517,1.0751993656158447,1.0803930759429932,1.0803930759429932,0
2021-09-28,1.0763335227966309,1.077818512916565,1.0708816051483154,1.07624089717865,1.07624089717865,0
2021-09-29,1.070343017578125,1.0728577375411987,1.0674409866333008,1.0703773498535156,1.0703773498535156,0
2021-09-30,1.0726161003112793,1.0773075819015503,1.0710766315460205,1.0724090337753296,1.0724090337753296,0
2021-10-03,1.0758472681045532,1.0833531618118286,1.0741831064224243,1.0757662057876587,1.0757662057876587,0
2021-10-04,1.0812681913375854,1.0816657543182373,1.0768088102340698,1.0811277627944946,1.0811277627944946,0
2021-10-05,1.0769015550613403,1.078399658203125,1.07449471950531,1.0771219730377197,1.0771219730377197,0
2021-10-06,1.0778882503509521,1.080964207649231,1.0771567821502686,1.077934741973877,1.077934741973877,0
2021-10-07,1.0769479274749756,1.0799602270126343,1.0746794939041138,1.0771219730377197,1.0771219730377197,0
2021-10-10,1.0777952671051025,1.0813149213790894,1.0767855644226074,1.0777604579925537,1.0777604579925537,0
2021-10-11,1.0779578685760498,1.0803803205490112,1.074379324913025,1.0781090259552002,1.0781090259552002,0
2021-10-12,1.0746102333068848,1.0807305574417114,1.0744600296020508,1.074737310409546,1.074737310409546,0
2021-10-13,1.082473635673523,1.0876659154891968,1.0818296670913696,1.0824854373931885,1.0824854373931885,0
2021-10-14,1.0818530321121216,1.0841283798217773,1.0796687602996826,1.081817865371704,1.081817865371704,0
2021-10-17,1.0826963186264038,1.0838934183120728,1.0787136554718018,1.0828019380569458,1.0828019380569458,0
2021-10-18,1.0828253030776978,1.0889687538146973,1.0828253030776978,1.0830974578857422,1.0830974578857422,0
2021-10-19,1.0837758779525757,1.087748646736145,1.0808824300765991,1.0834236145019531,1.0834236145019531,0
2021-10-20,1.0882813930511475,1.0905125141143799,1.0863189697265625,1.0883761644363403,1.0883761644363403,0
2021-10-21,1.0892534255981445,1.0927289724349976,1.088767170906067,1.0891940593719482,1.0891940593719482,0
2021-10-24,1.0911669731140137,1.0931984186172485,1.0869802236557007,1.091044306755066,1.091044306755066,0
2021-10-25,1.087311029434204,1.0883761644363403,1.0841753482818604,1.08708655834198,1.08708655834198,0
2021-10-26,1.0872992277145386,1.0913456678390503,1.0865668058395386,1.0874292850494385,1.0874292850494385,0
2021-10-27,1.0891940593719482,1.0968520641326904,1.0876539945602417,1.0893245935440063,1.0893245935440063,0
2021-10-28,1.096864104270935,1.0986354351043701,1.0898351669311523,1.097044587135315,1.097044587135315,0
2021-11-01,1.0917268991470337,1.098538875579834,1.0903817415237427,1.0915361642837524,1.0915361642837524,0
2021-11-02,1.0998196601867676,1.1002310514450073,1.0930156707763672,1.0996986627578735,1.0996986627578735,0
2021-11-03,1.0931710004806519,1.0984183549880981,1.0928363800048828,1.0933741331100464,1.0933741331100464,0
2021-11-04,1.0974297523498535,1.0976948738098145,1.0936132669448853,1.0973213911056519,1.0973213911056519,0
2021-11-05,1.0960105657577515,1.0964912176132202,1.090274691581726,1.0956742763519287,1.0956742763519287,0
2021-11-08,1.0965272188186646,1.0965933799743652,1.0923231840133667,1.0965272188186646,1.0965272188186646,0
2021-11-09,1.094894528388977,1.0972130298614502,1.0925737619400024,1.094954490661621,1.094954490661621,0
2021-11-10,1.0976948738098145,1.098149299621582,1.0907504558563232,1.098056435585022,1.098056435585022,0
2021-11-11,1.0892889499664307,1.089561939239502,1.0842106342315674,1.089538335800171,1.089538335800171,0
2021-11-12,1.0854227542877197,1.08695650100708,1.0827081203460693,1.08552885055542,1.08552885055542,0
2021-11-15,1.0856467485427856,1.0887316465377808,1.0841047763824463,1.0856584310531616,1.0856584310531616,0
2021-11-16,1.0807422399520874,1.0828369855880737,1.0755001306533813,1.0806721448898315,1.0806721448898315,0
2021-11-17,1.0746910572052002,1.0772379636764526,1.0719722509384155,1.0749105215072632,1.0749105215072632,0
2021-11-18,1.076855182647705,1.0805437564849854,1.0762988328933716,1.076971173286438,1.076971173286438,0
2021-11-19,1.0803803205490112,1.0810459852218628,1.076692819595337,1.0803803205490112,1.0803803205490112,0
2021-11-22,1.0760787725448608,1.079214334487915,1.073306918144226,1.0760787725448608,1.0760787725448608,0
2021-11-23,1.0723860263824463,1.0750954151153564,1.0704690217971802,1.0726161003112793,1.0726161003112793,0
2021-11-24,1.0712946653366089,1.0720411539077759,1.0670422315597534,1.0713634490966797,1.0713634490966797,0
2021-11-25,1.0706064701080322,1.0726161003112793,1.0685244798660278,1.0708931684494019,1.0708931684494019,0
2021-11-26,1.069064736366272,1.0849541425704956,1.0690613985061646,1.069198489189148,1.069198489189148,0
2021-11-29,1.0817008018493652,1.0828956365585327,1.0786322355270386,1.0818763971328735,1.0818763971328735,0
2021-11-30,1.0836349725723267,1.0920010805130005,1.0799835920333862,1.0835762023925781,1.0835762023925781,0
2021-12-01,1.087559461593628,1.0906314849853516,1.084975242614746,1.0875475406646729,1.0875475406646729,0
2021-12-02,1.0866022109985352,1.089680790901184,1.0845516920089722,1.0862481594085693,1.0862481594085693,0
2021-12-03,1.08708655834198,1.090453028678894,1.084975242614746,1.0871928930282593,1.0871928930282593,0
2021-12-06,1.0886249542236328,1.0887197256088257,1.0797736644744873,1.0887434482574463,1.0887434482574463,0
2021-12-07,1.0806137323379517,1.083329677581787,1.0784229040145874,1.0804970264434814,1.0804970264434814,0
2021-12-08,1.0817126035690308,1.085281491279602,1.0808123350143433,1.0817828178405762,1.0817828178405762,0
2021-12-09,1.0866730213165283,1.0871928930282593,1.0795055627822876,1.08695650100708,1.08695650100708,0
2021-12-10,1.0825791358947754,1.0871455669403076,1.0807188749313354,1.0824971199035645,1.0824971199035645,0
2021-12-13,1.0854934453964233,1.0857763290405273,1.0803686380386353,1.0856938362121582,1.0856938362121582,0
2021-12-14,1.0841165781021118,1.0886130332946777,1.081934928894043,1.0841518640518188,1.0841518640518188,0
2021-12-15,1.0820754766464233,1.0831888914108276,1.0787835121154785,1.0822510719299316,1.0822510719299316,0
2021-12-16,1.0817008018493652,1.0871219635009766,1.0804152488708496,1.0817359685897827,1.0817359685897827,0
2021-12-17,1.0881510972976685,1.0901559591293335,1.0834001302719116,1.0883287191390991,1.0883287191390991,0
2021-12-20,1.0829660892486572,1.087902545928955,1.0810810327529907,1.0830832719802856,1.0830832719802856,0
2021-12-21,1.0849517583847046,1.0876659154891968,1.080952525138855,1.0849281549453735,1.0849281549453735,0
2021-12-22,1.083282709121704,1.0874292850494385,1.0808357000350952,1.0834001302719116,1.0834001302719116,0
2021-12-23,1.0876659154891968,1.0893245935440063,1.084810495376587,1.0876185894012451,1.0876185894012451,0
2021-12-24,1.0884946584701538,1.0907623767852783,1.0874292850494385,1.0886130332946777,1.0886130332946777,0
2021-12-27,1.0884069204330444,1.0903936624526978,1.0870392322540283,1.0883986949920654,1.0883986949920654,0
2021-12-28,1.090524435043335,1.091941475868225,1.0882813930511475,1.0903223752975464,1.0903223752975464,0
2021-12-29,1.0906314849853516,1.095710277557373,1.0870510339736938,1.0906314849853516,1.0906314849853516,0
2021-12-30,1.0942115783691406,1.0952903032302856,1.0892771482467651,1.0945708751678467,1.0945708751678467,0
2021-12-31,1.0942115783691406,1.0983338356018066,1.093206763267517,1.0944511890411377,1.0944511890411377,0
2022-01-03,1.0964552164077759,1.0970927476882935,1.0870628356933594,1.096521258354187,1.096521258354187,0
2022-01-04,1.0889687538146973,1.0945110321044922,1.0879143476486206,1.0889331102371216,1.0889331102371216,0
2022-01-05,1.0917030572891235,1.0939722061157227,1.090786099433899,1.0914528369903564,1.0914528369903564,0
2022-01-06,1.0899419784545898,1.090869426727295,1.08695650100708,1.090048909187317,1.090048909187317,0
2022-01-07,1.0853402614593506,1.0881510972976685,1.0833063125610352,1.0853049755096436,1.0853049755096436,0
2022-01-10,1.088269591331482,1.0887316465377808,1.079202651977539,1.0883287191390991,1.0883287191390991,0
2022-01-11,1.0786091089248657,1.0830715894699097,1.0778882503509521,1.078515887260437,1.078515887260437,0
2022-01-12,1.0831888914108276,1.09505033493042,1.0817945003509521,1.0828369855880737,1.0828369855880737,0
2022-01-13,1.0939123630523682,1.0998680591583252,1.093182921409607,1.0939244031906128,1.0939244031906128,0
2022-01-14,1.0978153944015503,1.099650263786316,1.0946189165115356,1.0976465940475464,1.0976465940475464,0
2022-01-17,1.0935535430908203,1.0962508916854858,1.0919772386550903,1.0935032367706299,1.0935032367706299,0
2022-01-18,1.0941158533096313,1.0954102277755737,1.0904412269592285,1.0941996574401855,1.0941996574401855,0
2022-01-19,1.0904054641723633,1.0935295820236206,1.0897756814956665,1.0904293060302734,1.0904293060302734,0
2022-01-20,1.0924185514450073,1.0943313837051392,1.0916672945022583,1.0921800136566162,1.0921800136566162,0
2022-01-21,1.0909883975982666,1.097887635231018,1.090346097946167,1.090702772140503,1.090702772140503,0
2022-01-24,1.0959384441375732,1.0979359149932861,1.09192955493927,1.0957223176956177,1.0957223176956177,0
2022-01-25,1.094067931175232,1.094067931175232,1.0866258144378662,1.0939842462539673,1.0939842462539673,0
2022-01-26,1.0896095037460327,1.0906314849853516,1.0851401090621948,1.0896260738372803,1.0896260738372803,0
2022-01-27,1.0822510719299316,1.082602620124817,1.070939064025879,1.0823107957839966,1.0823107957839966,0
2022-01-28,1.0742985010147095,1.0761945247650146,1.0719492435455322,1.0742638111114502,1.0742638111114502,0
2022-01-31,1.0737563371658325,1.0759629011154175,1.0704002380371094,1.0739638805389404,1.0739638805389404,0
2022-02-01,1.0784927606582642,1.0864840745925903,1.0779463052749634,1.0786556005477905,1.0786556005477905,0
2022-02-02,1.0858588218688965,1.089372158050537,1.0843987464904785,1.0858471393585205,1.0858471393585205,0
2022-02-03,1.0881274938583374,1.0895501375198364,1.0830246210098267,1.0881866216659546,1.0881866216659546,0
2022-02-04,1.0864840745925903,1.088020920753479,1.0801118612289429,1.0865195989608765,1.0865195989608765,0
2022-02-07,1.0807539224624634,1.0845986604690552,1.0796804428100586,1.080940842628479,1.080940842628479,0
2022-02-08,1.0832123756408691,1.0839051008224487,1.0796804428100586,1.0833649635314941,1.0833649635314941,0
2022-02-09,1.0811045169830322,1.0843634605407715,1.0806137323379517,1.0810810327529907,1.0810810327529907,0
2022-02-10,1.081923246383667,1.0838934183120728,1.0757777690887451,1.0819934606552124,1.0819934606552124,0
2022-02-11,1.080100178718567,1.0814317464828491,1.0769363641738892,1.0803219079971313,1.0803219079971313,0
2022-02-14,1.0813733339309692,1.082461953163147,1.0787487030029297,1.0814083814620972,1.0814083814620972,0
2022-02-15,1.0816540718078613,1.0837876796722412,1.078527569770813,1.0816540718078613,1.0816540718078613,0
2022-02-16,1.0805087089538574,1.0848339796066284,1.0798436403274536,1.0805671215057373,1.0805671215057373,0
2022-02-17,1.0849517583847046,1.0882576704025269,1.0836936235427856,1.0850694179534912,1.0850694179534912,0
2022-02-18,1.0871928930282593,1.0878432989120483,1.084975242614746,1.0874292850494385,1.0874292850494385,0
2022-02-21,1.0859578847885132,1.0930156707763672,1.0851283073425293,1.085894227027893,1.085894227027893,0
2022-02-22,1.0919772386550903,1.0926930904388428,1.0836936235427856,1.0920488834381104,1.0920488834381104,0
2022-02-23,1.0852224826812744,1.0907504558563232,1.084810495376587,1.0851165056228638,1.0851165056228638,0
2022-02-24,1.0898826122283936,1.090274691581726,1.0767507553100586,1.0900132656097412,1.0900132656097412,0
2022-02-25,1.080263614654541,1.0837758779525757,1.0773656368255615,1.080100178718567,1.080100178718567,0
2022-02-28,1.0789581537246704,1.0902034044265747,1.078027606010437,1.079217791557312,1.079217791557312,0
2022-03-01,1.0898469686508179,1.0928961038589478,1.086708426475525,1.0899182558059692,1.0899182558059692,0
2022-03-02,1.0888501405715942,1.0909289121627808,1.0823330879211426,1.088660478591919,1.088660478591919,0
2022-03-03,1.0862599611282349,1.0893008708953857,1.0851283073425293,1.086342453956604,1.086342453956604,0
2022-03-04,1.089680790901184,1.0909050703048706,1.085835337638855,1.0894432067871094,1.0894432067871094,0
2022-03-07,1.0866612195968628,1.0876659154891968,1.0786556005477905,1.086767554283142,1.086767554283142,0
2022-03-08,1.0807305574417114,1.081209659576416,1.0747140645980835,1.0805553197860718,1.0805553197860718,0
2022-03-09,1.0758472681045532,1.080905795097351,1.0755001306533813,1.0757777690887451,1.0757777690887451,0
2022-03-10,1.0793192386627197,1.0805788040161133,1.074379324913025,1.0793424844741821,1.0793424844741821,0
2022-03-11,1.0760208368301392,1.0764586925506592,1.0711684226989746,1.0759861469268799,1.0759861469268799,0
2022-03-14,1.0697818994522095,1.0726275444030762,1.068090796470642,1.0697818994522095,1.0697818994522095,0
2022-03-15,1.065791368484497,1.0669511556625366,1.0618867874145508,1.065757155418396,1.065757155418396,0
2022-03-16,1.062902569770813,1.0649627447128296,1.0610079765319824,1.0629477500915527,1.0629477500915527,0
2022-03-17,1.0621123313903809,1.0695186853408813,1.0618867874145508,1.0620672702789307,1.0620672702789307,0
2022-03-18,1.068376064300537,1.071386456489563,1.0660299062728882,1.0683531761169434,1.0683531761169434,0
2022-03-21,1.0718573331832886,1.0759745836257935,1.0694386959075928,1.0718917846679688,1.0718917846679688,0
2022-03-22,1.0706866979599,1.0736525058746338,1.0666780471801758,1.0708013772964478,1.0708013772964478,0
2022-03-23,1.0714783668518066,1.073767900466919,1.068798542022705,1.071340560913086,1.071340560913086,0
2022-03-24,1.0744138956069946,1.0750722885131836,1.0704345703125,1.0744370222091675,1.0744370222091675,0
2022-03-25,1.075893521308899,1.0798319578170776,1.074310064315796,1.0758588314056396,1.0758588314056396,0
2022-03-27,1.0738024711608887,1.0743446350097656,1.066086769104004,1.0738024711608887,1.0738024711608887,0
2022-03-28,1.0710422992706299,1.0755001306533813,1.0668145418167114,1.0710422992706299,1.0710422992706299,0
2022-03-29,1.0739407539367676,1.0845516920089722,1.0738831758499146,1.0739407539367676,1.0739407539367676,0
2022-03-30,1.0834587812423706,1.0874292850494385,1.0801352262496948,1.0834587812423706,1.0834587812423706,0
2022-03-31,1.0832006931304932,1.0845280885696411,1.0777837038040161,1.0832006931304932,1.0832006931304932,0
2022-04-03,1.0800302028656006,1.0816891193389893,1.0775513648986816,1.0800302028656006,1.0800302028656006,0
2022-04-04,1.0796804428100586,1.0822862386703491,1.0759745836257935,1.0796804428100586,1.0796804428100586,0
2022-04-05,1.0757315158843994,1.0758357048034668,1.0695873498916626,1.0757315158843994,1.0757315158843994,0
2022-04-06,1.071753978729248,1.0734220743179321,1.069907784461975,1.071753978729248,1.071753978729248,0
2022-04-07,1.0701138973236084,1.0715816020965576,1.0669056177139282,1.0701138973236084,1.0701138973236084,0
2022-04-10,1.0703887939453125,1.074806571006775,1.0670992136001587,1.0703887939453125,1.0703887939453125,0
2022-04-11,1.073767900466919,1.0767507553100586,1.0702054500579834,1.073767900466919,1.073767900466919,0
2022-04-12,1.0722250938415527,1.0738831758499146,1.0689127445220947,1.0722250938415527,1.0722250938415527,0
2022-04-13,1.070835828781128,1.0725010633468628,1.0601305961608887,1.070835828781128,1.070835828781128,0
2022-04-14,1.060546636581421,1.06251859664917,1.0591312646865845,1.060546636581421,1.060546636581421,0
2022-04-17,1.0611881017684937,1.0615711212158203,1.05840265750885,1.0611881017684937,1.0611881017684937,0
2022-04-18,1.0586491823196411,1.059827208518982,1.0529751777648926,1.0586491823196411,1.0586491823196411,0
2022-04-19,1.05035400390625,1.0573842525482178,1.0487127304077148,1.05035400390625,1.05035400390625,0
2022-04-20,1.0537407398223877,1.0570378303527832,1.0483938455581665,1.0537407398223877,1.0537407398223877,0
2022-04-21,1.0485477447509766,1.0495645999908447,1.0428072214126587,1.0485477447509766,1.0485477447509766,0
2022-04-24,1.046462893486023,1.0474494695663452,1.042035698890686,1.046462893486023,1.046462893486023,0
2022-04-25,1.0435254573822021,1.0455876588821411,1.0404094457626343,1.0435254573822021,1.0435254573822021,0
2022-04-26,1.039252519607544,1.0400415658950806,1.0308853387832642,1.039252519607544,1.039252519607544,0
2022-04-27,1.0323432683944702,1.0327590703964233,1.0247896909713745,1.0323432683944702,1.0323432683944702,0
2022-04-28,1.0291242599487305,1.0338696241378784,1.0273374319076538,1.0291242599487305,1.0291242599487305,0
2022-05-01,1.0265148878097534,1.0293573141098022,1.0220768451690674,1.0265148878097534,1.0265148878097534,0
2022-05-02,1.0226621627807617,1.0287854671478271,1.0211479663848877,1.0226621627807617,1.0226621627807617,0
2022-05-03,1.0217009782791138,1.02228581905365,1.0163841247558594,1.0217009782791138,1.0217009782791138,0
2022-05-04,1.0275485515594482,1.029866099357605,1.0123711824417114,1.0275485515594482,1.0275485515594482,0
2022-05-05,1.0150223970413208,1.0175734758377075,1.011541724205017,1.0150223970413208,1.0150223970413208,0
2022-05-08,1.0107851028442383,1.0111019611358643,1.003572702407837,1.0107851028442383,1.0107851028442383,0
2022-05-09,1.007353663444519,1.0094178915023804,1.0025765895843506,1.007353663444519,1.007353663444519,0
2022-05-10,1.0043185949325562,1.0129454135894775,1.0037338733673096,1.0043185949325562,1.0043185949325562,0
2022-05-11,1.005570888519287,1.006795883178711,0.9995802044868469,1.005570888519287,1.005570888519287,0
2022-05-12,0.9969593286514282,1.000800609588623,0.9955300688743591,0.9969593286514282,0.9969593286514282,0
2022-05-15,0.9977748990058899,0.9997400641441345,0.9937098026275635,0.9977748990058899,0.9977748990058899,0
2022-05-16,0.9982830286026001,1.0083694458007812,0.99769526720047,0.9982830286026001,0.9982830286026001,0
2022-05-17,1.0062386989593506,1.0124224424362183,1.0016727447509766,1.0062386989593506,1.0062386989593506,0
2022-05-18,1.013027548789978,1.029834270477295,1.0127300024032593,1.013027548789978,1.013027548789978,0
2022-05-19,1.0286160707473755,1.0315020084381104,1.0248737335205078,1.0286160707473755,1.0286160707473755,0
2022-05-22,1.0256515741348267,1.0371291637420654,1.0257673263549805,1.0256515741348267,1.0256515741348267,0
2022-05-23,1.0352503061294556,1.0444191694259644,1.03419029712677,1.0352503061294556,1.0352503061294556,0
2022-05-24,1.0414496660232544,1.0414930582046509,1.0371507406234741,1.0414496660232544,1.0414496660232544,0
2022-05-25,1.0400091409683228,1.0435471534729004,1.038184404373169,1.0400091409683228,1.0400091409683228,0
2022-05-26,1.04323148727417,1.0477787256240845,1.0414930582046509,1.04323148727417,1.04323148727417,0
2022-05-29,1.0440047979354858,1.046725869178772,1.041102647781372,1.0440047979354858,1.0440047979354858,0
2022-05-30,1.043590784072876,1.045117735862732,1.0397063493728638,1.043590784072876,1.043590784072876,0
2022-05-31,1.0421878099441528,1.0427855253219604,1.0355826616287231,1.0421878099441528,1.0421878099441528,0
2022-06-01,1.0383137464523315,1.0441683530807495,1.0378289222717285,1.0383137464523315,1.0383137464523315,0
2022-06-02,1.0444518327713013,1.046462893486023,1.037333607673645,1.0444518327713013,1.0444518327713013,0
2022-06-05,1.0392202138900757,1.0413411855697632,1.0316723585128784,1.0392202138900757,1.0392202138900757,0
2022-06-06,1.0295480489730835,1.0303436517715454,1.0226831436157227,1.0295480489730835,1.0295480489730835,0
2022-06-07,1.0272319316864014,1.0276013612747192,1.0216069221496582,1.0272319316864014,1.0272319316864014,0
2022-06-08,1.0216174125671387,1.0282776355743408,1.02033531665802,1.0216174125671387,1.0216174125671387,0
2022-06-09,1.0199917554855347,1.0239711999893188,1.0103459358215332,1.0199917554855347,1.0199917554855347,0
2022-06-12,1.01066255569458,1.0120433568954468,1.0023455619812012,1.01066255569458,1.01066255569458,0
2022-06-13,1.0033462047576904,1.0126582384109497,0.9973172545433044,1.0033462047576904,1.0033462047576904,0
2022-06-14,1.0005003213882446,1.00383460521698,0.9977052807807922,1.0005003213882446,1.0005003213882446,0
2022-06-15,1.0054091215133667,1.0349502563476562,1.0012415647506714,1.0054091215133667,1.0054091215133667,0
2022-06-16,1.0344042778015137,1.039511799812317,1.0277491807937622,1.0344042778015137,1.0344042778015137,0
2022-06-19,1.031395673751831,1.0391769409179688,1.0306090116500854,1.031395673751831,1.031395673751831,0
2022-06-20,1.0340192317962646,1.0381413698196411,1.0328657627105713,1.0340192317962646,1.0340192317962646,0
2022-06-21,1.0351753234863281,1.0434927940368652,1.0320769548416138,1.0351753234863281,1.0351753234863281,0
2022-06-22,1.039771318435669,1.0447137355804443,1.0332820415496826,1.039771318435669,1.039771318435669,0
2022-06-23,1.0401930809020996,1.0502326488494873,1.0383676290512085,1.0401930809020996,1.0401930809020996,0
2022-06-26,1.0446155071258545,1.0478994846343994,1.039630651473999,1.0446155071258545,1.0446155071258545,0
2022-06-27,1.0458500385284424,1.0485917329788208,1.0432533025741577,1.0458500385284424,1.0458500385284424,0
2022-06-28,1.0452706813812256,1.0529086589813232,1.0441683530807495,1.0452706813812256,1.0452706813812256,0
2022-06-29,1.0480202436447144,1.0492078065872192,1.0412653684616089,1.0480202436447144,1.0480202436447144,0
2022-06-30,1.047021746635437,1.0475592613220215,1.0372475385665894,1.047021746635437,1.047021746635437,0
2022-07-03,1.0434056520462036,1.0446264743804932,1.0398468971252441,1.0434056520462036,1.0434056520462036,0
2022-07-04,1.0407668352127075,1.0424375534057617,1.030651569366455,1.0407668352127075,1.0407668352127075,0
2022-07-05,1.0325266122817993,1.0340192317962646,1.0266096591949463,1.0325266122817993,1.0325266122817993,0
2022-07-06,1.0307153463363647,1.0328657627105713,1.0267256498336792,1.0307153463363647,1.0307153463363647,0
2022-07-07,1.0269049406051636,1.0288065671920776,1.0207831859588623,1.0269049406051636,1.0269049406051636,0
2022-07-10,1.0227773189544678,1.0228818655014038,1.0160433053970337,1.0227773189544678,1.0227773189544678,0
2022-07-11,1.0175631046295166,1.0199917554855347,1.0144251585006714,1.0175631046295166,1.0175631046295166,0
2022-07-12,1.0184648036956787,1.0247056484222412,1.0173767805099487,1.0184648036956787,1.0184648036956787,0
2022-07-13,1.019575834274292,1.0197526216506958,1.0118077993392944,1.019575834274292,1.019575834274292,0
2022-07-14,1.0172940492630005,1.023457646369934,1.0163943767547607,1.0172940492630005,1.0172940492630005,0
2022-07-17,1.0250102281570435,1.0276330709457397,1.0216904878616333,1.0250102281570435,1.0250102281570435,0
2022-07-18,1.0230178833007812,1.0357327461242676,1.0218888521194458,1.0230178833007812,1.0230178833007812,0
2022-07-19,1.0322047472000122,1.033484935760498,1.0279394388198853,1.0322047472000122,1.0322047472000122,0
2022-07-20,1.0293679237365723,1.0341368913650513,1.0268943309783936,1.0293679237365723,1.0293679237365723,0
2022-07-21,1.034982442855835,1.0417101383209229,1.0307577848434448,1.034982442855835,1.034982442855835,0
2022-07-24,1.038421630859375,1.0396090745925903,1.0352717638015747,1.038421630859375,1.038421630859375,0
2022-07-25,1.0370323657989502,1.0399442911148071,1.0345113277435303,1.0370323657989502,1.0370323657989502,0
2022-07-26,1.0392417907714844,1.0413411855697632,1.0356898307800293,1.0392417907714844,1.0392417907714844,0
2022-07-27,1.043634295463562,1.046233057975769,1.0384539365768433,1.043634295463562,1.043634295463562,0
2022-07-28,1.0477567911148071,1.0522992610931396,1.042535424232483,1.0477567911148071,1.0477567911148071,0
2022-07-31,1.0492409467697144,1.0547411441802979,1.0495601892471313,1.0492409467697144,1.0492409467697144,0
2022-08-01,1.052520751953125,1.0559215545654297,1.0461344718933105,1.052520751953125,1.052520751953125,0
2022-08-02,1.0433186292648315,1.0479873418807983,1.036301612854004,1.0433186292648315,1.0433186292648315,0
2022-08-03,1.0403770208358765,1.0455876588821411,1.039252519607544,1.0403770208358765,1.0403770208358765,0
2022-08-04,1.0481301546096802,1.0485477447509766,1.03638756275177,1.0481301546096802,1.0481301546096802,0
2022-08-07,1.0392417907714844,1.0501112937927246,1.0379796028137207,1.0392417907714844,1.0392417907714844,0
2022-08-08,1.0472520589828491,1.051226258277893,1.0465724468231201,1.0472520589828491,1.0472520589828491,0
2022-08-09,1.0480313301086426,1.0645092725753784,1.0477677583694458,1.0480313301086426,1.0480313301086426,0
2022-08-10,1.0612331628799438,1.0670194625854492,1.0587276220321655,1.0612331628799438,1.0612331628799438,0
2022-08-11,1.0623379945755005,1.0629477500915527,1.05840265750885,1.0623379945755005,1.0623379945755005,0
2022-08-14,1.0617965459823608,1.062925100326538,1.0564347505569458,1.0617965459823608,1.0617965459823608,0
2022-08-15,1.0571271181106567,1.0578652620315552,1.0511599779129028,1.0571271181106567,1.0571271181106567,0
2022-08-16,1.0530084371566772,1.0545408725738525,1.0479873418807983,1.0530084371566772,1.0530084371566772,0
2022-08-17,1.0511488914489746,1.0528643131256104,1.0473068952560425,1.0511488914489746,1.0511488914489746,0
2022-08-18,1.0453799962997437,1.0467915534973145,1.0420465469360352,1.0453799962997437,1.0453799962997437,0
2022-08-21,1.0429704189300537,1.0445064306259155,1.0357434749603271,1.0429704189300537,1.0429704189300537,0
2022-08-22,1.0369141101837158,1.041135311126709,1.0317788124084473,1.0369141101837158,1.0369141101837158,0
2022-08-23,1.036935567855835,1.0408318042755127,1.0323432683944702,1.036935567855835,1.036935567855835,0
2022-08-24,1.0347039699554443,1.040474534034729,1.0340726375579834,1.0347039699554443,1.0347039699554443,0
2022-08-25,1.0377211570739746,1.0436887741088867,1.0352824926376343,1.0377211570739746,1.0377211570739746,0
2022-08-28,1.0325244665145874,1.0351216793060303,1.0302904844284058,1.0325244665145874,1.0325244665145874,0
2022-08-29,1.033997893333435,1.0346611738204956,1.0244747400283813,1.033997893333435,1.033997893333435,0
2022-08-30,1.0267783403396606,1.0283833742141724,1.019794225692749,1.0267783403396606,1.0267783403396606,0
2022-08-31,1.021377444267273,1.0261883735656738,1.0147236585617065,1.021377444267273,1.021377444267273,0
2022-09-01,1.0190668106079102,1.021941065788269,1.0145280361175537,1.0190668106079102,1.0190668106079102,0
2022-09-04,1.0169318914413452,1.020762324333191,1.016621708869934,1.0169318914413452,1.0169318914413452,0
2022-09-05,1.0220768451690674,1.0241703987121582,1.0142605304718018,1.0220768451690674,1.0220768451690674,0
2022-09-06,1.0157233476638794,1.0203144550323486,1.013314962387085,1.0157233476638794,1.0157233476638794,0
2022-09-07,1.0235834121704102,1.029897928237915,1.022369384765625,1.0235834121704102,1.0235834121704102,0
2022-09-08,1.0323646068572998,1.0473507642745972,1.032268762588501,1.0323646068572998,1.0323646068572998,0
2022-09-11,1.0417535305023193,1.051535725593567,1.04086434841156,1.0417535305023193,1.0417535305023193,0
2022-09-12,1.049538254737854,1.0548522472381592,1.0383245944976807,1.049538254737854,1.049538254737854,0
2022-09-13,1.0413087606430054,1.0428507328033447,1.0387020111083984,1.0413087606430054,1.0413087606430054,0
2022-09-14,1.0396156311035156,1.0465724468231201,1.0372583866119385,1.0396156311035156,1.0396156311035156,0
2022-09-15,1.039717197418213,1.0415689945220947,1.035947322845459,1.039717197418213,1.039717197418213,0
2022-09-18,1.038195252418518,1.0387344360351562,1.0314701795578003,1.038195252418518,1.038195252418518,0
2022-09-19,1.0372475385665894,1.038809895515442,1.03294038772583,1.0372475385665894,1.0372475385665894,0
2022-09-20,1.0376672744750977,1.0389610528945923,1.0331004858016968,1.0376672744750977,1.0376672744750977,0
2022-09-21,1.033121943473816,1.038885474205017,1.0157233476638794,1.033121943473816,1.033121943473816,0
2022-09-22,1.0249052047729492,1.0251363515853882,1.0171802043914795,1.0249052047729492,1.0249052047729492,0
2022-09-25,1.0179048776626587,1.01993989944458,1.007099986076355,1.0179048776626587,1.0179048776626587,0
2022-09-26,1.007932424545288,1.0151562690734863,1.0073131322860718,1.007932424545288,1.007932424545288,0
2022-09-27,1.0085525512695312,1.0251679420471191,1.0044194459915161,1.0085525512695312,1.0085525512695312,0
2022-09-28,1.0228923559188843,1.0234366655349731,1.0146721601486206,1.0228923559188843,1.0228923559188843,0
2022-09-29,1.025714635848999,1.0267467498779297,1.015084147453308,1.025714635848999,1.025714635848999,0
2022-10-02,1.0145589113235474,1.0167664289474487,1.006907343864441,1.0145589113235474,1.0145589113235474,0
2022-10-03,1.0074957609176636,1.0209498405456543,1.0059552192687988,1.0074957609176636,1.0074957609176636,0
2022-10-04,1.0217739343643188,1.0220351219177246,1.0112961530685425,1.0217739343643188,1.0217739343643188,0
2022-10-05,1.0190355777740479,1.022599458694458,1.008745789527893,1.0190355777740479,1.0190355777740479,0
2022-10-06,1.010131597518921,1.012248158454895,1.005105972290039,1.010131597518921,1.010131597518921,0
2022-10-09,1.005469799041748,1.00684654712677,0.9991806149482727,1.005469799041748,1.005469799041748,0
2022-10-10,1.0004903078079224,1.005995750427246,0.998013973236084,1.0004903078079224,1.0004903078079224,0
2022-10-11,1.0024057626724243,1.0067756175994873,0.9997100234031677,1.0024057626724243,1.0024057626724243,0
2022-10-12,1.0026168823242188,1.0037137269973755,0.9931570887565613,1.0026168823242188,1.0026168823242188,0
2022-10-13,0.998591959476471,1.0035122632980347,0.9943125247955322,0.998591959476471,0.998591959476471,0
2022-10-16,0.9963434338569641,1.0056315660476685,0.9956589937210083,0.9963434338569641,0.9963434338569641,0
2022-10-17,1.004520297050476,1.0080645084381104,1.0021445751190186,1.004520297050476,1.004520297050476,0
2022-10-18,1.0063601732254028,1.0067452192306519,0.995411217212677,1.0063601732254028,1.0063601732254028,0
2022-10-19,0.9952130317687988,1.0004701614379883,0.9932458996772766,0.9952130317687988,0.9952130317687988,0
2022-10-20,0.9962044358253479,1.00210440158844,0.9854838252067566,0.9962044358253479,0.9962044358253479,0
2022-10-23,1.002124547958374,1.0035022497177124,0.9969890713691711,1.002124547958374,1.002124547958374,0
2022-10-24,1.0006003379821777,1.0059046745300293,0.9969593286514282,1.0006003379821777,1.0006003379821777,0
2022-10-25,1.0053585767745972,1.0148162841796875,1.004006028175354,1.0053585767745972,1.0053585767745972,0
2022-10-26,1.0152181386947632,1.016115665435791,1.0077598094940186,1.0152181386947632,1.0152181386947632,0
2022-10-27,1.0096522569656372,1.0119510889053345,1.0021545886993408,1.0096522569656372,1.0096522569656372,0
2022-10-31,1.0036029815673828,1.004026174545288,0.99679034948349,1.0036029815673828,1.0036029815673828,0
2022-11-01,0.998591959476471,1.0085728168487549,0.998342752456665,0.998591959476471,0.998591959476471,0
2022-11-02,1.0003000497817993,1.0056922435760498,0.9999099969863892,1.0003000497817993,1.0003000497817993,0
2022-11-03,0.9967306852340698,0.9994103908538818,0.985639214515686,0.9967306852340698,0.9967306852340698,0
2022-11-04,0.9867576956748962,1.0056922435760498,0.9866993427276611,0.9867576956748962,0.9867576956748962,0
2022-11-07,1.0032706260681152,1.0124942064285278,1.0024157762527466,1.0032706260681152,1.0032706260681152,0
2022-11-08,1.0112450122833252,1.0165907144546509,1.007556676864624,1.0112450122833252,1.0112450122833252,0
2022-11-09,1.0157955884933472,1.0199085474014282,1.0128531455993652,1.0157955884933472,1.0157955884933472,0
2022-11-10,1.0167768001556396,1.0348432064056396,1.0103765726089478,1.0167768001556396,1.0167768001556396,0
2022-11-11,1.0363661050796509,1.0586155652999878,1.0329937934875488,1.0363661050796509,1.0363661050796509,0
2022-11-14,1.0592659711837769,1.0615711212158203,1.0540739297866821,1.0592659711837769,1.0592659711837769,0
2022-11-15,1.06022047996521,1.067862629890442,1.0574513673782349,1.06022047996521,1.06022047996521,0
2022-11-16,1.060546636581421,1.0653711557388306,1.0564124584197998,1.060546636581421,1.060546636581421,0
2022-11-17,1.0588958263397217,1.0600519180297852,1.0463863611221313,1.0588958263397217,1.0588958263397217,0
2022-11-18,1.0496704578399658,1.0527645349502563,1.0474823713302612,1.0496704578399658,1.0496704578399658,0
2022-11-21,1.048954725265503,1.0489766597747803,1.0420573949813843,1.048954725265503,1.048954725265503,0
2022-11-22,1.0433729887008667,1.0515689849853516,1.04312264919281,1.0433729887008667,1.0433729887008667,0
2022-11-23,1.0514252185821533,1.0614697933197021,1.0489877462387085,1.0514252185821533,1.0514252185821533,0
2022-11-24,1.0630381107330322,1.0654165744781494,1.058750033378601,1.0630381107330322,1.0630381107330322,0
2022-11-25,1.0600295066833496,1.0613007545471191,1.0526316165924072,1.0600295066833496,1.0600295066833496,0
2022-11-28,1.0555425882339478,1.06326425075531,1.0555649995803833,1.0555425882339478,1.0555425882339478,0
2022-11-29,1.0539740324020386,1.0570378303527832,1.0478335618972778,1.0539740324020386,1.0539740324020386,0
2022-11-30,1.047877550125122,1.0550860166549683,1.0476250648498535,1.047877550125122,1.047877550125122,0
2022-12-01,1.059456706047058,1.0672814846038818,1.0571048259735107,1.059456706047058,1.059456706047058,0
2022-12-02,1.0679311752319336,1.0720986127853394,1.0598160028457642,1.0679311752319336,1.0679311752319336,0
2022-12-05,1.067862629890442,1.071765422821045,1.0612106323242188,1.067862629890442,1.067862629890442,0
2022-12-06,1.0612331628799438,1.0659617185592651,1.057820439338684,1.0612331628799438,1.0612331628799438,0
2022-12-07,1.061537265777588,1.0678740739822388,1.0597598552703857,1.061537265777588,1.061537265777588,0
2022-12-08,1.0635242462158203,1.0701711177825928,1.0610755681991577,1.0635242462158203,1.0635242462158203,0
2022-12-09,1.0685359239578247,1.0739984512329102,1.06670081615448,1.0685359239578247,1.0685359239578247,0
2022-12-12,1.0695301294326782,1.0738831758499146,1.0674978494644165,1.0695301294326782,1.0695301294326782,0
2022-12-13,1.0686728954315186,1.0830012559890747,1.0667917728424072,1.0686728954315186,1.0686728954315186,0
2022-12-14,1.0764493942260742,1.0838934183120728,1.0757430791854858,1.0764493942260742,1.0764493942260742,0
2022-12-15,1.081841230392456,1.0827314853668213,1.0749683380126953,1.081841230392456,1.081841230392456,0
2022-12-16,1.0780043601989746,1.0808240175247192,1.0712487697601318,1.0780043601989746,1.0780043601989746,0
2022-12-19,1.06999933719635,1.0770756006240845,1.0702078342437744,1.06999933719635,1.06999933719635,0
2022-12-20,1.0767391920089722,1.081911563873291,1.0745755434036255,1.0767391920089722,1.0767391920089722,0
2022-12-21,1.079692006111145,1.0822627544403076,1.0767160654067993,1.079692006111145,1.079692006111145,0
2022-12-22,1.079563856124878,1.0837405920028687,1.0737563371658325,1.079563856124878,1.079563856124878,0
2022-12-23,1.0741138458251953,1.0768088102340698,1.0705721378326416,1.0741138458251953,1.0741138458251953,0
2022-12-26,1.0719492435455322,1.0742292404174805,1.070778489112854,1.0719492435455322,1.0719492435455322,0
2022-12-27,1.0729498863220215,1.0788650512695312,1.0728577375411987,1.0729498863220215,1.0729498863220215,0
2022-12-28,1.0761945247650146,1.0815019607543945,1.0745755434036255,1.0761945247650146,1.0761945247650146,0
2022-12-29,1.077923059463501,1.0855523347854614,1.0767507553100586,1.077923059463501,1.077923059463501,0
2022-12-30,1.0835996866226196,1.086578607559204,1.0797853469848633,1.0835996866226196,1.0835996866226196,0
2023-01-02,1.0824854373931885,1.084481120109558,1.0801936388015747,1.0824854373931885,1.0824854373931885,0
2023-01-03,1.0822510719299316,1.0834119319915771,1.064056158065796,1.0822510719299316,1.0822510719299316,0
2023-01-04,1.0686043500900269,1.0803803205490112,1.0680338144302368,1.0686043500900269,1.0686043500900269,0
2023-01-05,1.0757430791854858,1.07991361618042,1.0665415525436401,1.0757430791854858,1.0757430791854858,0
2023-01-06,1.0685701370239258,1.0763219594955444,1.0630720853805542,1.0685701370239258,1.0685701370239258,0
2023-01-09,1.0788999795913696,1.090869426727295,1.07767915725708,1.0788999795913696,1.0788999795913696,0
2023-01-10,1.0858588218688965,1.087559461593628,1.080905795097351,1.0858588218688965,1.0858588218688965,0
2023-01-11,1.084316372871399,1.0864014625549316,1.0735487937927246,1.084316372871399,1.084316372871399,0
2023-01-12,1.0742061138153076,1.079202651977539,1.0694957971572876,1.0742061138153076,1.0742061138153076,0
2023-01-13,1.078515887260437,1.0803920030593872,1.0733990669250488,1.078515887260437,1.078515887260437,0
2023-01-16,1.079074501991272,1.0849894285202026,1.0766812562942505,1.079074501991272,1.079074501991272,0
2023-01-17,1.0806254148483276,1.0883524417877197,1.0781670808792114,1.0806254148483276,1.0806254148483276,0
2023-01-18,1.0846928358078003,1.1004611253738403,1.0818763971328735,1.0846928358078003,1.0846928358078003,0
2023-01-19,1.091774582862854,1.0930156707763672,1.0883287191390991,1.091774582862854,1.091774582862854,0
2023-01-20,1.0922993421554565,1.0939123630523682,1.0829894542694092,1.0922993421554565,1.0922993421554565,0
2023-01-23,1.0870274305343628,1.0917030572891235,1.082403302192688,1.08708655834198,1.08708655834198,0
2023-01-24,1.0849870443344116,1.0878432989120483,1.0777720212936401,1.0849870443344116,1.0849870443344116,0
2023-01-25,1.0842459201812744,1.0898826122283936,1.0818296670913696,1.0842459201812744,1.0842459201812744,0
2023-01-26,1.0905481576919556,1.0917030572891235,1.0840696096420288,1.0905481576919556,1.0905481576919556,0
2023-01-27,1.08672034740448,1.088020920753479,1.0823330879211426,1.08672034740448,1.08672034740448,0
2023-01-30,1.0859414339065552,1.0892059803009033,1.082438588142395,1.0859414339065552,1.0859414339065552,0
2023-01-31,1.0807539224624634,1.091048002243042,1.076774001121521,1.0807539224624634,1.0807539224624634,0
2023-02-01,1.0914051532745361,1.0945708751678467,1.0902866125106812,1.0914051532745361,1.0914051532745361,0
2023-02-02,1.102219820022583,1.103691816329956,1.0948106050491333,1.102219820022583,1.102219820022583,0
2023-02-03,1.09505033493042,1.095710277557373,1.079097867012024,1.09505033493042,1.09505033493042,0
2023-02-06,1.0795289278030396,1.0836819410324097,1.0764610767364502,1.0795289278030396,1.0795289278030396,0
2023-02-07,1.0777372121810913,1.0837758779525757,1.0765305757522583,1.0777372121810913,1.0777372121810913,0
2023-02-08,1.0850105285644531,1.089680790901184,1.0842576026916504,1.0850105285644531,1.0850105285644531,0
2023-02-09,1.0858824253082275,1.091631531715393,1.0848222970962524,1.0858824253082275,1.0858824253082275,0
2023-02-10,1.0846292972564697,1.0870392322540283,1.0812914371490479,1.0846292972564697,1.0846292972564697,0
2023-02-13,1.0824971199035645,1.0869210958480835,1.080100178718567,1.0824971199035645,1.0824971199035645,0
2023-02-14,1.0885894298553467,1.0940320491790771,1.0831302404403687,1.0885894298553467,1.0885894298553467,0
2023-02-15,1.0851519107818604,1.0854227542877197,1.0796687602996826,1.0851519107818604,1.0851519107818604,0
2023-02-16,1.0830012559890747,1.0854227542877197,1.0786556005477905,1.0830012559890747,1.0830012559890747,0
2023-02-17,1.0793774127960205,1.0804853439331055,1.0716849565505981,1.0793774127960205,1.0793774127960205,0
2023-02-20,1.0806721448898315,1.0845986604690552,1.0799602270126343,1.0806721448898315,1.0806721448898315,0
2023-02-21,1.0832123756408691,1.0834236145019531,1.0774468183517456,1.0832123756408691,1.0832123756408691,0
2023-02-22,1.0781670808792114,1.0807305574417114,1.0751532316207886,1.0781670808792114,1.0781670808792114,0
2023-02-23,1.0738370418548584,1.076658010482788,1.0700795650482178,1.0738370418548584,1.0738370418548584,0
2023-02-24,1.0710192918777466,1.0722709894180298,1.0636826753616333,1.0710192918777466,1.0710192918777466,0
2023-02-27,1.063795804977417,1.0701825618743896,1.0606027841567993,1.063795804977417,1.063795804977417,0
2023-02-28,1.0688328742980957,1.0706638097763062,1.0650761127471924,1.0688328742980957,1.0688328742980957,0
2023-03-01,1.0617198944091797,1.0694043636322021,1.0606478452682495,1.0617198944091797,1.0617198944091797,0
2023-03-02,1.0644299983978271,1.0646905899047852,1.0593669414520264,1.0644299983978271,1.0644299983978271,0
2023-03-03,1.0617176294326782,1.0673497915267944,1.061503529548645,1.0617176294326782,1.0617176294326782,0
2023-03-06,1.067463755607605,1.0744600296020508,1.0669739246368408,1.067463755607605,1.067463755607605,0
2023-03-07,1.0744715929031372,1.0769363641738892,1.0623153448104858,1.0744715929031372,1.0744715929031372,0
2023-03-08,1.061311960220337,1.065030813217163,1.0595465898513794,1.061311960220337,1.061311960220337,0
2023-03-09,1.062846064567566,1.0691757202148438,1.0621123313903809,1.062846064567566,1.062846064567566,0
2023-03-10,1.0719836950302124,1.089668869972229,1.0719722509384155,1.0719836950302124,1.0719836950302124,0
2023-03-13,1.0888501405715942,1.1023656129837036,1.086885690689087,1.0888501405715942,1.0888501405715942,0
2023-03-14,1.0959012508392334,1.0992151498794556,1.091309905052185,1.0959012508392334,1.0959012508392334,0
2023-03-15,1.0934937000274658,1.0961426496505737,1.0804035663604736,1.0934937000274658,1.0934937000274658,0
2023-03-16,1.0740792751312256,1.0832475423812866,1.0730304718017578,1.0740792751312256,1.0740792751312256,0
2023-03-17,1.0762293338775635,1.0820754766464233,1.0758357048034668,1.0762293338775635,1.0762293338775635,0
2023-03-20,1.0790512561798096,1.0820403099060059,1.0740907192230225,1.0790512561798096,1.0790512561798096,0
2023-03-21,1.0761945247650146,1.0840461254119873,1.0733875036239624,1.0761945247650146,1.0761945247650146,0
2023-03-22,1.0852224826812744,1.086130142211914,1.0816657543182373,1.0852224826812744,1.0852224826812744,0
2023-03-23,1.0910836458206177,1.096214771270752,1.089858889579773,1.0910836458206177,1.0910836458206177,0
2023-03-24,1.091226577758789,1.0922993421554565,1.0851519107818604,1.091226577758789,1.091226577758789,0
2023-03-26,1.0905125141143799,1.0921083688735962,1.087074637413025,1.087074637413025,1.087074637413025,0
2023-03-27,1.0928722620010376,1.0945708751678467,1.0844576358795166,1.0928722620010376,1.0928722620010376,0
2023-03-28,1.0864840745925903,1.0909408330917358,1.084481120109558,1.0864840745925903,1.0864840745925903,0
2023-03-29,1.0892059803009033,1.0956863164901733,1.0870037078857422,1.0892059803009033,1.0892059803009033,0
2023-03-30,1.094834566116333,1.0968159437179565,1.089680790901184,1.094834566116333,1.094834566116333,0
2023-04-02,1.0899064540863037,1.0967918634414673,1.0874884128570557,1.0899064540863037,1.0899064540863037,0
2023-04-03,1.0956382751464844,1.1028155088424683,1.0938166379928589,1.0956382751464844,1.0956382751464844,0
2023-04-04,1.1044842004776,1.1090285778045654,1.1037527322769165,1.1044842004776,1.1044842004776,0
2023-04-05,1.1033143997192383,1.1066844463348389,1.101976990699768,1.1033143997192383,1.1033143997192383,0
2023-04-06,1.1057054996490479,1.107051968574524,1.1012609004974365,1.1057054996490479,1.1057054996490479,0
2023-04-09,1.105864405632019,1.1058276891708374,1.0965994596481323,1.105864405632019,1.105864405632019,0
2023-04-10,1.1003400087356567,1.107137680053711,1.100279450416565,1.1003400087356567,1.1003400087356567,0
2023-04-11,1.1075423955917358,1.118080496788025,1.106978416442871,1.1075423955917358,1.1075423955917358,0
2023-04-12,1.11635422706604,1.128668189048767,1.1143302917480469,1.11635422706604,1.11635422706604,0
2023-04-13,1.1248594522476196,1.1276500225067139,1.1164577007293701,1.1248594522476196,1.1248594522476196,0
2023-04-16,1.1175681352615356,1.120787262916565,1.1116422414779663,1.1175681352615356,1.1175681352615356,0
2023-04-17,1.1129536628723145,1.1168192625045776,1.112817406654358,1.1129536628723145,1.1129536628723145,0
2023-04-18,1.1161960363388062,1.116432785987854,1.110839605331421,1.1161960363388062,1.1161960363388062,0
2023-04-19,1.1139578819274902,1.1210134029388428,1.1133129596710205,1.1139578819274902,1.1139578819274902,0
2023-04-20,1.1206742525100708,1.1226242780685425,1.116994023323059,1.1206742525100708,1.1206742525100708,0
2023-04-23,1.1214534044265747,1.1259993314743042,1.1202096939086914,1.1214534044265747,1.1214534044265747,0
2023-04-24,1.1272813081741333,1.1287955045700073,1.1203980445861816,1.1272813081741333,1.1272813081741333,0
2023-04-25,1.1213024854660034,1.129420280456543,1.1204482316970825,1.1213024854660034,1.1213024854660034,0
2023-04-26,1.1225738525390625,1.1233429908752441,1.1142061948776245,1.1225738525390625,1.1225738525390625,0
2023-04-27,1.1187183856964111,1.1242270469665527,1.1143178939819336,1.1187183856964111,1.1187183856964111,0
2023-04-30,1.1175681352615356,1.1217050552368164,1.1153494119644165,1.1175681352615356,1.1175681352615356,0
2023-05-01,1.116233468055725,1.1199462413787842,1.1118029356002808,1.116233468055725,1.116233468055725,0
2023-05-02,1.1207621097564697,1.1282861232757568,1.1202723979949951,1.1207621097564697,1.1207621097564697,0
2023-05-03,1.1319644451141357,1.1337867975234985,1.124872088432312,1.1319644451141357,1.1319644451141357,0
2023-05-04,1.1296881437301636,1.1321182250976562,1.1153618097305298,1.1296881437301636,1.1296881437301636,0
2023-05-07,1.1221203804016113,1.1275609731674194,1.1222211122512817,1.1221203804016113,1.1221203804016113,0
2023-05-08,1.1237092018127441,1.125112533569336,1.1183805465698242,1.1237092018127441,1.1237092018127441,0
2023-05-09,1.1233935356140137,1.1276500225067139,1.1202473640441895,1.1233935356140137,1.1233935356140137,0
2023-05-10,1.1244926452636719,1.1254924535751343,1.116432785987854,1.1244926452636719,1.1244926452636719,0
2023-05-11,1.1185681819915771,1.1238480806350708,1.1142929792404175,1.1185681819915771,1.1185681819915771,0
2023-05-14,1.1131147146224976,1.117817997932434,1.112792730331421,1.1131147146224976,1.1131147146224976,0
2023-05-15,1.1167443990707397,1.121076226234436,1.1149017810821533,1.1167443990707397,1.1167443990707397,0
2023-05-16,1.115635633468628,1.117468237876892,1.1082297563552856,1.115635633468628,1.115635633468628,0
2023-05-17,1.112666368484497,1.1138337850570679,1.103460431098938,1.112666368484497,1.112666368484497,0
2023-05-18,1.1051311492919922,1.1140447854995728,1.1039842367172241,1.1051311492919922,1.1051311492919922,0
2023-05-21,1.1133501529693604,1.1184931993484497,1.1115927696228027,1.1133501529693604,1.1133501529693604,0
2023-05-22,1.1132138967514038,1.114230990409851,1.1076405048370361,1.1132138967514038,1.1132138967514038,0
2023-05-23,1.1094961166381836,1.1107407808303833,1.103850245475769,1.1094961166381836,1.1094961166381836,0
2023-05-24,1.1061947345733643,1.1065129041671753,1.1027425527572632,1.1061947345733643,1.1061947345733643,0
2023-05-25,1.1049113273620605,1.1087826490402222,1.102013349533081,1.1049113273620605,1.1049113273620605,0
2023-05-28,1.104130506515503,1.107714056968689,1.1036430597305298,1.104130506515503,1.104130506515503,0
2023-05-29,1.1056320667266846,1.1093976497650146,1.1008851528167725,1.1056320667266846,1.1056320667266846,0
2023-05-30,1.1039965152740479,1.1043012142181396,1.0934937000274658,1.1039965152740479,1.1039965152740479,0
2023-05-31,1.0990339517593384,1.102657437324524,1.097285270690918,1.0990339517593384,1.0990339517593384,0
2023-06-01,1.1042524576187134,1.107051968574524,1.1003884077072144,1.1042524576187134,1.1042524576187134,0
2023-06-04,1.0992393493652344,1.1045695543289185,1.0967316627502441,1.0992393493652344,1.0992393493652344,0
2023-06-05,1.1038745641708374,1.106855869293213,1.0992755889892578,1.1038745641708374,1.1038745641708374,0
2023-06-06,1.1023777723312378,1.10574209690094,1.0997470617294312,1.1023777723312378,1.1023777723312378,0
2023-06-07,1.0994569063186646,1.1113704442977905,1.098189115524292,1.0994569063186646,1.0994569063186646,0
2023-06-08,1.1127183437347412,1.113089919090271,1.1077508926391602,1.1127183437347412,1.1127183437347412,0
2023-06-11,1.1071745157241821,1.1091639995574951,1.0988044738769531,1.1071745157241821,1.1071745157241821,0
2023-06-12,1.1009578704833984,1.1068804264068604,1.1002190113067627,1.1009578704833984,1.1009578704833984,0
2023-06-13,1.1046550273895264,1.115200161933899,1.1038624048233032,1.1046550273895264,1.1046550273895264,0
2023-06-14,1.11101233959198,1.1204482316970825,1.1043378114700317,1.11101233959198,1.11101233959198,0
2023-06-15,1.1215288639068604,1.1234692335128784,1.117830514907837,1.1215288639068604,1.1215288639068604,0
2023-06-18,1.11831796169281,1.1195701360702515,1.1143302917480469,1.11831796169281,1.11831796169281,0
2023-06-19,1.1163455247879028,1.1167320013046265,1.1110740900039673,1.1163455247879028,1.1163455247879028,0
2023-06-20,1.1139951944351196,1.1188185214996338,1.1115680932998657,1.1139951944351196,1.1139951944351196,0
2023-06-21,1.1206992864608765,1.122674584388733,1.1149141788482666,1.1206992864608765,1.1206992864608765,0
2023-06-22,1.117468237876892,1.117817997932434,1.1096808910369873,1.117468237876892,1.117468237876892,0
2023-06-25,1.1163455247879028,1.1218183040618896,1.1151753664016724,1.1163455247879028,1.1163455247879028,0
2023-06-26,1.1165574789047241,1.1205737590789795,1.1148470640182495,1.1165574789047241,1.1165574789047241,0
2023-06-27,1.118881106376648,1.1198208332061768,1.1127803325653076,1.118881106376648,1.118881106376648,0
2023-06-28,1.1152499914169312,1.1181930303573608,1.1111481189727783,1.1152499914169312,1.1152499914169312,0
2023-06-29,1.1121737957000732,1.1191065311431885,1.109139323234558,1.1121737957000732,1.1121737957000732,0
2023-07-02,1.1173185110092163,1.1186933517456055,1.1107531785964966,1.1173185110092163,1.1173185110092163,0
2023-07-03,1.1163206100463867,1.117830514907837,1.1145166158676147,1.1163206100463867,1.1163206100463867,0
2023-07-04,1.1152747869491577,1.116071343421936,1.1119141578674316,1.1152747869491577,1.1152747869491577,0
2023-07-05,1.1129412651062012,1.1174432039260864,1.1115434169769287,1.1129412651062012,1.1129412651062012,0
2023-07-06,1.1169689893722534,1.1254924535751343,1.1148520708084106,1.1169689893722534,1.1169689893722534,0
2023-07-09,1.124985933303833,1.1278407573699951,1.1214659214019775,1.124985933303833,1.124985933303833,0
2023-07-10,1.1297775506973267,1.1357183456420898,1.129713773727417,1.1297775506973267,1.1297775506973267,0
2023-07-11,1.1379671096801758,1.1545077562332153,1.1373976469039917,1.1379671096801758,1.1379671096801758,0
2023-07-12,1.1539216041564941,1.1645103693008423,1.1534425020217896,1.1539216041564941,1.1539216041564941,0
2023-07-13,1.1639816761016846,1.1674060821533203,1.159057378768921,1.1639816761016846,1.1639816761016846,0
2023-07-16,1.1602274179458618,1.1657185554504395,1.1588425636291504,1.1602274179458618,1.1602274179458618,0
2023-07-17,1.1623176336288452,1.1678558588027954,1.161926031112671,1.1623176336288452,1.1623176336288452,0
2023-07-18,1.1659767627716064,1.1672561168670654,1.1611435413360596,1.1659767627716064,1.1659767627716064,0
2023-07-19,1.1655691862106323,1.1682379245758057,1.1530699729919434,1.1655691862106323,1.1655691862106323,0
2023-07-20,1.1543878316879272,1.1572332382202148,1.153203010559082,1.1543878316879272,1.1543878316879272,0
2023-07-23,1.154414415359497,1.1578094959259033,1.1517021656036377,1.154414415359497,1.154414415359497,0
2023-07-24,1.1495707035064697,1.1573405265808105,1.1496235132217407,1.1495707035064697,1.1495707035064697,0
2023-07-25,1.1566978693008423,1.161440134048462,1.1553213596343994,1.1566978693008423,1.1566978693008423,0
2023-07-26,1.1607122421264648,1.1691803932189941,1.1503905057907104,1.1607122421264648,1.1607122421264648,0
2023-07-27,1.1509466171264648,1.1545610427856445,1.1449507474899292,1.1509466171264648,1.1509466171264648,0
2023-07-30,1.1496632099151611,1.1539748907089233,1.1456197500228882,1.1496632099151611,1.1496632099151611,0
2023-07-31,1.147249460220337,1.1479737758636475,1.1392894983291626,1.147249460220337,1.147249460220337,0
2023-08-01,1.1462894678115845,1.1461317539215088,1.1357312202453613,1.1462894678115845,1.1462894678115845,0
2023-08-02,1.139847993850708,1.1447935104370117,1.1366219520568848,1.139847993850708,1.139847993850708,0
2023-08-03,1.1438767910003662,1.1494120359420776,1.138757586479187,1.1438767910003662,1.1438767910003662,0
2023-08-06,1.1439684629440308,1.145081877708435,1.1399519443511963,1.1439684629440308,1.1439684629440308,0
2023-08-07,1.1458691358566284,1.1470520496368408,1.1386927366256714,1.1458691358566284,1.1458691358566284,0
2023-08-08,1.1420739889144897,1.145213007926941,1.1386798620224,1.1420739889144897,1.1420739889144897,0
2023-08-09,1.1406410932540894,1.150244951248169,1.1395102739334106,1.1406410932540894,1.1406410932540894,0
2023-08-10,1.1405240297317505,1.1449638605117798,1.1390559673309326,1.1405240297317505,1.1405240297317505,0
2023-08-13,1.1407451629638672,1.1422044038772583,1.1329904794692993,1.1407451629638672,1.1407451629638672,0
2023-08-14,1.138978123664856,1.143458366394043,1.1372941732406616,1.138978123664856,1.138978123664856,0
2023-08-15,1.1381484270095825,1.1396141052246094,1.1349449157714844,1.1381484270095825,1.1381484270095825,0
2023-08-16,1.1361829042434692,1.141422152519226,1.1352155208587646,1.1361829042434692,1.1361829042434692,0
2023-08-17,1.1386408805847168,1.1399909257888794,1.1333242654800415,1.1386408805847168,1.1386408805847168,0
2023-08-20,1.1334398984909058,1.138057827949524,1.1328877210617065,1.1334398984909058,1.1334398984909058,0
2023-08-21,1.1383531093597412,1.1411616802215576,1.1352412700653076,1.1383531093597412,1.1383531093597412,0
2023-08-22,1.1366219520568848,1.1394842863082886,1.1343141794204712,1.1366219520568848,1.1366219520568848,0
2023-08-23,1.1397180557250977,1.1418131589889526,1.131567358970642,1.1397180557250977,1.1397180557250977,0
2023-08-24,1.1298158168792725,1.1332600116729736,1.1268240213394165,1.1298158168792725,1.1298158168792725,0
2023-08-27,1.1302883625030518,1.1339411735534668,1.1295478343963623,1.1302883625030518,1.1302883625030518,0
2023-08-28,1.131861925125122,1.1374752521514893,1.128846526145935,1.131861925125122,1.131861925125122,0
2023-08-29,1.1377081871032715,1.1434190273284912,1.1360150575637817,1.1377081871032715,1.1377081871032715,0
2023-08-30,1.1388094425201416,1.1401338577270508,1.1305310726165771,1.1388094425201416,1.1388094425201416,0
2023-08-31,1.1322463750839233,1.1367770433425903,1.128859281539917,1.1322463750839233,1.1322463750839233,0
2023-09-03,1.1295733451843262,1.1321951150894165,1.1293182373046875,1.1295733451843262,1.1295733451843262,0
2023-09-04,1.1302372217178345,1.1308379173278809,1.123317837715149,1.1302372217178345,1.1302372217178345,0
2023-09-05,1.1243661642074585,1.1260247230529785,1.1182680130004883,1.1243661642074585,1.1243661642074585,0
2023-09-06,1.1218812465667725,1.12271249294281,1.1186808347702026,1.1218812465667725,1.1218812465667725,0
2023-09-07,1.1202348470687866,1.1241259574890137,1.1196703910827637,1.1202348470687866,1.1202348470687866,0
2023-09-10,1.121076226234436,1.123974323272705,1.120862603187561,1.121076226234436,1.121076226234436,0
2023-09-11,1.1220699548721313,1.1234692335128784,1.1193069219589233,1.1220699548721313,1.1220699548721313,0
2023-09-12,1.1218433380126953,1.1228384971618652,1.117643117904663,1.1218433380126953,1.1218433380126953,0
2023-09-13,1.1195701360702515,1.121956706047058,1.115138053894043,1.1195701360702515,1.1195701360702515,0
2023-09-14,1.1155734062194824,1.1179429292678833,1.1139330863952637,1.1155734062194824,1.1155734062194824,0
2023-09-17,1.114976406097412,1.1170687675476074,1.1133625507354736,1.114976406097412,1.114976406097412,0
2023-09-18,1.1145166158676147,1.1174432039260864,1.1132758855819702,1.1145166158676147,1.1145166158676147,0
2023-09-19,1.114441990852356,1.1186434030532837,1.1131643056869507,1.114441990852356,1.114441990852356,0
2023-09-20,1.1120996475219727,1.112928867340088,1.1016126871109009,1.1120996475219727,1.1120996475219727,0
2023-09-21,1.1056197881698608,1.1059499979019165,1.1025723218917847,1.1056197881698608,1.1056197881698608,0
2023-09-24,1.1024142503738403,1.1027790307998657,1.094822645187378,1.1024142503738403,1.1024142503738403,0
2023-09-25,1.0963950157165527,1.0969723463058472,1.0930395126342773,1.0963950157165527,1.0963950157165527,0
2023-09-26,1.0919891595840454,1.0924185514450073,1.0870274305343628,1.0919891595840454,1.0919891595840454,0
2023-09-27,1.0859885215759277,1.0932307243347168,1.0851165056228638,1.0859885215759277,1.0859885215759277,0
2023-09-28,1.093182921409607,1.0999163389205933,1.0914766788482666,1.093182921409607,1.093182921409607,0
2023-10-01,1.0923231840133667,1.0976345539093018,1.0877013206481934,1.0923231840133667,1.0923231840133667,0
2023-10-02,1.0894432067871094,1.0892179012298584,1.0818880796432495,1.0894432067871094,1.0894432067871094,0
2023-10-03,1.0858116149902344,1.0935773849487305,1.0832475423812866,1.0858116149902344,1.0858116149902344,0
2023-10-04,1.0909764766693115,1.0950384140014648,1.0891348123550415,1.0909764766693115,1.0909764766693115,0
2023-10-05,1.0957822799682617,1.1021713018417358,1.089953899383545,1.0957822799682617,1.0957822799682617,0
2023-10-08,1.100473165512085,1.1036310195922852,1.0962508916854858,1.100473165512085,1.100473165512085,0
2023-10-09,1.1051677465438843,1.1071745157241821,1.1009820699691772,1.1051677465438843,1.1051677465438843,0
2023-10-10,1.1055220365524292,1.1106297969818115,1.1046061515808105,1.1055220365524292,1.1055220365524292,0
2023-10-11,1.1098902225494385,1.112644076347351,1.1025844812393188,1.1098902225494385,1.1098902225494385,0
2023-10-12,1.101539969444275,1.1093361377716064,1.1008244752883911,1.101539969444275,1.101539969444275,0
2023-10-15,1.1080454587936401,1.1103708744049072,1.1059499979019165,1.1080454587936401,1.1080454587936401,0
2023-10-16,1.1105310916900635,1.1127183437347412,1.1071745157241821,1.1105310916900635,1.1105310916900635,0
2023-10-17,1.1109752655029297,1.1167196035385132,1.1101243495941162,1.1109752655029297,1.1109752655029297,0
2023-10-18,1.1128793954849243,1.1178804636001587,1.1109012365341187,1.1128793954849243,1.1128793954849243,0
2023-10-19,1.121340274810791,1.1231411695480347,1.1193444728851318,1.121340274810791,1.121340274810791,0
2023-10-22,1.1195701360702515,1.1222084760665894,1.1167196035385132,1.1195701360702515,1.1195701360702515,0
2023-10-23,1.1228384971618652,1.1250745058059692,1.1175681352615356,1.1228384971618652,1.1228384971618652,0
2023-10-24,1.1197456121444702,1.1212018728256226,1.1155734062194824,1.1197456121444702,1.1197456121444702,0
2023-10-25,1.115200161933899,1.1155734062194824,1.111197590827942,1.115200161933899,1.115200161933899,0
2023-10-26,1.1125574111938477,1.1135857105255127,1.1069294214248657,1.1125574111938477,1.1125574111938477,0
2023-10-30,1.1081559658050537,1.1104941368103027,1.10527765750885,1.1081559658050537,1.1081559658050537,0
2023-10-31,1.1085737943649292,1.1100010871887207,1.0989010334014893,1.1085737943649292,1.1085737943649292,0
2023-11-01,1.0991426706314087,1.1023900508880615,1.0981045961380005,1.0991426706314087,1.0991426706314087,0
2023-11-02,1.1043012142181396,1.1092623472213745,1.1032291650772095,1.1043012142181396,1.1043012142181396,0
2023-11-03,1.1036310195922852,1.1139578819274902,1.1021713018417358,1.1036310195922852,1.1036310195922852,0
2023-11-06,1.1120872497558594,1.1169440746307373,1.111716389656067,1.1120872497558594,1.1120872497558594,0
2023-11-07,1.1120996475219727,1.1129660606384277,1.109139323234558,1.1120996475219727,1.1120996475219727,0
2023-11-08,1.1111481189727783,1.1142061948776245,1.1081929206848145,1.1111481189727783,1.1111481189727783,0
2023-11-09,1.1122480630874634,1.1128422021865845,1.109311580657959,1.1122480630874634,1.1122480630874634,0
2023-11-10,1.1072357892990112,1.110987663269043,1.1056076288223267,1.1072357892990112,1.1072357892990112,0
2023-11-13,1.108672022819519,1.1102476119995117,1.1047770977020264,1.108672022819519,1.108672022819519,0
2023-11-14,1.1096316576004028,1.1233429908752441,1.107898235321045,1.1096316576004028,1.1096316576004028,0
2023-11-15,1.1247328519821167,1.128668189048767,1.1232799291610718,1.1247328519821167,1.1247328519821167,0
2023-11-16,1.1272940635681152,1.1295605897903442,1.1236965656280518,1.1272940635681152,1.1272940635681152,0
2023-11-17,1.125517725944519,1.128668189048767,1.1244040727615356,1.125517725944519,1.125517725944519,0
2023-11-20,1.128757357597351,1.1334012746810913,1.1280583143234253,1.128757357597351,1.128757357597351,0
2023-11-21,1.1307612657546997,1.1339154243469238,1.1305694580078125,1.1307612657546997,1.1307612657546997,0
2023-11-22,1.1322720050811768,1.1337867975234985,1.1268621683120728,1.1322720050811768,1.1322720050811768,0
2023-11-23,1.131183385848999,1.1341726779937744,1.1301605701446533,1.131183385848999,1.131183385848999,0
2023-11-24,1.1306205987930298,1.1348934173583984,1.1301862001419067,1.1306205987930298,1.1306205987930298,0
2023-11-27,1.1334655284881592,1.137268304824829,1.1327837705612183,1.1334655284881592,1.1334655284881592,0
2023-11-28,1.1363636255264282,1.141422152519226,1.1340183019638062,1.1363636255264282,1.1363636255264282,0
2023-11-29,1.140380859375,1.145213007926941,1.1386150121688843,1.140380859375,1.140380859375,0
2023-11-30,1.1450556516647339,1.150827407836914,1.140224814414978,1.1450556516647339,1.1450556516647339,0
2023-12-01,1.1433013677597046,1.1499539613723755,1.1405889987945557,1.1433013677597046,1.1433013677597046,0
2023-12-04,1.1522728204727173,1.1527338027954102,1.142361044883728,1.1522728204727173,1.1522728204727173,0
2023-12-05,1.1461186408996582,1.1478420495986938,1.1409013271331787,1.1461186408996582,1.1461186408996582,0
2023-12-06,1.1429407596588135,1.145737886428833,1.1418262720108032,1.1429407596588135,1.1429407596588135,0
2023-12-07,1.1433275938034058,1.1458691358566284,1.1388872861862183,1.1433275938034058,1.1433275938034058,0
2023-12-08,1.1422827243804932,1.1440469026565552,1.134854793548584,1.1422827243804932,1.1422827243804932,0
2023-12-11,1.1368545293807983,1.1383427381515503,1.134507179260254,1.1368545293807983,1.1368545293807983,0
2023-12-12,1.1388224363327026,1.1457115411758423,1.1384464502334595,1.1388224363327026,1.1388224363327026,0
2023-12-13,1.1426873207092285,1.1431183815002441,1.139250636100769,1.1426873207092285,1.1426873207092285,0
2023-12-14,1.1481451988220215,1.1588828563690186,1.1456066370010376,1.1481451988220215,1.1481451988220215,0
2023-12-15,1.1532295942306519,1.156203031539917,1.1497160196304321,1.1532295942306519,1.1532295942306519,0
2023-12-18,1.1486172676086426,1.1538417339324951,1.1481056213378906,1.1486172676086426,1.1486172676086426,0
2023-12-19,1.1532561779022217,1.1637378931045532,1.1526845693588257,1.1532561779022217,1.1532561779022217,0
2023-12-20,1.1623852252960205,1.1626555919647217,1.1561496257781982,1.1623852252960205,1.1623852252960205,0
2023-12-21,1.1594740152359009,1.1678149700164795,1.1584935188293457,1.1594740152359009,1.1594740152359009,0
2023-12-22,1.1678558588027954,1.1743428707122803,1.166439175605774,1.1678558588027954,1.1678558588027954,0
2023-12-25,1.169494867324829,1.1702380180358887,1.1653653383255005,1.169494867324829,1.169494867324829,0
2023-12-26,1.1685792207717896,1.170905351638794,1.1655826568603516,1.1685792207717896,1.1685792207717896,0
2023-12-27,1.1715363264083862,1.188806176185608,1.1700011491775513,1.1715363264083862,1.1715363264083862,0
2023-12-28,1.187183141708374,1.2004802227020264,1.1869436502456665,1.187183141708374,1.187183141708374,0
2023-12-29,1.1857331991195679,1.1963152885437012,1.185494303703308,1.1857331991195679,1.1857331991195679,0
2024-01-01,1.1894015073776245,1.1894015073776245,1.1877895593643188,1.1894015073776245,1.1894015073776245,0
2024-01-02,1.1878036260604858,1.188085913658142,1.1762491464614868,1.1878036260604858,1.1878036260604858,0
2024-01-03,1.1763044595718384,1.1782727241516113,1.1690436601638794,1.1763044595718384,1.1763044595718384,0
2024-01-04,1.177994966506958,1.1796486377716064,1.1725391149520874,1.177994966506958,1.177994966506958,0
2024-01-05,1.1764705181121826,1.1825922727584839,1.1670244932174683,1.1764705181121826,1.1764705181121826,0
2024-01-08,1.1754610538482666,1.1823126077651978,1.1735711097717285,1.1754610538482666,1.1754610538482666,0
2024-01-09,1.1793843507766724,1.1813768148422241,1.1723741292953491,1.1793843507766724,1.1793843507766724,0
2024-01-10,1.1731994152069092,1.1755025386810303,1.1717286109924316,1.1731994152069092,1.1731994152069092,0
2024-01-11,1.1757789850234985,1.1781338453292847,1.1678286790847778,1.1757789850234985,1.1757789850234985,0
2024-01-12,1.1750743389129639,1.177939534187317,1.1697137355804443,1.1750743389129639,1.1750743389129639,0
2024-01-15,1.1718933582305908,1.17205810546875,1.1688387393951416,1.1718933582305908,1.1718933582305908,0
2024-01-16,1.168251633644104,1.1684017181396484,1.1608604192733765,1.168251633644104,1.168251633644104,0
2024-01-17,1.1610356569290161,1.1619800329208374,1.151463508605957,1.1610356569290161,1.1610356569290161,0
2024-01-18,1.1569762229919434,1.1586142778396606,1.150814175605774,1.1569762229919434,1.1569762229919434,0
2024-01-19,1.1519675254821777,1.1527377367019653,1.1491082906723022,1.1519675254821777,1.1519675254821777,0
2024-01-22,1.1514369249343872,1.154068112373352,1.149504542350769,1.1514369249343872,1.1514369249343872,0
2024-01-23,1.150589108467102,1.1560693979263306,1.1458691358566284,1.150589108467102,1.150589108467102,0
2024-01-24,1.1499539613723755,1.1618449687957764,1.1495970487594604,1.1499539613723755,1.1499539613723755,0
2024-01-25,1.158721685409546,1.159151554107666,1.151596188545227,1.158721685409546,1.158721685409546,0
2024-01-26,1.1535356044769287,1.1606314182281494,1.1514900922775269,1.1535356044769287,1.1535356044769287,0
2024-01-29,1.1572198867797852,1.1621150970458984,1.156243085861206,1.1572198867797852,1.1572198867797852,0
2024-01-30,1.1610087156295776,1.1616425514221191,1.1570725440979004,1.1610087156295776,1.1610087156295776,0
2024-01-31,1.1602813005447388,1.1690573692321777,1.1571261882781982,1.1602813005447388,1.1602813005447388,0
2024-02-01,1.1596354246139526,1.1663848161697388,1.156176209449768,1.1596354246139526,1.1596354246139526,0
2024-02-02,1.1660175323486328,1.1694538593292236,1.1523923873901367,1.1660175323486328,1.1660175323486328,0
2024-02-05,1.1534291505813599,1.153588891029358,1.1470915079116821,1.1534291505813599,1.1534291505813599,0
2024-02-06,1.1485011577606201,1.1508804559707642,1.144282579421997,1.1485011577606201,1.1485011577606201,0
2024-02-07,1.1500862836837769,1.151012897491455,1.1448982954025269,1.1500862836837769,1.1500862836837769,0
2024-02-08,1.144282579421997,1.1465259790420532,1.1415655612945557,1.144282579421997,1.144282579421997,0
2024-02-09,1.1448853015899658,1.1454753875732422,1.1413179636001587,1.1448853015899658,1.1448853015899658,0
2024-02-12,1.1439553499221802,1.1459217071533203,1.1399649381637573,1.1439553499221802,1.1439553499221802,0
2024-02-13,1.1418131589889526,1.1423871517181396,1.1267224550247192,1.1418131589889526,1.1418131589889526,0
2024-02-14,1.1268748044967651,1.1300712823867798,1.125517725944519,1.1268748044967651,1.1268748044967651,0
2024-02-15,1.1298158168792725,1.1388224363327026,1.1290122270584106,1.1298158168792725,1.1298158168792725,0
2024-02-16,1.1366219520568848,1.1368803977966309,1.1315544843673706,1.1366219520568848,1.1366219520568848,0
2024-02-19,1.1354604959487915,1.1370097398757935,1.1336840391159058,1.135524868965149,1.135524868965149,0
2024-02-20,1.1328274011611938,1.1383039951324463,1.1315289735794067,1.1328274011611938,1.1328274011611938,0
2024-02-21,1.1340311765670776,1.1373976469039917,1.1338125467300415,1.1340311765670776,1.1340311765670776,0
2024-02-22,1.1373329162597656,1.1436413526535034,1.1337226629257202,1.1373329162597656,1.1373329162597656,0
2024-02-23,1.1364282369613647,1.1389521360397339,1.1339668035507202,1.1364282369613647,1.1364282369613647,0
2024-02-26,1.134751796722412,1.1381744146347046,1.133594036102295,1.134751796722412,1.134751796722412,0
2024-02-27,1.1364928483963013,1.1383427381515503,1.1351382732391357,1.1364928483963013,1.1364928483963013,0
2024-02-28,1.1379153728485107,1.1384334564208984,1.1343655586242676,1.1379153728485107,1.1379153728485107,0
2024-02-29,1.1380319595336914,1.139211654663086,1.131874680519104,1.1380319595336914,1.1380319595336914,0
2024-03-01,1.1307101249694824,1.1314777135849,1.1246190071105957,1.1307101249694824,1.1307101249694824,0
2024-03-04,1.1320669651031494,1.1357183456420898,1.1282607316970825,1.1320669651031494,1.1320669651031494,0
2024-03-05,1.1296881437301636,1.1332728862762451,1.1279425621032715,1.1296881437301636,1.1296881437301636,0
2024-03-06,1.1317594051361084,1.135589361190796,1.1292927265167236,1.1317594051361084,1.1317594051361084,0
2024-03-07,1.1336582899093628,1.1398608684539795,1.1334398984909058,1.1336582899093628,1.1336582899093628,0
2024-03-08,1.1401208639144897,1.145370364189148,1.1393544673919678,1.1401208639144897,1.1401208639144897,0
2024-03-11,1.1395881175994873,1.1424654722213745,1.1371389627456665,1.1395881175994873,1.1395881175994873,0
2024-03-12,1.1399258375167847,1.1429225206375122,1.1371259689331055,1.1399258375167847,1.1399258375167847,0
2024-03-13,1.1397439241409302,1.1409013271331787,1.1378893852233887,1.1397439241409302,1.1397439241409302,0
2024-03-14,1.1384594440460205,1.1388224363327026,1.1316570043563843,1.1384594440460205,1.1384594440460205,0
2024-03-15,1.1308763027191162,1.1341726779937744,1.1296881437301636,1.1308763027191162,1.1308763027191162,0
2024-03-18,1.1317466497421265,1.1336582899093628,1.1281588077545166,1.1317466497421265,1.1317466497421265,0
2024-03-19,1.1267478466033936,1.1279042959213257,1.1238354444503784,1.1267478466033936,1.1267478466033936,0
2024-03-20,1.1254416704177856,1.1257457733154297,1.121340274810791,1.1254416704177856,1.1254416704177856,0
2024-03-21,1.129241704940796,1.1313496828079224,1.112050175666809,1.129241704940796,1.129241704940796,0
2024-03-22,1.1139826774597168,1.114951491355896,1.1087703704833984,1.1139826774597168,1.1139826774597168,0
2024-03-25,1.114057183265686,1.1150758266448975,1.1128422021865845,1.114057183265686,1.114057183265686,0
2024-03-26,1.1117658615112305,1.1125946044921875,1.1058155298233032,1.1117658615112305,1.1117658615112305,0
2024-03-27,1.1066231727600098,1.1071745157241821,1.1023900508880615,1.1066231727600098,1.1066231727600098,0
2024-03-28,1.1043622493743896,1.1104449033737183,1.1032170057296753,1.1043622493743896,1.1043622493743896,0
2024-03-29,1.10979163646698,1.1107778549194336,1.1077386140823364,1.10979163646698,1.10979163646698,0
2024-03-31,1.1086474657058716,1.1106175184249878,1.104264736175537,1.1086474657058716,1.1086474657058716,0
2024-04-01,1.1048868894577026,1.1050944328308105,1.1001826524734497,1.1048868894577026,1.1048868894577026,0
2024-04-02,1.101539969444275,1.1071745157241821,1.099541425704956,1.101539969444275,1.101539969444275,0
2024-04-03,1.10755455493927,1.108033299446106,1.1019890308380127,1.10755455493927,1.10755455493927,0
2024-04-04,1.1092500686645508,1.1114816665649414,1.1028155088424683,1.1092500686645508,1.1092500686645508,0
2024-04-07,1.1072112321853638,1.1082788705825806,1.1033265590667725,1.1072112321853638,1.1072112321853638,0
2024-04-08,1.1049602031707764,1.1096316576004028,1.104264736175537,1.1049602031707764,1.1049602031707764,0
2024-04-09,1.107444167137146,1.1077877283096313,1.0951943397521973,1.107444167137146,1.107444167137146,0
2024-04-10,1.0952422618865967,1.1018555164337158,1.093398094177246,1.0952422618865967,1.0952422618865967,0
2024-04-11,1.0991064310073853,1.09966242313385,1.094546914100647,1.0991064310073853,1.0991064310073853,0
2024-04-14,1.094367265701294,1.0963709354400635,1.0927528142929077,1.094367265701294,1.094367265701294,0
2024-04-15,1.0969723463058472,1.0974177122116089,1.0939842462539673,1.0969723463058472,1.0969723463058472,0
2024-04-16,1.0958184003829956,1.0996261835098267,1.0950863361358643,1.0958184003829956,1.0958184003829956,0
2024-04-17,1.0984183549880981,1.1014429330825806,1.0963349342346191,1.0984183549880981,1.0984183549880981,0
2024-04-18,1.0963709354400635,1.108856439590454,1.095710277557373,1.0963709354400635,1.0963709354400635,0
2024-04-21,1.0974539518356323,1.0991426706314087,1.096118688583374,1.0977152585983276,1.0977152585983276,0
2024-04-22,1.0966235399246216,1.1008366346359253,1.0953621864318848,1.0966235399246216,1.0966235399246216,0
2024-04-23,1.0972130298614502,1.0975743532180786,1.0926930904388428,1.0972130298614502,1.0972130298614502,0
2024-04-24,1.0935654640197754,1.0963709354400635,1.092144250869751,1.0935654640197754,1.0935654640197754,0
2024-04-25,1.0958664417266846,1.0992635488510132,1.0929797887802124,1.0958664417266846,1.0958664417266846,0
2024-04-28,1.0944654941558838,1.0995051860809326,1.0936850309371948,1.0944654941558838,1.0944654941558838,0
2024-04-29,1.0980323553085327,1.0984183549880981,1.0895975828170776,1.0980323553085327,1.0980323553085327,0
2024-04-30,1.087559461593628,1.0884946584701538,1.084304690361023,1.087559461593628,1.087559461593628,0
2024-05-01,1.0912741422653198,1.0981770753860474,1.090179681777954,1.0912741422653198,1.0912741422653198,0
2024-05-02,1.0991789102554321,1.110185980796814,1.0983821153640747,1.0991789102554321,1.0991789102554321,0
2024-05-05,1.1038258075714111,1.1069294214248657,1.1034361124038696,1.1038258075714111,1.1038258075714111,0
2024-05-06,1.1029006242752075,1.1042402982711792,1.1006306409835815,1.1029006242752075,1.1029006242752075,0
2024-05-07,1.1007397174835205,1.102292776107788,1.0995051860809326,1.1007397174835205,1.1007397174835205,0
2024-05-08,1.101333737373352,1.1037405729293823,1.099130630493164,1.101333737373352,1.101333737373352,0
2024-05-09,1.1039354801177979,1.1043622493743896,1.1008366346359253,1.1039354801177979,1.1039354801177979,0
2024-05-12,1.1032048463821411,1.1055831909179688,1.1017826795578003,1.1032048463821411,1.1032048463821411,0
2024-05-13,1.1014429330825806,1.1043622493743896,1.0996744632720947,1.1014429330825806,1.1014429330825806,0
2024-05-14,1.1029006242752075,1.1088441610336304,1.1025723218917847,1.1029006242752075,1.1029006242752075,0
2024-05-15,1.110457181930542,1.1125574111938477,1.104167103767395,1.110457181930542,1.110457181930542,0
2024-05-16,1.1037648916244507,1.1037527322769165,1.099203109741211,1.1037648916244507,1.1037648916244507,0
2024-05-19,1.100473165512085,1.1015641689300537,1.0979238748550415,1.100473165512085,1.100473165512085,0
2024-05-20,1.098756194114685,1.1007153987884521,1.097044587135315,1.098756194114685,1.098756194114685,0
2024-05-21,1.0975021123886108,1.0981770753860474,1.0920368432998657,1.0975021123886108,1.0975021123886108,0
2024-05-22,1.0928961038589478,1.0958904027938843,1.0925499200820923,1.0928961038589478,1.0928961038589478,0
2024-05-23,1.0936970710754395,1.0945708751678467,1.0921083688735962,1.0936970710754395,1.0936970710754395,0
2024-05-26,1.0936132669448853,1.0952903032302856,1.0925618410110474,1.0936132669448853,1.0936132669448853,0
2024-05-27,1.09505033493042,1.1008366346359253,1.09505033493042,1.09505033493042,1.09505033493042,0
2024-05-28,1.0961426496505737,1.0976948738098145,1.0938645601272583,1.0961426496505737,1.0961426496505737,0
2024-05-29,1.0955302715301514,1.1071745157241821,1.0940080881118774,1.0955302715301514,1.0955302715301514,0
2024-05-30,1.1070396900177002,1.110864281654358,1.1027911901474,1.1070396900177002,1.1070396900177002,0
2024-06-02,1.1094838380813599,1.1175681352615356,1.1068068742752075,1.1094838380813599,1.1094838380813599,0
2024-06-03,1.1172934770584106,1.1243535280227661,1.1149141788482666,1.1172934770584106,1.1172934770584106,0
2024-06-04,1.1236586570739746,1.1236839294433594,1.1175432205200195,1.1236586570739746,1.1236586570739746,0
2024-06-05,1.1204482316970825,1.1234692335128784,1.119758129119873,1.1204482316970825,1.1204482316970825,0
2024-06-06,1.1239490509033203,1.1259993314743042,1.1145787239074707,1.1239490509033203,1.1239490509033203,0
2024-06-09,1.115946888923645,1.1169440746307373,1.1132758855819702,1.115946888923645,1.115946888923645,0
2024-06-10,1.1153494119644165,1.1164453029632568,1.1120749711990356,1.1153494119644165,1.1153494119644165,0
2024-06-11,1.1138585805892944,1.1241133213043213,1.1132138967514038,1.1138585805892944,1.1138585805892944,0
2024-06-12,1.1182429790496826,1.1195701360702515,1.1152499914169312,1.1182429790496826,1.1182429790496826,0
2024-06-13,1.118655800819397,1.123822808265686,1.117643117904663,1.118655800819397,1.118655800819397,0
2024-06-16,1.122674584388733,1.1234692335128784,1.1195701360702515,1.122674584388733,1.122674584388733,0
2024-06-17,1.1257457733154297,1.1328877210617065,1.1237092018127441,1.1257457733154297,1.1257457733154297,0
2024-06-18,1.1309914588928223,1.1321182250976562,1.1294457912445068,1.1309914588928223,1.1309914588928223,0
2024-06-19,1.1308379173278809,1.13237464427948,1.1203854084014893,1.1308379173278809,1.1308379173278809,0
2024-06-20,1.1217175722122192,1.1232168674468994,1.118105411529541,1.1217175722122192,1.1217175722122192,0
2024-06-23,1.1184431314468384,1.120824933052063,1.1180930137634277,1.1184431314468384,1.1184431314468384,0
2024-06-24,1.1195825338363647,1.1223344802856445,1.1176930665969849,1.1195825338363647,1.1195825338363647,0
2024-06-25,1.1170687675476074,1.117895483970642,1.113250970840454,1.1170687675476074,1.1170687675476074,0
2024-06-26,1.115200161933899,1.1165698766708374,1.1134741306304932,1.115200161933899,1.115200161933899,0
2024-06-27,1.1129412651062012,1.1136724948883057,1.1099765300750732,1.1129412651062012,1.1129412651062012,0
2024-06-30,1.110864281654358,1.113089919090271,1.105717658996582,1.110864281654358,1.110864281654358,0
2024-07-01,1.1072235107421875,1.1076650619506836,1.1050944328308105,1.1072235107421875,1.1072235107421875,0
2024-07-02,1.1065741777420044,1.113089919090271,1.1049479246139526,1.1065741777420044,1.1065741777420044,0
2024-07-03,1.1101735830307007,1.1122233867645264,1.1063660383224487,1.1101735830307007,1.1101735830307007,0
2024-07-04,1.1108025312423706,1.1150758266448975,1.1107038259506226,1.1108025312423706,1.1108025312423706,0
2024-07-07,1.1170313358306885,1.11831796169281,1.1145166158676147,1.1170313358306885,1.1170313358306885,0
2024-07-08,1.1138213872909546,1.115200161933899,1.1123470067977905,1.1138213872909546,1.1138213872909546,0
2024-07-09,1.1143302917480469,1.1156978607177734,1.1115556955337524,1.1143302917480469,1.1143302917480469,0
2024-07-10,1.1120996475219727,1.1215791702270508,1.1114816665649414,1.1120996475219727,1.1120996475219727,0
2024-07-11,1.1160340309143066,1.1194196939468384,1.1149141788482666,1.1160340309143066,1.1160340309143066,0
2024-07-14,1.1149640083312988,1.1196954250335693,1.1147029399871826,1.1149640083312988,1.1149640083312988,0
2024-07-15,1.1167320013046265,1.1181930303573608,1.1139702796936035,1.1167320013046265,1.1167320013046265,0
2024-07-16,1.1195449829101562,1.131861925125122,1.1180305480957031,1.1195449829101562,1.1195449829101562,0
2024-07-17,1.1333370208740234,1.1337354183197021,1.1289485692977905,1.1333370208740234,1.1333370208740234,0
2024-07-18,1.1270145177841187,1.12696373462677,1.1236839294433594,1.1270145177841187,1.1270145177841187,0
2024-07-21,1.1261134147644043,1.1273956298828125,1.123368263244629,1.1261134147644043,1.1261134147644043,0
2024-07-22,1.1242270469665527,1.1252391338348389,1.1206114292144775,1.1242270469665527,1.1242270469665527,0
2024-07-23,1.1216797828674316,1.132502794265747,1.1209380626678467,1.1216797828674316,1.1216797828674316,0
2024-07-24,1.1299179792404175,1.1396011114120483,1.1294585466384888,1.1299179792404175,1.1299179792404175,0
2024-07-25,1.13553786277771,1.1362345218658447,1.1312345266342163,1.13553786277771,1.13553786277771,0
2024-07-28,1.1308379173278809,1.1340440511703491,1.127255916595459,1.1308379173278809,1.1308379173278809,0
2024-07-29,1.1285407543182373,1.1303266286849976,1.1267858743667603,1.1285407543182373,1.1285407543182373,0
2024-07-30,1.1337482929229736,1.1401728391647339,1.1328877210617065,1.1337482929229736,1.1337482929229736,0
2024-07-31,1.138770580291748,1.1451736688613892,1.1386798620224,1.138770580291748,1.138770580291748,0
2024-08-01,1.1456066370010376,1.1657729148864746,1.1450556516647339,1.1456066370010376,1.1456066370010376,0
2024-08-04,1.1680878400802612,1.1858879327774048,1.1667250394821167,1.1680878400802612,1.1680878400802612,0
2024-08-05,1.169823169708252,1.1762769222259521,1.16690194606781,1.169823169708252,1.169823169708252,0
2024-08-06,1.1729516983032227,1.1732958555221558,1.1548144817352295,1.1729516983032227,1.1729516983032227,0
2024-08-07,1.16377854347229,1.1682379245758057,1.1530301570892334,1.16377854347229,1.16377854347229,0
2024-08-08,1.153602123260498,1.1586142778396606,1.1532561779022217,1.153602123260498,1.153602123260498,0
2024-08-11,1.1560158729553223,1.156738042831421,1.1479079723358154,1.1560158729553223,1.1560158729553223,0
2024-08-12,1.1564303636550903,1.1566041707992554,1.1521931886672974,1.1564303636550903,1.1564303636550903,0
2024-08-13,1.156203031539917,1.1602274179458618,1.1549744606018066,1.1560025215148926,1.1560025215148926,0
2024-08-14,1.1563286781311035,1.1566041707992554,1.1432491540908813,1.1563286781311035,1.1563286781311035,0
2024-08-15,1.146144986152649,1.154334545135498,1.1462106704711914,1.146144986152649,1.146144986152649,0
2024-08-18,1.1526315212249756,1.1609008312225342,1.152591586112976,1.1526315212249756,1.1526315212249756,0
2024-08-19,1.159595012664795,1.1673378944396973,1.1593934297561646,1.159595012664795,1.159595012664795,0
2024-08-20,1.1715638637542725,1.1750190258026123,1.1681697368621826,1.1715638637542725,1.1715638637542725,0
2024-08-21,1.1749500036239624,1.1779255867004395,1.171879529953003,1.1749500036239624,1.1749500036239624,0
2024-08-22,1.1741223335266113,1.1806375980377197,1.1708916425704956,1.1741223335266113,1.1741223335266113,0
2024-08-25,1.1801916360855103,1.1825922727584839,1.1787031888961792,1.1801916360855103,1.1801916360855103,0
2024-08-26,1.1804981231689453,1.187281847000122,1.1787031888961792,1.1804981231689453,1.1804981231689453,0
2024-08-27,1.1880435943603516,1.189202070236206,1.1833620071411133,1.1880435943603516,1.1880435943603516,0
2024-08-28,1.1879024505615234,1.1907596588134766,1.1774957180023193,1.1879024505615234,1.1879024505615234,0
2024-08-29,1.1807211637496948,1.1810559034347534,1.1751985549926758,1.1807211637496948,1.1807211637496948,0
2024-09-01,1.1757789850234985,1.178828239440918,1.1717286109924316,1.1757789850234985,1.1757789850234985,0
2024-09-02,1.1745774745941162,1.1789672374725342,1.1714677810668945,1.1745774745941162,1.1745774745941162,0
2024-09-03,1.176567554473877,1.1803866624832153,1.174149990081787,1.176567554473877,1.176567554473877,0
2024-09-04,1.1819771528244019,1.1855363845825195,1.1779118776321411,1.1819771528244019,1.1819771528244019,0
2024-09-05,1.1851009130477905,1.1928192377090454,1.180052399635315,1.1851009130477905,1.1851009130477905,0
2024-09-08,1.1849182844161987,1.1853959560394287,1.1773293018341064,1.1849182844161987,1.1849182844161987,0
2024-09-09,1.1772323846817017,1.1824523210525513,1.1766921281814575,1.1772323846817017,1.1772323846817017,0
2024-09-10,1.181167483329773,1.1875073909759521,1.1745359897613525,1.181167483329773,1.181167483329773,0
2024-09-11,1.1728830337524414,1.1742602586746216,1.1697274446487427,1.1728830337524414,1.1728830337524414,0
2024-09-12,1.1766366958618164,1.184413194656372,1.1764568090438843,1.1766366958618164,1.1766366958618164,0
2024-09-15,1.1796625852584839,1.1856770515441895,1.1791341304779053,1.1796625852584839,1.1796625852584839,0
2024-09-16,1.1840205192565918,1.186521053314209,1.179746150970459,1.1840205192565918,1.1840205192565918,0
2024-09-17,1.1815721988677979,1.1872254610061646,1.181544303894043,1.1815721988677979,1.1815721988677979,0
2024-09-18,1.1802195310592651,1.183712124824524,1.1744533777236938,1.1802195310592651,1.1802195310592651,0
2024-09-19,1.179551362991333,1.1831519603729248,1.1741912364959717,1.179551362991333,1.179551362991333,0
2024-09-22,1.1752262115478516,1.1802195310592651,1.1740672588348389,1.1752262115478516,1.1752262115478516,0
2024-09-23,1.1801916360855103,1.183712124824524,1.1779255867004395,1.1801916360855103,1.1801916360855103,0
2024-09-24,1.1883400678634644,1.1886366605758667,1.1769413948059082,1.1883400678634644,1.1883400678634644,0
2024-09-25,1.1756821870803833,1.1820330619812012,1.1746878623962402,1.1756821870803833,1.1756821870803833,0
2024-09-26,1.1816978454589844,1.18948495388031,1.1774818897247314,1.1816978454589844,1.1816978454589844,0
2024-09-29,1.1889193058013916,1.18990957736969,1.1825222969055176,1.1897679567337036,1.1897679567337036,0
2024-09-30,1.1829979419708252,1.1859160661697388,1.1789950132369995,1.1829979419708252,1.1829979419708252,0
2024-10-01,1.1815582513809204,1.183712124824524,1.1754472255706787,1.1815582513809204,1.1815582513809204,0
2024-10-02,1.1765950918197632,1.1775789260864258,1.1707545518875122,1.1765950918197632,1.1765950918197632,0
2024-10-03,1.1739706993103027,1.1766090393066406,1.1620069742202759,1.1739706993103027,1.1739706993103027,0
2024-10-06,1.164564609527588,1.1717147827148438,1.1645103693008423,1.164564609527588,1.164564609527588,0
2024-10-07,1.1701655387878418,1.1724703311920166,1.1650123596191406,1.1701655387878418,1.1701655387878418,0
2024-10-08,1.1663167476654053,1.1676785945892334,1.1630340814590454,1.1663167476654053,1.1663167476654053,0
2024-10-09,1.1621556282043457,1.1684973239898682,1.1612108945846558,1.1621556282043457,1.1621556282043457,0
2024-10-10,1.1674741506576538,1.1686338186264038,1.164985179901123,1.1674741506576538,1.1674741506576538,0
2024-10-13,1.1650937795639038,1.1657729148864746,1.1574074029922485,1.1650937795639038,1.1650937795639038,0
2024-10-14,1.1599582433700562,1.16225004196167,1.1578898429870605,1.1599582433700562,1.1599582433700562,0
2024-10-15,1.159366488456726,1.161170482635498,1.1552280187606812,1.159366488456726,1.159366488456726,0
2024-10-16,1.1556684970855713,1.1590172052383423,1.1534823179244995,1.1556684970855713,1.1556684970855713,0
2024-10-17,1.1548277139663696,1.156203031539917,1.1535356044769287,1.1548277139663696,1.1548277139663696,0
2024-10-20,1.156162977218628,1.1587486267089844,1.1548277139663696,1.156162977218628,1.156162977218628,0
2024-10-21,1.1555217504501343,1.1570056676864624,1.1544678211212158,1.1555217504501343,1.1555217504501343,0
2024-10-22,1.1553614139556885,1.1556684970855713,1.1513309478759766,1.1553614139556885,1.1553614139556885,0
2024-10-23,1.1537485122680664,1.156203031539917,1.1532295942306519,1.1537485122680664,1.1537485122680664,0
2024-10-24,1.1549078226089478,1.156203031539917,1.1528706550598145,1.1549078226089478,1.1549078226089478,0
2024-10-28,1.151463508605957,1.1566041707992554,1.149491310119629,1.151463508605957,1.151463508605957,0
2024-10-29,1.1562565565109253,1.1569119691848755,1.1498217582702637,1.1562565565109253,1.1562565565109253,0
2024-10-30,1.1531099081039429,1.155001163482666,1.1504169702529907,1.1531099081039429,1.1531099081039429,0
2024-10-31,1.154334545135498,1.1578094959259033,1.1541212797164917,1.154334545135498,1.154334545135498,0
2024-11-01,1.1580239534378052,1.1584398746490479,1.1487518548965454,1.1580239534378052,1.1580239534378052,0
2024-11-04,1.1526048183441162,1.1607391834259033,1.152578353881836,1.1526048183441162,1.1526048183441162,0
2024-11-05,1.1571797132492065,1.1609008312225342,1.1567245721817017,1.1571797132492065,1.1571797132492065,0
2024-11-06,1.1595412492752075,1.1602139472961426,1.1399778127670288,1.1595412492752075,1.1595412492752075,0
2024-11-07,1.1419435739517212,1.1481846570968628,1.1397050619125366,1.1419435739517212,1.1419435739517212,0
2024-11-08,1.1457641124725342,1.1494252681732178,1.1421393156051636,1.1457641124725342,1.1457641124725342,0
2024-11-11,1.1415525674819946,1.1420739889144897,1.135408878326416,1.1415525674819946,1.1415525674819946,0
2024-11-12,1.1360150575637817,1.1361054182052612,1.132554054260254,1.1360150575637817,1.1360150575637817,0
2024-11-13,1.1335811614990234,1.1361054182052612,1.1299946308135986,1.1335811614990234,1.1335811614990234,0
2024-11-14,1.128961205482483,1.129433035850525,1.1225738525390625,1.128961205482483,1.128961205482483,0
2024-11-15,1.1230403184890747,1.1278789043426514,1.1227880716323853,1.1230403184890747,1.1230403184890747,0
2024-11-18,1.125277042388916,1.1301988363265991,1.1254544258117676,1.125277042388916,1.125277042388916,0
2024-11-19,1.1322463750839233,1.1360409259796143,1.1310042142868042,1.1322463750839233,1.1322463750839233,0
2024-11-20,1.1336969137191772,1.1341211795806885,1.128426194190979,1.1336969137191772,1.1336969137191772,0
2024-11-21,1.1316697597503662,1.1339154243469238,1.127548336982727,1.1316697597503662,1.1316697597503662,0
2024-11-22,1.1275228261947632,1.1296881437301636,1.1167020797729492,1.1275228261947632,1.1275228261947632,0
2024-11-25,1.1230024099349976,1.1300073862075806,1.1215415000915527,1.1230024099349976,1.1230024099349976,0
2024-11-26,1.125112533569336,1.1312217712402344,1.1244926452636719,1.125112533569336,1.125112533569336,0
2024-11-27,1.1283243894577026,1.1364411115646362,1.128438949584961,1.1283243894577026,1.1283243894577026,0
2024-11-28,1.1337867975234985,1.1332857608795166,1.1302499771118164,1.1337867975234985,1.1337867975234985,0
2024-11-29,1.133349895477295,1.1368803977966309,1.132900595664978,1.133349895477295,1.133349895477295,0
2024-12-02,1.1337740421295166,1.1337740421295166,1.125066876411438,1.1337522268295288,1.1337522268295288,0
2024-12-03,1.1283116340637207,1.132502794265747,1.125112533569336,1.1283116340637207,1.1283116340637207,0
2024-12-04,1.1281588077545166,1.1330161094665527,1.126278281211853,1.1281588077545166,1.1281588077545166,0
2024-12-05,1.1315417289733887,1.1379153728485107,1.1297520399093628,1.1315417289733887,1.1315417289733887,0
2024-12-06,1.138407588005066,1.1441385746002197,1.1368415355682373,1.138407588005066,1.138407588005066,0
2024-12-09,1.1380836963653564,1.1419435739517212,1.1359764337539673,1.1380836963653564,1.1380836963653564,0
2024-12-10,1.138187289237976,1.1405109167099,1.1327850818634033,1.138187289237976,1.138187289237976,0
2024-12-11,1.133144497871399,1.1347002983093262,1.1294713020324707,1.133144497871399,1.133144497871399,0
2024-12-12,1.1322335004806519,1.134429931640625,1.123456597328186,1.1322335004806519,1.1322335004806519,0
2024-12-13,1.1210637092590332,1.1218308210372925,1.1180055141448975,1.1210637092590332,1.1210637092590332,0
2024-12-16,1.1213980913162231,1.1238480806350708,1.1174931526184082,1.1213980913162231,1.1213980913162231,0
2024-12-17,1.1185182332992554,1.1200717687606812,1.114268183708191,1.1185182332992554,1.1185182332992554,0
2024-12-18,1.1204732656478882,1.1215791702270508,1.1179429292678833,1.1204732656478882,1.1204732656478882,0
2024-12-19,1.1090162992477417,1.117193579673767,1.1092623472213745,1.1090162992477417,1.1090162992477417,0
2024-12-20,1.1123594045639038,1.1205737590789795,1.1124831438064575,1.1123594045639038,1.1123594045639038,0
2024-12-23,1.119758129119873,1.1203227043151855,1.1110000610351562,1.119758129119873,1.119758129119873,0
2024-12-24,1.1130032539367676,1.1133378744125366,1.109816312789917,1.1130032539367676,1.1130032539367676,0
2024-12-25,1.1107407808303833,1.1319899559020996,1.0981770753860474,1.1107407808303833,1.1107407808303833,0
2024-12-26,1.1118276119232178,1.11223566532135,1.109939455986023,1.1118276119232178,1.1118276119232178,0
2024-12-27,1.1124708652496338,1.1125946044921875,1.108745813369751,1.1124708652496338,1.1124708652496338,0
2024-12-30,1.1088441610336304,1.1100010871887207,1.1022562980651855,1.1088441610336304,1.1088441610336304,0
2024-12-31,1.1071254014968872,1.1082346439361572,1.1026087999343872,1.1071254014968872,1.1071254014968872,0
2025-01-01,,,,,,
2025-01-02,1.101624846458435,1.1062558889389038,1.0945110321044922,1.101624846458435,1.101624846458435,0
2025-01-03,1.0964791774749756,1.1012003421783447,1.0959744453430176,1.0964791774749756,1.0964791774749756,0
2025-01-06,1.0997350215911865,1.1098779439926147,1.0983699560165405,1.0997350215911865,1.0997350215911865,0
2025-01-07,1.1049234867095947,1.1083157062530518,1.0994447469711304,1.1049234867095947,1.1049234867095947,0
2025-01-08,1.0995656251907349,1.100473165512085,1.0955302715301514,1.0995656251907349,1.0995656251907349,0
2025-01-09,1.0977550745010376,1.0993843078613281,1.0953142642974854,1.0977550745010376,1.0977550745010376,0
2025-01-10,1.0964070558547974,1.0971167087554932,1.0884709358215332,1.0964070558547974,1.0964070558547974,0
2025-01-13,1.090786099433899,1.0924185514450073,1.0870274305343628,1.090786099433899,1.090786099433899,0
2025-01-14,1.0919653177261353,1.095218300819397,1.0902866125106812,1.0919653177261353,1.0919653177261353,0
2025-01-15,1.0959384441375732,1.1011639833450317,1.0940918922424316,1.0959384441375732,1.0959384441375732,0
2025-01-16,1.0963469743728638,1.0983580350875854,1.0945948362350464,1.0963469743728638,1.0963469743728638,0
2025-01-17,1.0974900722503662,1.0993238687515259,1.0930992364883423,1.0974900722503662,1.0974900722503662,0
2025-01-20,1.0933741331100464,1.102657437324524,1.0933741331100464,1.0933741331100464,1.0933741331100464,0
2025-01-21,1.1036796569824219,1.1047770977020264,1.0972130298614502,1.1036796569824219,1.1036796569824219,0
2025-01-22,1.1028884649276733,1.1072970628738403,1.1019648313522339,1.1028884649276733,1.1028884649276733,0
2025-01-23,1.1033751964569092,1.104130506515503,1.0982011556625366,1.1033751964569092,1.1033751964569092,0
2025-01-24,1.1019405126571655,1.1079105138778687,1.1018191576004028,1.1019405126571655,1.1019405126571655,0
2025-01-27,1.1027302742004395,1.1155734062194824,1.1022076606750488,1.1027302742004395,1.1027302742004395,0
2025-01-28,1.1061824560165405,1.1065618991851807,1.1026452779769897,1.1061824560165405,1.1061824560165405,0
2025-01-29,1.1060357093811035,1.1075423955917358,1.1011639833450317,1.1060357093811035,1.1060357093811035,0
2025-01-30,1.103423833847046,1.1039965152740479,1.1003036499023438,1.103423833847046,1.103423833847046,0
2025-01-31,1.0996636152267456,1.1020255088806152,1.0970927476882935,1.0996636152267456,1.0996636152267456,0
2025-02-03,1.0926215648651123,1.0981649160385132,1.0875475406646729,1.0926215648651123,1.0926215648651123,0
2025-02-04,1.0969603061676025,1.1049723625183105,1.0953621864318848,1.0969603061676025,1.0969603061676025,0
2025-02-05,1.1046794652938843,1.1107407808303833,1.1038990020751953,1.1046794652938843,1.1046794652938843,0
2025-02-06,1.1094715595245361,1.1101243495941162,1.1036310195922852,1.1094715595245361,1.1094715595245361,0
2025-02-07,1.1048502922058105,1.1053754091262817,1.0986113548278809,1.1048502922058105,1.1048502922058105,0
2025-02-10,1.098008155822754,1.0997470617294312,1.096262812614441,1.098008155822754,1.098008155822754,0
2025-02-11,1.0972974300384521,1.0978153944015503,1.0941996574401855,1.0972974300384521,1.0972974300384521,0
2025-02-12,1.0953022241592407,1.098659634590149,1.0924185514450073,1.0953022241592407,1.0953022241592407,0
2025-02-13,1.0948106050491333,1.105717658996582,1.0942355394363403,1.0948106050491333,1.0948106050491333,0
2025-02-14,1.107113242149353,1.1145787239074707,1.1051188707351685,1.107113242149353,1.107113242149353,0
2025-02-17,1.1113210916519165,1.1122233867645264,1.1089794635772705,1.1113210916519165,1.1113210916519165,0
2025-02-18,1.1102229356765747,1.111605167388916,1.1069661378860474,1.1102229356765747,1.1102229356765747,0
2025-02-19,1.1066844463348389,1.1084016561508179,1.1044963598251343,1.1066844463348389,1.1066844463348389,0
2025-02-20,1.105509877204895,1.1122851371765137,1.105509877204895,1.105509877204895,1.105509877204895,0
2025-02-21,1.113511323928833,1.1146035194396973,1.1107162237167358,1.113511323928833,1.113511323928833,0
2025-02-24,1.1130279302597046,1.1168941259384155,1.1114692687988281,1.1130279302597046,1.1130279302597046,0
2025-02-25,1.1144545078277588,1.1220825910568237,1.1139330863952637,1.1144545078277588,1.1144545078277588,0
2025-02-26,1.1205737590789795,1.1217050552368164,1.1155734062194824,1.1205737590789795,1.1205737590789795,0
2025-02-27,1.1181930303573608,1.118067979812622,1.110457181930542,1.1181930303573608,1.1181930303573608,0
2025-02-28,1.1112098693847656,1.1133253574371338,1.1072235107421875,1.1112098693847656,1.1112098693847656,0
2025-03-03,1.1079473495483398,1.114864468574524,1.1073706150054932,1.1079473495483398,1.1079473495483398,0
2025-03-04,1.1153244972229004,1.1270780563354492,1.1147277355194092,1.1153244972229004,1.1153244972229004,0
2025-03-05,1.124050259590149,1.1293054819107056,1.1220448017120361,1.124050259590149,1.124050259590149,0
2025-03-06,1.122725009918213,1.1326824426651,1.120410442352295,1.122725009918213,1.122725009918213,0
2025-03-07,1.1320925951004028,1.1404719352722168,1.1321053504943848,1.1320925951004028,1.1320925951004028,0
2025-03-10,1.1398088932037354,1.1417479515075684,1.1343141794204712,1.1398088932037354,1.1398088932037354,0
2025-03-11,1.1363893747329712,1.1398608684539795,1.1332087516784668,1.1363893747329712,1.1363893747329712,0
2025-03-12,1.1319388151168823,1.1363120079040527,1.1297008991241455,1.1319388151168823,1.1319388151168823,0
2025-03-13,1.134082555770874,1.1359118223190308,1.1294968128204346,1.134082555770874,1.134082555770874,0
2025-03-14,1.1329904794692993,1.1336711645126343,1.1283243894577026,1.1329904794692993,1.1329904794692993,0
2025-03-17,1.1311064958572388,1.1365832090377808,1.1303138732910156,1.1311064958572388,1.1311064958572388,0
2025-03-18,1.1348135471343994,1.1405109167099,1.1340054273605347,1.1348135471343994,1.1348135471343994,0
2025-03-19,1.14058256149292,1.1409013271331787,1.1352155208587646,1.14058256149292,1.14058256149292,0
2025-03-20,1.1410315036773682,1.1420739889144897,1.1310425996780396,1.1410315036773682,1.1410315036773682,0
2025-03-21,1.1345882415771484,1.1367381811141968,1.1312856674194336,1.1345882415771484,1.1345882415771484,0
2025-03-24,1.1326054334640503,1.1364023685455322,1.1305310726165771,1.1326054334640503,1.1326054334640503,0
2025-03-25,1.132900595664978,1.1362732648849487,1.1301862001419067,1.132900595664978,1.132900595664978,0
2025-03-26,1.1329518556594849,1.1332728862762451,1.130467176437378,1.1329518556594849,1.1329518556594849,0
2025-03-27,1.1310170888900757,1.1356925964355469,1.130365014076233,1.1310170888900757,1.1310170888900757,0
2025-03-28,1.1345586776733398,1.1362861394882202,1.132002830505371,1.1345586776733398,1.1345586776733398,0
2025-03-30,1.1352670192718506,1.138757586479187,1.1295605897903442,1.1352670192718506,1.1352670192718506,0
2025-03-31,1.1314520835876465,1.1343011856079102,1.1308379173278809,1.1314520835876465,1.1314520835876465,0
2025-04-01,1.1319899559020996,1.1345586776733398,1.1301988363265991,1.1319899559020996,1.1319899559020996,0
2025-04-02,1.1405240297317505,1.1697684526443481,1.1378635168075562,1.1405240297317505,1.1405240297317505,0
2025-04-03,1.1638598442077637,1.1798018217086792,1.1634399890899658,1.1638598442077637,1.1638598442077637,0
2025-04-06,1.1742464303970337,1.1830259561538696,1.154414415359497,1.1742464303970337,1.1742464303970337,0
2025-04-07,1.1631829738616943,1.1737089157104492,1.1627095937728882,1.1631829738616943,1.1631829738616943,0
2025-04-08,1.1825083494186401,1.1959433555603027,1.1814604997634888,1.1825083494186401,1.1825083494186401,0
2025-04-09,1.1689754724502563,1.2120771408081055,1.166534423828125,1.1689754724502563,1.1689754724502563,0
2025-04-10,1.2183829545974731,1.2344307899475098,1.2111963033676147,1.2183829545974731,1.2183829545974731,0
2025-04-13,1.2224042415618896,1.2313603162765503,1.2095555067062378,1.2224042415618896,1.2224042415618896,0
2025-04-14,1.2255502939224243,1.229755163192749,1.218026876449585,1.2255502939224243,1.2255502939224243,0
2025-04-15,1.2183680534362793,1.2303149700164795,1.2186799049377441,1.2183680534362793,1.2183680534362793,0
2025-04-16,1.2288786172866821,1.2289390563964844,1.2180415391921997,1.2288786172866821,1.2288786172866821,0
2025-04-17,,,,,,
2025-04-20,,,,,,
2025-04-21,1.2360174655914307,1.239587426185608,1.2255052328109741,1.2360174655914307,1.2360174655914307,0
2025-04-22,1.210551142692566,1.2198245525360107,1.2074815034866333,1.210551142692566,1.210551142692566,0
2025-04-23,1.2051095962524414,1.213680624961853,1.2046886682510376,1.2051095962524414,1.2051095962524414,0
2025-04-24,1.2066510915756226,1.2074378728866577,1.1998463869094849,1.2066510915756226,1.2066510915756226,0
2025-04-27,1.2071462869644165,1.2127532958984375,1.2022699117660522,1.2071462869644165,1.2071462869644165,0
2025-04-28,1.2177449464797974,1.2183384895324707,1.2103021144866943,1.2177449464797974,1.2177449464797974,0
2025-04-29,1.214447021484375,1.2172558307647705,1.2103606462478638,1.214447021484375,1.214447021484375,0
2025-04-30,1.2107124328613281,1.2115485668182373,1.2001488208770752,1.2107124328613281,1.2107124328613281,0
2025-05-01,1.2063016891479492,1.2179526090621948,1.202284336090088,1.2063016891479492,1.2063016891479492,0
2025-05-04,1.2134449481964111,1.2174187898635864,1.2087513208389282,1.2134449481964111,1.2134449481964111,0
2025-05-05,1.216854453086853,1.2165449857711792,1.2101995944976807,1.216854453086853,1.216854453086853,0
2025-05-06,1.2111963033676147,1.220405101776123,1.209160566329956,1.2111963033676147,1.2111963033676147,0
2025-05-07,1.2136658430099487,1.2160568237304688,1.2052984237670898,1.2136658430099487,1.2136658430099487,0
2025-05-08,1.2022120952606201,1.209189772605896,1.1991413831710815,1.2022120952606201,1.2022120952606201,0
2025-05-11,1.1994291543960571,1.2004225254058838,1.1801778078079224,1.1994291543960571,1.1994291543960571,0
2025-05-12,1.1836141347885132,1.1910432577133179,1.1837401390075684,1.1836141347885132,1.1836141347885132,0
2025-05-13,1.1912846565246582,1.201345443725586,1.189753770828247,1.1912846565246582,1.1912846565246582,0
2025-05-14,1.1887327432632446,1.1981500387191772,1.1881141662597656,1.1887327432632446,1.1887327432632446,0
2025-05-15,1.198178768157959,1.2008405923843384,1.1906888484954834,1.198178768157959,1.198178768157959,0
2025-05-18,1.1969597339630127,1.2022120952606201,1.1954572200775146,1.1969597339630127,1.1969597339630127,0
2025-05-19,1.197619080543518,1.203659176826477,1.1960434913635254,1.197619080543518,1.197619080543518,0
2025-05-20,1.2096110582351685,1.2181751728057861,1.2095993757247925,1.2096110582351685,1.2096110582351685,0
2025-05-21,1.212018370628357,1.2144765853881836,1.2048773765563965,1.212018370628357,1.212018370628357,0
2025-05-22,1.2071754932403564,1.2179526090621948,1.2065054178237915,1.2071754932403564,1.2071754932403564,0
2025-05-25,1.2159385681152344,1.2206733226776123,1.2147568464279175,1.2159385681152344,1.2159385681152344,0
2025-05-26,1.2188878059387207,1.2214486598968506,1.2078461647033691,1.2188878059387207,1.2188878059387207,0
2025-05-27,1.208809733390808,1.2127091884613037,1.2065054178237915,1.208809733390808,1.208809733390808,0
2025-05-28,1.2011290788650513,1.2155098915100098,1.198178768157959,1.2011290788650513,1.2011290788650513,0
2025-05-29,1.2165894508361816,1.2195419073104858,1.2123563289642334,1.2165894508361816,1.2165894508361816,0
2025-06-01,1.216145634651184,1.2260912656784058,1.2153326272964478,1.216145634651184,1.216145634651184,0
2025-06-02,1.2255803346633911,1.2257004976272583,1.21266508102417,1.2255803346633911,1.2255803346633911,0
2025-06-03,1.2152292728424072,1.2229423522949219,1.2123857736587524,1.2152292728424072,1.2152292728424072,0
2025-06-04,1.222538709640503,1.2236157655715942,1.21761155128479,1.222538709640503,1.222538709640503,0
2025-06-05,1.2206286191940308,1.220703125,1.2125474214553833,1.2206286191940308,1.2206286191940308,0
2025-06-08,1.2176412343978882,1.2208521366119385,1.21592378616333,1.2176412343978882,1.2176412343978882,0
2025-06-09,1.217730164527893,1.2187690734863281,1.2134891748428345,1.217730164527893,1.217730164527893,0
2025-06-10,1.2166634798049927,1.2214486598968506,1.2144765853881836,1.2166634798049927,1.2166634798049927,0
2025-06-11,1.2218962907791138,1.2339584827423096,1.221359133720398,1.2218962907791138,1.2218962907791138,0
2025-06-12,1.2360938787460327,1.2412338256835938,1.2276114225387573,1.2360938787460327,1.2360938787460327,0
2025-06-15,1.2311996221542358,1.2363996505737305,1.2294377088546753,1.2311996221542358,1.2311996221542358,0
2025-06-16,1.2289390563964844,1.2318304777145386,1.2249196767807007,1.2289390563964844,1.2289390563964844,0
2025-06-17,1.2241849899291992,1.2266929149627686,1.2222697734832764,1.2241849899291992,1.2241849899291992,0
2025-06-18,1.2209117412567139,1.2260912656784058,1.2173744440078735,1.2209117412567139,1.2209117412567139,0
2025-06-19,1.2249047756195068,1.2268433570861816,1.2221053838729858,1.2249047756195068,1.2249047756195068,0
2025-06-22,1.2228676080703735,1.2313754558563232,1.2204647064208984,1.2228676080703735,1.2228676080703735,0
2025-06-23,1.2306480407714844,1.2440905570983887,1.230057716369629,1.2306480407714844,1.2306480407714844,0
2025-06-24,1.242004632949829,1.2439358234405518,1.2377768754959106,1.242004632949829,1.242004632949829,0
2025-06-25,1.2441989183425903,1.2529287338256836,1.2434872388839722,1.2441989183425903,1.2441989183425903,0
2025-06-26,1.2486108541488647,1.256265640258789,1.2473337650299072,1.2486108541488647,1.2486108541488647,0
2025-06-29,1.2527403831481934,1.2597631216049194,1.2510477304458618,1.2527403831481934,1.2527403831481934,0
2025-06-30,1.261479377746582,1.2700024843215942,1.2602870464324951,1.261479377746582,1.261479377746582,0
2025-07-01,1.2647181749343872,1.265310287475586,1.2593666315078735,1.2647181749343872,1.2647181749343872,0
2025-07-02,1.2634239196777344,1.2658227682113647,1.2522226572036743,1.2634239196777344,1.2634239196777344,0
2025-07-03,1.2592872381210327,1.2623074054718018,1.2580673694610596,1.2592872381210327,1.2592872381210327,0
2025-07-06,1.2593823671340942,1.260159969329834,1.2526148557662964,1.2593823671340942,1.2593823671340942,0
2025-07-07,1.2544533014297485,1.2570710182189941,1.25101637840271,1.2544533014297485,1.2544533014297485,0
2025-07-08,1.2564866542816162,1.2596044540405273,1.2534626722335815,1.2564866542816162,1.2564866542816162,0
2025-07-09,1.2611453533172607,1.2629451751708984,1.252097249031067,1.2611453533172607,1.2611453533172607,0
2025-07-10,1.2551460266113281,1.2575452327728271,1.2531170845031738,1.2551460266113281,1.2551460266113281,0
2025-07-13,1.2550358772277832,1.2569762468338013,1.2526932954788208,1.2550358772277832,1.2550358772277832,0
2025-07-14,1.253337025642395,1.2575452327728271,1.2473337650299072,1.253337025642395,1.253337025642395,0
2025-07-15,1.247785210609436,1.2576243877410889,1.240648627281189,1.247785210609436,1.247785210609436,0
2025-07-16,1.2485641241073608,1.248751163482666,1.2408795356750488,1.2485641241073608,1.2485641241073608,0
2025-07-17,1.2455161809921265,1.2521913051605225,1.2443692684173584,1.2455161809921265,1.2455161809921265,0
2025-07-20,1.2481589317321777,1.2556504011154175,1.2466340065002441,1.2481589317321777,1.2481589317321777,0
2025-07-21,1.2530008554458618,1.2618296146392822,1.2514548301696777,1.2530008554458618,1.2530008554458618,0
2025-07-22,1.2600330114364624,1.264222502708435,1.2580673694610596,1.2600330114364624,1.2600330114364624,0
2025-07-23,1.2625513076782227,1.2634397745132446,1.2563129663467407,1.2625513076782227,1.2625513076782227,0
2025-07-24,1.2580673694610596,1.2586532831192017,1.2533841133117676,1.2580673694610596,1.2580673694610596,0
2025-07-27,1.2572765350341797,1.2587007284164429,1.2457178831100464,1.2572765350341797,1.2572765350341797,0
2025-07-28,1.2451750040054321,1.2465718984603882,1.237991452217102,1.2451750040054321,1.2451750040054321,0
2025-07-29,1.2415112257003784,1.2441060543060303,1.2309813499450684,1.2415112257003784,1.2415112257003784,0
2025-07-30,1.2296946048736572,1.2328935861587524,1.2278677225112915,1.2296946048736572,1.2296946048736572,0
2025-07-31,1.2286521196365356,1.2455006837844849,1.2239452600479126,1.2286521196365356,1.2286521196365356,0
2025-08-03,1.2437657117843628,1.243982195854187,1.235284686088562,1.2437657117843628,1.2437657117843628,0
2025-08-04,1.2390192747116089,1.2399256229400635,1.2319822311401367,1.2390192747116089,1.2390192747116089,0
2025-08-05,1.2392802238464355,1.2417887449264526,1.2357274293899536,1.2392802238464355,1.2392802238464355,0
2025-08-06,1.2406178712844849,1.2434717416763306,1.2363537549972534,1.2406178712844849,1.2406178712844849,0
2025-08-07,1.241172194480896,1.241773247718811,1.2364147901535034,1.241172194480896,1.241172194480896,0
2025-08-10,1.2384361028671265,1.2410026788711548,1.229770302772522,1.2384361028671265,1.2384361028671265,0
2025-08-11,1.2318304777145386,1.2395414113998413,1.2313905954360962,1.2318304777145386,1.2318304777145386,0
2025-08-12,1.2404793500900269,1.2467273473739624,1.239111304283142,1.2404793500900269,1.2404793500900269,0
2025-08-13,1.2426682710647583,1.2431625127792358,1.2365524768829346,1.2426682710647583,1.2426682710647583,0
2025-08-14,1.2383594512939453,1.2428690195083618,1.2378382682800293,1.2383594512939453,1.2383594512939453,0
2025-08-17,1.2397719621658325,1.2414032220840454,1.2374706268310547,1.2397719621658325,1.2397719621658325,0
2025-08-18,1.2385281324386597,1.2428536415100098,1.2369654178619385,1.2385281324386597,1.2385281324386597,0
2025-08-19,1.2379761934280396,1.2447874546051025,1.2357732057571411,1.2379761934280396,1.2379761934280396,0
2025-08-20,1.2435646057128906,1.2437347173690796,1.236491322517395,1.2435646057128906,1.2435646057128906,0
2025-08-21,1.2365983724594116,1.249484658241272,1.2340041399002075,1.2365983724594116,1.2365983724594116,0
2025-08-24,1.2464786767959595,1.2476606369018555,1.244307279586792,1.2464786767959595,1.2464786767959595,0
2025-08-25,1.2404332160949707,1.2457022666931152,1.2388043403625488,1.2404332160949707,1.2404332160949707,0
2025-08-26,1.244152545928955,1.245298981666565,1.2385127544403076,1.244152545928955,1.244152545928955,0
2025-08-27,1.2476606369018555,1.2510946989059448,1.245438575744629,1.2476606369018555,1.2476606369018555,0
2025-08-28,1.2475205659866333,1.2521913051605225,1.2447874546051025,1.2475205659866333,1.2475205659866333,0
2025-08-31,1.2490007877349854,1.2523481845855713,1.2473959922790527,1.2490007877349854,1.2490007877349854,0
2025-09-01,1.2497657537460327,1.2497187852859497,1.2406023740768433,1.2497657537460327,1.2497657537460327,0
2025-09-02,1.2417887449264526,1.2459505796432495,1.239618182182312,1.2417887449264526,1.2417887449264526,0
2025-09-03,1.2440905570983887,1.2445396184921265,1.239464521408081,1.2440905570983887,1.2440905570983887,0
2025-09-04,1.2420353889465332,1.256754994392395,1.2416653633117676,1.2420353889465332,1.2420353889465332,0
2025-09-07,1.2512825727462769,1.261193037033081,1.2510634660720825,1.2512825727462769,1.2512825727462769,0
2025-09-08,1.2613362073898315,1.2635835409164429,1.2558081150054932,1.2613362073898315,1.2613362073898315,0
2025-09-09,1.2542331218719482,1.2564393281936646,1.2515801191329956,1.2542331218719482,1.2542331218719482,0
2025-09-10,1.2520816326141357,1.2580199241638184,1.2495001554489136,1.2520816326141357,1.2520816326141357,0
2025-09-11,1.2563602924346924,1.257228970527649,1.2521599531173706,1.2563602924346924,1.2563602924346924,0
2025-09-14,1.255177617073059,1.259921908378601,1.2543431520462036,1.255177617073059,1.255177617073059,0
2025-09-15,1.2583998441696167,1.270163893699646,1.2582573890686035,1.2583998441696167,1.2583998441696167,0
2025-09-16,1.272410273551941,1.2727503776550293,1.269357681274414,1.272410273551941,1.272410273551941,0
2025-09-17,1.2684882879257202,1.2706480026245117,1.25985848903656,1.2684882879257202,1.2684882879257202,0
2025-09-18,1.261813759803772,1.262785792350769,1.2555716037750244,1.261813759803772,1.261813759803772,0
2025-09-21,1.2559185028076172,1.2615113258361816,1.2542959451675415,1.2559185028076172,1.2559185028076172,0
2025-09-22,1.2620048522949219,1.264222502708435,1.2605571746826172,1.2620048522949219,1.2620048522949219,0
2025-09-23,1.2635356187820435,1.2636953592300415,1.257466197013855,1.2635356187820435,1.2635356187820435,0
2025-09-24,1.2583998441696167,1.258985996246338,1.248844861984253,1.2583998441696167,1.2583998441696167,0
2025-09-25,1.2499375343322754,1.2538870573043823,1.2490007877349854,1.2499375343322754,1.2499375343322754,0
2025-09-28,1.2539499998092651,1.257861614227295,1.2521286010742188,1.2539499998092651,1.2539499998092651,0
2025-09-29,1.2543903589248657,1.2579407691955566,1.2523481845855713,1.2543903589248657,1.2543903589248657,0
2025-09-30,1.2559658288955688,1.2613521814346313,1.2519874572753906,1.2559658288955688,1.2559658288955688,0
2025-10-01,1.2548468112945557,1.2580199241638184,1.2501249313354492,1.2548468112945557,1.2548468112945557,0
2025-10-02,1.2546736001968384,1.2583364248275757,1.2531641721725464,1.2546736001968384,1.2546736001968384,0
2025-10-05,1.2544060945510864,1.2580467462539673,1.2510789632797241,1.2544060945510864,1.2544060945510864,0
2025-10-06,1.258004069328308,1.2581782341003418,1.2514704465866089,1.258004069328308,1.258004069328308,0
2025-10-07,1.2522070407867432,1.252238392829895,1.2463854551315308,1.2522070407867432,1.2522070407867432,0
2025-10-08,1.2476606369018555,1.249843716621399,1.239802598953247,1.2476606369018555,1.2476606369018555,0
2025-10-09,1.2404332160949707,1.2498124837875366,1.2396643161773682,1.2404332160949707,1.2404332160949707,0
2025-10-12,1.2463854551315308,1.250156283378601,1.2412183284759521,1.2463854551315308,1.2463854551315308,0
2025-10-13,1.2433326244354248,1.2483770847320557,1.2423131465911865,1.2433326244354248,1.2433326244354248,0
2025-10-14,1.2476139068603516,1.2566128969192505,1.2476295232772827,1.2476139068603516,1.2476139068603516,0
2025-10-15,1.2554140090942383,1.2604459524154663,1.2526462078094482,1.2554140090942383,1.2554140090942383,0
2025-10-16,1.2628973722457886,1.270228385925293,1.2607160806655884,1.2628973722457886,1.2628973722457886,0
2025-10-19,1.260096549987793,1.2647020816802979,1.2590018510818481,1.260096549987793,1.260096549987793,0
2025-10-20,1.261988878250122,1.2635835409164429,1.2565182447433472,1.261988878250122,1.261988878250122,0
2025-10-21,1.255177617073059,1.2580199241638184,1.2541857957839966,1.255177617073059,1.255177617073059,0
2025-10-22,1.2561393976211548,1.2575452327728271,1.2521286010742188,1.2561393976211548,1.2561393976211548,0
2025-10-23,1.257735013961792,1.260159969329834,1.2549728155136108,1.257735013961792,1.257735013961792,0
2025-10-27,1.2562024593353271,1.2588117122650146,1.254327416419983,1.2562024593353271,1.2562024593353271,0
2025-10-28,1.2584789991378784,1.262148141860962,1.2552564144134521,1.2584789991378784,1.2584789991378784,0
2025-10-29,1.261304497718811,1.2618296146392822,1.2533683776855469,1.261304497718811,1.261304497718811,0
2025-10-30,1.2503125667572021,1.2538398504257202,1.2442917823791504,1.2503125667572021,1.2503125667572021,0
2025-10-31,1.2475205659866333,1.248751163482666,1.2424675226211548,1.2475205659866333,1.2475205659866333,0
2025-11-03,1.2423903942108154,1.2442454099655151,1.2358800172805786,1.2423903942108154,1.2423903942108154,0
2025-11-04,1.237424612045288,1.239618182182312,1.2341108322143555,1.237424612045288,1.237424612045288,0
2025-11-05,1.2340651750564575,1.237930178642273,1.2309964895248413,1.2340651750564575,1.2340651750564575,0
2025-11-06,1.2349796295166016,1.2397719621658325,1.2344764471054077,1.2349796295166016,1.2349796295166016,0
2025-11-07,1.2408487796783447,1.2450199127197266,1.237011432647705,1.2408487796783447,1.2408487796783447,0
2025-11-10,1.2402331829071045,1.2430081367492676,1.2391574382781982,1.2390192747116089,1.2390192747116089,0
2025-11-11,1.242004632949829,1.2521913051605225,1.240510106086731,1.2419891357421875,1.2419891357421875,0
2025-11-12,1.2496094703674316,1.2553352117538452,1.2482836246490479,1.249484658241272,1.249484658241272,0
2025-11-13,1.2534312009811401,1.2634239196777344,1.2510321140289307,1.253415584564209,1.253415584564209,0
2025-11-14,1.2607001066207886,1.2692288160324097,1.2596838474273682,1.2606048583984375,1.2606048583984375,0
2025-11-17,1.2588592767715454,1.2610341310501099,1.2561235427856445,1.2590018510818481,1.2590018510818481,0
2025-11-18,1.2559185028076172,1.2600805759429932,1.2501094341278076,1.2559027671813965,1.2559027671813965,0
2025-11-19,1.2497657537460327,1.251877784729004,1.241757869720459,1.2496875524520874,1.2496875524520874,0
2025-11-20,1.2416036128997803,1.2421588897705078,1.238236665725708,1.2415882349014282,1.2415882349014282,0
2025-11-21,1.2416189908981323,1.2447099685668945,1.234842300415039,1.2414957284927368,1.2414957284927368,0
2025-11-24,1.2365983724594116,1.2408487796783447,1.2345831394195557,1.2365983724594116,1.2365983724594116,0
2025-11-25,1.2368583679199219,1.240817904472351,1.2342631816864014,1.2366900444030762,1.2366900444030762,0
2025-11-26,1.2378076314926147,1.2436264753341675,1.2371797561645508,1.237654447555542,1.237654447555542,0
2025-11-27,1.2447099685668945,1.2461059093475342,1.240386962890625,1.2445706129074097,1.2445706129074097,0
2025-11-28,1.2428998947143555,1.2457643747329712,1.2391266822814941,1.2428536415100098,1.2428536415100098,0
2025-12-01,1.2448184490203857,1.250484585762024,1.2428072690963745,1.2448029518127441,1.2448029518127441,0
2025-12-02,1.2426527738571167,1.2451905012130737,1.242112636566162,1.2428536415100098,1.2428536415100098,0
2025-12-03,1.2456557750701904,1.2510946989059448,1.245609164237976,1.2455471754074097,1.2455471754074097,0
2025-12-04,1.2503595352172852,1.2509382963180542,1.246494174003601,1.2503751516342163,1.2503751516342163,0
2025-12-05,1.2443846464157104,1.2473493814468384,1.2417423725128174,1.2441215515136719,1.2441215515136719,0
2025-12-08,1.2425601482391357,1.2459505796432495,1.2370266914367676,1.2424675226211548,1.2424675226211548,0
2025-12-09,1.2396950721740723,1.2423903942108154,1.237378716468811,1.239713430404663,1.239713430404663,0
2025-12-10,1.240679383277893,1.2461059093475342,1.2400178909301758,1.2408487796783447,1.2408487796783447,0
2025-12-11,1.2510789632797241,1.261193037033081,1.24985933303833,1.2509695291519165,1.2509695291519165,0
2025-12-12,1.2584789991378784,1.2591603994369507,1.2556504011154175,1.2581939697265625,1.2581939697265625,0
2025-12-15,1.2560604810714722,1.2594776153564453,1.2541701793670654,1.2560604810714722,1.2560604810714722,0
2025-12-16,1.2559658288955688,1.2610816955566406,1.2547365427017212,1.256265640258789,1.256265640258789,0
2025-12-17,1.2574979066848755,1.2602394819259644,1.2520501613616943,1.2575452327728271,1.2575452327728271,0
2025-12-18,1.2575926780700684,1.261193037033081,1.2553824186325073,1.2575452327728271,1.2575452327728271,0
2025-12-19,1.2593506574630737,1.2596044540405273,1.2559815645217896,1.2594300508499146,1.2594300508499146,0
2025-12-22,1.2572922706604004,1.262785792350769,1.2572606801986694,1.2565497159957886,1.2565497159957886,0
2025-12-23,1.2634397745132446,1.2710840702056885,1.2634397745132446,1.2635356187820435,1.2635356187820435,0
2025-12-24,1.269841194152832,1.2722645998001099,1.2664319276809692,1.269921898841858,1.269921898841858,0
2025-12-25,,,,,,
2025-12-26,1.2684882879257202,1.2700024843215942,1.2654703855514526,1.2689549922943115,1.2689549922943115,0
2025-12-29,1.2673307657241821,1.269841194152832,1.2633440494537354,1.2670416831970215,1.2670416831970215,0
2025-12-30,1.267748475074768,1.269841194152832,1.2632005214691162,1.267909288406372,1.267909288406372,0
2025-12-31,1.2628655433654785,1.2635835409164429,1.2591603994369507,1.2631046772003174,1.2631046772003174,0
2026-01-01,,,,,,
2026-01-02,1.2626900672912598,1.2655985355377197,1.2593506574630737,1.2625784873962402,1.2625784873962402,0
2026-01-05,1.2607001066207886,1.2624667882919312,1.2551145553588867,1.260398268699646,1.260398268699646,0
2026-01-06,1.2625147104263306,1.2651821374893188,1.2566128969192505,1.2624667882919312,1.2624667882919312,0
2026-01-07,1.2567708492279053,1.2589701414108276,1.254374623298645,1.2570710182189941,1.2570710182189941,0
2026-01-08,1.253777027130127,1.2553352117538452,1.250781774520874,1.2536827325820923,1.2536827325820923,0
2026-01-09,1.2515331506729126,1.252018928527832,1.247302770614624,1.2515487670898438,1.2515487670898438,0
2026-01-12,1.2474738359451294,1.257228970527649,1.2474116086959839,1.2476201057434082,1.2476201057434082,0
2026-01-13,1.2542487382888794,1.2554926872253418,1.2476917505264282,1.254138708114624,1.254138708114624,0
2026-01-14,1.2483927011489868,1.2528188228607178,1.2458264827728271,1.2484238147735596,1.2484238147735596,0
2026-01-15,1.2509382963180542,1.2510946989059448,1.2438429594039917,1.250437617301941,1.250437617301941,0
2026-01-16,1.2451750040054321,1.24906325340271,1.2439203262329102,1.2446789741516113,1.2446789741516113,0
2026-01-19,1.2519404888153076,1.2558081150054932,1.2496719360351562,1.2520031929016113,1.2520031929016113,0
2026-01-20,1.253211259841919,1.268391728401184,1.252536416053772,1.2533055543899536,1.2533055543899536,0
2026-01-21,1.2662395238876343,1.267748475074768,1.2590969800949097,1.2666244506835938,1.2666244506835938,0
2026-01-22,1.2558554410934448,1.2663036584854126,1.2557923793792725,1.2556662559509277,1.2556662559509277,0
2026-01-23,1.2674272060394287,1.2700024843215942,1.2636314630508423,1.2674272060394287,1.2674272060394287,0
2026-01-26,1.2851983308792114,1.2933598756790161,1.283186435699463,1.2855618000030518,1.2855618000030518,0
2026-01-27,1.2864383459091187,1.3058239221572876,1.28468656539917,1.2866039276123047,1.2866039276123047,0
2026-01-28,1.310753345489502,1.3107877969741821,1.2960586547851562,1.3102725744247437,1.3102725744247437,0
2026-01-29,1.306045651435852,1.3077365159988403,1.2981618642807007,1.3059263229370117,1.3059263229370117,0
2026-01-30,1.308284044265747,1.3092432022094727,1.2961090803146362,1.3081984519958496,1.3081984519958496,0
2026-02-02,1.292875051498413,1.2960586547851562,1.2794432640075684,1.292724609375,1.292724609375,0
2026-02-03,1.2836971282958984,1.2914557456970215,1.2835488319396973,1.2836805582046509,1.2836805582046509,0
2026-02-04,1.2891931533813477,1.2913223505020142,1.2862894535064697,1.2890584468841553,1.2890584468841553,0
2026-02-05,1.2865211963653564,1.2914056777954102,1.2843631505966187,1.2864879369735718,1.2864879369735718,0
2026-02-06,1.2859420776367188,1.2903226613998413,1.2844719886779785,1.2858428955078125,1.2858428955078125,0
2026-02-09,1.2889587879180908,1.3053808212280273,1.2879129648208618,1.2889422178268433,1.2889422178268433,0
2026-02-10,1.3036959171295166,1.3107877969741821,1.302677035331726,1.3035770654678345,1.3035770654678345,0
2026-02-11,1.3009991645812988,1.3078734874725342,1.2937949895858765,1.3011176586151123,1.3011176586151123,0
2026-02-12,1.296730875968933,1.3046314716339111,1.2946324348449707,1.2967814207077026,1.2967814207077026,0
2026-02-13,1.299680233001709,1.3028297424316406,1.2961595058441162,1.2994606494903564,1.2994606494903564,0
2026-02-16,1.3017781972885132,1.3024225234985352,1.2981618642807007,1.3017274141311646,1.3017274141311646,0
2026-02-17,1.2993594408035278,1.3012362718582153,1.2922568321228027,1.299376368522644,1.299376368522644,0
2026-02-18,1.298380970954895,1.2990386486053467,1.2949509620666504,1.2983640432357788,1.2983640432357788,0
2026-02-19,1.2945654392242432,1.2955045700073242,1.2882945537567139,1.2950012683868408,1.2950012683868408,0
2026-02-20,1.2896901369094849,1.2933430671691895,1.2868191003799438,1.2897567749023438,1.2897567749023438,0
2026-02-23,1.2955213785171509,1.2969664335250854,1.2875149250030518,1.2958402633666992,1.2958402633666992,0
2026-02-24,1.2915891408920288,1.2936609983444214,1.2878299951553345,1.291605830192566,1.291605830192566,0
2026-02-25,1.2923235893249512,1.2956725358963013,1.2892080545425415,1.2924405336380005,1.2924405336380005,0
2026-02-26,1.2952144145965576,1.2970168590545654,1.2897900342941284,1.2951018810272217,1.2951018810272217,0
2026-02-27,1.293259620666504,1.3036110401153564,1.2922735214233398,1.2932761907577515,1.2932761907577515,0
2026-03-02,1.299545168876648,1.302405595779419,1.279967188835144,1.2994945049285889,1.2994945049285889,0
2026-03-03,1.2840760946273804,1.284488558769226,1.269357681274414,1.2841750383377075,1.2841750383377075,0
2026-03-04,1.2787396907806396,1.283861756324768,1.276487112045288,1.2789032459259033,1.2789032459259033,0
2026-03-05,1.283433437347412,1.2853471040725708,1.27681303024292,1.2834498882293701,1.2834498882293701,0
2026-03-06,1.2808197736740112,1.2866700887680054,1.2778899669647217,1.2809674739837646,1.2809674739837646,0
2026-03-09,1.2802129983901978,1.2858428955078125,1.2780206203460693,1.2800490856170654,1.2800490856170654,0
2026-03-10,1.285413146018982,1.290988802909851,1.2849836349487305,1.2855453491210938,1.2855453491210938,0
2026-03-11,1.2845380306243896,1.2878299951553345,1.281180739402771,1.2843928337097168,1.2843928337097168,0
2026-03-12,1.2790013551712036,1.2818869352340698,1.273836612701416,1.2791976928710938,1.2791976928710938,0
2026-03-13,1.2733501195907593,1.2746973037719727,1.26603102684021,1.2733337879180908,1.2733337879180908,0
2026-03-16,1.2660791873931885,1.2709709405899048,1.2623074054718018,1.2659510374069214,1.2659510374069214,0
2026-03-17,1.2687618732452393,1.2733986377716064,1.265854835510254,1.2689549922943115,1.2689549922943115,0
2026-03-18,1.2742263078689575,1.2747622728347778,1.2670094966888428,1.2742587327957153,1.2742587327957153,0
2026-03-19,1.2614476680755615,1.265214204788208,1.2567235231399536,1.261622667312622,1.261622667312622,0
2026-03-20,1.2674592733383179,1.2729123830795288,1.2652943134307861,1.267909288406372,1.267909288406372,0
2026-03-23,1.269615650177002,1.2758845090866089,1.2596203088760376,1.2693254947662354,1.2693254947662354,0
2026-03-24,1.2712295055389404,1.2720541954040527,1.2632802724838257,1.2716174125671387,1.2716174125671387,0
2026-03-25,1.2689871788024902,1.2706480026245117,1.2623871564865112,1.2690355777740479,1.2690355777740479,0
2026-03-26,1.2634239196777344,1.2640626430511475,1.2591603994369507,1.2633440494537354,1.2633440494537354,0
2026-03-27,1.2586532831192017,1.2589701414108276,1.2531956434249878,1.2583681344985962,1.2583681344985962,0
2026-03-29,1.2502501010894775,1.2534469366073608,1.2480343580245972,1.2503125667572021,1.2503125667572021,0
2026-03-30,1.250296950340271,1.2534469366073608,1.2436264753341675,1.2501875162124634,1.2501875162124634,0
2026-03-31,1.2533526420593262,1.2643184661865234,1.2525520324707031,1.2537140846252441,1.2537140846252441,0
2026-04-01,1.2594616413116455,1.2610341310501099,1.248751163482666,1.259525179862976,1.259525179862976,0
2026-04-02,1.2523324489593506,1.2537612915039062,1.249656319618225,1.2521443367004395,1.2521443367004395,0
2026-04-05,1.2483147382736206,1.2558711767196655,1.2472560405731201,1.2482056617736816,1.2482056617736816,0
2026-04-06,1.252803087234497,1.2536041736602783,1.2483614683151245,1.2529758214950562,1.2529758214950562,0
2026-04-07,1.2654863595962524,1.270809531211853,1.2631845474243164,1.2651821374893188,1.2651821374893188,0
2026-04-08,1.2635515928268433,1.267748475074768,1.262434959411621,1.2635835409164429,1.2635835409164429,0
2026-04-09,1.2644462585449219,1.273123025894165,1.2636314630508423,1.264430284500122,1.264430284500122,0
2026-04-12,1.2612248659133911,1.2706480026245117,1.261193037033081,1.2616544961929321,1.2616544961929321,0
2026-04-13,1.2764219045639038,1.2836971282958984,1.2759007215499878,1.27681303024292,1.27681303024292,0
2026-04-14,1.2804096937179565,1.2825446128845215,1.2770087718963623,1.2805572748184204,1.2805572748184204,0
2026-04-15,1.2799508571624756,1.2822155952453613,1.275071144104004,1.2799016237258911,1.2799016237258911,0
2026-04-16,1.2766337394714355,1.2861074209213257,1.2755264043807983,1.27681303024292,1.27681303024292,0
2026-04-19,1.2760310173034668,1.2863390445709229,1.2760310173034668,1.2760635614395142,1.2760635614395142,0
2026-04-20,1.284521460533142,1.2848516702651978,1.2810165882110596,1.284505009651184,1.284505009651184,0
2026-04-21,1.2813448905944824,1.2833675146102905,1.276356816291809,1.2811479568481445,1.2811479568481445,0
2026-04-22,1.2740801572799683,1.2769761085510254,1.2723455429077148,1.2741774320602417,1.2741774320602417,0
2026-04-23,1.2719248533248901,1.2746973037719727,1.2697445154190063,1.271876335144043,1.271876335144043,0
2026-04-26,1.2715365886688232,1.2771391868591309,1.2715365886688232,1.271779179573059,1.271779179573059,0
2026-04-27,1.273414969444275,1.2740639448165894,1.2640626430511475,1.273414969444275,1.273414969444275,0
2026-04-28,1.2676681280136108,1.2685364484786987,1.2633440494537354,1.2674431800842285,1.2674431800842285,0
2026-04-29,1.2651821374893188,1.2803276777267456,1.2622437477111816,1.2649260759353638,1.2649260759353638,0
2026-04-30,1.2793285846710205,1.2855123281478882,1.2772208452224731,1.2797542810440063,1.2797542810440063,0
2026-05-03,1.280032753944397,1.2819527387619019,1.2744535207748413,1.2801966667175293,1.2801966667175293,0
2026-05-04,1.2755264043807983,1.2799180746078491,1.2742911577224731,1.2755590677261353,1.2755590677261353,0
2026-05-05,1.279737949371338,1.2866700887680054,1.27883780002594,1.2797870635986328,1.2797870635986328,0
2026-05-06,1.2839442491531372,1.2876641750335693,1.2832688093185425,1.2839277982711792,1.2839277982711792,0
2026-05-07,1.281328558921814,1.2876641750335693,1.2807377576828003,1.2817226648330688,1.2817226648330688,0
2026-05-10,1.2856941223144531,1.2876641750335693,1.2829229831695557,1.2857271432876587,1.2857271432876587,0
2026-05-11,1.2846699953079224,1.2853471040725708,1.2784616947174072,1.2850828170776367,1.2850828170776367,0
2026-05-12,1.281410574913025,1.2820841073989868,1.2771717309951782,1.2813777923583984,1.2813777923583984,0
2026-05-13,1.279361367225647,1.2807542085647583,1.2763893604278564,1.2795906066894531,1.2795906066894531,0
2026-05-14,1.2750873565673828,1.2757868766784668,1.2702445983886719,1.2752174139022827,1.2752174139022827,0
2026-05-17,1.270163893699646,1.2748597860336304,1.269599437713623,1.2701799869537354,1.2701799869537354,0
2026-05-18,1.274616003036499,1.2748597860336304,1.2649741172790527,1.2747459411621094,1.2747459411621094,0
2026-05-19,1.2673628330230713,1.2724426984786987,1.2648141384124756,1.267748475074768,1.267748475074768,0
2026-05-20,1.2704704999923706,1.2725884914398193,1.2652462720870972,1.2707772254943848,1.2707772254943848,0
2026-05-21,1.2711325883865356,1.2744373083114624,1.269792914390564,1.2714558839797974,1.2714558839797974,0
2026-05-24,1.278380036354065,1.2807377576828003,1.2764219045639038,1.2782983779907227,1.2782983779907227,0
2026-05-25,1.277090311050415,1.2776286602020264,1.2716498374938965,1.277106523513794,1.277106523513794,0
2026-05-26,1.2739015817642212,1.2749735116958618,1.2703897953033447,1.2737069129943848,1.2737069129943848,0
2026-05-27,1.2691160440444946,1.2754125595092773,1.2659990787506104,1.269261121749878,1.269261121749878,0
2026-05-28,1.2759984731674194,1.282265067100525,1.2744535207748413,1.2760635614395142,1.2760635614395142,0
2026-05-31,1.278608798980713,1.2792631387710571,1.2685203552246094,1.2790013551712036,1.2790013551712036,0
2026-06-01,1.2721028327941895,1.275022268295288,1.2704542875289917,1.2720379829406738,1.2720379829406738,0
2026-06-02,1.2684721946716309,1.2703253030776978,1.2638709545135498,1.2686330080032349,1.2686330080032349,0
2026-06-03,1.2641266584396362,1.2709709405899048,1.2623074054718018,1.2641745805740356,1.2641745805740356,0
2026-06-04,1.2674753665924072,1.27048659324646,1.2568656206130981,1.2675877809524536,1.2675877809524536,0
2026-06-07,1.2555242776870728,1.2582731246948242,1.2521599531173706,1.255618929862976,1.255618929862976,0
2026-06-08,1.2526462078094482,1.2580199241638184,1.2525520324707031,1.2528660297393799,1.2528660297393799,0
2026-06-09,1.2512356042861938,1.2558081150054932,1.2508443593978882,1.251157283782959,1.251157283782959,0
2026-06-10,1.2504220008850098,1.253289818763733,1.248907208442688,1.2500780820846558,1.2500780820846558,0
2026-06-11,1.2575452327728271,1.2581939697265625,1.2538713216781616,1.2577824592590332,1.2577824592590332,0
2026-06-14,1.2600648403167725,1.26262629032135,1.258320689201355,1.2596044540405273,1.2596044540405273,0
2026-06-15,1.2586848735809326,1.261988878250122,1.2564393281936646,1.2587641477584839,1.2587641477584839,0
2026-06-16,1.2608751058578491,1.2643823623657227,1.2599060535430908,1.2608591318130493,1.2608591318130493,0
2026-06-17,1.2516897916793823,1.2529758214950562,1.2423903942108154,1.2509225606918335,1.2509225606918335,0
2026-06-18,1.242714524269104,1.243255376815796,1.2360328435897827,1.2423903942108154,1.2423903942108154,0
2026-06-21,1.23763906955719,1.239464521408081,1.2351778745651245,1.2376697063446045,1.2376697063446045,0
2026-06-22,1.236537218093872,1.2384361028671265,1.234141230583191,1.2363996505737305,1.2363996505737305,0
2026-06-23,1.2350252866744995,1.2353914976119995,1.2286672592163086,1.235010027885437,1.235010027885437,0
2026-06-24,1.2305269241333008,1.2360938787460327,1.2293469905853271,1.2306480407714844,1.2306480407714844,0
2026-06-25,1.2339890003204346,1.239618182182312,1.232923984527588,1.2337758541107178,1.2337758541107178,0
2026-06-28,1.2343544960021973,1.237930178642273,1.2343544960021973,1.2344613075256348,1.2344613075256348,0
2026-06-29,1.2380222082138062,1.2401869297027588,1.2344155311584473,1.238236665725708,1.238236665725708,0
2026-06-30,1.2367665767669678,1.237930178642273,1.231618046760559,1.2365524768829346,1.2365524768829346,0
2026-07-01,1.2358494997024536,1.2484550476074219,1.2351168394088745,1.2358648777008057,1.2358648777008057,0
2026-07-02,1.2433634996414185,1.2485953569412231,1.242791771888733,1.2431471347808838,1.2431471347808838,0
2026-07-05,1.243982195854187,1.2450199127197266,1.2387429475784302,1.2440905570983887,1.2440905570983887,0
2026-07-06,1.2420508861541748,1.242529273033142,1.2389577627182007,1.242112636566162,1.242112636566162,0
2026-07-07,1.2361397743225098,1.240386962890625,1.2334105968475342,1.236369013786316,1.236369013786316,0
2026-07-08,1.2379761934280396,1.242081642150879,1.2376850843429565,1.2375319004058838,1.2375319004058838,0
2026-07-09,1.2399410009384155,1.2453300952911377,1.2372562885284424,1.2398641109466553,1.2398641109466553,0
2026-07-12,1.235605239868164,1.2384514808654785,1.230451226234436,1.2355440855026245,1.2355440855026245,0
2026-07-13,1.2275662422180176,1.2405717372894287,1.2269337177276611,1.227400541305542,1.227400541305542,0
2026-07-14,1.2360938787460327,1.2402331829071045,1.2324225902557373,1.2360023260116577,1.2360023260116577,0
2026-07-15,1.2430853843688965,1.2430853843688965,1.236445426940918,1.2427608966827393,1.2427608966827393,0
2026-07-16,1.2369195222854614,1.2406947612762451,1.2357884645462036,1.2371491193771362,1.2371491193771362,0
2026-07-19,1.2368888854980469,1.240417718887329,1.233638882637024,1.2369807958602905,1.2369807958602905,0
2026-07-20,1.2346594333648682,1.2359411716461182,1.2302544116973877,1.2345222234725952,1.2345222234725952,0
2026-07-21,1.230451226234436,1.2324377298355103,1.2288635969161987,1.2309207916259766,1.2309207916259766,0
2026-07-22,1.228380560874939,1.2303149700164795,1.2228227853775024,1.2281994819641113,1.2281994819641113,0
2026-07-23,1.2240052223205566,1.2266929149627686,1.2217769622802734,1.2241849899291992,1.2241849899291992,0
2026-07-26,1.2255502939224243,1.228712558746338,1.2210757732391357,1.2250999212265015,1.2250999212265015,0
2026-07-27,1.2202562093734741,1.2244398593902588,1.2188136577606201,1.2205779552459717,1.2205779552459717,0
2026-07-28,1.219943642616272,1.224289894104004,1.2188730239868164,1.2203158140182495,1.2203158140182495,0
2026-07-29,1.2294830083847046,1.2431317567825317,1.2233463525772095,1.2294225692749023,1.2294225692749023,0
2026-07-30,1.2409719228744507,1.2414649724960327,1.2304966449737549,1.2410489320755005,1.2410489320755005,0
2026-08-02,1.2385895252227783,1.241187572479248,1.2324529886245728,1.2391574382781982,1.2391574382781982,0
2026-08-03,1.2342326641082764,1.2377768754959106,1.2336997985839844,1.2340041399002075,1.2340041399002075,0
2026-08-04,1.2358494997024536,1.240079402923584,1.2344307899475098,1.2359106540679932,1.2359106540679932,0
2026-08-05,1.239464521408081,1.2408487796783447,1.2292109727859497,1.2396643161773682,1.2396643161773682,0
2026-08-06,1.2306026220321655,1.2408795356750488,1.23016357421875,1.230905532836914,1.230905532836914,0
2026-08-09,1.2372103929519653,1.2391726970672607,1.2343850135803223,1.237363338470459,1.237363338470459,0
2026-08-10,1.234948992729187,1.235635757446289,1.232103705406189,1.234842300415039,1.234842300415039,0
2026-08-11,1.232908844947815,1.2351778745651245,1.2303452491760254,1.2330151796340942,1.2330151796340942,0
2026-08-12,1.229770302772522,1.2326656579971313,1.2277621030807495,1.23016357421875,1.23016357421875,0
2026-08-13,1.2283201217651367,1.2339584827423096,1.2279430627822876,1.2283201217651367,1.2283201217651367,0
2026-08-16,1.2306783199310303,1.2387735843658447,1.2306783199310303,1.2305420637130737,1.2305420637130737,0
2026-08-17,1.233638882637024,1.2341108322143555,1.2302392721176147,1.2336845397949219,1.2336845397949219,0
2026-08-18,1.2311025857925415,1.2523324489593506,1.2304056882858276,1.2311631441116333,1.2311631441116333,0
2026-08-19,1.2535254955291748,1.2581782341003418,1.2491724491119385,1.2534940242767334,1.2534940242767334,0
2026-08-20,1.2503595352172852,1.2526618242263794,1.247007131576538,1.2506409883499146,1.2506409883499146,0
2026-08-23,1.249219298362732,1.250484585762024,1.2456713914871216,1.2490164041519165,1.2490164041519165,0
2026-08-24,1.246618628501892,1.2472249269485474,1.2436109781265259,1.2468827962875366,1.2468827962875366,0
2026-08-25,1.2472249269485474,1.2478163242340088,1.2403100728988647,1.2473182678222656,1.2473182678222656,0
2026-08-26,1.2421588897705078,1.2453300952911377,1.2405869960784912,1.2421588897705078,1.2421588897705078,0
2026-08-27,1.2440440654754639,1.2450199127197266,1.2366595268249512,1.244152545928955,1.244152545928955,0
2026-08-30,1.2364301681518555,1.2393723726272583,1.235193133354187,1.236338496208191,1.236338496208191,0
2026-08-31,1.23704195022583,1.2378076314926147,1.2313603162765503,1.237317442893982,1.237317442893982,0
2026-09-01,1.2317394018173218,1.2321339845657349,1.2261061668395996,1.2319822311401367,1.2319822311401367,0
2026-09-02,1.2301287651062012,1.240402340888977,1.2299367189407349,1.230042576789856,1.230042576789856,0
2026-09-03,1.238420844078064,1.2388503551483154,1.2310874462127686,1.2383747100830078,1.2383747100830078,0
2026-09-06,1.2347203493118286,1.2371643781661987,1.233228087425232,1.2346745729446411,1.2346745729446411,0
2026-09-07,1.236338496208191,1.237884283065796,1.2315573692321777,1.2361092567443848,1.2361092567443848,0
2026-09-08,1.2361702919006348,1.2397719621658325,1.2332433462142944,1.2359259128570557,1.2359259128570557,0
2026-09-09,1.2345983982086182,1.237317442893982,1.2275210618972778,1.2345678806304932,1.2345678806304932,0
2026-09-10,1.229921579360962,1.2309207916259766,1.2241250276565552,1.2296794652938843,1.2296794652938843,0
2026-09-13,1.2246947288513184,1.2252049446105957,1.2203158140182495,1.2245148420333862,1.2245148420333862,0
2026-09-14,1.2236007452011108,1.2243798971176147,1.219720482826233,1.2238404750823975,1.2238404750823975,0
2026-09-15,1.22089684009552,1.2229423522949219,1.220077633857727,1.2209028005599976,1.2209028005599976,0
