ticker,statement,period_end,duration,line_item,row_occurrence,reported_value,reported_scale,currency,source_column,source_line,form,filing_date,source_url
DECK,cash_flow,2017-03-31,annual,Accrued expenses,1,403.0,1000,USD,2017,2231,10-K,2019-05-30,https://www.sec.gov/Archives/edgar/data/910521/000091052119000011/deck331201910-kdocument.htm
DECK,cash_flow,2017-03-31,annual,Accrued for asset retirement obligations,1,2359.0,1000,USD,2017,2274,10-K,2019-05-30,https://www.sec.gov/Archives/edgar/data/910521/000091052119000011/deck331201910-kdocument.htm
DECK,cash_flow,2017-03-31,annual,Accrued for purchases of property and equipment,1,1101.0,1000,USD,2017,2273,10-K,2019-05-30,https://www.sec.gov/Archives/edgar/data/910521/000091052119000011/deck331201910-kdocument.htm
DECK,cash_flow,2017-03-31,annual,Amortization on debt issuance costs,1,375.0,1000,USD,2017,2214,10-K,2019-05-30,https://www.sec.gov/Archives/edgar/data/910521/000091052119000011/deck331201910-kdocument.htm
DECK,cash_flow,2017-03-31,annual,Bad debt expense,1,2847.0,1000,USD,2017,2216,10-K,2019-05-30,https://www.sec.gov/Archives/edgar/data/910521/000091052119000011/deck331201910-kdocument.htm
DECK,cash_flow,2017-03-31,annual,Cash and cash equivalents at beginning of period,1,245956.0,1000,USD,2017,2251,10-K,2019-05-30,https://www.sec.gov/Archives/edgar/data/910521/000091052119000011/deck331201910-kdocument.htm
DECK,cash_flow,2017-03-31,annual,Cash and cash equivalents at end of period,1,291764.0,1000,USD,2017,2252,10-K,2019-05-30,https://www.sec.gov/Archives/edgar/data/910521/000091052119000011/deck331201910-kdocument.htm
DECK,cash_flow,2017-03-31,annual,Cash paid for repurchase of common stock,1,12572.0,1000,USD,2017,2244,10-K,2019-05-30,https://www.sec.gov/Archives/edgar/data/910521/000091052119000011/deck331201910-kdocument.htm
DECK,cash_flow,2017-03-31,annual,Cash paid for shares withheld for taxes,1,8452.0,1000,USD,2017,2245,10-K,2019-05-30,https://www.sec.gov/Archives/edgar/data/910521/000091052119000011/deck331201910-kdocument.htm
DECK,cash_flow,2017-03-31,annual,Contingent consideration paid,1,20058.0,1000,USD,2017,2246,10-K,2019-05-30,https://www.sec.gov/Archives/edgar/data/910521/000091052119000011/deck331201910-kdocument.htm
DECK,cash_flow,2017-03-31,annual,Deferred tax expense (benefit),1,24495.0,1000,USD,2017,2217,10-K,2019-05-30,https://www.sec.gov/Archives/edgar/data/910521/000091052119000011/deck331201910-kdocument.htm
DECK,cash_flow,2017-03-31,annual,"Depreciation, amortization and accretion",1,52628.0,1000,USD,2017,2213,10-K,2019-05-30,https://www.sec.gov/Archives/edgar/data/910521/000091052119000011/deck331201910-kdocument.htm
DECK,cash_flow,2017-03-31,annual,Effect of foreign currency exchange rates on cash,1,5266.0,1000,USD,2017,2249,10-K,2019-05-30,https://www.sec.gov/Archives/edgar/data/910521/000091052119000011/deck331201910-kdocument.htm
DECK,cash_flow,2017-03-31,annual,Employee stock purchase plan,1,164.0,1000,USD,2017,2219,10-K,2019-05-30,https://www.sec.gov/Archives/edgar/data/910521/000091052119000011/deck331201910-kdocument.htm
DECK,cash_flow,2017-03-31,annual,Impairment of goodwill,1,113944.0,1000,USD,2017,2221,10-K,2019-05-30,https://www.sec.gov/Archives/edgar/data/910521/000091052119000011/deck331201910-kdocument.htm
DECK,cash_flow,2017-03-31,annual,Impairment of intangible and other long-lived assets,1,13222.0,1000,USD,2017,2222,10-K,2019-05-30,https://www.sec.gov/Archives/edgar/data/910521/000091052119000011/deck331201910-kdocument.htm
DECK,cash_flow,2017-03-31,annual,Income tax receivable,1,1331.0,1000,USD,2017,2228,10-K,2019-05-30,https://www.sec.gov/Archives/edgar/data/910521/000091052119000011/deck331201910-kdocument.htm
DECK,cash_flow,2017-03-31,annual,Income taxes payable,1,3643.0,1000,USD,2017,2232,10-K,2019-05-30,https://www.sec.gov/Archives/edgar/data/910521/000091052119000011/deck331201910-kdocument.htm
DECK,cash_flow,2017-03-31,annual,"Income taxes, net of refunds of $3,824, $23,133 and $17,132, as of March 31, 2019, 2018 and 2017, respectively",1,14099.0,1000,USD,2017,2270,10-K,2019-05-30,https://www.sec.gov/Archives/edgar/data/910521/000091052119000011/deck331201910-kdocument.htm
DECK,cash_flow,2017-03-31,annual,Interest,1,5494.0,1000,USD,2017,2271,10-K,2019-05-30,https://www.sec.gov/Archives/edgar/data/910521/000091052119000011/deck331201910-kdocument.htm
DECK,cash_flow,2017-03-31,annual,"Inventories, net",1,1060.0,1000,USD,2017,2226,10-K,2019-05-30,https://www.sec.gov/Archives/edgar/data/910521/000091052119000011/deck331201910-kdocument.htm
DECK,cash_flow,2017-03-31,annual,Long-term liabilities,1,3023.0,1000,USD,2017,2233,10-K,2019-05-30,https://www.sec.gov/Archives/edgar/data/910521/000091052119000011/deck331201910-kdocument.htm
DECK,cash_flow,2017-03-31,annual,Loss on disposal of property and equipment,1,538.0,1000,USD,2017,2220,10-K,2019-05-30,https://www.sec.gov/Archives/edgar/data/910521/000091052119000011/deck331201910-kdocument.htm
DECK,cash_flow,2017-03-31,annual,Net cash provided by operating activities,1,199330.0,1000,USD,2017,2234,10-K,2019-05-30,https://www.sec.gov/Archives/edgar/data/910521/000091052119000011/deck331201910-kdocument.htm
DECK,cash_flow,2017-03-31,annual,Net cash used in financing activities,1,103757.0,1000,USD,2017,2248,10-K,2019-05-30,https://www.sec.gov/Archives/edgar/data/910521/000091052119000011/deck331201910-kdocument.htm
DECK,cash_flow,2017-03-31,annual,Net cash used in investing activities,1,44499.0,1000,USD,2017,2238,10-K,2019-05-30,https://www.sec.gov/Archives/edgar/data/910521/000091052119000011/deck331201910-kdocument.htm
DECK,cash_flow,2017-03-31,annual,Net change in cash and cash equivalents,1,45808.0,1000,USD,2017,2250,10-K,2019-05-30,https://www.sec.gov/Archives/edgar/data/910521/000091052119000011/deck331201910-kdocument.htm
DECK,cash_flow,2017-03-31,annual,Net income,1,5710.0,1000,USD,2017,2211,10-K,2019-05-30,https://www.sec.gov/Archives/edgar/data/910521/000091052119000011/deck331201910-kdocument.htm
DECK,cash_flow,2017-03-31,annual,Other assets,1,1882.0,1000,USD,2017,2229,10-K,2019-05-30,https://www.sec.gov/Archives/edgar/data/910521/000091052119000011/deck331201910-kdocument.htm
DECK,cash_flow,2017-03-31,annual,Prepaid expenses and other current assets,1,7975.0,1000,USD,2017,2227,10-K,2019-05-30,https://www.sec.gov/Archives/edgar/data/910521/000091052119000011/deck331201910-kdocument.htm
DECK,cash_flow,2017-03-31,annual,Proceeds from short-term borrowings,1,405988.0,1000,USD,2017,2240,10-K,2019-05-30,https://www.sec.gov/Archives/edgar/data/910521/000091052119000011/deck331201910-kdocument.htm
DECK,cash_flow,2017-03-31,annual,Proceeds on issuance of stock for employee stock purchase plan,1,798.0,1000,USD,2017,2243,10-K,2019-05-30,https://www.sec.gov/Archives/edgar/data/910521/000091052119000011/deck331201910-kdocument.htm
DECK,cash_flow,2017-03-31,annual,Purchases of property and equipment,1,44499.0,1000,USD,2017,2236,10-K,2019-05-30,https://www.sec.gov/Archives/edgar/data/910521/000091052119000011/deck331201910-kdocument.htm
DECK,cash_flow,2017-03-31,annual,Repayment of mortgage principal,1,523.0,1000,USD,2017,2247,10-K,2019-05-30,https://www.sec.gov/Archives/edgar/data/910521/000091052119000011/deck331201910-kdocument.htm
DECK,cash_flow,2017-03-31,annual,Repayments of short-term borrowings,1,468938.0,1000,USD,2017,2241,10-K,2019-05-30,https://www.sec.gov/Archives/edgar/data/910521/000091052119000011/deck331201910-kdocument.htm
DECK,cash_flow,2017-03-31,annual,Restructuring charges,1,28984.0,1000,USD,2017,2223,10-K,2019-05-30,https://www.sec.gov/Archives/edgar/data/910521/000091052119000011/deck331201910-kdocument.htm
DECK,cash_flow,2017-03-31,annual,Stock-based compensation,1,6011.0,1000,USD,2017,2218,10-K,2019-05-30,https://www.sec.gov/Archives/edgar/data/910521/000091052119000011/deck331201910-kdocument.htm
DECK,cash_flow,2017-03-31,annual,Trade accounts payable,1,7825.0,1000,USD,2017,2230,10-K,2019-05-30,https://www.sec.gov/Archives/edgar/data/910521/000091052119000011/deck331201910-kdocument.htm
DECK,cash_flow,2017-03-31,annual,"Trade accounts receivable, net",1,1336.0,1000,USD,2017,2225,10-K,2019-05-30,https://www.sec.gov/Archives/edgar/data/910521/000091052119000011/deck331201910-kdocument.htm
DECK,income,2017-03-31,annual,Basic,1,0.18,1000,USD,2017,2149,10-K,2019-05-30,https://www.sec.gov/Archives/edgar/data/910521/000091052119000011/deck331201910-kdocument.htm
DECK,income,2017-03-31,annual,Basic,2,32000.0,1000,USD,2017,2152,10-K,2019-05-30,https://www.sec.gov/Archives/edgar/data/910521/000091052119000011/deck331201910-kdocument.htm
DECK,income,2017-03-31,annual,Comprehensive income (loss),1,184.0,1000,USD,2017,2147,10-K,2019-05-30,https://www.sec.gov/Archives/edgar/data/910521/000091052119000011/deck331201910-kdocument.htm
DECK,income,2017-03-31,annual,Cost of sales,1,954912.0,1000,USD,2017,2132,10-K,2019-05-30,https://www.sec.gov/Archives/edgar/data/910521/000091052119000011/deck331201910-kdocument.htm
DECK,income,2017-03-31,annual,Diluted,1,0.18,1000,USD,2017,2150,10-K,2019-05-30,https://www.sec.gov/Archives/edgar/data/910521/000091052119000011/deck331201910-kdocument.htm
DECK,income,2017-03-31,annual,Diluted,2,32355.0,1000,USD,2017,2153,10-K,2019-05-30,https://www.sec.gov/Archives/edgar/data/910521/000091052119000011/deck331201910-kdocument.htm
DECK,income,2017-03-31,annual,Foreign currency translation (loss) gain,1,6598.0,1000,USD,2017,2145,10-K,2019-05-30,https://www.sec.gov/Archives/edgar/data/910521/000091052119000011/deck331201910-kdocument.htm
DECK,income,2017-03-31,annual,Gross profit,1,835235.0,1000,USD,2017,2133,10-K,2019-05-30,https://www.sec.gov/Archives/edgar/data/910521/000091052119000011/deck331201910-kdocument.htm
DECK,income,2017-03-31,annual,Income (loss) before income taxes,1,6986.0,1000,USD,2017,2140,10-K,2019-05-30,https://www.sec.gov/Archives/edgar/data/910521/000091052119000011/deck331201910-kdocument.htm
DECK,income,2017-03-31,annual,Income (loss) from operations,1,1919.0,1000,USD,2017,2135,10-K,2019-05-30,https://www.sec.gov/Archives/edgar/data/910521/000091052119000011/deck331201910-kdocument.htm
DECK,income,2017-03-31,annual,Income tax expense (benefit),1,12696.0,1000,USD,2017,2141,10-K,2019-05-30,https://www.sec.gov/Archives/edgar/data/910521/000091052119000011/deck331201910-kdocument.htm
DECK,income,2017-03-31,annual,Interest expense,1,7319.0,1000,USD,2017,2137,10-K,2019-05-30,https://www.sec.gov/Archives/edgar/data/910521/000091052119000011/deck331201910-kdocument.htm
DECK,income,2017-03-31,annual,Interest income,1,778.0,1000,USD,2017,2136,10-K,2019-05-30,https://www.sec.gov/Archives/edgar/data/910521/000091052119000011/deck331201910-kdocument.htm
DECK,income,2017-03-31,annual,Net income,1,5710.0,1000,USD,2017,2142,10-K,2019-05-30,https://www.sec.gov/Archives/edgar/data/910521/000091052119000011/deck331201910-kdocument.htm
DECK,income,2017-03-31,annual,Net sales,1,1790147.0,1000,USD,2017,2131,10-K,2019-05-30,https://www.sec.gov/Archives/edgar/data/910521/000091052119000011/deck331201910-kdocument.htm
DECK,income,2017-03-31,annual,"Other (income) expense, net",1,1474.0,1000,USD,2017,2138,10-K,2019-05-30,https://www.sec.gov/Archives/edgar/data/910521/000091052119000011/deck331201910-kdocument.htm
DECK,income,2017-03-31,annual,"Selling, general and administrative expenses",1,837154.0,1000,USD,2017,2134,10-K,2019-05-30,https://www.sec.gov/Archives/edgar/data/910521/000091052119000011/deck331201910-kdocument.htm
DECK,income,2017-03-31,annual,"Total other (income) expense, net",1,5067.0,1000,USD,2017,2139,10-K,2019-05-30,https://www.sec.gov/Archives/edgar/data/910521/000091052119000011/deck331201910-kdocument.htm
DECK,income,2017-03-31,annual,Total other comprehensive (loss) income,1,5894.0,1000,USD,2017,2146,10-K,2019-05-30,https://www.sec.gov/Archives/edgar/data/910521/000091052119000011/deck331201910-kdocument.htm
DECK,income,2017-03-31,annual,Unrealized (loss) gain on cash flow hedges,1,704.0,1000,USD,2017,2144,10-K,2019-05-30,https://www.sec.gov/Archives/edgar/data/910521/000091052119000011/deck331201910-kdocument.htm
DECK,balance,2018-03-31,instant,Accrued payroll,1,55695.0,1000,USD,2018,2098,10-K,2019-05-30,https://www.sec.gov/Archives/edgar/data/910521/000091052119000011/deck331201910-kdocument.htm
DECK,balance,2018-03-31,instant,Accumulated other comprehensive loss,1,12983.0,1000,USD,2018,2113,10-K,2019-05-30,https://www.sec.gov/Archives/edgar/data/910521/000091052119000011/deck331201910-kdocument.htm
DECK,balance,2018-03-31,instant,Additional paid-in capital,1,167587.0,1000,USD,2018,2111,10-K,2019-05-30,https://www.sec.gov/Archives/edgar/data/910521/000091052119000011/deck331201910-kdocument.htm
DECK,balance,2018-03-31,instant,Cash and cash equivalents,1,429970.0,1000,USD,2018,2081,10-K,2019-05-30,https://www.sec.gov/Archives/edgar/data/910521/000091052119000011/deck331201910-kdocument.htm
DECK,balance,2018-03-31,instant,"Common stock ($0.01 par value; 125,000 shares authorized; shares issued and outstanding of 29,141 and 30,447 as of March 31, 2019 and 2018, respectively)",1,304.0,1000,USD,2018,2110,10-K,2019-05-30,https://www.sec.gov/Archives/edgar/data/910521/000091052119000011/deck331201910-kdocument.htm
DECK,balance,2018-03-31,instant,Deferred rent obligations,1,22499.0,1000,USD,2018,2105,10-K,2019-05-30,https://www.sec.gov/Archives/edgar/data/910521/000091052119000011/deck331201910-kdocument.htm
DECK,balance,2018-03-31,instant,"Deferred tax assets, net",1,38381.0,1000,USD,2018,2091,10-K,2019-05-30,https://www.sec.gov/Archives/edgar/data/910521/000091052119000011/deck331201910-kdocument.htm
DECK,balance,2018-03-31,instant,Goodwill,1,13990.0,1000,USD,2018,2089,10-K,2019-05-30,https://www.sec.gov/Archives/edgar/data/910521/000091052119000011/deck331201910-kdocument.htm
DECK,balance,2018-03-31,instant,Income tax liability,1,64735.0,1000,USD,2018,2104,10-K,2019-05-30,https://www.sec.gov/Archives/edgar/data/910521/000091052119000011/deck331201910-kdocument.htm
DECK,balance,2018-03-31,instant,Income tax receivable,1,2176.0,1000,USD,2018,2086,10-K,2019-05-30,https://www.sec.gov/Archives/edgar/data/910521/000091052119000011/deck331201910-kdocument.htm
DECK,balance,2018-03-31,instant,Income taxes payable,1,11006.0,1000,USD,2018,2100,10-K,2019-05-30,https://www.sec.gov/Archives/edgar/data/910521/000091052119000011/deck331201910-kdocument.htm
DECK,balance,2018-03-31,instant,"Inventories, net of reserves ($9,723 and $9,020 as of March 31, 2019 and 2018, respectively)",1,299602.0,1000,USD,2018,2083,10-K,2019-05-30,https://www.sec.gov/Archives/edgar/data/910521/000091052119000011/deck331201910-kdocument.htm
DECK,balance,2018-03-31,instant,Mortgage payable,1,31504.0,1000,USD,2018,2103,10-K,2019-05-30,https://www.sec.gov/Archives/edgar/data/910521/000091052119000011/deck331201910-kdocument.htm
DECK,balance,2018-03-31,instant,Other accrued expenses,1,24446.0,1000,USD,2018,2099,10-K,2019-05-30,https://www.sec.gov/Archives/edgar/data/910521/000091052119000011/deck331201910-kdocument.htm
DECK,balance,2018-03-31,instant,Other assets,1,23306.0,1000,USD,2018,2092,10-K,2019-05-30,https://www.sec.gov/Archives/edgar/data/910521/000091052119000011/deck331201910-kdocument.htm
DECK,balance,2018-03-31,instant,Other current assets,1,17599.0,1000,USD,2018,2085,10-K,2019-05-30,https://www.sec.gov/Archives/edgar/data/910521/000091052119000011/deck331201910-kdocument.htm
DECK,balance,2018-03-31,instant,"Other intangible assets, net of accumulated amortization ($71,186 and $66,065 as of March 31, 2019 and 2018, respectively)",1,57850.0,1000,USD,2018,2090,10-K,2019-05-30,https://www.sec.gov/Archives/edgar/data/910521/000091052119000011/deck331201910-kdocument.htm
DECK,balance,2018-03-31,instant,Other long-term liabilities,1,15696.0,1000,USD,2018,2106,10-K,2019-05-30,https://www.sec.gov/Archives/edgar/data/910521/000091052119000011/deck331201910-kdocument.htm
DECK,balance,2018-03-31,instant,Prepaid expenses,1,17639.0,1000,USD,2018,2084,10-K,2019-05-30,https://www.sec.gov/Archives/edgar/data/910521/000091052119000011/deck331201910-kdocument.htm
DECK,balance,2018-03-31,instant,"Property and equipment, net of accumulated depreciation ($235,939 and $210,763 as of March 31, 2019 and 2018, respectively)",1,220162.0,1000,USD,2018,2088,10-K,2019-05-30,https://www.sec.gov/Archives/edgar/data/910521/000091052119000011/deck331201910-kdocument.htm
DECK,balance,2018-03-31,instant,Retained earnings,1,785871.0,1000,USD,2018,2112,10-K,2019-05-30,https://www.sec.gov/Archives/edgar/data/910521/000091052119000011/deck331201910-kdocument.htm
DECK,balance,2018-03-31,instant,Short-term borrowings,1,578.0,1000,USD,2018,2096,10-K,2019-05-30,https://www.sec.gov/Archives/edgar/data/910521/000091052119000011/deck331201910-kdocument.htm
DECK,balance,2018-03-31,instant,Total,1,9594.0,1000,USD,2018,2970,10-K,2019-05-30,https://www.sec.gov/Archives/edgar/data/910521/000091052119000011/deck331201910-kdocument.htm
DECK,balance,2018-03-31,instant,Total assets,1,1264379.0,1000,USD,2018,2093,10-K,2019-05-30,https://www.sec.gov/Archives/edgar/data/910521/000091052119000011/deck331201910-kdocument.htm
DECK,balance,2018-03-31,instant,Total current assets,1,910690.0,1000,USD,2018,2087,10-K,2019-05-30,https://www.sec.gov/Archives/edgar/data/910521/000091052119000011/deck331201910-kdocument.htm
DECK,balance,2018-03-31,instant,Total current liabilities,1,189166.0,1000,USD,2018,2102,10-K,2019-05-30,https://www.sec.gov/Archives/edgar/data/910521/000091052119000011/deck331201910-kdocument.htm
DECK,balance,2018-03-31,instant,Total liabilities and stockholders' equity,1,1264379.0,1000,USD,2018,2115,10-K,2019-05-30,https://www.sec.gov/Archives/edgar/data/910521/000091052119000011/deck331201910-kdocument.htm
DECK,balance,2018-03-31,instant,Total long-term liabilities,1,134434.0,1000,USD,2018,2107,10-K,2019-05-30,https://www.sec.gov/Archives/edgar/data/910521/000091052119000011/deck331201910-kdocument.htm
DECK,balance,2018-03-31,instant,Total stockholders' equity,1,940779.0,1000,USD,2018,2114,10-K,2019-05-30,https://www.sec.gov/Archives/edgar/data/910521/000091052119000011/deck331201910-kdocument.htm
DECK,balance,2018-03-31,instant,Trade accounts payable,1,93939.0,1000,USD,2018,2097,10-K,2019-05-30,https://www.sec.gov/Archives/edgar/data/910521/000091052119000011/deck331201910-kdocument.htm
DECK,balance,2018-03-31,instant,"Trade accounts receivable, net of allowances ($18,824 and $33,462 as of March 31, 2019 and 2018, respectively)",1,143704.0,1000,USD,2018,2082,10-K,2019-05-30,https://www.sec.gov/Archives/edgar/data/910521/000091052119000011/deck331201910-kdocument.htm
DECK,balance,2018-03-31,instant,Value added tax payable,1,3502.0,1000,USD,2018,2101,10-K,2019-05-30,https://www.sec.gov/Archives/edgar/data/910521/000091052119000011/deck331201910-kdocument.htm
DECK,cash_flow,2018-03-31,annual,Accrued expenses,1,28627.0,1000,USD,2018,2231,10-K,2019-05-30,https://www.sec.gov/Archives/edgar/data/910521/000091052119000011/deck331201910-kdocument.htm
DECK,cash_flow,2018-03-31,annual,Accrued for asset retirement obligations,1,1359.0,1000,USD,2018,2224,10-K,2020-06-01,https://www.sec.gov/Archives/edgar/data/910521/000091052120000016/deck331202010-k.htm
DECK,cash_flow,2018-03-31,annual,Accrued for purchases of property and equipment,1,2020.0,1000,USD,2018,2223,10-K,2020-06-01,https://www.sec.gov/Archives/edgar/data/910521/000091052120000016/deck331202010-k.htm
DECK,cash_flow,2018-03-31,annual,Accrued for shares withheld for taxes,1,171.0,1000,USD,2018,2226,10-K,2020-06-01,https://www.sec.gov/Archives/edgar/data/910521/000091052120000016/deck331202010-k.htm
DECK,cash_flow,2018-03-31,annual,Amortization on debt issuance costs,1,375.0,1000,USD,2018,2214,10-K,2019-05-30,https://www.sec.gov/Archives/edgar/data/910521/000091052119000011/deck331201910-kdocument.htm
DECK,cash_flow,2018-03-31,annual,Bad debt expense,1,4168.0,1000,USD,2018,2164,10-K,2020-06-01,https://www.sec.gov/Archives/edgar/data/910521/000091052120000016/deck331202010-k.htm
DECK,cash_flow,2018-03-31,annual,Cash and cash equivalents at beginning of period,1,291764.0,1000,USD,2018,2200,10-K,2020-06-01,https://www.sec.gov/Archives/edgar/data/910521/000091052120000016/deck331202010-k.htm
DECK,cash_flow,2018-03-31,annual,Cash and cash equivalents at end of period,1,429970.0,1000,USD,2018,2201,10-K,2020-06-01,https://www.sec.gov/Archives/edgar/data/910521/000091052120000016/deck331202010-k.htm
DECK,cash_flow,2018-03-31,annual,Cash paid for repurchase of common stock,1,149687.0,1000,USD,2018,2244,10-K,2019-05-30,https://www.sec.gov/Archives/edgar/data/910521/000091052119000011/deck331201910-kdocument.htm
DECK,cash_flow,2018-03-31,annual,Cash paid for shares withheld for taxes,1,8105.0,1000,USD,2018,2195,10-K,2020-06-01,https://www.sec.gov/Archives/edgar/data/910521/000091052120000016/deck331202010-k.htm
DECK,cash_flow,2018-03-31,annual,Deferred tax expense,1,8138.0,1000,USD,2018,2165,10-K,2020-06-01,https://www.sec.gov/Archives/edgar/data/910521/000091052120000016/deck331202010-k.htm
DECK,cash_flow,2018-03-31,annual,Deferred tax expense (benefit),1,8138.0,1000,USD,2018,2217,10-K,2019-05-30,https://www.sec.gov/Archives/edgar/data/910521/000091052119000011/deck331201910-kdocument.htm
DECK,cash_flow,2018-03-31,annual,"Depreciation, amortization and accretion",1,48572.0,1000,USD,2018,2162,10-K,2020-06-01,https://www.sec.gov/Archives/edgar/data/910521/000091052120000016/deck331202010-k.htm
DECK,cash_flow,2018-03-31,annual,Effect of foreign currency exchange rates on cash,1,3263.0,1000,USD,2018,2249,10-K,2019-05-30,https://www.sec.gov/Archives/edgar/data/910521/000091052119000011/deck331201910-kdocument.htm
DECK,cash_flow,2018-03-31,annual,Effect of foreign currency exchange rates on cash and cash equivalents,1,3263.0,1000,USD,2018,2198,10-K,2020-06-01,https://www.sec.gov/Archives/edgar/data/910521/000091052120000016/deck331202010-k.htm
DECK,cash_flow,2018-03-31,annual,Employee stock purchase plan,1,150.0,1000,USD,2018,2219,10-K,2019-05-30,https://www.sec.gov/Archives/edgar/data/910521/000091052119000011/deck331201910-kdocument.htm
DECK,cash_flow,2018-03-31,annual,Excess tax benefit from stock-based compensation,1,1982.0,1000,USD,2018,2167,10-K,2020-06-01,https://www.sec.gov/Archives/edgar/data/910521/000091052120000016/deck331202010-k.htm
DECK,cash_flow,2018-03-31,annual,Impairment of intangible and other long-lived assets,1,2417.0,1000,USD,2018,2222,10-K,2019-05-30,https://www.sec.gov/Archives/edgar/data/910521/000091052119000011/deck331201910-kdocument.htm
DECK,cash_flow,2018-03-31,annual,Impairment of operating lease assets and other long-lived assets,1,2417.0,1000,USD,2018,2169,10-K,2020-06-01,https://www.sec.gov/Archives/edgar/data/910521/000091052120000016/deck331202010-k.htm
DECK,cash_flow,2018-03-31,annual,Income tax receivable,1,26999.0,1000,USD,2018,2176,10-K,2020-06-01,https://www.sec.gov/Archives/edgar/data/910521/000091052120000016/deck331202010-k.htm
DECK,cash_flow,2018-03-31,annual,Income taxes payable,1,290.0,1000,USD,2018,2181,10-K,2020-06-01,https://www.sec.gov/Archives/edgar/data/910521/000091052120000016/deck331202010-k.htm
DECK,cash_flow,2018-03-31,annual,"Income taxes, net of refunds of $3,824, $23,133 and $17,132, as of March 31, 2019, 2018 and 2017, respectively",1,14407.0,1000,USD,2018,2270,10-K,2019-05-30,https://www.sec.gov/Archives/edgar/data/910521/000091052119000011/deck331201910-kdocument.htm
DECK,cash_flow,2018-03-31,annual,"Income taxes, net of refunds of $5,389, $3,824, and $23,133, as of March 31, 2020, 2019, and 2018, respectively",1,14407.0,1000,USD,2018,2219,10-K,2020-06-01,https://www.sec.gov/Archives/edgar/data/910521/000091052120000016/deck331202010-k.htm
DECK,cash_flow,2018-03-31,annual,Interest,1,3774.0,1000,USD,2018,2220,10-K,2020-06-01,https://www.sec.gov/Archives/edgar/data/910521/000091052120000016/deck331202010-k.htm
DECK,cash_flow,2018-03-31,annual,"Inventories, net",1,751.0,1000,USD,2018,2174,10-K,2020-06-01,https://www.sec.gov/Archives/edgar/data/910521/000091052120000016/deck331202010-k.htm
DECK,cash_flow,2018-03-31,annual,Long-term liabilities,1,62128.0,1000,USD,2018,2182,10-K,2020-06-01,https://www.sec.gov/Archives/edgar/data/910521/000091052120000016/deck331202010-k.htm
DECK,cash_flow,2018-03-31,annual,Loss on disposal of property and equipment,1,387.0,1000,USD,2018,2168,10-K,2020-06-01,https://www.sec.gov/Archives/edgar/data/910521/000091052120000016/deck331202010-k.htm
DECK,cash_flow,2018-03-31,annual,Net cash provided by operating activities,1,327355.0,1000,USD,2018,2183,10-K,2020-06-01,https://www.sec.gov/Archives/edgar/data/910521/000091052120000016/deck331202010-k.htm
DECK,cash_flow,2018-03-31,annual,Net cash used in financing activities,1,157715.0,1000,USD,2018,2197,10-K,2020-06-01,https://www.sec.gov/Archives/edgar/data/910521/000091052120000016/deck331202010-k.htm
DECK,cash_flow,2018-03-31,annual,Net cash used in investing activities,1,34697.0,1000,USD,2018,2187,10-K,2020-06-01,https://www.sec.gov/Archives/edgar/data/910521/000091052120000016/deck331202010-k.htm
DECK,cash_flow,2018-03-31,annual,Net change in cash and cash equivalents,1,138206.0,1000,USD,2018,2199,10-K,2020-06-01,https://www.sec.gov/Archives/edgar/data/910521/000091052120000016/deck331202010-k.htm
DECK,cash_flow,2018-03-31,annual,Net income,1,114394.0,1000,USD,2018,2160,10-K,2020-06-01,https://www.sec.gov/Archives/edgar/data/910521/000091052120000016/deck331202010-k.htm
DECK,cash_flow,2018-03-31,annual,Other accrued expenses,1,30904.0,1000,USD,2018,2180,10-K,2020-06-01,https://www.sec.gov/Archives/edgar/data/910521/000091052120000016/deck331202010-k.htm
DECK,cash_flow,2018-03-31,annual,Other assets,1,1714.0,1000,USD,2018,2178,10-K,2020-06-01,https://www.sec.gov/Archives/edgar/data/910521/000091052120000016/deck331202010-k.htm
DECK,cash_flow,2018-03-31,annual,Prepaid expenses and other current assets,1,11124.0,1000,USD,2018,2175,10-K,2020-06-01,https://www.sec.gov/Archives/edgar/data/910521/000091052120000016/deck331202010-k.htm
DECK,cash_flow,2018-03-31,annual,Proceeds from issuance of stock,1,765.0,1000,USD,2018,2192,10-K,2020-06-01,https://www.sec.gov/Archives/edgar/data/910521/000091052120000016/deck331202010-k.htm
DECK,cash_flow,2018-03-31,annual,"Proceeds from sale of property and equipment, net",1,116.0,1000,USD,2018,2237,10-K,2019-05-30,https://www.sec.gov/Archives/edgar/data/910521/000091052119000011/deck331201910-kdocument.htm
DECK,cash_flow,2018-03-31,annual,Proceeds from sales of property and equipment,1,116.0,1000,USD,2018,2186,10-K,2020-06-01,https://www.sec.gov/Archives/edgar/data/910521/000091052120000016/deck331202010-k.htm
DECK,cash_flow,2018-03-31,annual,Proceeds from short-term borrowings,1,214751.0,1000,USD,2018,2189,10-K,2020-06-01,https://www.sec.gov/Archives/edgar/data/910521/000091052120000016/deck331202010-k.htm
DECK,cash_flow,2018-03-31,annual,Proceeds on issuance of stock for employee stock purchase plan,1,765.0,1000,USD,2018,2243,10-K,2019-05-30,https://www.sec.gov/Archives/edgar/data/910521/000091052119000011/deck331201910-kdocument.htm
DECK,cash_flow,2018-03-31,annual,Purchases of property and equipment,1,34813.0,1000,USD,2018,2185,10-K,2020-06-01,https://www.sec.gov/Archives/edgar/data/910521/000091052120000016/deck331202010-k.htm
DECK,cash_flow,2018-03-31,annual,Repayment of mortgage principal,1,550.0,1000,USD,2018,2247,10-K,2019-05-30,https://www.sec.gov/Archives/edgar/data/910521/000091052119000011/deck331201910-kdocument.htm
DECK,cash_flow,2018-03-31,annual,Repayments of mortgage principal,1,550.0,1000,USD,2018,2196,10-K,2020-06-01,https://www.sec.gov/Archives/edgar/data/910521/000091052120000016/deck331202010-k.htm
DECK,cash_flow,2018-03-31,annual,Repayments of short-term borrowings,1,214889.0,1000,USD,2018,2190,10-K,2020-06-01,https://www.sec.gov/Archives/edgar/data/910521/000091052120000016/deck331202010-k.htm
DECK,cash_flow,2018-03-31,annual,Repurchases of common stock,1,149687.0,1000,USD,2018,2194,10-K,2020-06-01,https://www.sec.gov/Archives/edgar/data/910521/000091052120000016/deck331202010-k.htm
DECK,cash_flow,2018-03-31,annual,Restructuring charges,1,1667.0,1000,USD,2018,2170,10-K,2020-06-01,https://www.sec.gov/Archives/edgar/data/910521/000091052120000016/deck331202010-k.htm
DECK,cash_flow,2018-03-31,annual,Stock-based compensation,1,14306.0,1000,USD,2018,2166,10-K,2020-06-01,https://www.sec.gov/Archives/edgar/data/910521/000091052120000016/deck331202010-k.htm
DECK,cash_flow,2018-03-31,annual,Trade accounts payable,1,4462.0,1000,USD,2018,2179,10-K,2020-06-01,https://www.sec.gov/Archives/edgar/data/910521/000091052120000016/deck331202010-k.htm
DECK,cash_flow,2018-03-31,annual,"Trade accounts receivable, net",1,10770.0,1000,USD,2018,2173,10-K,2020-06-01,https://www.sec.gov/Archives/edgar/data/910521/000091052120000016/deck331202010-k.htm
DECK,income,2018-03-31,annual,Basic,1,3.6,1000,USD,2018,2097,10-K,2020-06-01,https://www.sec.gov/Archives/edgar/data/910521/000091052120000016/deck331202010-k.htm
DECK,income,2018-03-31,annual,Basic,2,31758.0,1000,USD,2018,2100,10-K,2020-06-01,https://www.sec.gov/Archives/edgar/data/910521/000091052120000016/deck331202010-k.htm
DECK,income,2018-03-31,annual,Comprehensive income,1,127862.0,1000,USD,2018,2095,10-K,2020-06-01,https://www.sec.gov/Archives/edgar/data/910521/000091052120000016/deck331202010-k.htm
DECK,income,2018-03-31,annual,Comprehensive income (loss),1,127862.0,1000,USD,2018,2147,10-K,2019-05-30,https://www.sec.gov/Archives/edgar/data/910521/000091052119000011/deck331201910-kdocument.htm
DECK,income,2018-03-31,annual,Cost of sales,1,971697.0,1000,USD,2018,2080,10-K,2020-06-01,https://www.sec.gov/Archives/edgar/data/910521/000091052120000016/deck331202010-k.htm
DECK,income,2018-03-31,annual,Diluted,1,3.58,1000,USD,2018,2098,10-K,2020-06-01,https://www.sec.gov/Archives/edgar/data/910521/000091052120000016/deck331202010-k.htm
DECK,income,2018-03-31,annual,Diluted,2,31996.0,1000,USD,2018,2101,10-K,2020-06-01,https://www.sec.gov/Archives/edgar/data/910521/000091052120000016/deck331202010-k.htm
DECK,income,2018-03-31,annual,Foreign currency translation (loss) gain,1,14081.0,1000,USD,2018,2093,10-K,2020-06-01,https://www.sec.gov/Archives/edgar/data/910521/000091052120000016/deck331202010-k.htm
DECK,income,2018-03-31,annual,Gross profit,1,931642.0,1000,USD,2018,2081,10-K,2020-06-01,https://www.sec.gov/Archives/edgar/data/910521/000091052120000016/deck331202010-k.htm
DECK,income,2018-03-31,annual,Income (loss) before income taxes,1,220696.0,1000,USD,2018,2140,10-K,2019-05-30,https://www.sec.gov/Archives/edgar/data/910521/000091052119000011/deck331201910-kdocument.htm
DECK,income,2018-03-31,annual,Income (loss) from operations,1,222584.0,1000,USD,2018,2135,10-K,2019-05-30,https://www.sec.gov/Archives/edgar/data/910521/000091052119000011/deck331201910-kdocument.htm
DECK,income,2018-03-31,annual,Income before income taxes,1,220696.0,1000,USD,2018,2088,10-K,2020-06-01,https://www.sec.gov/Archives/edgar/data/910521/000091052120000016/deck331202010-k.htm
DECK,income,2018-03-31,annual,Income from operations,1,222584.0,1000,USD,2018,2083,10-K,2020-06-01,https://www.sec.gov/Archives/edgar/data/910521/000091052120000016/deck331202010-k.htm
DECK,income,2018-03-31,annual,Income tax expense,1,106302.0,1000,USD,2018,2089,10-K,2020-06-01,https://www.sec.gov/Archives/edgar/data/910521/000091052120000016/deck331202010-k.htm
DECK,income,2018-03-31,annual,Income tax expense (benefit),1,106302.0,1000,USD,2018,2141,10-K,2019-05-30,https://www.sec.gov/Archives/edgar/data/910521/000091052119000011/deck331201910-kdocument.htm
DECK,income,2018-03-31,annual,Interest expense,1,4585.0,1000,USD,2018,2085,10-K,2020-06-01,https://www.sec.gov/Archives/edgar/data/910521/000091052120000016/deck331202010-k.htm
DECK,income,2018-03-31,annual,Interest income,1,3057.0,1000,USD,2018,2084,10-K,2020-06-01,https://www.sec.gov/Archives/edgar/data/910521/000091052120000016/deck331202010-k.htm
DECK,income,2018-03-31,annual,Net income,1,114394.0,1000,USD,2018,2090,10-K,2020-06-01,https://www.sec.gov/Archives/edgar/data/910521/000091052120000016/deck331202010-k.htm
DECK,income,2018-03-31,annual,Net sales,1,1903339.0,1000,USD,2018,2079,10-K,2020-06-01,https://www.sec.gov/Archives/edgar/data/910521/000091052120000016/deck331202010-k.htm
DECK,income,2018-03-31,annual,"Other (income) expense, net",1,360.0,1000,USD,2018,2086,10-K,2020-06-01,https://www.sec.gov/Archives/edgar/data/910521/000091052120000016/deck331202010-k.htm
DECK,income,2018-03-31,annual,"Selling, general and administrative expenses",1,709058.0,1000,USD,2018,2082,10-K,2020-06-01,https://www.sec.gov/Archives/edgar/data/910521/000091052120000016/deck331202010-k.htm
DECK,income,2018-03-31,annual,"Total other (income) expense, net",1,1888.0,1000,USD,2018,2087,10-K,2020-06-01,https://www.sec.gov/Archives/edgar/data/910521/000091052120000016/deck331202010-k.htm
DECK,income,2018-03-31,annual,Total other comprehensive (loss) income,1,13468.0,1000,USD,2018,2094,10-K,2020-06-01,https://www.sec.gov/Archives/edgar/data/910521/000091052120000016/deck331202010-k.htm
DECK,income,2018-03-31,annual,Unrealized (loss) gain on cash flow hedges,1,613.0,1000,USD,2018,2144,10-K,2019-05-30,https://www.sec.gov/Archives/edgar/data/910521/000091052119000011/deck331201910-kdocument.htm
DECK,income,2018-03-31,annual,Unrealized loss on cash flow hedges,1,613.0,1000,USD,2018,2092,10-K,2020-06-01,https://www.sec.gov/Archives/edgar/data/910521/000091052120000016/deck331202010-k.htm
DECK,balance,2019-03-31,instant,Accrued payroll,1,54462.0,1000,USD,2019,2044,10-K,2020-06-01,https://www.sec.gov/Archives/edgar/data/910521/000091052120000016/deck331202010-k.htm
DECK,balance,2019-03-31,instant,Accumulated other comprehensive loss,1,22654.0,1000,USD,2019,2061,10-K,2020-06-01,https://www.sec.gov/Archives/edgar/data/910521/000091052120000016/deck331202010-k.htm
DECK,balance,2019-03-31,instant,Additional paid-in capital,1,178227.0,1000,USD,2019,2059,10-K,2020-06-01,https://www.sec.gov/Archives/edgar/data/910521/000091052120000016/deck331202010-k.htm
DECK,balance,2019-03-31,instant,Cash and cash equivalents,1,589692.0,1000,USD,2019,2027,10-K,2020-06-01,https://www.sec.gov/Archives/edgar/data/910521/000091052120000016/deck331202010-k.htm
DECK,balance,2019-03-31,instant,"Common stock ($0.01 par value; 125,000 shares authorized; shares issued and outstanding of 27,999 and 29,141 as of March 31, 2020 and March 31, 2019, respectively)",1,291.0,1000,USD,2019,2058,10-K,2020-06-01,https://www.sec.gov/Archives/edgar/data/910521/000091052120000016/deck331202010-k.htm
DECK,balance,2019-03-31,instant,"Common stock ($0.01 par value; 125,000 shares authorized; shares issued and outstanding of 29,141 and 30,447 as of March 31, 2019 and 2018, respectively)",1,291.0,1000,USD,"As of March 31, — 2019",2110,10-K,2019-05-30,https://www.sec.gov/Archives/edgar/data/910521/000091052119000011/deck331201910-kdocument.htm
DECK,balance,2019-03-31,instant,Deferred rent obligations,1,21107.0,1000,USD,2019,2053,10-K,2020-06-01,https://www.sec.gov/Archives/edgar/data/910521/000091052120000016/deck331202010-k.htm
DECK,balance,2019-03-31,instant,"Deferred tax assets, net",1,30870.0,1000,USD,2019,2038,10-K,2020-06-01,https://www.sec.gov/Archives/edgar/data/910521/000091052120000016/deck331202010-k.htm
DECK,balance,2019-03-31,instant,Goodwill,1,13990.0,1000,USD,2019,2036,10-K,2020-06-01,https://www.sec.gov/Archives/edgar/data/910521/000091052120000016/deck331202010-k.htm
DECK,balance,2019-03-31,instant,Income tax liability,1,60616.0,1000,USD,2019,2052,10-K,2020-06-01,https://www.sec.gov/Archives/edgar/data/910521/000091052120000016/deck331202010-k.htm
DECK,balance,2019-03-31,instant,Income tax receivable,1,2340.0,1000,USD,2019,2032,10-K,2020-06-01,https://www.sec.gov/Archives/edgar/data/910521/000091052120000016/deck331202010-k.htm
DECK,balance,2019-03-31,instant,Income taxes payable,1,19283.0,1000,USD,2019,2047,10-K,2020-06-01,https://www.sec.gov/Archives/edgar/data/910521/000091052120000016/deck331202010-k.htm
DECK,balance,2019-03-31,instant,"Inventories, net of reserves ($12,227 and $9,723 as of March 31,2020 and March 31, 2019, respectively)",1,278842.0,1000,USD,2019,2029,10-K,2020-06-01,https://www.sec.gov/Archives/edgar/data/910521/000091052120000016/deck331202010-k.htm
DECK,balance,2019-03-31,instant,"Inventories, net of reserves ($9,723 and $9,020 as of March 31, 2019 and 2018, respectively)",1,278842.0,1000,USD,"As of March 31, — 2019",2083,10-K,2019-05-30,https://www.sec.gov/Archives/edgar/data/910521/000091052119000011/deck331201910-kdocument.htm
DECK,balance,2019-03-31,instant,Mortgage payable,1,30901.0,1000,USD,2019,2050,10-K,2020-06-01,https://www.sec.gov/Archives/edgar/data/910521/000091052120000016/deck331202010-k.htm
DECK,balance,2019-03-31,instant,Other accrued expenses,1,47963.0,1000,USD,2019,2046,10-K,2020-06-01,https://www.sec.gov/Archives/edgar/data/910521/000091052120000016/deck331202010-k.htm
DECK,balance,2019-03-31,instant,Other assets,1,21651.0,1000,USD,2019,2039,10-K,2020-06-01,https://www.sec.gov/Archives/edgar/data/910521/000091052120000016/deck331202010-k.htm
DECK,balance,2019-03-31,instant,Other current assets,1,26028.0,1000,USD,2019,2031,10-K,2020-06-01,https://www.sec.gov/Archives/edgar/data/910521/000091052120000016/deck331202010-k.htm
DECK,balance,2019-03-31,instant,"Other intangible assets, net of accumulated amortization ($71,186 and $66,065 as of March 31, 2019 and 2018, respectively)",1,51494.0,1000,USD,"As of March 31, — 2019",2090,10-K,2019-05-30,https://www.sec.gov/Archives/edgar/data/910521/000091052119000011/deck331201910-kdocument.htm
DECK,balance,2019-03-31,instant,"Other intangible assets, net of accumulated amortization ($74,421 and $71,186 as of March 31, 2020 and March 31, 2019, respectively)",1,51494.0,1000,USD,2019,2037,10-K,2020-06-01,https://www.sec.gov/Archives/edgar/data/910521/000091052120000016/deck331202010-k.htm
DECK,balance,2019-03-31,instant,Other long-term liabilities,1,18928.0,1000,USD,2019,2054,10-K,2020-06-01,https://www.sec.gov/Archives/edgar/data/910521/000091052120000016/deck331202010-k.htm
DECK,balance,2019-03-31,instant,Prepaid expenses,1,19901.0,1000,USD,2019,2030,10-K,2020-06-01,https://www.sec.gov/Archives/edgar/data/910521/000091052120000016/deck331202010-k.htm
DECK,balance,2019-03-31,instant,"Property and equipment, net of accumulated depreciation ($235,939 and $210,763 as of March 31, 2019 and 2018, respectively)",1,213796.0,1000,USD,"As of March 31, — 2019",2088,10-K,2019-05-30,https://www.sec.gov/Archives/edgar/data/910521/000091052119000011/deck331201910-kdocument.htm
DECK,balance,2019-03-31,instant,"Property and equipment, net of accumulated depreciation ($242,138 and $235,939 as of March 31, 2020 and March 31, 2019, respectively)",1,213796.0,1000,USD,2019,2034,10-K,2020-06-01,https://www.sec.gov/Archives/edgar/data/910521/000091052120000016/deck331202010-k.htm
DECK,balance,2019-03-31,instant,Retained earnings,1,889266.0,1000,USD,2019,2060,10-K,2020-06-01,https://www.sec.gov/Archives/edgar/data/910521/000091052120000016/deck331202010-k.htm
DECK,balance,2019-03-31,instant,Short-term borrowings,1,603.0,1000,USD,2019,2042,10-K,2020-06-01,https://www.sec.gov/Archives/edgar/data/910521/000091052120000016/deck331202010-k.htm
DECK,balance,2019-03-31,instant,Total,1,10942.0,1000,USD,2019,2860,10-K,2020-06-01,https://www.sec.gov/Archives/edgar/data/910521/000091052120000016/deck331202010-k.htm
DECK,balance,2019-03-31,instant,Total assets,1,1427206.0,1000,USD,2019,2040,10-K,2020-06-01,https://www.sec.gov/Archives/edgar/data/910521/000091052120000016/deck331202010-k.htm
DECK,balance,2019-03-31,instant,Total current assets,1,1095405.0,1000,USD,2019,2033,10-K,2020-06-01,https://www.sec.gov/Archives/edgar/data/910521/000091052120000016/deck331202010-k.htm
DECK,balance,2019-03-31,instant,Total current liabilities,1,250524.0,1000,USD,2019,2049,10-K,2020-06-01,https://www.sec.gov/Archives/edgar/data/910521/000091052120000016/deck331202010-k.htm
DECK,balance,2019-03-31,instant,Total liabilities and stockholders' equity,1,1427206.0,1000,USD,2019,2063,10-K,2020-06-01,https://www.sec.gov/Archives/edgar/data/910521/000091052120000016/deck331202010-k.htm
DECK,balance,2019-03-31,instant,Total long-term liabilities,1,131552.0,1000,USD,2019,2055,10-K,2020-06-01,https://www.sec.gov/Archives/edgar/data/910521/000091052120000016/deck331202010-k.htm
DECK,balance,2019-03-31,instant,Total stockholders' equity,1,1045130.0,1000,USD,2019,2062,10-K,2020-06-01,https://www.sec.gov/Archives/edgar/data/910521/000091052120000016/deck331202010-k.htm
DECK,balance,2019-03-31,instant,Trade accounts payable,1,124974.0,1000,USD,2019,2043,10-K,2020-06-01,https://www.sec.gov/Archives/edgar/data/910521/000091052120000016/deck331202010-k.htm
DECK,balance,2019-03-31,instant,"Trade accounts receivable, net of allowances ($18,824 and $33,462 as of March 31, 2019 and 2018, respectively)",1,178602.0,1000,USD,"As of March 31, — 2019",2082,10-K,2019-05-30,https://www.sec.gov/Archives/edgar/data/910521/000091052119000011/deck331201910-kdocument.htm
DECK,balance,2019-03-31,instant,"Trade accounts receivable, net of allowances ($21,146 and $18,824 as of March 31, 2020 and March 31, 2019, respectively)",1,178602.0,1000,USD,2019,2028,10-K,2020-06-01,https://www.sec.gov/Archives/edgar/data/910521/000091052120000016/deck331202010-k.htm
DECK,balance,2019-03-31,instant,Value added tax payable,1,3239.0,1000,USD,2019,2048,10-K,2020-06-01,https://www.sec.gov/Archives/edgar/data/910521/000091052120000016/deck331202010-k.htm
DECK,cash_flow,2019-03-31,annual,Accrued expenses,1,7160.0,1000,USD,"Years Ended March 31, — 2019",2231,10-K,2019-05-30,https://www.sec.gov/Archives/edgar/data/910521/000091052119000011/deck331201910-kdocument.htm
DECK,cash_flow,2019-03-31,annual,Accrued for asset retirement obligations,1,4706.0,1000,USD,2019,1891,10-K,2021-05-28,https://www.sec.gov/Archives/edgar/data/910521/000091052121000017/deck-20210331.htm
DECK,cash_flow,2019-03-31,annual,Accrued for purchases of property and equipment,1,1789.0,1000,USD,2019,1890,10-K,2021-05-28,https://www.sec.gov/Archives/edgar/data/910521/000091052121000017/deck-20210331.htm
DECK,cash_flow,2019-03-31,annual,Amortization on debt issuance costs,1,286.0,1000,USD,"Years Ended March 31, — 2019",2214,10-K,2019-05-30,https://www.sec.gov/Archives/edgar/data/910521/000091052119000011/deck331201910-kdocument.htm
DECK,cash_flow,2019-03-31,annual,Bad debt expense,1,2849.0,1000,USD,2019,1832,10-K,2021-05-28,https://www.sec.gov/Archives/edgar/data/910521/000091052121000017/deck-20210331.htm
DECK,cash_flow,2019-03-31,annual,Cash and cash equivalents at beginning of period,1,429970.0,1000,USD,2019,1869,10-K,2021-05-28,https://www.sec.gov/Archives/edgar/data/910521/000091052121000017/deck-20210331.htm
DECK,cash_flow,2019-03-31,annual,Cash and cash equivalents at end of period,1,589692.0,1000,USD,2019,1870,10-K,2021-05-28,https://www.sec.gov/Archives/edgar/data/910521/000091052121000017/deck-20210331.htm
DECK,cash_flow,2019-03-31,annual,Cash paid for repurchase of common stock,1,161395.0,1000,USD,"Years Ended March 31, — 2019",2244,10-K,2019-05-30,https://www.sec.gov/Archives/edgar/data/910521/000091052119000011/deck331201910-kdocument.htm
DECK,cash_flow,2019-03-31,annual,Cash paid for shares withheld for taxes,1,-5328.0,1000,USD,2019,1864,10-K,2021-05-28,https://www.sec.gov/Archives/edgar/data/910521/000091052121000017/deck-20210331.htm
DECK,cash_flow,2019-03-31,annual,Debt issuance costs on short-term borrowings,1,-1297.0,1000,USD,2019,1860,10-K,2021-05-28,https://www.sec.gov/Archives/edgar/data/910521/000091052121000017/deck-20210331.htm
DECK,cash_flow,2019-03-31,annual,Deferred tax (benefit) expense,1,6939.0,1000,USD,2019,1833,10-K,2021-05-28,https://www.sec.gov/Archives/edgar/data/910521/000091052121000017/deck-20210331.htm
DECK,cash_flow,2019-03-31,annual,Deferred tax expense,1,6939.0,1000,USD,2019,2165,10-K,2020-06-01,https://www.sec.gov/Archives/edgar/data/910521/000091052120000016/deck331202010-k.htm
DECK,cash_flow,2019-03-31,annual,Deferred tax expense (benefit),1,6939.0,1000,USD,"Years Ended March 31, — 2019",2217,10-K,2019-05-30,https://www.sec.gov/Archives/edgar/data/910521/000091052119000011/deck331201910-kdocument.htm
DECK,cash_flow,2019-03-31,annual,"Depreciation, amortization and accretion",1,44941.0,1000,USD,2019,2162,10-K,2020-06-01,https://www.sec.gov/Archives/edgar/data/910521/000091052120000016/deck331202010-k.htm
DECK,cash_flow,2019-03-31,annual,"Depreciation, amortization, and accretion",1,44941.0,1000,USD,2019,1829,10-K,2021-05-28,https://www.sec.gov/Archives/edgar/data/910521/000091052121000017/deck-20210331.htm
DECK,cash_flow,2019-03-31,annual,Effect of foreign currency exchange rates on cash,1,3571.0,1000,USD,"Years Ended March 31, — 2019",2249,10-K,2019-05-30,https://www.sec.gov/Archives/edgar/data/910521/000091052119000011/deck331201910-kdocument.htm
DECK,cash_flow,2019-03-31,annual,Effect of foreign currency exchange rates on cash and cash equivalents,1,-3572.0,1000,USD,2019,1867,10-K,2021-05-28,https://www.sec.gov/Archives/edgar/data/910521/000091052121000017/deck-20210331.htm
DECK,cash_flow,2019-03-31,annual,Employee stock purchase plan,1,189.0,1000,USD,"Years Ended March 31, — 2019",2219,10-K,2019-05-30,https://www.sec.gov/Archives/edgar/data/910521/000091052119000011/deck331201910-kdocument.htm
DECK,cash_flow,2019-03-31,annual,Excess tax benefit from stock-based compensation,1,-546.0,1000,USD,2019,1835,10-K,2021-05-28,https://www.sec.gov/Archives/edgar/data/910521/000091052121000017/deck-20210331.htm
DECK,cash_flow,2019-03-31,annual,Impairment of intangible and other long-lived assets,1,180.0,1000,USD,"Years Ended March 31, — 2019",2222,10-K,2019-05-30,https://www.sec.gov/Archives/edgar/data/910521/000091052119000011/deck331201910-kdocument.htm
DECK,cash_flow,2019-03-31,annual,Impairment of operating lease assets and other long-lived assets,1,180.0,1000,USD,2019,1838,10-K,2021-05-28,https://www.sec.gov/Archives/edgar/data/910521/000091052121000017/deck-20210331.htm
DECK,cash_flow,2019-03-31,annual,Income tax receivable,1,-165.0,1000,USD,2019,1845,10-K,2021-05-28,https://www.sec.gov/Archives/edgar/data/910521/000091052121000017/deck-20210331.htm
DECK,cash_flow,2019-03-31,annual,Income taxes payable,1,4355.0,1000,USD,2019,1850,10-K,2021-05-28,https://www.sec.gov/Archives/edgar/data/910521/000091052121000017/deck-20210331.htm
DECK,cash_flow,2019-03-31,annual,"Income taxes, net of refunds of $ 1,564 , $ 5,389 , and $ 3,824 , as of March 31, 2021, 2020, and 2019, respectively",1,53657.0,1000,USD,2019,1886,10-K,2021-05-28,https://www.sec.gov/Archives/edgar/data/910521/000091052121000017/deck-20210331.htm
DECK,cash_flow,2019-03-31,annual,"Income taxes, net of refunds of $3,824, $23,133 and $17,132, as of March 31, 2019, 2018 and 2017, respectively",1,53657.0,1000,USD,"Years Ended March 31, — 2019",2270,10-K,2019-05-30,https://www.sec.gov/Archives/edgar/data/910521/000091052119000011/deck331201910-kdocument.htm
DECK,cash_flow,2019-03-31,annual,"Income taxes, net of refunds of $5,389, $3,824, and $23,133, as of March 31, 2020, 2019, and 2018, respectively",1,53657.0,1000,USD,2019,2219,10-K,2020-06-01,https://www.sec.gov/Archives/edgar/data/910521/000091052120000016/deck331202010-k.htm
DECK,cash_flow,2019-03-31,annual,Interest,1,3811.0,1000,USD,2019,1887,10-K,2021-05-28,https://www.sec.gov/Archives/edgar/data/910521/000091052121000017/deck-20210331.htm
DECK,cash_flow,2019-03-31,annual,"Inventories, net",1,8827.0,1000,USD,2019,1843,10-K,2021-05-28,https://www.sec.gov/Archives/edgar/data/910521/000091052121000017/deck-20210331.htm
DECK,cash_flow,2019-03-31,annual,Long-term liabilities,1,2191.0,1000,USD,2019,2182,10-K,2020-06-01,https://www.sec.gov/Archives/edgar/data/910521/000091052120000016/deck331202010-k.htm
DECK,cash_flow,2019-03-31,annual,Loss on disposal of long lived assets,1,277.0,1000,USD,2019,1836,10-K,2021-05-28,https://www.sec.gov/Archives/edgar/data/910521/000091052121000017/deck-20210331.htm
DECK,cash_flow,2019-03-31,annual,Loss on disposal of property and equipment,1,277.0,1000,USD,2019,2168,10-K,2020-06-01,https://www.sec.gov/Archives/edgar/data/910521/000091052120000016/deck331202010-k.htm
DECK,cash_flow,2019-03-31,annual,Loss on extinguishment of debt,1,447.0,1000,USD,2019,1831,10-K,2021-05-28,https://www.sec.gov/Archives/edgar/data/910521/000091052121000017/deck-20210331.htm
DECK,cash_flow,2019-03-31,annual,Net cash provided by operating activities,1,359505.0,1000,USD,2019,1852,10-K,2021-05-28,https://www.sec.gov/Archives/edgar/data/910521/000091052121000017/deck-20210331.htm
DECK,cash_flow,2019-03-31,annual,Net cash used in financing activities,1,-167193.0,1000,USD,2019,1866,10-K,2021-05-28,https://www.sec.gov/Archives/edgar/data/910521/000091052121000017/deck-20210331.htm
DECK,cash_flow,2019-03-31,annual,Net cash used in investing activities,1,-29018.0,1000,USD,2019,1856,10-K,2021-05-28,https://www.sec.gov/Archives/edgar/data/910521/000091052121000017/deck-20210331.htm
DECK,cash_flow,2019-03-31,annual,Net change in cash and cash equivalents,1,159722.0,1000,USD,2019,1868,10-K,2021-05-28,https://www.sec.gov/Archives/edgar/data/910521/000091052121000017/deck-20210331.htm
DECK,cash_flow,2019-03-31,annual,Net income,1,264308.0,1000,USD,2019,1827,10-K,2021-05-28,https://www.sec.gov/Archives/edgar/data/910521/000091052121000017/deck-20210331.htm
DECK,cash_flow,2019-03-31,annual,Other accrued expenses,1,-2792.0,1000,USD,2019,1849,10-K,2021-05-28,https://www.sec.gov/Archives/edgar/data/910521/000091052121000017/deck-20210331.htm
DECK,cash_flow,2019-03-31,annual,Other assets,1,2630.0,1000,USD,2019,1847,10-K,2021-05-28,https://www.sec.gov/Archives/edgar/data/910521/000091052121000017/deck-20210331.htm
DECK,cash_flow,2019-03-31,annual,Other long-term liabilities,1,2191.0,1000,USD,2019,1851,10-K,2021-05-28,https://www.sec.gov/Archives/edgar/data/910521/000091052121000017/deck-20210331.htm
DECK,cash_flow,2019-03-31,annual,Prepaid expenses and other current assets,1,-515.0,1000,USD,2019,1844,10-K,2021-05-28,https://www.sec.gov/Archives/edgar/data/910521/000091052121000017/deck-20210331.htm
DECK,cash_flow,2019-03-31,annual,Proceeds from issuance of stock,1,1025.0,1000,USD,2019,1861,10-K,2021-05-28,https://www.sec.gov/Archives/edgar/data/910521/000091052121000017/deck-20210331.htm
DECK,cash_flow,2019-03-31,annual,"Proceeds from sale of property and equipment, net",1,68.0,1000,USD,"Years Ended March 31, — 2019",2237,10-K,2019-05-30,https://www.sec.gov/Archives/edgar/data/910521/000091052119000011/deck331201910-kdocument.htm
DECK,cash_flow,2019-03-31,annual,Proceeds from sales of property and equipment,1,68.0,1000,USD,2019,1855,10-K,2021-05-28,https://www.sec.gov/Archives/edgar/data/910521/000091052121000017/deck-20210331.htm
DECK,cash_flow,2019-03-31,annual,Proceeds from short-term borrowings,1,162001.0,1000,USD,2019,1858,10-K,2021-05-28,https://www.sec.gov/Archives/edgar/data/910521/000091052121000017/deck-20210331.htm
DECK,cash_flow,2019-03-31,annual,Proceeds on issuance of stock for employee stock purchase plan,1,1024.0,1000,USD,"Years Ended March 31, — 2019",2243,10-K,2019-05-30,https://www.sec.gov/Archives/edgar/data/910521/000091052119000011/deck331201910-kdocument.htm
DECK,cash_flow,2019-03-31,annual,Purchases of property and equipment,1,-29086.0,1000,USD,2019,1854,10-K,2021-05-28,https://www.sec.gov/Archives/edgar/data/910521/000091052121000017/deck-20210331.htm
DECK,cash_flow,2019-03-31,annual,Repayment of mortgage principal,1,578.0,1000,USD,"Years Ended March 31, — 2019",2247,10-K,2019-05-30,https://www.sec.gov/Archives/edgar/data/910521/000091052119000011/deck331201910-kdocument.htm
DECK,cash_flow,2019-03-31,annual,Repayments of mortgage principal,1,-578.0,1000,USD,2019,1865,10-K,2021-05-28,https://www.sec.gov/Archives/edgar/data/910521/000091052121000017/deck-20210331.htm
DECK,cash_flow,2019-03-31,annual,Repayments of short-term borrowings,1,-161621.0,1000,USD,2019,1859,10-K,2021-05-28,https://www.sec.gov/Archives/edgar/data/910521/000091052121000017/deck-20210331.htm
DECK,cash_flow,2019-03-31,annual,Repurchases of common stock,1,-161395.0,1000,USD,2019,1863,10-K,2021-05-28,https://www.sec.gov/Archives/edgar/data/910521/000091052121000017/deck-20210331.htm
DECK,cash_flow,2019-03-31,annual,Restructuring charges,1,295.0,1000,USD,2019,1839,10-K,2021-05-28,https://www.sec.gov/Archives/edgar/data/910521/000091052121000017/deck-20210331.htm
DECK,cash_flow,2019-03-31,annual,Stock-based compensation,1,14774.0,1000,USD,2019,1834,10-K,2021-05-28,https://www.sec.gov/Archives/edgar/data/910521/000091052121000017/deck-20210331.htm
DECK,cash_flow,2019-03-31,annual,Trade accounts payable,1,26667.0,1000,USD,2019,1848,10-K,2021-05-28,https://www.sec.gov/Archives/edgar/data/910521/000091052121000017/deck-20210331.htm
DECK,cash_flow,2019-03-31,annual,"Trade accounts receivable, net",1,-16157.0,1000,USD,2019,1842,10-K,2021-05-28,https://www.sec.gov/Archives/edgar/data/910521/000091052121000017/deck-20210331.htm
DECK,income,2019-03-31,annual,Basic,1,8.92,1000,USD,2019,1768,10-K,2021-05-28,https://www.sec.gov/Archives/edgar/data/910521/000091052121000017/deck-20210331.htm
DECK,income,2019-03-31,annual,Basic,2,29641.0,1000,USD,2019,1771,10-K,2021-05-28,https://www.sec.gov/Archives/edgar/data/910521/000091052121000017/deck-20210331.htm
DECK,income,2019-03-31,annual,Comprehensive income,1,254637.0,1000,USD,2019,1766,10-K,2021-05-28,https://www.sec.gov/Archives/edgar/data/910521/000091052121000017/deck-20210331.htm
DECK,income,2019-03-31,annual,Comprehensive income (loss),1,254637.0,1000,USD,"Years Ended March 31, — 2019",2147,10-K,2019-05-30,https://www.sec.gov/Archives/edgar/data/910521/000091052119000011/deck331201910-kdocument.htm
DECK,income,2019-03-31,annual,Cost of sales,1,980187.0,1000,USD,2019,1751,10-K,2021-05-28,https://www.sec.gov/Archives/edgar/data/910521/000091052121000017/deck-20210331.htm
DECK,income,2019-03-31,annual,Diluted,1,8.84,1000,USD,2019,1769,10-K,2021-05-28,https://www.sec.gov/Archives/edgar/data/910521/000091052121000017/deck-20210331.htm
DECK,income,2019-03-31,annual,Diluted,2,29903.0,1000,USD,2019,1772,10-K,2021-05-28,https://www.sec.gov/Archives/edgar/data/910521/000091052121000017/deck-20210331.htm
DECK,income,2019-03-31,annual,Foreign currency translation (loss) gain,1,9428.0,1000,USD,2019,2093,10-K,2020-06-01,https://www.sec.gov/Archives/edgar/data/910521/000091052120000016/deck331202010-k.htm
DECK,income,2019-03-31,annual,Foreign currency translation gain (loss),1,-9428.0,1000,USD,2019,1764,10-K,2021-05-28,https://www.sec.gov/Archives/edgar/data/910521/000091052121000017/deck-20210331.htm
DECK,income,2019-03-31,annual,Gross profit,1,1040250.0,1000,USD,2019,1752,10-K,2021-05-28,https://www.sec.gov/Archives/edgar/data/910521/000091052121000017/deck-20210331.htm
DECK,income,2019-03-31,annual,Income (loss) before income taxes,1,328934.0,1000,USD,"Years Ended March 31, — 2019",2140,10-K,2019-05-30,https://www.sec.gov/Archives/edgar/data/910521/000091052119000011/deck331201910-kdocument.htm
DECK,income,2019-03-31,annual,Income (loss) from operations,1,327320.0,1000,USD,"Years Ended March 31, — 2019",2135,10-K,2019-05-30,https://www.sec.gov/Archives/edgar/data/910521/000091052119000011/deck331201910-kdocument.htm
DECK,income,2019-03-31,annual,Income before income taxes,1,328934.0,1000,USD,2019,1759,10-K,2021-05-28,https://www.sec.gov/Archives/edgar/data/910521/000091052121000017/deck-20210331.htm
DECK,income,2019-03-31,annual,Income from operations,1,327320.0,1000,USD,2019,1754,10-K,2021-05-28,https://www.sec.gov/Archives/edgar/data/910521/000091052121000017/deck-20210331.htm
DECK,income,2019-03-31,annual,Income tax expense,1,64626.0,1000,USD,2019,1760,10-K,2021-05-28,https://www.sec.gov/Archives/edgar/data/910521/000091052121000017/deck-20210331.htm
DECK,income,2019-03-31,annual,Income tax expense (benefit),1,64626.0,1000,USD,"Years Ended March 31, — 2019",2141,10-K,2019-05-30,https://www.sec.gov/Archives/edgar/data/910521/000091052119000011/deck331201910-kdocument.htm
DECK,income,2019-03-31,annual,Interest expense,1,4661.0,1000,USD,2019,1756,10-K,2021-05-28,https://www.sec.gov/Archives/edgar/data/910521/000091052121000017/deck-20210331.htm
DECK,income,2019-03-31,annual,Interest income,1,-6028.0,1000,USD,2019,1755,10-K,2021-05-28,https://www.sec.gov/Archives/edgar/data/910521/000091052121000017/deck-20210331.htm
DECK,income,2019-03-31,annual,Net income,1,264308.0,1000,USD,2019,1761,10-K,2021-05-28,https://www.sec.gov/Archives/edgar/data/910521/000091052121000017/deck-20210331.htm
DECK,income,2019-03-31,annual,Net sales,1,2020437.0,1000,USD,2019,1750,10-K,2021-05-28,https://www.sec.gov/Archives/edgar/data/910521/000091052121000017/deck-20210331.htm
DECK,income,2019-03-31,annual,"Other (income) expense, net",1,247.0,1000,USD,2019,2086,10-K,2020-06-01,https://www.sec.gov/Archives/edgar/data/910521/000091052120000016/deck331202010-k.htm
DECK,income,2019-03-31,annual,"Other income, net",1,-247.0,1000,USD,2019,1757,10-K,2021-05-28,https://www.sec.gov/Archives/edgar/data/910521/000091052121000017/deck-20210331.htm
DECK,income,2019-03-31,annual,"Selling, general and administrative expenses",1,712930.0,1000,USD,2019,2082,10-K,2020-06-01,https://www.sec.gov/Archives/edgar/data/910521/000091052120000016/deck331202010-k.htm
DECK,income,2019-03-31,annual,"Selling, general, and administrative expenses",1,712930.0,1000,USD,2019,1753,10-K,2021-05-28,https://www.sec.gov/Archives/edgar/data/910521/000091052121000017/deck-20210331.htm
DECK,income,2019-03-31,annual,"Total other (income) expense, net",1,1614.0,1000,USD,2019,2087,10-K,2020-06-01,https://www.sec.gov/Archives/edgar/data/910521/000091052120000016/deck331202010-k.htm
DECK,income,2019-03-31,annual,Total other comprehensive (loss) income,1,9671.0,1000,USD,2019,2094,10-K,2020-06-01,https://www.sec.gov/Archives/edgar/data/910521/000091052120000016/deck331202010-k.htm
DECK,income,2019-03-31,annual,Total other comprehensive income (loss),1,-9671.0,1000,USD,2019,1765,10-K,2021-05-28,https://www.sec.gov/Archives/edgar/data/910521/000091052121000017/deck-20210331.htm
DECK,income,2019-03-31,annual,"Total other expense (income), net",1,-1614.0,1000,USD,2019,1758,10-K,2021-05-28,https://www.sec.gov/Archives/edgar/data/910521/000091052121000017/deck-20210331.htm
DECK,income,2019-03-31,annual,Unrealized (loss) gain on cash flow hedges,1,243.0,1000,USD,"Years Ended March 31, — 2019",2144,10-K,2019-05-30,https://www.sec.gov/Archives/edgar/data/910521/000091052119000011/deck331201910-kdocument.htm
DECK,income,2019-03-31,annual,Unrealized loss on cash flow hedges,1,243.0,1000,USD,2019,2092,10-K,2020-06-01,https://www.sec.gov/Archives/edgar/data/910521/000091052120000016/deck331202010-k.htm
DECK,income,2019-03-31,annual,"Unrealized loss on cash flow hedges, net of tax",1,-243.0,1000,USD,2019,1763,10-K,2021-05-28,https://www.sec.gov/Archives/edgar/data/910521/000091052121000017/deck-20210331.htm
DECK,balance,2020-03-31,instant,Accrued payroll,1,42309.0,1000,USD,2020,1718,10-K,2021-05-28,https://www.sec.gov/Archives/edgar/data/910521/000091052121000017/deck-20210331.htm
DECK,balance,2020-03-31,instant,Accumulated other comprehensive loss,1,-25559.0,1000,USD,2020,1734,10-K,2021-05-28,https://www.sec.gov/Archives/edgar/data/910521/000091052121000017/deck-20210331.htm
DECK,balance,2020-03-31,instant,Additional paid-in capital,1,191451.0,1000,USD,2020,1732,10-K,2021-05-28,https://www.sec.gov/Archives/edgar/data/910521/000091052121000017/deck-20210331.htm
DECK,balance,2020-03-31,instant,Cash and cash equivalents,1,649436.0,1000,USD,2020,1701,10-K,2021-05-28,https://www.sec.gov/Archives/edgar/data/910521/000091052121000017/deck-20210331.htm
DECK,balance,2020-03-31,instant,"Common stock ($ 0.01 par value; 125,000 shares authorized; shares issued and outstanding of 27,910 and 27,999 as of March 31, 2021 and March 31, 2020, respectively)",1,280.0,1000,USD,2020,1731,10-K,2021-05-28,https://www.sec.gov/Archives/edgar/data/910521/000091052121000017/deck-20210331.htm
DECK,balance,2020-03-31,instant,"Common stock ($0.01 par value; 125,000 shares authorized; shares issued and outstanding of 27,999 and 29,141 as of March 31, 2020 and March 31, 2019, respectively)",1,280.0,1000,USD,"As of March 31, — 2020",2058,10-K,2020-06-01,https://www.sec.gov/Archives/edgar/data/910521/000091052120000016/deck331202010-k.htm
DECK,balance,2020-03-31,instant,"Deferred tax assets, net",1,28233.0,1000,USD,2020,1712,10-K,2021-05-28,https://www.sec.gov/Archives/edgar/data/910521/000091052121000017/deck-20210331.htm
DECK,balance,2020-03-31,instant,Goodwill,1,13990.0,1000,USD,2020,1710,10-K,2021-05-28,https://www.sec.gov/Archives/edgar/data/910521/000091052121000017/deck-20210331.htm
DECK,balance,2020-03-31,instant,Income tax liability,1,63547.0,1000,USD,2020,1726,10-K,2021-05-28,https://www.sec.gov/Archives/edgar/data/910521/000091052121000017/deck-20210331.htm
DECK,balance,2020-03-31,instant,Income tax receivable,1,8151.0,1000,USD,2020,1706,10-K,2021-05-28,https://www.sec.gov/Archives/edgar/data/910521/000091052121000017/deck-20210331.htm
DECK,balance,2020-03-31,instant,Income taxes payable,1,11104.0,1000,USD,2020,1721,10-K,2021-05-28,https://www.sec.gov/Archives/edgar/data/910521/000091052121000017/deck-20210331.htm
DECK,balance,2020-03-31,instant,"Inventories, net of reserves ($ 19,632 and $ 12,227 as of March 31, 2021 and March 31, 2020, respectively)",1,311620.0,1000,USD,2020,1703,10-K,2021-05-28,https://www.sec.gov/Archives/edgar/data/910521/000091052121000017/deck-20210331.htm
DECK,balance,2020-03-31,instant,"Inventories, net of reserves ($12,227 and $9,723 as of March 31,2020 and March 31, 2019, respectively)",1,311620.0,1000,USD,"As of March 31, — 2020",2029,10-K,2020-06-01,https://www.sec.gov/Archives/edgar/data/910521/000091052120000016/deck331202010-k.htm
DECK,balance,2020-03-31,instant,Long-term operating lease liabilities,1,215724.0,1000,USD,2020,1725,10-K,2021-05-28,https://www.sec.gov/Archives/edgar/data/910521/000091052121000017/deck-20210331.htm
DECK,balance,2020-03-31,instant,Mortgage payable,1,30263.0,1000,USD,2020,1724,10-K,2021-05-28,https://www.sec.gov/Archives/edgar/data/910521/000091052121000017/deck-20210331.htm
DECK,balance,2020-03-31,instant,Operating lease assets,1,243522.0,1000,USD,2020,1709,10-K,2021-05-28,https://www.sec.gov/Archives/edgar/data/910521/000091052121000017/deck-20210331.htm
DECK,balance,2020-03-31,instant,Operating lease liabilities,1,49091.0,1000,USD,2020,1719,10-K,2021-05-28,https://www.sec.gov/Archives/edgar/data/910521/000091052121000017/deck-20210331.htm
DECK,balance,2020-03-31,instant,Other accrued expenses,1,46281.0,1000,USD,2020,1720,10-K,2021-05-28,https://www.sec.gov/Archives/edgar/data/910521/000091052121000017/deck-20210331.htm
DECK,balance,2020-03-31,instant,Other assets,1,28209.0,1000,USD,2020,1713,10-K,2021-05-28,https://www.sec.gov/Archives/edgar/data/910521/000091052121000017/deck-20210331.htm
DECK,balance,2020-03-31,instant,Other current assets,1,21548.0,1000,USD,2020,1705,10-K,2021-05-28,https://www.sec.gov/Archives/edgar/data/910521/000091052121000017/deck-20210331.htm
DECK,balance,2020-03-31,instant,"Other intangible assets, net of accumulated amortization ($ 77,473 and $ 74,421 as of March 31, 2021 and March 31, 2020, respectively)",1,48016.0,1000,USD,2020,1711,10-K,2021-05-28,https://www.sec.gov/Archives/edgar/data/910521/000091052121000017/deck-20210331.htm
DECK,balance,2020-03-31,instant,"Other intangible assets, net of accumulated amortization ($74,421 and $71,186 as of March 31, 2020 and March 31, 2019, respectively)",1,48016.0,1000,USD,"As of March 31, — 2020",2037,10-K,2020-06-01,https://www.sec.gov/Archives/edgar/data/910521/000091052120000016/deck331202010-k.htm
DECK,balance,2020-03-31,instant,Other long-term liabilities,1,14518.0,1000,USD,2020,1727,10-K,2021-05-28,https://www.sec.gov/Archives/edgar/data/910521/000091052121000017/deck-20210331.htm
DECK,balance,2020-03-31,instant,Prepaid expenses,1,17760.0,1000,USD,2020,1704,10-K,2021-05-28,https://www.sec.gov/Archives/edgar/data/910521/000091052121000017/deck-20210331.htm
DECK,balance,2020-03-31,instant,"Property and equipment, net of accumulated depreciation ($ 266,905 and $ 242,138 as of March 31, 2021 and March 31, 2020, respectively)",1,209037.0,1000,USD,2020,1708,10-K,2021-05-28,https://www.sec.gov/Archives/edgar/data/910521/000091052121000017/deck-20210331.htm
DECK,balance,2020-03-31,instant,"Property and equipment, net of accumulated depreciation ($242,138 and $235,939 as of March 31, 2020 and March 31, 2019, respectively)",1,209037.0,1000,USD,"As of March 31, — 2020",2034,10-K,2020-06-01,https://www.sec.gov/Archives/edgar/data/910521/000091052120000016/deck331202010-k.htm
DECK,balance,2020-03-31,instant,Retained earnings,1,973948.0,1000,USD,2020,1733,10-K,2021-05-28,https://www.sec.gov/Archives/edgar/data/910521/000091052121000017/deck-20210331.htm
DECK,balance,2020-03-31,instant,Short-term borrowings,1,638.0,1000,USD,2020,1716,10-K,2021-05-28,https://www.sec.gov/Archives/edgar/data/910521/000091052121000017/deck-20210331.htm
DECK,balance,2020-03-31,instant,Total,1,17638.0,1000,USD,2020,2423,10-K,2021-05-28,https://www.sec.gov/Archives/edgar/data/910521/000091052121000017/deck-20210331.htm
DECK,balance,2020-03-31,instant,Total assets,1,1765118.0,1000,USD,2020,1714,10-K,2021-05-28,https://www.sec.gov/Archives/edgar/data/910521/000091052121000017/deck-20210331.htm
DECK,balance,2020-03-31,instant,Total current assets,1,1194111.0,1000,USD,2020,1707,10-K,2021-05-28,https://www.sec.gov/Archives/edgar/data/910521/000091052121000017/deck-20210331.htm
DECK,balance,2020-03-31,instant,Total current liabilities,1,300946.0,1000,USD,2020,1723,10-K,2021-05-28,https://www.sec.gov/Archives/edgar/data/910521/000091052121000017/deck-20210331.htm
DECK,balance,2020-03-31,instant,Total liabilities and stockholders' equity,1,1765118.0,1000,USD,2020,1736,10-K,2021-05-28,https://www.sec.gov/Archives/edgar/data/910521/000091052121000017/deck-20210331.htm
DECK,balance,2020-03-31,instant,Total long-term liabilities,1,324052.0,1000,USD,2020,1728,10-K,2021-05-28,https://www.sec.gov/Archives/edgar/data/910521/000091052121000017/deck-20210331.htm
DECK,balance,2020-03-31,instant,Total stockholders' equity,1,1140120.0,1000,USD,2020,1735,10-K,2021-05-28,https://www.sec.gov/Archives/edgar/data/910521/000091052121000017/deck-20210331.htm
DECK,balance,2020-03-31,instant,Trade accounts payable,1,147892.0,1000,USD,2020,1717,10-K,2021-05-28,https://www.sec.gov/Archives/edgar/data/910521/000091052121000017/deck-20210331.htm
DECK,balance,2020-03-31,instant,"Trade accounts receivable, net of allowances ($ 26,516 and $ 21,146 as of March 31, 2021 and March 31, 2020, respectively)",1,185596.0,1000,USD,2020,1702,10-K,2021-05-28,https://www.sec.gov/Archives/edgar/data/910521/000091052121000017/deck-20210331.htm
DECK,balance,2020-03-31,instant,"Trade accounts receivable, net of allowances ($21,146 and $18,824 as of March 31, 2020 and March 31, 2019, respectively)",1,185596.0,1000,USD,"As of March 31, — 2020",2028,10-K,2020-06-01,https://www.sec.gov/Archives/edgar/data/910521/000091052120000016/deck331202010-k.htm
DECK,balance,2020-03-31,instant,Value added tax payable,1,3631.0,1000,USD,2020,1722,10-K,2021-05-28,https://www.sec.gov/Archives/edgar/data/910521/000091052121000017/deck-20210331.htm
DECK,cash_flow,2020-03-31,annual,Accrued for asset retirement obligation assets related to leasehold improvements,1,224.0,1000,USD,2020,1827,10-K,2022-05-27,https://www.sec.gov/Archives/edgar/data/910521/000091052122000017/deck-20220331.htm
DECK,cash_flow,2020-03-31,annual,Accrued for asset retirement obligations,1,224.0,1000,USD,2020,1891,10-K,2021-05-28,https://www.sec.gov/Archives/edgar/data/910521/000091052121000017/deck-20210331.htm
DECK,cash_flow,2020-03-31,annual,Accrued for purchases of property and equipment,1,1171.0,1000,USD,2020,1890,10-K,2021-05-28,https://www.sec.gov/Archives/edgar/data/910521/000091052121000017/deck-20210331.htm
DECK,cash_flow,2020-03-31,annual,Bad debt (benefit) expense,1,3498.0,1000,USD,2020,1771,10-K,2022-05-27,https://www.sec.gov/Archives/edgar/data/910521/000091052122000017/deck-20220331.htm
DECK,cash_flow,2020-03-31,annual,Bad debt expense,1,3498.0,1000,USD,2020,1832,10-K,2021-05-28,https://www.sec.gov/Archives/edgar/data/910521/000091052121000017/deck-20210331.htm
DECK,cash_flow,2020-03-31,annual,Cash and cash equivalents at beginning of period,1,589692.0,1000,USD,2020,1805,10-K,2022-05-27,https://www.sec.gov/Archives/edgar/data/910521/000091052122000017/deck-20220331.htm
DECK,cash_flow,2020-03-31,annual,Cash and cash equivalents at end of period,1,649436.0,1000,USD,2020,1806,10-K,2022-05-27,https://www.sec.gov/Archives/edgar/data/910521/000091052122000017/deck-20220331.htm
DECK,cash_flow,2020-03-31,annual,Cash paid for shares withheld for taxes,1,-6148.0,1000,USD,2020,1800,10-K,2022-05-27,https://www.sec.gov/Archives/edgar/data/910521/000091052122000017/deck-20220331.htm
DECK,cash_flow,2020-03-31,annual,Change in accounts payable and other accrued expenses for purchases of property and equipment,1,-618.0,1000,USD,2020,1826,10-K,2022-05-27,https://www.sec.gov/Archives/edgar/data/910521/000091052122000017/deck-20220331.htm
DECK,cash_flow,2020-03-31,annual,Deferred tax (benefit) expense,1,2934.0,1000,USD,2020,1772,10-K,2022-05-27,https://www.sec.gov/Archives/edgar/data/910521/000091052122000017/deck-20220331.htm
DECK,cash_flow,2020-03-31,annual,Deferred tax expense,1,2934.0,1000,USD,"Years Ended March 31, — 2020",2165,10-K,2020-06-01,https://www.sec.gov/Archives/edgar/data/910521/000091052120000016/deck331202010-k.htm
DECK,cash_flow,2020-03-31,annual,"Depreciation, amortization and accretion",1,38912.0,1000,USD,"Years Ended March 31, — 2020",2162,10-K,2020-06-01,https://www.sec.gov/Archives/edgar/data/910521/000091052120000016/deck331202010-k.htm
DECK,cash_flow,2020-03-31,annual,"Depreciation, amortization, and accretion",1,38912.0,1000,USD,2020,1769,10-K,2022-05-27,https://www.sec.gov/Archives/edgar/data/910521/000091052122000017/deck-20220331.htm
DECK,cash_flow,2020-03-31,annual,Effect of foreign currency exchange rates on cash and cash equivalents,1,-2512.0,1000,USD,2020,1803,10-K,2022-05-27,https://www.sec.gov/Archives/edgar/data/910521/000091052122000017/deck-20220331.htm
DECK,cash_flow,2020-03-31,annual,Excess tax benefit from stock-based compensation,1,-1953.0,1000,USD,2020,1835,10-K,2021-05-28,https://www.sec.gov/Archives/edgar/data/910521/000091052121000017/deck-20210331.htm
DECK,cash_flow,2020-03-31,annual,Gain on settlement of asset retirement obligations,1,-705.0,1000,USD,2020,1777,10-K,2022-05-27,https://www.sec.gov/Archives/edgar/data/910521/000091052122000017/deck-20220331.htm
DECK,cash_flow,2020-03-31,annual,Impairment of operating lease and other long-lived assets,1,1365.0,1000,USD,2020,1776,10-K,2022-05-27,https://www.sec.gov/Archives/edgar/data/910521/000091052122000017/deck-20220331.htm
DECK,cash_flow,2020-03-31,annual,Impairment of operating lease assets and other long-lived assets,1,1365.0,1000,USD,2020,1838,10-K,2021-05-28,https://www.sec.gov/Archives/edgar/data/910521/000091052121000017/deck-20210331.htm
DECK,cash_flow,2020-03-31,annual,Income tax payable,1,-8179.0,1000,USD,2020,1787,10-K,2022-05-27,https://www.sec.gov/Archives/edgar/data/910521/000091052122000017/deck-20220331.htm
DECK,cash_flow,2020-03-31,annual,Income tax receivable,1,-5811.0,1000,USD,2020,1782,10-K,2022-05-27,https://www.sec.gov/Archives/edgar/data/910521/000091052122000017/deck-20220331.htm
DECK,cash_flow,2020-03-31,annual,Income taxes payable,1,-6226.0,1000,USD,2020,1850,10-K,2021-05-28,https://www.sec.gov/Archives/edgar/data/910521/000091052121000017/deck-20210331.htm
DECK,cash_flow,2020-03-31,annual,"Income taxes, net of refunds of $ 1,564 , $ 5,389 , and $ 3,824 , as of March 31, 2021, 2020, and 2019, respectively",1,74573.0,1000,USD,2020,1886,10-K,2021-05-28,https://www.sec.gov/Archives/edgar/data/910521/000091052121000017/deck-20210331.htm
DECK,cash_flow,2020-03-31,annual,"Income taxes, net of refunds of $ 77 , $ 1,564 , and $ 5,389 , as of March 31, 2022, 2021, and 2020, respectively",1,74573.0,1000,USD,2020,1822,10-K,2022-05-27,https://www.sec.gov/Archives/edgar/data/910521/000091052122000017/deck-20220331.htm
DECK,cash_flow,2020-03-31,annual,"Income taxes, net of refunds of $5,389, $3,824, and $23,133, as of March 31, 2020, 2019, and 2018, respectively",1,74573.0,1000,USD,"Years Ended March 31, — 2020",2219,10-K,2020-06-01,https://www.sec.gov/Archives/edgar/data/910521/000091052120000016/deck331202010-k.htm
DECK,cash_flow,2020-03-31,annual,Interest,1,2466.0,1000,USD,2020,1823,10-K,2022-05-27,https://www.sec.gov/Archives/edgar/data/910521/000091052122000017/deck-20220331.htm
DECK,cash_flow,2020-03-31,annual,Inventories,1,-32777.0,1000,USD,2020,1780,10-K,2022-05-27,https://www.sec.gov/Archives/edgar/data/910521/000091052122000017/deck-20220331.htm
DECK,cash_flow,2020-03-31,annual,"Inventories, net",1,-32777.0,1000,USD,2020,1843,10-K,2021-05-28,https://www.sec.gov/Archives/edgar/data/910521/000091052121000017/deck-20210331.htm
DECK,cash_flow,2020-03-31,annual,Long-term liabilities,1,1418.0,1000,USD,"Years Ended March 31, — 2020",2182,10-K,2020-06-01,https://www.sec.gov/Archives/edgar/data/910521/000091052120000016/deck331202010-k.htm
DECK,cash_flow,2020-03-31,annual,Loss on disposal of long lived assets,1,698.0,1000,USD,2020,1836,10-K,2021-05-28,https://www.sec.gov/Archives/edgar/data/910521/000091052121000017/deck-20210331.htm
DECK,cash_flow,2020-03-31,annual,Loss on disposal of long-lived assets,1,698.0,1000,USD,2020,1774,10-K,2022-05-27,https://www.sec.gov/Archives/edgar/data/910521/000091052122000017/deck-20220331.htm
DECK,cash_flow,2020-03-31,annual,Loss on disposal of property and equipment,1,698.0,1000,USD,"Years Ended March 31, — 2020",2168,10-K,2020-06-01,https://www.sec.gov/Archives/edgar/data/910521/000091052120000016/deck331202010-k.htm
DECK,cash_flow,2020-03-31,annual,Net cash provided by operating activities,1,286334.0,1000,USD,2020,1789,10-K,2022-05-27,https://www.sec.gov/Archives/edgar/data/910521/000091052122000017/deck-20220331.htm
DECK,cash_flow,2020-03-31,annual,Net cash used in financing activities,1,-192114.0,1000,USD,2020,1802,10-K,2022-05-27,https://www.sec.gov/Archives/edgar/data/910521/000091052122000017/deck-20220331.htm
DECK,cash_flow,2020-03-31,annual,Net cash used in investing activities,1,-31964.0,1000,USD,2020,1793,10-K,2022-05-27,https://www.sec.gov/Archives/edgar/data/910521/000091052122000017/deck-20220331.htm
DECK,cash_flow,2020-03-31,annual,Net change in cash and cash equivalents,1,59744.0,1000,USD,2020,1804,10-K,2022-05-27,https://www.sec.gov/Archives/edgar/data/910521/000091052122000017/deck-20220331.htm
DECK,cash_flow,2020-03-31,annual,Net income,1,276142.0,1000,USD,2020,1767,10-K,2022-05-27,https://www.sec.gov/Archives/edgar/data/910521/000091052122000017/deck-20220331.htm
DECK,cash_flow,2020-03-31,annual,Net operating lease assets and lease liabilities,1,-3264.0,1000,USD,2020,1783,10-K,2022-05-27,https://www.sec.gov/Archives/edgar/data/910521/000091052122000017/deck-20220331.htm
DECK,cash_flow,2020-03-31,annual,Net operating lease assets and liabilities,1,-3264.0,1000,USD,2020,1846,10-K,2021-05-28,https://www.sec.gov/Archives/edgar/data/910521/000091052121000017/deck-20210331.htm
DECK,cash_flow,2020-03-31,annual,Operating leases,1,61120.0,1000,USD,2020,1824,10-K,2022-05-27,https://www.sec.gov/Archives/edgar/data/910521/000091052122000017/deck-20220331.htm
DECK,cash_flow,2020-03-31,annual,Other accrued expenses,1,-11112.0,1000,USD,2020,1786,10-K,2022-05-27,https://www.sec.gov/Archives/edgar/data/910521/000091052122000017/deck-20220331.htm
DECK,cash_flow,2020-03-31,annual,Other assets,1,-6558.0,1000,USD,2020,1784,10-K,2022-05-27,https://www.sec.gov/Archives/edgar/data/910521/000091052122000017/deck-20220331.htm
DECK,cash_flow,2020-03-31,annual,Other long-term liabilities,1,1418.0,1000,USD,2020,1788,10-K,2022-05-27,https://www.sec.gov/Archives/edgar/data/910521/000091052122000017/deck-20220331.htm
DECK,cash_flow,2020-03-31,annual,Prepaid expenses and other current assets,1,2477.0,1000,USD,2020,1781,10-K,2022-05-27,https://www.sec.gov/Archives/edgar/data/910521/000091052122000017/deck-20220331.htm
DECK,cash_flow,2020-03-31,annual,Proceeds from exercise of options,1,3615.0,1000,USD,"Years Ended March 31, — 2020",2193,10-K,2020-06-01,https://www.sec.gov/Archives/edgar/data/910521/000091052120000016/deck331202010-k.htm
DECK,cash_flow,2020-03-31,annual,Proceeds from exercise of stock options,1,3615.0,1000,USD,2020,1798,10-K,2022-05-27,https://www.sec.gov/Archives/edgar/data/910521/000091052122000017/deck-20220331.htm
DECK,cash_flow,2020-03-31,annual,Proceeds from issuance of stock,1,1288.0,1000,USD,2020,1797,10-K,2022-05-27,https://www.sec.gov/Archives/edgar/data/910521/000091052122000017/deck-20220331.htm
DECK,cash_flow,2020-03-31,annual,Proceeds from sales of property and equipment,1,491.0,1000,USD,2020,1792,10-K,2022-05-27,https://www.sec.gov/Archives/edgar/data/910521/000091052122000017/deck-20220331.htm
DECK,cash_flow,2020-03-31,annual,Proceeds from short-term borrowings,1,69336.0,1000,USD,2020,1795,10-K,2022-05-27,https://www.sec.gov/Archives/edgar/data/910521/000091052122000017/deck-20220331.htm
DECK,cash_flow,2020-03-31,annual,Purchases of property and equipment,1,-32455.0,1000,USD,2020,1791,10-K,2022-05-27,https://www.sec.gov/Archives/edgar/data/910521/000091052122000017/deck-20220331.htm
DECK,cash_flow,2020-03-31,annual,Repayments of mortgage principal,1,-603.0,1000,USD,2020,1801,10-K,2022-05-27,https://www.sec.gov/Archives/edgar/data/910521/000091052122000017/deck-20220331.htm
DECK,cash_flow,2020-03-31,annual,Repayments of short-term borrowings,1,-69197.0,1000,USD,2020,1796,10-K,2022-05-27,https://www.sec.gov/Archives/edgar/data/910521/000091052122000017/deck-20220331.htm
DECK,cash_flow,2020-03-31,annual,Repurchases of common stock,1,-190405.0,1000,USD,2020,1799,10-K,2022-05-27,https://www.sec.gov/Archives/edgar/data/910521/000091052122000017/deck-20220331.htm
DECK,cash_flow,2020-03-31,annual,Stock-based compensation,1,14477.0,1000,USD,2020,1773,10-K,2022-05-27,https://www.sec.gov/Archives/edgar/data/910521/000091052122000017/deck-20220331.htm
DECK,cash_flow,2020-03-31,annual,Trade accounts payable,1,23312.0,1000,USD,2020,1785,10-K,2022-05-27,https://www.sec.gov/Archives/edgar/data/910521/000091052122000017/deck-20220331.htm
DECK,cash_flow,2020-03-31,annual,"Trade accounts receivable, net",1,-10493.0,1000,USD,2020,1779,10-K,2022-05-27,https://www.sec.gov/Archives/edgar/data/910521/000091052122000017/deck-20220331.htm
DECK,income,2020-03-31,annual,Basic,1,9.73,1000,USD,2020,1708,10-K,2022-05-27,https://www.sec.gov/Archives/edgar/data/910521/000091052122000017/deck-20220331.htm
DECK,income,2020-03-31,annual,Basic,2,28385.0,1000,USD,2020,1711,10-K,2022-05-27,https://www.sec.gov/Archives/edgar/data/910521/000091052122000017/deck-20220331.htm
DECK,income,2020-03-31,annual,Comprehensive income,1,273237.0,1000,USD,2020,1706,10-K,2022-05-27,https://www.sec.gov/Archives/edgar/data/910521/000091052122000017/deck-20220331.htm
DECK,income,2020-03-31,annual,Cost of sales,1,1029016.0,1000,USD,2020,1692,10-K,2022-05-27,https://www.sec.gov/Archives/edgar/data/910521/000091052122000017/deck-20220331.htm
DECK,income,2020-03-31,annual,Diluted,1,9.62,1000,USD,2020,1709,10-K,2022-05-27,https://www.sec.gov/Archives/edgar/data/910521/000091052122000017/deck-20220331.htm
DECK,income,2020-03-31,annual,Diluted,2,28694.0,1000,USD,2020,1712,10-K,2022-05-27,https://www.sec.gov/Archives/edgar/data/910521/000091052122000017/deck-20220331.htm
DECK,income,2020-03-31,annual,Employee Stock Purchase Plan,1,228.0,1000,USD,2020,2718,10-K,2022-05-27,https://www.sec.gov/Archives/edgar/data/910521/000091052122000017/deck-20220331.htm
DECK,income,2020-03-31,annual,Foreign currency translation (loss) gain,1,-2905.0,1000,USD,2020,1704,10-K,2022-05-27,https://www.sec.gov/Archives/edgar/data/910521/000091052122000017/deck-20220331.htm
DECK,income,2020-03-31,annual,Foreign currency translation gain (loss),1,-2905.0,1000,USD,2020,1764,10-K,2021-05-28,https://www.sec.gov/Archives/edgar/data/910521/000091052121000017/deck-20210331.htm
DECK,income,2020-03-31,annual,Grants to Directors,1,1045.0,1000,USD,2020,2717,10-K,2022-05-27,https://www.sec.gov/Archives/edgar/data/910521/000091052122000017/deck-20220331.htm
DECK,income,2020-03-31,annual,Gross profit,1,1103673.0,1000,USD,2020,1693,10-K,2022-05-27,https://www.sec.gov/Archives/edgar/data/910521/000091052122000017/deck-20220331.htm
DECK,income,2020-03-31,annual,Income before income taxes,1,340866.0,1000,USD,2020,1700,10-K,2022-05-27,https://www.sec.gov/Archives/edgar/data/910521/000091052122000017/deck-20220331.htm
DECK,income,2020-03-31,annual,Income from operations,1,338135.0,1000,USD,2020,1754,10-K,2021-05-28,https://www.sec.gov/Archives/edgar/data/910521/000091052121000017/deck-20210331.htm
DECK,income,2020-03-31,annual,Income from operations ( Note 12 ),1,338135.0,1000,USD,2020,1695,10-K,2022-05-27,https://www.sec.gov/Archives/edgar/data/910521/000091052122000017/deck-20220331.htm
DECK,income,2020-03-31,annual,Income tax benefit,1,-3308.0,1000,USD,2020,2720,10-K,2022-05-27,https://www.sec.gov/Archives/edgar/data/910521/000091052122000017/deck-20220331.htm
DECK,income,2020-03-31,annual,Income tax expense,1,64724.0,1000,USD,2020,1760,10-K,2021-05-28,https://www.sec.gov/Archives/edgar/data/910521/000091052121000017/deck-20210331.htm
DECK,income,2020-03-31,annual,Income tax expense ( Note 5 ),1,64724.0,1000,USD,2020,1701,10-K,2022-05-27,https://www.sec.gov/Archives/edgar/data/910521/000091052122000017/deck-20220331.htm
DECK,income,2020-03-31,annual,Interest expense,1,5046.0,1000,USD,2020,1697,10-K,2022-05-27,https://www.sec.gov/Archives/edgar/data/910521/000091052122000017/deck-20220331.htm
DECK,income,2020-03-31,annual,Interest income,1,-7261.0,1000,USD,2020,1696,10-K,2022-05-27,https://www.sec.gov/Archives/edgar/data/910521/000091052122000017/deck-20220331.htm
DECK,income,2020-03-31,annual,LTIP NQSOs,1,1641.0,1000,USD,2020,2716,10-K,2022-05-27,https://www.sec.gov/Archives/edgar/data/910521/000091052122000017/deck-20220331.htm
DECK,income,2020-03-31,annual,LTIP PSUs,1,2203.0,1000,USD,2020,2715,10-K,2022-05-27,https://www.sec.gov/Archives/edgar/data/910521/000091052122000017/deck-20220331.htm
DECK,income,2020-03-31,annual,Net income,1,276142.0,1000,USD,2020,1702,10-K,2022-05-27,https://www.sec.gov/Archives/edgar/data/910521/000091052122000017/deck-20220331.htm
DECK,income,2020-03-31,annual,Net sales,1,2132689.0,1000,USD,2020,1750,10-K,2021-05-28,https://www.sec.gov/Archives/edgar/data/910521/000091052121000017/deck-20210331.htm
DECK,income,2020-03-31,annual,Net sales ( Note 12 and Note 13 ),1,2132689.0,1000,USD,2020,1691,10-K,2022-05-27,https://www.sec.gov/Archives/edgar/data/910521/000091052122000017/deck-20220331.htm
DECK,income,2020-03-31,annual,"Other (income) expense, net",1,516.0,1000,USD,"Years Ended March 31, — 2020",2086,10-K,2020-06-01,https://www.sec.gov/Archives/edgar/data/910521/000091052120000016/deck331202010-k.htm
DECK,income,2020-03-31,annual,"Other income, net",1,-516.0,1000,USD,2020,1698,10-K,2022-05-27,https://www.sec.gov/Archives/edgar/data/910521/000091052122000017/deck-20220331.htm
DECK,income,2020-03-31,annual,PSUs,1,2851.0,1000,USD,2020,2714,10-K,2022-05-27,https://www.sec.gov/Archives/edgar/data/910521/000091052122000017/deck-20220331.htm
DECK,income,2020-03-31,annual,RSUs,1,6509.0,1000,USD,2020,2713,10-K,2022-05-27,https://www.sec.gov/Archives/edgar/data/910521/000091052122000017/deck-20220331.htm
DECK,income,2020-03-31,annual,"Selling, general and administrative expenses",1,765538.0,1000,USD,"Years Ended March 31, — 2020",2082,10-K,2020-06-01,https://www.sec.gov/Archives/edgar/data/910521/000091052120000016/deck331202010-k.htm
DECK,income,2020-03-31,annual,"Selling, general, and administrative expenses",1,765538.0,1000,USD,2020,1694,10-K,2022-05-27,https://www.sec.gov/Archives/edgar/data/910521/000091052122000017/deck-20220331.htm
DECK,income,2020-03-31,annual,"Total other (income) expense, net",1,2731.0,1000,USD,"Years Ended March 31, — 2020",2087,10-K,2020-06-01,https://www.sec.gov/Archives/edgar/data/910521/000091052120000016/deck331202010-k.htm
DECK,income,2020-03-31,annual,Total other comprehensive (loss) income,1,-2905.0,1000,USD,2020,1705,10-K,2022-05-27,https://www.sec.gov/Archives/edgar/data/910521/000091052122000017/deck-20220331.htm
DECK,income,2020-03-31,annual,Total other comprehensive income (loss),1,-2905.0,1000,USD,2020,1765,10-K,2021-05-28,https://www.sec.gov/Archives/edgar/data/910521/000091052121000017/deck-20210331.htm
DECK,income,2020-03-31,annual,"Total other expense (income), net",1,-2731.0,1000,USD,2020,1699,10-K,2022-05-27,https://www.sec.gov/Archives/edgar/data/910521/000091052122000017/deck-20220331.htm
DECK,income,2020-03-31,annual,"Total stock-based compensation, net of tax",1,11169.0,1000,USD,2020,2721,10-K,2022-05-27,https://www.sec.gov/Archives/edgar/data/910521/000091052122000017/deck-20220331.htm
DECK,income,2020-03-31,annual,"Total stock-based compensation, pre-tax",1,14477.0,1000,USD,2020,2719,10-K,2022-05-27,https://www.sec.gov/Archives/edgar/data/910521/000091052122000017/deck-20220331.htm
DECK,balance,2021-03-31,instant,Accrued payroll,1,79152.0,1000,USD,2021,1660,10-K,2022-05-27,https://www.sec.gov/Archives/edgar/data/910521/000091052122000017/deck-20220331.htm
DECK,balance,2021-03-31,instant,Accumulated other comprehensive loss,1,-16743.0,1000,USD,"As of March 31, — 2021",1734,10-K,2021-05-28,https://www.sec.gov/Archives/edgar/data/910521/000091052121000017/deck-20210331.htm
DECK,balance,2021-03-31,instant,Accumulated other comprehensive loss ( Note 10 ),1,-16743.0,1000,USD,2021,1675,10-K,2022-05-27,https://www.sec.gov/Archives/edgar/data/910521/000091052122000017/deck-20220331.htm
DECK,balance,2021-03-31,instant,Additional paid-in capital,1,203310.0,1000,USD,2021,1673,10-K,2022-05-27,https://www.sec.gov/Archives/edgar/data/910521/000091052122000017/deck-20220331.htm
DECK,balance,2021-03-31,instant,Cash and cash equivalents,1,1089361.0,1000,USD,2021,1644,10-K,2022-05-27,https://www.sec.gov/Archives/edgar/data/910521/000091052122000017/deck-20220331.htm
DECK,balance,2021-03-31,instant,"Common stock ($ 0.01 par value; 125,000 shares authorized; shares issued and outstanding of 26,982 and 27,910 as of March 31, 2022, and March 31, 2021, respectively)",1,279.0,1000,USD,2021,1672,10-K,2022-05-27,https://www.sec.gov/Archives/edgar/data/910521/000091052122000017/deck-20220331.htm
DECK,balance,2021-03-31,instant,"Common stock ($ 0.01 par value; 125,000 shares authorized; shares issued and outstanding of 27,910 and 27,999 as of March 31, 2021 and March 31, 2020, respectively)",1,279.0,1000,USD,"As of March 31, — 2021",1731,10-K,2021-05-28,https://www.sec.gov/Archives/edgar/data/910521/000091052121000017/deck-20210331.htm
DECK,balance,2021-03-31,instant,"Deferred tax assets, net",1,37194.0,1000,USD,"As of March 31, — 2021",1712,10-K,2021-05-28,https://www.sec.gov/Archives/edgar/data/910521/000091052121000017/deck-20210331.htm
DECK,balance,2021-03-31,instant,"Deferred tax assets, net ( Note 5 )",1,37194.0,1000,USD,2021,1655,10-K,2022-05-27,https://www.sec.gov/Archives/edgar/data/910521/000091052122000017/deck-20220331.htm
DECK,balance,2021-03-31,instant,Goodwill,1,13990.0,1000,USD,"As of March 31, — 2021",1710,10-K,2021-05-28,https://www.sec.gov/Archives/edgar/data/910521/000091052121000017/deck-20210331.htm
DECK,balance,2021-03-31,instant,Goodwill ( Note 3 ),1,13990.0,1000,USD,2021,1653,10-K,2022-05-27,https://www.sec.gov/Archives/edgar/data/910521/000091052122000017/deck-20220331.htm
DECK,balance,2021-03-31,instant,Income tax liability,1,60094.0,1000,USD,2021,1667,10-K,2022-05-27,https://www.sec.gov/Archives/edgar/data/910521/000091052122000017/deck-20220331.htm
DECK,balance,2021-03-31,instant,Income tax payable,1,36920.0,1000,USD,2021,1663,10-K,2022-05-27,https://www.sec.gov/Archives/edgar/data/910521/000091052122000017/deck-20220331.htm
DECK,balance,2021-03-31,instant,Income tax receivable,1,6310.0,1000,USD,2021,1649,10-K,2022-05-27,https://www.sec.gov/Archives/edgar/data/910521/000091052122000017/deck-20220331.htm
DECK,balance,2021-03-31,instant,Income taxes payable,1,36920.0,1000,USD,"As of March 31, — 2021",1721,10-K,2021-05-28,https://www.sec.gov/Archives/edgar/data/910521/000091052121000017/deck-20210331.htm
DECK,balance,2021-03-31,instant,Inventories,1,278242.0,1000,USD,2021,1646,10-K,2022-05-27,https://www.sec.gov/Archives/edgar/data/910521/000091052122000017/deck-20220331.htm
DECK,balance,2021-03-31,instant,"Inventories, net of reserves ($ 19,632 and $ 12,227 as of March 31, 2021 and March 31, 2020, respectively)",1,278242.0,1000,USD,"As of March 31, — 2021",1703,10-K,2021-05-28,https://www.sec.gov/Archives/edgar/data/910521/000091052121000017/deck-20210331.htm
DECK,balance,2021-03-31,instant,Long-term operating lease liabilities,1,176274.0,1000,USD,"As of March 31, — 2021",1725,10-K,2021-05-28,https://www.sec.gov/Archives/edgar/data/910521/000091052121000017/deck-20210331.htm
DECK,balance,2021-03-31,instant,Long-term operating lease liabilities ( Note 7 ),1,176274.0,1000,USD,2021,1666,10-K,2022-05-27,https://www.sec.gov/Archives/edgar/data/910521/000091052122000017/deck-20220331.htm
DECK,balance,2021-03-31,instant,Operating lease assets,1,186991.0,1000,USD,2021,1652,10-K,2022-05-27,https://www.sec.gov/Archives/edgar/data/910521/000091052122000017/deck-20220331.htm
DECK,balance,2021-03-31,instant,Operating lease liabilities,1,46768.0,1000,USD,"As of March 31, — 2021",1719,10-K,2021-05-28,https://www.sec.gov/Archives/edgar/data/910521/000091052121000017/deck-20210331.htm
DECK,balance,2021-03-31,instant,Operating lease liabilities ( Note 7 ),1,46768.0,1000,USD,2021,1661,10-K,2022-05-27,https://www.sec.gov/Archives/edgar/data/910521/000091052122000017/deck-20220331.htm
DECK,balance,2021-03-31,instant,Other accrued expenses,1,68995.0,1000,USD,2021,1662,10-K,2022-05-27,https://www.sec.gov/Archives/edgar/data/910521/000091052122000017/deck-20220331.htm
DECK,balance,2021-03-31,instant,Other assets,1,30576.0,1000,USD,2021,1656,10-K,2022-05-27,https://www.sec.gov/Archives/edgar/data/910521/000091052122000017/deck-20220331.htm
DECK,balance,2021-03-31,instant,Other current assets,1,44244.0,1000,USD,2021,1648,10-K,2022-05-27,https://www.sec.gov/Archives/edgar/data/910521/000091052122000017/deck-20220331.htm
DECK,balance,2021-03-31,instant,"Other intangible assets, net of accumulated amortization ($ 77,473 and $ 74,421 as of March 31, 2021 and March 31, 2020, respectively)",1,41945.0,1000,USD,"As of March 31, — 2021",1711,10-K,2021-05-28,https://www.sec.gov/Archives/edgar/data/910521/000091052121000017/deck-20210331.htm
DECK,balance,2021-03-31,instant,"Other intangible assets, net of accumulated amortization ($ 79,061 and $ 77,473 as of March 31, 2022, and March 31, 2021, respectively) ( N ote 3 )",1,41945.0,1000,USD,2021,1654,10-K,2022-05-27,https://www.sec.gov/Archives/edgar/data/910521/000091052122000017/deck-20220331.htm
DECK,balance,2021-03-31,instant,Other long-term liabilities,1,18744.0,1000,USD,2021,1668,10-K,2022-05-27,https://www.sec.gov/Archives/edgar/data/910521/000091052122000017/deck-20220331.htm
DECK,balance,2021-03-31,instant,Prepaid expenses,1,16924.0,1000,USD,2021,1647,10-K,2022-05-27,https://www.sec.gov/Archives/edgar/data/910521/000091052122000017/deck-20220331.htm
DECK,balance,2021-03-31,instant,"Property and equipment, net of accumulated depreciation ($ 266,905 and $ 242,138 as of March 31, 2021 and March 31, 2020, respectively)",1,206210.0,1000,USD,"As of March 31, — 2021",1708,10-K,2021-05-28,https://www.sec.gov/Archives/edgar/data/910521/000091052121000017/deck-20210331.htm
DECK,balance,2021-03-31,instant,"Property and equipment, net of accumulated depreciation ($ 282,571 and $ 266,905 as of March 31, 2022, and March 31, 2021, respectively) ( Note 1 and Note 13 )",1,206210.0,1000,USD,2021,1651,10-K,2022-05-27,https://www.sec.gov/Archives/edgar/data/910521/000091052122000017/deck-20220331.htm
DECK,balance,2021-03-31,instant,Retained earnings,1,1257379.0,1000,USD,2021,1674,10-K,2022-05-27,https://www.sec.gov/Archives/edgar/data/910521/000091052122000017/deck-20220331.htm
DECK,balance,2021-03-31,instant,Total,1,25270.0,1000,USD,2021,2381,10-K,2022-05-27,https://www.sec.gov/Archives/edgar/data/910521/000091052122000017/deck-20220331.htm
DECK,balance,2021-03-31,instant,Total assets,1,2167705.0,1000,USD,2021,1657,10-K,2022-05-27,https://www.sec.gov/Archives/edgar/data/910521/000091052122000017/deck-20220331.htm
DECK,balance,2021-03-31,instant,Total current assets,1,1650799.0,1000,USD,2021,1650,10-K,2022-05-27,https://www.sec.gov/Archives/edgar/data/910521/000091052122000017/deck-20220331.htm
DECK,balance,2021-03-31,instant,Total current liabilities,1,468368.0,1000,USD,2021,1665,10-K,2022-05-27,https://www.sec.gov/Archives/edgar/data/910521/000091052122000017/deck-20220331.htm
DECK,balance,2021-03-31,instant,Total liabilities and stockholders' equity,1,2167705.0,1000,USD,2021,1677,10-K,2022-05-27,https://www.sec.gov/Archives/edgar/data/910521/000091052122000017/deck-20220331.htm
DECK,balance,2021-03-31,instant,Total long-term liabilities,1,255112.0,1000,USD,2021,1669,10-K,2022-05-27,https://www.sec.gov/Archives/edgar/data/910521/000091052122000017/deck-20220331.htm
DECK,balance,2021-03-31,instant,Total stockholders' equity,1,1444225.0,1000,USD,2021,1676,10-K,2022-05-27,https://www.sec.gov/Archives/edgar/data/910521/000091052122000017/deck-20220331.htm
DECK,balance,2021-03-31,instant,Trade accounts payable,1,231632.0,1000,USD,2021,1659,10-K,2022-05-27,https://www.sec.gov/Archives/edgar/data/910521/000091052122000017/deck-20220331.htm
DECK,balance,2021-03-31,instant,"Trade accounts receivable, net of allowances ($ 26,516 and $ 21,146 as of March 31, 2021 and March 31, 2020, respectively)",1,215718.0,1000,USD,"As of March 31, — 2021",1702,10-K,2021-05-28,https://www.sec.gov/Archives/edgar/data/910521/000091052121000017/deck-20210331.htm
DECK,balance,2021-03-31,instant,"Trade accounts receivable, net of allowances ($ 30,591 and $ 26,516 as of March 31, 2022, and March 31, 2021, respectively) ( Note 2 and Schedule II )",1,215718.0,1000,USD,2021,1645,10-K,2022-05-27,https://www.sec.gov/Archives/edgar/data/910521/000091052122000017/deck-20220331.htm
DECK,balance,2021-03-31,instant,Value added tax payable,1,4901.0,1000,USD,2021,1664,10-K,2022-05-27,https://www.sec.gov/Archives/edgar/data/910521/000091052122000017/deck-20220331.htm
DECK,cash_flow,2021-03-31,annual,Accrued for asset retirement obligation assets related to leasehold improvements,1,1842.0,1000,USD,2021,1785,10-K,2023-05-26,https://www.sec.gov/Archives/edgar/data/910521/000091052123000016/deck-20230331.htm
DECK,cash_flow,2021-03-31,annual,Accrued for asset retirement obligations,1,1842.0,1000,USD,"Years Ended March 31, — 2021",1891,10-K,2021-05-28,https://www.sec.gov/Archives/edgar/data/910521/000091052121000017/deck-20210331.htm
DECK,cash_flow,2021-03-31,annual,Accrued for purchases of property and equipment,1,2721.0,1000,USD,"Years Ended March 31, — 2021",1890,10-K,2021-05-28,https://www.sec.gov/Archives/edgar/data/910521/000091052121000017/deck-20210331.htm
DECK,cash_flow,2021-03-31,annual,Accrued for shares withheld for taxes,1,11679.0,1000,USD,2021,1788,10-K,2023-05-26,https://www.sec.gov/Archives/edgar/data/910521/000091052123000016/deck-20230331.htm
DECK,cash_flow,2021-03-31,annual,Amortization on cloud computing arrangements,1,737.0,1000,USD,2021,1726,10-K,2023-05-26,https://www.sec.gov/Archives/edgar/data/910521/000091052123000016/deck-20230331.htm
DECK,cash_flow,2021-03-31,annual,Bad debt (benefit) expense,1,3053.0,1000,USD,2021,1771,10-K,2022-05-27,https://www.sec.gov/Archives/edgar/data/910521/000091052122000017/deck-20220331.htm
DECK,cash_flow,2021-03-31,annual,Bad debt expense,1,3053.0,1000,USD,"Years Ended March 31, — 2021",1832,10-K,2021-05-28,https://www.sec.gov/Archives/edgar/data/910521/000091052121000017/deck-20210331.htm
DECK,cash_flow,2021-03-31,annual,Bad debt expense (benefit),1,3053.0,1000,USD,2021,1728,10-K,2023-05-26,https://www.sec.gov/Archives/edgar/data/910521/000091052123000016/deck-20230331.htm
DECK,cash_flow,2021-03-31,annual,Cash and cash equivalents at beginning of period,1,649436.0,1000,USD,2021,1763,10-K,2023-05-26,https://www.sec.gov/Archives/edgar/data/910521/000091052123000016/deck-20230331.htm
DECK,cash_flow,2021-03-31,annual,Cash and cash equivalents at end of period,1,1089361.0,1000,USD,2021,1764,10-K,2023-05-26,https://www.sec.gov/Archives/edgar/data/910521/000091052123000016/deck-20230331.htm
DECK,cash_flow,2021-03-31,annual,Cash paid for shares withheld for taxes,1,-7432.0,1000,USD,2021,1758,10-K,2023-05-26,https://www.sec.gov/Archives/edgar/data/910521/000091052123000016/deck-20230331.htm
DECK,cash_flow,2021-03-31,annual,Change in accounts payable and other accrued expenses for purchases of property and equipment,1,2721.0,1000,USD,2021,1784,10-K,2023-05-26,https://www.sec.gov/Archives/edgar/data/910521/000091052123000016/deck-20230331.htm
DECK,cash_flow,2021-03-31,annual,Deferred tax (benefit) expense,1,-8171.0,1000,USD,2021,1772,10-K,2022-05-27,https://www.sec.gov/Archives/edgar/data/910521/000091052122000017/deck-20220331.htm
DECK,cash_flow,2021-03-31,annual,Deferred tax benefit,1,-8171.0,1000,USD,2021,1729,10-K,2023-05-26,https://www.sec.gov/Archives/edgar/data/910521/000091052123000016/deck-20230331.htm
DECK,cash_flow,2021-03-31,annual,"Depreciation, amortization, and accretion",1,40530.0,1000,USD,2021,1725,10-K,2023-05-26,https://www.sec.gov/Archives/edgar/data/910521/000091052123000016/deck-20230331.htm
DECK,cash_flow,2021-03-31,annual,Effect of foreign currency exchange rates on cash and cash equivalents,1,5458.0,1000,USD,2021,1761,10-K,2023-05-26,https://www.sec.gov/Archives/edgar/data/910521/000091052123000016/deck-20230331.htm
DECK,cash_flow,2021-03-31,annual,Excess tax benefit from stock-based compensation,1,-586.0,1000,USD,"Years Ended March 31, — 2021",1835,10-K,2021-05-28,https://www.sec.gov/Archives/edgar/data/910521/000091052121000017/deck-20210331.htm
DECK,cash_flow,2021-03-31,annual,Gain on settlement of asset retirement obligations,1,-207.0,1000,USD,2021,1734,10-K,2023-05-26,https://www.sec.gov/Archives/edgar/data/910521/000091052123000016/deck-20230331.htm
DECK,cash_flow,2021-03-31,annual,Impairment of intangible assets,1,3522.0,1000,USD,2021,1732,10-K,2023-05-26,https://www.sec.gov/Archives/edgar/data/910521/000091052123000016/deck-20230331.htm
DECK,cash_flow,2021-03-31,annual,Impairment of operating lease and other long-lived assets,1,14084.0,1000,USD,2021,1733,10-K,2023-05-26,https://www.sec.gov/Archives/edgar/data/910521/000091052123000016/deck-20230331.htm
DECK,cash_flow,2021-03-31,annual,Impairment of operating lease assets and other long-lived assets,1,14084.0,1000,USD,"Years Ended March 31, — 2021",1838,10-K,2021-05-28,https://www.sec.gov/Archives/edgar/data/910521/000091052121000017/deck-20210331.htm
DECK,cash_flow,2021-03-31,annual,Income tax payable,1,25817.0,1000,USD,2021,1744,10-K,2023-05-26,https://www.sec.gov/Archives/edgar/data/910521/000091052123000016/deck-20230331.htm
DECK,cash_flow,2021-03-31,annual,Income tax receivable,1,1842.0,1000,USD,2021,1739,10-K,2023-05-26,https://www.sec.gov/Archives/edgar/data/910521/000091052123000016/deck-20230331.htm
DECK,cash_flow,2021-03-31,annual,Income taxes payable,1,26403.0,1000,USD,"Years Ended March 31, — 2021",1850,10-K,2021-05-28,https://www.sec.gov/Archives/edgar/data/910521/000091052121000017/deck-20210331.htm
DECK,cash_flow,2021-03-31,annual,"Income taxes, net of refunds of $ 1,421 , $ 77 , and $ 1,564 , as of March 31, 2023, 2022, and 2021, respectively",1,104068.0,1000,USD,2021,1780,10-K,2023-05-26,https://www.sec.gov/Archives/edgar/data/910521/000091052123000016/deck-20230331.htm
DECK,cash_flow,2021-03-31,annual,"Income taxes, net of refunds of $ 1,564 , $ 5,389 , and $ 3,824 , as of March 31, 2021, 2020, and 2019, respectively",1,104068.0,1000,USD,"Years Ended March 31, — 2021",1886,10-K,2021-05-28,https://www.sec.gov/Archives/edgar/data/910521/000091052121000017/deck-20210331.htm
DECK,cash_flow,2021-03-31,annual,"Income taxes, net of refunds of $ 77 , $ 1,564 , and $ 5,389 , as of March 31, 2022, 2021, and 2020, respectively",1,104068.0,1000,USD,2021,1822,10-K,2022-05-27,https://www.sec.gov/Archives/edgar/data/910521/000091052122000017/deck-20220331.htm
DECK,cash_flow,2021-03-31,annual,Interest,1,2931.0,1000,USD,2021,1781,10-K,2023-05-26,https://www.sec.gov/Archives/edgar/data/910521/000091052123000016/deck-20230331.htm
DECK,cash_flow,2021-03-31,annual,Inventories,1,33378.0,1000,USD,2021,1737,10-K,2023-05-26,https://www.sec.gov/Archives/edgar/data/910521/000091052123000016/deck-20230331.htm
DECK,cash_flow,2021-03-31,annual,"Inventories, net",1,33378.0,1000,USD,"Years Ended March 31, — 2021",1843,10-K,2021-05-28,https://www.sec.gov/Archives/edgar/data/910521/000091052121000017/deck-20210331.htm
DECK,cash_flow,2021-03-31,annual,Loss on disposal of long lived assets,1,1019.0,1000,USD,"Years Ended March 31, — 2021",1836,10-K,2021-05-28,https://www.sec.gov/Archives/edgar/data/910521/000091052121000017/deck-20210331.htm
DECK,cash_flow,2021-03-31,annual,Loss on disposal of long-lived assets,1,1019.0,1000,USD,2021,1731,10-K,2023-05-26,https://www.sec.gov/Archives/edgar/data/910521/000091052123000016/deck-20230331.htm
DECK,cash_flow,2021-03-31,annual,Net cash provided by operating activities,1,596217.0,1000,USD,2021,1746,10-K,2023-05-26,https://www.sec.gov/Archives/edgar/data/910521/000091052123000016/deck-20230331.htm
DECK,cash_flow,2021-03-31,annual,Net cash used in financing activities,1,-129581.0,1000,USD,2021,1760,10-K,2023-05-26,https://www.sec.gov/Archives/edgar/data/910521/000091052123000016/deck-20230331.htm
DECK,cash_flow,2021-03-31,annual,Net cash used in investing activities,1,-32169.0,1000,USD,2021,1750,10-K,2023-05-26,https://www.sec.gov/Archives/edgar/data/910521/000091052123000016/deck-20230331.htm
DECK,cash_flow,2021-03-31,annual,Net change in cash and cash equivalents,1,439925.0,1000,USD,2021,1762,10-K,2023-05-26,https://www.sec.gov/Archives/edgar/data/910521/000091052123000016/deck-20230331.htm
DECK,cash_flow,2021-03-31,annual,Net income,1,382575.0,1000,USD,2021,1723,10-K,2023-05-26,https://www.sec.gov/Archives/edgar/data/910521/000091052123000016/deck-20230331.htm
DECK,cash_flow,2021-03-31,annual,Net operating lease assets and lease liabilities,1,250.0,1000,USD,2021,1740,10-K,2023-05-26,https://www.sec.gov/Archives/edgar/data/910521/000091052123000016/deck-20230331.htm
DECK,cash_flow,2021-03-31,annual,Net operating lease assets and liabilities,1,250.0,1000,USD,"Years Ended March 31, — 2021",1846,10-K,2021-05-28,https://www.sec.gov/Archives/edgar/data/910521/000091052121000017/deck-20210331.htm
DECK,cash_flow,2021-03-31,annual,Operating leases,1,57376.0,1000,USD,2021,1782,10-K,2023-05-26,https://www.sec.gov/Archives/edgar/data/910521/000091052123000016/deck-20230331.htm
DECK,cash_flow,2021-03-31,annual,Other accrued expenses,1,53785.0,1000,USD,2021,1743,10-K,2023-05-26,https://www.sec.gov/Archives/edgar/data/910521/000091052123000016/deck-20230331.htm
DECK,cash_flow,2021-03-31,annual,Other assets,1,-3103.0,1000,USD,2021,1741,10-K,2023-05-26,https://www.sec.gov/Archives/edgar/data/910521/000091052123000016/deck-20230331.htm
DECK,cash_flow,2021-03-31,annual,Other long-term liabilities,1,530.0,1000,USD,2021,1745,10-K,2023-05-26,https://www.sec.gov/Archives/edgar/data/910521/000091052123000016/deck-20230331.htm
DECK,cash_flow,2021-03-31,annual,Prepaid expenses and other current assets,1,-22128.0,1000,USD,2021,1738,10-K,2023-05-26,https://www.sec.gov/Archives/edgar/data/910521/000091052123000016/deck-20230331.htm
DECK,cash_flow,2021-03-31,annual,Proceeds from exercise of stock options,1,6775.0,1000,USD,2021,1756,10-K,2023-05-26,https://www.sec.gov/Archives/edgar/data/910521/000091052123000016/deck-20230331.htm
DECK,cash_flow,2021-03-31,annual,Proceeds from issuance of stock,1,1502.0,1000,USD,2021,1755,10-K,2023-05-26,https://www.sec.gov/Archives/edgar/data/910521/000091052123000016/deck-20230331.htm
DECK,cash_flow,2021-03-31,annual,Proceeds from sales of property and equipment,1,49.0,1000,USD,2021,1749,10-K,2023-05-26,https://www.sec.gov/Archives/edgar/data/910521/000091052123000016/deck-20230331.htm
DECK,cash_flow,2021-03-31,annual,Proceeds from short-term borrowings,1,9100.0,1000,USD,2021,1752,10-K,2023-05-26,https://www.sec.gov/Archives/edgar/data/910521/000091052123000016/deck-20230331.htm
DECK,cash_flow,2021-03-31,annual,Purchases of property and equipment,1,-32218.0,1000,USD,2021,1748,10-K,2023-05-26,https://www.sec.gov/Archives/edgar/data/910521/000091052123000016/deck-20230331.htm
DECK,cash_flow,2021-03-31,annual,Repayments of mortgage principal,1,-30901.0,1000,USD,2021,1759,10-K,2023-05-26,https://www.sec.gov/Archives/edgar/data/910521/000091052123000016/deck-20230331.htm
DECK,cash_flow,2021-03-31,annual,Repayments of short-term borrowings,1,-9478.0,1000,USD,2021,1753,10-K,2023-05-26,https://www.sec.gov/Archives/edgar/data/910521/000091052123000016/deck-20230331.htm
DECK,cash_flow,2021-03-31,annual,Repurchases of common stock,1,-99147.0,1000,USD,2021,1757,10-K,2023-05-26,https://www.sec.gov/Archives/edgar/data/910521/000091052123000016/deck-20230331.htm
DECK,cash_flow,2021-03-31,annual,Stock-based compensation,1,22701.0,1000,USD,2021,1730,10-K,2023-05-26,https://www.sec.gov/Archives/edgar/data/910521/000091052123000016/deck-20230331.htm
DECK,cash_flow,2021-03-31,annual,Trade accounts payable,1,79176.0,1000,USD,2021,1742,10-K,2023-05-26,https://www.sec.gov/Archives/edgar/data/910521/000091052123000016/deck-20230331.htm
DECK,cash_flow,2021-03-31,annual,"Trade accounts receivable, net",1,-33173.0,1000,USD,2021,1736,10-K,2023-05-26,https://www.sec.gov/Archives/edgar/data/910521/000091052123000016/deck-20230331.htm
DECK,income,2021-03-31,annual,Basic,1,13.64,1000,USD,2021,1664,10-K,2023-05-26,https://www.sec.gov/Archives/edgar/data/910521/000091052123000016/deck-20230331.htm
DECK,income,2021-03-31,annual,Basic,2,28055.0,1000,USD,2021,1667,10-K,2023-05-26,https://www.sec.gov/Archives/edgar/data/910521/000091052123000016/deck-20230331.htm
DECK,income,2021-03-31,annual,Comprehensive income,1,391391.0,1000,USD,2021,1662,10-K,2023-05-26,https://www.sec.gov/Archives/edgar/data/910521/000091052123000016/deck-20230331.htm
DECK,income,2021-03-31,annual,Cost of sales,1,1171551.0,1000,USD,2021,1649,10-K,2023-05-26,https://www.sec.gov/Archives/edgar/data/910521/000091052123000016/deck-20230331.htm
DECK,income,2021-03-31,annual,Diluted,1,13.47,1000,USD,2021,1665,10-K,2023-05-26,https://www.sec.gov/Archives/edgar/data/910521/000091052123000016/deck-20230331.htm
DECK,income,2021-03-31,annual,Diluted,2,28406.0,1000,USD,2021,1668,10-K,2023-05-26,https://www.sec.gov/Archives/edgar/data/910521/000091052123000016/deck-20230331.htm
DECK,income,2021-03-31,annual,Employee Stock Purchase Plan,1,231.0,1000,USD,2021,2722,10-K,2023-05-26,https://www.sec.gov/Archives/edgar/data/910521/000091052123000016/deck-20230331.htm
DECK,income,2021-03-31,annual,Foreign currency translation (loss) gain,1,8816.0,1000,USD,2021,1660,10-K,2023-05-26,https://www.sec.gov/Archives/edgar/data/910521/000091052123000016/deck-20230331.htm
DECK,income,2021-03-31,annual,Foreign currency translation gain (loss),1,8816.0,1000,USD,"Years Ended March 31, — 2021",1764,10-K,2021-05-28,https://www.sec.gov/Archives/edgar/data/910521/000091052121000017/deck-20210331.htm
DECK,income,2021-03-31,annual,Grants to Directors,1,1195.0,1000,USD,2021,2719,10-K,2023-05-26,https://www.sec.gov/Archives/edgar/data/910521/000091052123000016/deck-20230331.htm
DECK,income,2021-03-31,annual,Gross profit,1,1374090.0,1000,USD,2021,1650,10-K,2023-05-26,https://www.sec.gov/Archives/edgar/data/910521/000091052123000016/deck-20230331.htm
DECK,income,2021-03-31,annual,Income before income taxes,1,501514.0,1000,USD,2021,1657,10-K,2023-05-26,https://www.sec.gov/Archives/edgar/data/910521/000091052123000016/deck-20230331.htm
DECK,income,2021-03-31,annual,Income from operations,1,504205.0,1000,USD,"Years Ended March 31, — 2021",1754,10-K,2021-05-28,https://www.sec.gov/Archives/edgar/data/910521/000091052121000017/deck-20210331.htm
DECK,income,2021-03-31,annual,Income from operations ( Note 12 ),1,504205.0,1000,USD,2021,1695,10-K,2022-05-27,https://www.sec.gov/Archives/edgar/data/910521/000091052122000017/deck-20220331.htm
DECK,income,2021-03-31,annual,Income from operations ( Note 12),1,504205.0,1000,USD,2021,1652,10-K,2023-05-26,https://www.sec.gov/Archives/edgar/data/910521/000091052123000016/deck-20230331.htm
DECK,income,2021-03-31,annual,Income tax benefit,1,-5441.0,1000,USD,2021,2724,10-K,2023-05-26,https://www.sec.gov/Archives/edgar/data/910521/000091052123000016/deck-20230331.htm
DECK,income,2021-03-31,annual,Income tax expense,1,118939.0,1000,USD,"Years Ended March 31, — 2021",1760,10-K,2021-05-28,https://www.sec.gov/Archives/edgar/data/910521/000091052121000017/deck-20210331.htm
DECK,income,2021-03-31,annual,Income tax expense ( Note 5 ),1,118939.0,1000,USD,2021,1701,10-K,2022-05-27,https://www.sec.gov/Archives/edgar/data/910521/000091052122000017/deck-20220331.htm
DECK,income,2021-03-31,annual,Income tax expense ( Note 5),1,118939.0,1000,USD,2021,1658,10-K,2023-05-26,https://www.sec.gov/Archives/edgar/data/910521/000091052123000016/deck-20230331.htm
DECK,income,2021-03-31,annual,Interest expense,1,6028.0,1000,USD,2021,1654,10-K,2023-05-26,https://www.sec.gov/Archives/edgar/data/910521/000091052123000016/deck-20230331.htm
DECK,income,2021-03-31,annual,Interest income,1,-2637.0,1000,USD,2021,1653,10-K,2023-05-26,https://www.sec.gov/Archives/edgar/data/910521/000091052123000016/deck-20230331.htm
DECK,income,2021-03-31,annual,LTIP PSUs,1,11555.0,1000,USD,2021,2718,10-K,2023-05-26,https://www.sec.gov/Archives/edgar/data/910521/000091052123000016/deck-20230331.htm
DECK,income,2021-03-31,annual,Net income,1,382575.0,1000,USD,2021,1659,10-K,2023-05-26,https://www.sec.gov/Archives/edgar/data/910521/000091052123000016/deck-20230331.htm
DECK,income,2021-03-31,annual,Net sales,1,2545641.0,1000,USD,"Years Ended March 31, — 2021",1750,10-K,2021-05-28,https://www.sec.gov/Archives/edgar/data/910521/000091052121000017/deck-20210331.htm
DECK,income,2021-03-31,annual,Net sales ( Note 12 and Note 13 ),1,2545641.0,1000,USD,2021,1691,10-K,2022-05-27,https://www.sec.gov/Archives/edgar/data/910521/000091052122000017/deck-20220331.htm
DECK,income,2021-03-31,annual,Net sales ( Note 12 and Note 13),1,2545641.0,1000,USD,2021,1648,10-K,2023-05-26,https://www.sec.gov/Archives/edgar/data/910521/000091052123000016/deck-20230331.htm
DECK,income,2021-03-31,annual,"Other income, net",1,-700.0,1000,USD,2021,1655,10-K,2023-05-26,https://www.sec.gov/Archives/edgar/data/910521/000091052123000016/deck-20230331.htm
DECK,income,2021-03-31,annual,PSUs,1,1900.0,1000,USD,2021,2717,10-K,2023-05-26,https://www.sec.gov/Archives/edgar/data/910521/000091052123000016/deck-20230331.htm
DECK,income,2021-03-31,annual,RSUs,1,7820.0,1000,USD,2021,2716,10-K,2023-05-26,https://www.sec.gov/Archives/edgar/data/910521/000091052123000016/deck-20230331.htm
DECK,income,2021-03-31,annual,"Selling, general, and administrative expenses",1,869885.0,1000,USD,2021,1651,10-K,2023-05-26,https://www.sec.gov/Archives/edgar/data/910521/000091052123000016/deck-20230331.htm
DECK,income,2021-03-31,annual,Subtotal,1,22470.0,1000,USD,2021,2720,10-K,2023-05-26,https://www.sec.gov/Archives/edgar/data/910521/000091052123000016/deck-20230331.htm
DECK,income,2021-03-31,annual,"Total other (income) expense, net",1,2691.0,1000,USD,2021,1656,10-K,2023-05-26,https://www.sec.gov/Archives/edgar/data/910521/000091052123000016/deck-20230331.htm
DECK,income,2021-03-31,annual,Total other comprehensive (loss) income,1,8816.0,1000,USD,2021,1705,10-K,2022-05-27,https://www.sec.gov/Archives/edgar/data/910521/000091052122000017/deck-20220331.htm
DECK,income,2021-03-31,annual,"Total other comprehensive (loss) income, net of tax",1,8816.0,1000,USD,2021,1661,10-K,2023-05-26,https://www.sec.gov/Archives/edgar/data/910521/000091052123000016/deck-20230331.htm
DECK,income,2021-03-31,annual,Total other comprehensive income (loss),1,8816.0,1000,USD,"Years Ended March 31, — 2021",1765,10-K,2021-05-28,https://www.sec.gov/Archives/edgar/data/910521/000091052121000017/deck-20210331.htm
DECK,income,2021-03-31,annual,"Total other expense (income), net",1,2691.0,1000,USD,2021,1699,10-K,2022-05-27,https://www.sec.gov/Archives/edgar/data/910521/000091052122000017/deck-20220331.htm
DECK,income,2021-03-31,annual,"Total stock-based compensation, net of tax",1,17260.0,1000,USD,2021,2725,10-K,2023-05-26,https://www.sec.gov/Archives/edgar/data/910521/000091052123000016/deck-20230331.htm
DECK,income,2021-03-31,annual,"Total stock-based compensation, pre-tax",1,22701.0,1000,USD,2021,2723,10-K,2023-05-26,https://www.sec.gov/Archives/edgar/data/910521/000091052123000016/deck-20230331.htm
DECK,balance,2022-03-31,instant,Accrued payroll,1,67553.0,1000,USD,2022,1617,10-K,2023-05-26,https://www.sec.gov/Archives/edgar/data/910521/000091052123000016/deck-20230331.htm
DECK,balance,2022-03-31,instant,Accumulated other comprehensive loss ( Note 10 ),1,-24955.0,1000,USD,"As of March 31, — 2022",1675,10-K,2022-05-27,https://www.sec.gov/Archives/edgar/data/910521/000091052122000017/deck-20220331.htm
DECK,balance,2022-03-31,instant,Accumulated other comprehensive loss ( Note 10),1,-24955.0,1000,USD,2022,1632,10-K,2023-05-26,https://www.sec.gov/Archives/edgar/data/910521/000091052123000016/deck-20230331.htm
DECK,balance,2022-03-31,instant,Additional paid-in capital,1,210825.0,1000,USD,2022,1630,10-K,2023-05-26,https://www.sec.gov/Archives/edgar/data/910521/000091052123000016/deck-20230331.htm
DECK,balance,2022-03-31,instant,Cash and cash equivalents,1,843527.0,1000,USD,2022,1601,10-K,2023-05-26,https://www.sec.gov/Archives/edgar/data/910521/000091052123000016/deck-20230331.htm
DECK,balance,2022-03-31,instant,"Common stock ($ 0.01 par value; 125,000 shares authorized; shares issued and outstanding of 26,176 and 26,982 as of March 31, 2023, and March 31, 2022, respectively)",1,270.0,1000,USD,2022,1629,10-K,2023-05-26,https://www.sec.gov/Archives/edgar/data/910521/000091052123000016/deck-20230331.htm
DECK,balance,2022-03-31,instant,"Common stock ($ 0.01 par value; 125,000 shares authorized; shares issued and outstanding of 26,982 and 27,910 as of March 31, 2022, and March 31, 2021, respectively)",1,270.0,1000,USD,"As of March 31, — 2022",1672,10-K,2022-05-27,https://www.sec.gov/Archives/edgar/data/910521/000091052122000017/deck-20220331.htm
DECK,balance,2022-03-31,instant,"Deferred tax assets, net ( Note 5 )",1,64217.0,1000,USD,"As of March 31, — 2022",1655,10-K,2022-05-27,https://www.sec.gov/Archives/edgar/data/910521/000091052122000017/deck-20220331.htm
DECK,balance,2022-03-31,instant,"Deferred tax assets, net ( Note 5)",1,64217.0,1000,USD,2022,1612,10-K,2023-05-26,https://www.sec.gov/Archives/edgar/data/910521/000091052123000016/deck-20230331.htm
DECK,balance,2022-03-31,instant,Goodwill ( Note 3 ),1,13990.0,1000,USD,"As of March 31, — 2022",1653,10-K,2022-05-27,https://www.sec.gov/Archives/edgar/data/910521/000091052122000017/deck-20220331.htm
DECK,balance,2022-03-31,instant,Goodwill ( Note 3),1,13990.0,1000,USD,2022,1610,10-K,2023-05-26,https://www.sec.gov/Archives/edgar/data/910521/000091052123000016/deck-20230331.htm
DECK,balance,2022-03-31,instant,Income tax liability,1,54259.0,1000,USD,2022,1624,10-K,2023-05-26,https://www.sec.gov/Archives/edgar/data/910521/000091052123000016/deck-20230331.htm
DECK,balance,2022-03-31,instant,Income tax payable,1,12426.0,1000,USD,2022,1620,10-K,2023-05-26,https://www.sec.gov/Archives/edgar/data/910521/000091052123000016/deck-20230331.htm
DECK,balance,2022-03-31,instant,Income tax receivable,1,18243.0,1000,USD,2022,1606,10-K,2023-05-26,https://www.sec.gov/Archives/edgar/data/910521/000091052123000016/deck-20230331.htm
DECK,balance,2022-03-31,instant,Inventories,1,506796.0,1000,USD,2022,1603,10-K,2023-05-26,https://www.sec.gov/Archives/edgar/data/910521/000091052123000016/deck-20230331.htm
DECK,balance,2022-03-31,instant,Long-term operating lease liabilities ( Note 7 ),1,171972.0,1000,USD,"As of March 31, — 2022",1666,10-K,2022-05-27,https://www.sec.gov/Archives/edgar/data/910521/000091052122000017/deck-20220331.htm
DECK,balance,2022-03-31,instant,Long-term operating lease liabilities ( Note 7),1,171972.0,1000,USD,2022,1623,10-K,2023-05-26,https://www.sec.gov/Archives/edgar/data/910521/000091052123000016/deck-20230331.htm
DECK,balance,2022-03-31,instant,Operating lease assets,1,182459.0,1000,USD,2022,1609,10-K,2023-05-26,https://www.sec.gov/Archives/edgar/data/910521/000091052123000016/deck-20230331.htm
DECK,balance,2022-03-31,instant,Operating lease liabilities ( Note 7 ),1,50098.0,1000,USD,"As of March 31, — 2022",1661,10-K,2022-05-27,https://www.sec.gov/Archives/edgar/data/910521/000091052122000017/deck-20220331.htm
DECK,balance,2022-03-31,instant,Operating lease liabilities ( Note 7),1,50098.0,1000,USD,2022,1618,10-K,2023-05-26,https://www.sec.gov/Archives/edgar/data/910521/000091052123000016/deck-20230331.htm
DECK,balance,2022-03-31,instant,Other accrued expenses,1,81400.0,1000,USD,2022,1619,10-K,2023-05-26,https://www.sec.gov/Archives/edgar/data/910521/000091052123000016/deck-20230331.htm
DECK,balance,2022-03-31,instant,Other assets,1,57319.0,1000,USD,2022,1613,10-K,2023-05-26,https://www.sec.gov/Archives/edgar/data/910521/000091052123000016/deck-20230331.htm
DECK,balance,2022-03-31,instant,Other current assets,1,55264.0,1000,USD,2022,1605,10-K,2023-05-26,https://www.sec.gov/Archives/edgar/data/910521/000091052123000016/deck-20230331.htm
DECK,balance,2022-03-31,instant,"Other intangible assets, net of accumulated amortization ($ 79,061 and $ 77,473 as of March 31, 2022, and March 31, 2021, respectively) ( N ote 3 )",1,39688.0,1000,USD,"As of March 31, — 2022",1654,10-K,2022-05-27,https://www.sec.gov/Archives/edgar/data/910521/000091052122000017/deck-20220331.htm
DECK,balance,2022-03-31,instant,"Other intangible assets, net of accumulated amortization ($ 81,033 and $ 79,061 as of March 31, 2023, and March 31, 2022, respectively) ( Note 3)",1,39688.0,1000,USD,2022,1611,10-K,2023-05-26,https://www.sec.gov/Archives/edgar/data/910521/000091052123000016/deck-20230331.htm
DECK,balance,2022-03-31,instant,Other long-term liabilities,1,25510.0,1000,USD,2022,1625,10-K,2023-05-26,https://www.sec.gov/Archives/edgar/data/910521/000091052123000016/deck-20230331.htm
DECK,balance,2022-03-31,instant,Prepaid expenses,1,25610.0,1000,USD,2022,1604,10-K,2023-05-26,https://www.sec.gov/Archives/edgar/data/910521/000091052123000016/deck-20230331.htm
DECK,balance,2022-03-31,instant,"Property and equipment, net of accumulated depreciation ($ 282,571 and $ 266,905 as of March 31, 2022, and March 31, 2021, respectively) ( Note 1 and Note 13 )",1,222449.0,1000,USD,"As of March 31, — 2022",1651,10-K,2022-05-27,https://www.sec.gov/Archives/edgar/data/910521/000091052122000017/deck-20220331.htm
DECK,balance,2022-03-31,instant,"Property and equipment, net of accumulated depreciation ($ 317,508 and $ 282,571 as of March 31, 2023, and March 31, 2022, respectively) ( Note 1 and Note 13)",1,222449.0,1000,USD,2022,1608,10-K,2023-05-26,https://www.sec.gov/Archives/edgar/data/910521/000091052123000016/deck-20230331.htm
DECK,balance,2022-03-31,instant,Retained earnings,1,1352685.0,1000,USD,2022,1631,10-K,2023-05-26,https://www.sec.gov/Archives/edgar/data/910521/000091052123000016/deck-20230331.htm
DECK,balance,2022-03-31,instant,Total,1,24779.0,1000,USD,2022,2378,10-K,2023-05-26,https://www.sec.gov/Archives/edgar/data/910521/000091052123000016/deck-20230331.htm
DECK,balance,2022-03-31,instant,Total assets,1,2332250.0,1000,USD,2022,1614,10-K,2023-05-26,https://www.sec.gov/Archives/edgar/data/910521/000091052123000016/deck-20230331.htm
DECK,balance,2022-03-31,instant,Total current assets,1,1752128.0,1000,USD,2022,1607,10-K,2023-05-26,https://www.sec.gov/Archives/edgar/data/910521/000091052123000016/deck-20230331.htm
DECK,balance,2022-03-31,instant,Total current liabilities,1,541684.0,1000,USD,2022,1622,10-K,2023-05-26,https://www.sec.gov/Archives/edgar/data/910521/000091052123000016/deck-20230331.htm
DECK,balance,2022-03-31,instant,Total liabilities and stockholders' equity,1,2332250.0,1000,USD,2022,1634,10-K,2023-05-26,https://www.sec.gov/Archives/edgar/data/910521/000091052123000016/deck-20230331.htm
DECK,balance,2022-03-31,instant,Total long-term liabilities,1,251741.0,1000,USD,2022,1626,10-K,2023-05-26,https://www.sec.gov/Archives/edgar/data/910521/000091052123000016/deck-20230331.htm
DECK,balance,2022-03-31,instant,Total stockholders' equity,1,1538825.0,1000,USD,2022,1633,10-K,2023-05-26,https://www.sec.gov/Archives/edgar/data/910521/000091052123000016/deck-20230331.htm
DECK,balance,2022-03-31,instant,Trade accounts payable,1,327487.0,1000,USD,2022,1616,10-K,2023-05-26,https://www.sec.gov/Archives/edgar/data/910521/000091052123000016/deck-20230331.htm
DECK,balance,2022-03-31,instant,"Trade accounts receivable, net of allowances ($ 30,591 and $ 26,516 as of March 31, 2022, and March 31, 2021, respectively) ( Note 2 and Schedule II )",1,302688.0,1000,USD,"As of March 31, — 2022",1645,10-K,2022-05-27,https://www.sec.gov/Archives/edgar/data/910521/000091052122000017/deck-20220331.htm
DECK,balance,2022-03-31,instant,"Trade accounts receivable, net of allowances ($ 32,504 and $ 30,591 as of March 31, 2023, and March 31, 2022, respectively) ( Note 2 and Schedule II)",1,302688.0,1000,USD,2022,1602,10-K,2023-05-26,https://www.sec.gov/Archives/edgar/data/910521/000091052123000016/deck-20230331.htm
DECK,balance,2022-03-31,instant,Value added tax payable,1,2720.0,1000,USD,2022,1621,10-K,2023-05-26,https://www.sec.gov/Archives/edgar/data/910521/000091052123000016/deck-20230331.htm
DECK,cash_flow,2022-03-31,annual,Accrued for asset retirement obligation assets related to leasehold improvements,1,3900.0,1000,USD,2022,1848,10-K,2024-05-24,https://www.sec.gov/Archives/edgar/data/910521/000091052124000017/deck-20240331.htm
DECK,cash_flow,2022-03-31,annual,Accrued for shares withheld for taxes,1,8435.0,1000,USD,2022,1851,10-K,2024-05-24,https://www.sec.gov/Archives/edgar/data/910521/000091052124000017/deck-20240331.htm
DECK,cash_flow,2022-03-31,annual,Amortization on cloud computing arrangements,1,1552.0,1000,USD,2022,1793,10-K,2024-05-24,https://www.sec.gov/Archives/edgar/data/910521/000091052124000017/deck-20240331.htm
DECK,cash_flow,2022-03-31,annual,Bad debt (benefit) expense,1,-342.0,1000,USD,"Years Ended March 31, — 2022",1771,10-K,2022-05-27,https://www.sec.gov/Archives/edgar/data/910521/000091052122000017/deck-20220331.htm
DECK,cash_flow,2022-03-31,annual,Bad debt expense (benefit),1,-342.0,1000,USD,2022,1795,10-K,2024-05-24,https://www.sec.gov/Archives/edgar/data/910521/000091052124000017/deck-20240331.htm
DECK,cash_flow,2022-03-31,annual,Cash and cash equivalents at beginning of period,1,1089361.0,1000,USD,2022,1826,10-K,2024-05-24,https://www.sec.gov/Archives/edgar/data/910521/000091052124000017/deck-20240331.htm
DECK,cash_flow,2022-03-31,annual,Cash and cash equivalents at end of period,1,843527.0,1000,USD,2022,1827,10-K,2024-05-24,https://www.sec.gov/Archives/edgar/data/910521/000091052124000017/deck-20240331.htm
DECK,cash_flow,2022-03-31,annual,Cash paid for shares withheld for taxes,1,-14024.0,1000,USD,2022,1822,10-K,2024-05-24,https://www.sec.gov/Archives/edgar/data/910521/000091052124000017/deck-20240331.htm
DECK,cash_flow,2022-03-31,annual,Change in accounts payable and other accrued expenses for purchases of property and equipment,1,2797.0,1000,USD,2022,1784,10-K,2023-05-26,https://www.sec.gov/Archives/edgar/data/910521/000091052123000016/deck-20230331.htm
DECK,cash_flow,2022-03-31,annual,Changes in accounts payable and other accrued expenses for purchases of property and equipment,1,2797.0,1000,USD,2022,1847,10-K,2024-05-24,https://www.sec.gov/Archives/edgar/data/910521/000091052124000017/deck-20240331.htm
DECK,cash_flow,2022-03-31,annual,Deferred tax (benefit) expense,1,-27796.0,1000,USD,"Years Ended March 31, — 2022",1772,10-K,2022-05-27,https://www.sec.gov/Archives/edgar/data/910521/000091052122000017/deck-20220331.htm
DECK,cash_flow,2022-03-31,annual,Deferred tax benefit,1,-27796.0,1000,USD,2022,1796,10-K,2024-05-24,https://www.sec.gov/Archives/edgar/data/910521/000091052124000017/deck-20240331.htm
DECK,cash_flow,2022-03-31,annual,"Depreciation, amortization, and accretion",1,42878.0,1000,USD,2022,1792,10-K,2024-05-24,https://www.sec.gov/Archives/edgar/data/910521/000091052124000017/deck-20240331.htm
DECK,cash_flow,2022-03-31,annual,Effect of foreign currency exchange rates on cash and cash equivalents,1,304.0,1000,USD,2022,1824,10-K,2024-05-24,https://www.sec.gov/Archives/edgar/data/910521/000091052124000017/deck-20240331.htm
DECK,cash_flow,2022-03-31,annual,Impairment of operating lease and other long-lived assets,1,3186.0,1000,USD,2022,1800,10-K,2024-05-24,https://www.sec.gov/Archives/edgar/data/910521/000091052124000017/deck-20240331.htm
DECK,cash_flow,2022-03-31,annual,Income tax payable,1,-24494.0,1000,USD,2022,1810,10-K,2024-05-24,https://www.sec.gov/Archives/edgar/data/910521/000091052124000017/deck-20240331.htm
DECK,cash_flow,2022-03-31,annual,Income tax receivable,1,-11933.0,1000,USD,2022,1805,10-K,2024-05-24,https://www.sec.gov/Archives/edgar/data/910521/000091052124000017/deck-20240331.htm
DECK,cash_flow,2022-03-31,annual,Income taxes,1,192090.0,1000,USD,2022,1843,10-K,2024-05-24,https://www.sec.gov/Archives/edgar/data/910521/000091052124000017/deck-20240331.htm
DECK,cash_flow,2022-03-31,annual,"Income taxes, net of refunds of $ 1,421 , $ 77 , and $ 1,564 , as of March 31, 2023, 2022, and 2021, respectively",1,192013.0,1000,USD,2022,1780,10-K,2023-05-26,https://www.sec.gov/Archives/edgar/data/910521/000091052123000016/deck-20230331.htm
DECK,cash_flow,2022-03-31,annual,"Income taxes, net of refunds of $ 77 , $ 1,564 , and $ 5,389 , as of March 31, 2022, 2021, and 2020, respectively",1,192013.0,1000,USD,"Years Ended March 31, — 2022",1822,10-K,2022-05-27,https://www.sec.gov/Archives/edgar/data/910521/000091052122000017/deck-20220331.htm
DECK,cash_flow,2022-03-31,annual,Interest,1,1842.0,1000,USD,2022,1844,10-K,2024-05-24,https://www.sec.gov/Archives/edgar/data/910521/000091052124000017/deck-20240331.htm
DECK,cash_flow,2022-03-31,annual,Inventories,1,-228554.0,1000,USD,2022,1803,10-K,2024-05-24,https://www.sec.gov/Archives/edgar/data/910521/000091052124000017/deck-20240331.htm
DECK,cash_flow,2022-03-31,annual,Leasehold improvements acquired through tenant allowances,1,4061.0,1000,USD,2022,1849,10-K,2024-05-24,https://www.sec.gov/Archives/edgar/data/910521/000091052124000017/deck-20240331.htm
DECK,cash_flow,2022-03-31,annual,Loss on disposal of long-lived assets,1,107.0,1000,USD,2022,1798,10-K,2024-05-24,https://www.sec.gov/Archives/edgar/data/910521/000091052124000017/deck-20240331.htm
DECK,cash_flow,2022-03-31,annual,Net cash provided by operating activities,1,172353.0,1000,USD,2022,1812,10-K,2024-05-24,https://www.sec.gov/Archives/edgar/data/910521/000091052124000017/deck-20240331.htm
DECK,cash_flow,2022-03-31,annual,Net cash used in financing activities,1,-367482.0,1000,USD,2022,1823,10-K,2024-05-24,https://www.sec.gov/Archives/edgar/data/910521/000091052124000017/deck-20240331.htm
DECK,cash_flow,2022-03-31,annual,Net cash used in investing activities,1,-51009.0,1000,USD,2022,1816,10-K,2024-05-24,https://www.sec.gov/Archives/edgar/data/910521/000091052124000017/deck-20240331.htm
DECK,cash_flow,2022-03-31,annual,Net change in cash and cash equivalents,1,-245834.0,1000,USD,2022,1825,10-K,2024-05-24,https://www.sec.gov/Archives/edgar/data/910521/000091052124000017/deck-20240331.htm
DECK,cash_flow,2022-03-31,annual,Net income,1,451949.0,1000,USD,2022,1790,10-K,2024-05-24,https://www.sec.gov/Archives/edgar/data/910521/000091052124000017/deck-20240331.htm
DECK,cash_flow,2022-03-31,annual,Net operating lease assets and lease liabilities,1,3189.0,1000,USD,2022,1806,10-K,2024-05-24,https://www.sec.gov/Archives/edgar/data/910521/000091052124000017/deck-20240331.htm
DECK,cash_flow,2022-03-31,annual,Operating leases,1,55588.0,1000,USD,2022,1845,10-K,2024-05-24,https://www.sec.gov/Archives/edgar/data/910521/000091052124000017/deck-20240331.htm
DECK,cash_flow,2022-03-31,annual,Other accrued expenses,1,-20370.0,1000,USD,2022,1809,10-K,2024-05-24,https://www.sec.gov/Archives/edgar/data/910521/000091052124000017/deck-20240331.htm
DECK,cash_flow,2022-03-31,annual,Other assets,1,-28296.0,1000,USD,2022,1807,10-K,2024-05-24,https://www.sec.gov/Archives/edgar/data/910521/000091052124000017/deck-20240331.htm
DECK,cash_flow,2022-03-31,annual,Other long-term liabilities,1,999.0,1000,USD,2022,1811,10-K,2024-05-24,https://www.sec.gov/Archives/edgar/data/910521/000091052124000017/deck-20240331.htm
DECK,cash_flow,2022-03-31,annual,Prepaid expenses and other current assets,1,-19095.0,1000,USD,2022,1804,10-K,2024-05-24,https://www.sec.gov/Archives/edgar/data/910521/000091052124000017/deck-20240331.htm
DECK,cash_flow,2022-03-31,annual,Proceeds from exercise of stock options,1,1204.0,1000,USD,2022,1820,10-K,2024-05-24,https://www.sec.gov/Archives/edgar/data/910521/000091052124000017/deck-20240331.htm
DECK,cash_flow,2022-03-31,annual,Proceeds from issuance of stock,1,1991.0,1000,USD,2022,1819,10-K,2024-05-24,https://www.sec.gov/Archives/edgar/data/910521/000091052124000017/deck-20240331.htm
DECK,cash_flow,2022-03-31,annual,Proceeds from sales of property and equipment,1,8.0,1000,USD,2022,1815,10-K,2024-05-24,https://www.sec.gov/Archives/edgar/data/910521/000091052124000017/deck-20240331.htm
DECK,cash_flow,2022-03-31,annual,Purchases of property and equipment,1,-51017.0,1000,USD,2022,1814,10-K,2024-05-24,https://www.sec.gov/Archives/edgar/data/910521/000091052124000017/deck-20240331.htm
DECK,cash_flow,2022-03-31,annual,Repurchases of common stock,1,-356653.0,1000,USD,2022,1821,10-K,2024-05-24,https://www.sec.gov/Archives/edgar/data/910521/000091052124000017/deck-20240331.htm
DECK,cash_flow,2022-03-31,annual,Stock-based compensation,1,26816.0,1000,USD,2022,1797,10-K,2024-05-24,https://www.sec.gov/Archives/edgar/data/910521/000091052124000017/deck-20240331.htm
DECK,cash_flow,2022-03-31,annual,Trade accounts payable,1,89184.0,1000,USD,2022,1808,10-K,2024-05-24,https://www.sec.gov/Archives/edgar/data/910521/000091052124000017/deck-20240331.htm
DECK,cash_flow,2022-03-31,annual,"Trade accounts receivable, net",1,-86627.0,1000,USD,2022,1802,10-K,2024-05-24,https://www.sec.gov/Archives/edgar/data/910521/000091052124000017/deck-20240331.htm
DECK,income,2022-03-31,annual,Basic,1,16.43,1000,USD,2022,1730,10-K,2024-05-24,https://www.sec.gov/Archives/edgar/data/910521/000091052124000017/deck-20240331.htm
DECK,income,2022-03-31,annual,Basic,2,27508.0,1000,USD,2022,1733,10-K,2024-05-24,https://www.sec.gov/Archives/edgar/data/910521/000091052124000017/deck-20240331.htm
DECK,income,2022-03-31,annual,Comprehensive income,1,443737.0,1000,USD,2022,1728,10-K,2024-05-24,https://www.sec.gov/Archives/edgar/data/910521/000091052124000017/deck-20240331.htm
DECK,income,2022-03-31,annual,Cost of sales,1,1542788.0,1000,USD,2022,1715,10-K,2024-05-24,https://www.sec.gov/Archives/edgar/data/910521/000091052124000017/deck-20240331.htm
DECK,income,2022-03-31,annual,Diluted,1,16.26,1000,USD,2022,1731,10-K,2024-05-24,https://www.sec.gov/Archives/edgar/data/910521/000091052124000017/deck-20240331.htm
DECK,income,2022-03-31,annual,Diluted,2,27789.0,1000,USD,2022,1734,10-K,2024-05-24,https://www.sec.gov/Archives/edgar/data/910521/000091052124000017/deck-20240331.htm
DECK,income,2022-03-31,annual,Employee Stock Purchase Plan,1,351.0,1000,USD,2022,2722,10-K,2023-05-26,https://www.sec.gov/Archives/edgar/data/910521/000091052123000016/deck-20230331.htm
DECK,income,2022-03-31,annual,Foreign currency translation (loss) gain,1,-8212.0,1000,USD,2022,1660,10-K,2023-05-26,https://www.sec.gov/Archives/edgar/data/910521/000091052123000016/deck-20230331.htm
DECK,income,2022-03-31,annual,Foreign currency translation loss,1,-8212.0,1000,USD,2022,1726,10-K,2024-05-24,https://www.sec.gov/Archives/edgar/data/910521/000091052124000017/deck-20240331.htm
DECK,income,2022-03-31,annual,Grants to Directors,1,1507.0,1000,USD,2022,2719,10-K,2023-05-26,https://www.sec.gov/Archives/edgar/data/910521/000091052123000016/deck-20230331.htm
DECK,income,2022-03-31,annual,Gross profit,1,1607551.0,1000,USD,2022,1716,10-K,2024-05-24,https://www.sec.gov/Archives/edgar/data/910521/000091052124000017/deck-20240331.htm
DECK,income,2022-03-31,annual,Income before income taxes,1,564638.0,1000,USD,2022,1723,10-K,2024-05-24,https://www.sec.gov/Archives/edgar/data/910521/000091052124000017/deck-20240331.htm
DECK,income,2022-03-31,annual,Income from operations ( Note 12 ),1,564707.0,1000,USD,"Years Ended March 31, — 2022",1695,10-K,2022-05-27,https://www.sec.gov/Archives/edgar/data/910521/000091052122000017/deck-20220331.htm
DECK,income,2022-03-31,annual,Income from operations ( Note 12),1,564707.0,1000,USD,2022,1718,10-K,2024-05-24,https://www.sec.gov/Archives/edgar/data/910521/000091052124000017/deck-20240331.htm
DECK,income,2022-03-31,annual,Income tax benefit,1,-6496.0,1000,USD,2022,2724,10-K,2023-05-26,https://www.sec.gov/Archives/edgar/data/910521/000091052123000016/deck-20230331.htm
DECK,income,2022-03-31,annual,Income tax expense ( Note 5 ),1,112689.0,1000,USD,"Years Ended March 31, — 2022",1701,10-K,2022-05-27,https://www.sec.gov/Archives/edgar/data/910521/000091052122000017/deck-20220331.htm
DECK,income,2022-03-31,annual,Income tax expense ( Note 5),1,112689.0,1000,USD,2022,1724,10-K,2024-05-24,https://www.sec.gov/Archives/edgar/data/910521/000091052124000017/deck-20240331.htm
DECK,income,2022-03-31,annual,Interest expense,1,2083.0,1000,USD,2022,1720,10-K,2024-05-24,https://www.sec.gov/Archives/edgar/data/910521/000091052124000017/deck-20240331.htm
DECK,income,2022-03-31,annual,Interest income,1,-1901.0,1000,USD,2022,1719,10-K,2024-05-24,https://www.sec.gov/Archives/edgar/data/910521/000091052124000017/deck-20240331.htm
DECK,income,2022-03-31,annual,LTIP PSUs,1,12865.0,1000,USD,2022,2718,10-K,2023-05-26,https://www.sec.gov/Archives/edgar/data/910521/000091052123000016/deck-20230331.htm
DECK,income,2022-03-31,annual,Net income,1,451949.0,1000,USD,2022,1725,10-K,2024-05-24,https://www.sec.gov/Archives/edgar/data/910521/000091052124000017/deck-20240331.htm
DECK,income,2022-03-31,annual,Net sales ( Note 12 and Note 13 ),1,3150339.0,1000,USD,"Years Ended March 31, — 2022",1691,10-K,2022-05-27,https://www.sec.gov/Archives/edgar/data/910521/000091052122000017/deck-20220331.htm
DECK,income,2022-03-31,annual,Net sales ( Note 12 and Note 13),1,3150339.0,1000,USD,2022,1714,10-K,2024-05-24,https://www.sec.gov/Archives/edgar/data/910521/000091052124000017/deck-20240331.htm
DECK,income,2022-03-31,annual,"Other income, net",1,-113.0,1000,USD,2022,1721,10-K,2024-05-24,https://www.sec.gov/Archives/edgar/data/910521/000091052124000017/deck-20240331.htm
DECK,income,2022-03-31,annual,RSUs,1,12093.0,1000,USD,2022,2716,10-K,2023-05-26,https://www.sec.gov/Archives/edgar/data/910521/000091052123000016/deck-20230331.htm
DECK,income,2022-03-31,annual,"Selling, general, and administrative expenses",1,1042844.0,1000,USD,2022,1717,10-K,2024-05-24,https://www.sec.gov/Archives/edgar/data/910521/000091052124000017/deck-20240331.htm
DECK,income,2022-03-31,annual,Subtotal,1,26465.0,1000,USD,2022,2720,10-K,2023-05-26,https://www.sec.gov/Archives/edgar/data/910521/000091052123000016/deck-20230331.htm
DECK,income,2022-03-31,annual,"Total other (income) expense, net",1,69.0,1000,USD,2022,1722,10-K,2024-05-24,https://www.sec.gov/Archives/edgar/data/910521/000091052124000017/deck-20240331.htm
DECK,income,2022-03-31,annual,Total other comprehensive (loss) income,1,-8212.0,1000,USD,"Years Ended March 31, — 2022",1705,10-K,2022-05-27,https://www.sec.gov/Archives/edgar/data/910521/000091052122000017/deck-20220331.htm
DECK,income,2022-03-31,annual,"Total other comprehensive (loss) income, net of tax",1,-8212.0,1000,USD,2022,1661,10-K,2023-05-26,https://www.sec.gov/Archives/edgar/data/910521/000091052123000016/deck-20230331.htm
DECK,income,2022-03-31,annual,"Total other comprehensive loss, net of tax",1,-8212.0,1000,USD,2022,1727,10-K,2024-05-24,https://www.sec.gov/Archives/edgar/data/910521/000091052124000017/deck-20240331.htm
DECK,income,2022-03-31,annual,"Total other expense (income), net",1,69.0,1000,USD,"Years Ended March 31, — 2022",1699,10-K,2022-05-27,https://www.sec.gov/Archives/edgar/data/910521/000091052122000017/deck-20220331.htm
DECK,income,2022-03-31,annual,"Total stock-based compensation, net of tax",1,20320.0,1000,USD,2022,2725,10-K,2023-05-26,https://www.sec.gov/Archives/edgar/data/910521/000091052123000016/deck-20230331.htm
DECK,income,2022-03-31,annual,"Total stock-based compensation, pre-tax",1,26816.0,1000,USD,2022,2723,10-K,2023-05-26,https://www.sec.gov/Archives/edgar/data/910521/000091052123000016/deck-20230331.htm
DECK,balance,2023-03-31,instant,Accrued payroll,1,63781.0,1000,USD,2023,1683,10-K,2024-05-24,https://www.sec.gov/Archives/edgar/data/910521/000091052124000017/deck-20240331.htm
DECK,balance,2023-03-31,instant,Accumulated other comprehensive loss ( Note 10),1,-39035.0,1000,USD,2023,1698,10-K,2024-05-24,https://www.sec.gov/Archives/edgar/data/910521/000091052124000017/deck-20240331.htm
DECK,balance,2023-03-31,instant,Additional paid-in capital,1,232932.0,1000,USD,2023,1696,10-K,2024-05-24,https://www.sec.gov/Archives/edgar/data/910521/000091052124000017/deck-20240331.htm
DECK,balance,2023-03-31,instant,Cash and cash equivalents,1,981795.0,1000,USD,2023,1667,10-K,2024-05-24,https://www.sec.gov/Archives/edgar/data/910521/000091052124000017/deck-20240331.htm
DECK,balance,2023-03-31,instant,"Common stock ($ 0.01 par value; 125,000 shares authorized; shares issued and outstanding of 25,593 and 26,176 as of March 31, 2024, and March 31, 2023, respectively)",1,262.0,1000,USD,2023,1695,10-K,2024-05-24,https://www.sec.gov/Archives/edgar/data/910521/000091052124000017/deck-20240331.htm
DECK,balance,2023-03-31,instant,"Common stock ($ 0.01 par value; 125,000 shares authorized; shares issued and outstanding of 26,176 and 26,982 as of March 31, 2023, and March 31, 2022, respectively)",1,262.0,1000,USD,"As of March 31, — 2023",1629,10-K,2023-05-26,https://www.sec.gov/Archives/edgar/data/910521/000091052123000016/deck-20230331.htm
DECK,balance,2023-03-31,instant,"Deferred tax assets, net",1,3145.0,1000,USD,2023,2427,10-K,2024-05-24,https://www.sec.gov/Archives/edgar/data/910521/000091052124000017/deck-20240331.htm
DECK,balance,2023-03-31,instant,"Deferred tax assets, net ( Note 5)",1,72592.0,1000,USD,2023,1678,10-K,2024-05-24,https://www.sec.gov/Archives/edgar/data/910521/000091052124000017/deck-20240331.htm
DECK,balance,2023-03-31,instant,Goodwill ( Note 3),1,13990.0,1000,USD,2023,1676,10-K,2024-05-24,https://www.sec.gov/Archives/edgar/data/910521/000091052124000017/deck-20240331.htm
DECK,balance,2023-03-31,instant,Income tax liability,1,62032.0,1000,USD,2023,1690,10-K,2024-05-24,https://www.sec.gov/Archives/edgar/data/910521/000091052124000017/deck-20240331.htm
DECK,balance,2023-03-31,instant,Income tax payable,1,17322.0,1000,USD,2023,1686,10-K,2024-05-24,https://www.sec.gov/Archives/edgar/data/910521/000091052124000017/deck-20240331.htm
DECK,balance,2023-03-31,instant,Income tax receivable,1,4784.0,1000,USD,2023,1672,10-K,2024-05-24,https://www.sec.gov/Archives/edgar/data/910521/000091052124000017/deck-20240331.htm
DECK,balance,2023-03-31,instant,Inventories,1,532852.0,1000,USD,2023,1669,10-K,2024-05-24,https://www.sec.gov/Archives/edgar/data/910521/000091052124000017/deck-20240331.htm
DECK,balance,2023-03-31,instant,Long-term operating lease liabilities ( Note 7),1,195723.0,1000,USD,2023,1689,10-K,2024-05-24,https://www.sec.gov/Archives/edgar/data/910521/000091052124000017/deck-20240331.htm
DECK,balance,2023-03-31,instant,Operating lease assets,1,213302.0,1000,USD,2023,1675,10-K,2024-05-24,https://www.sec.gov/Archives/edgar/data/910521/000091052124000017/deck-20240331.htm
DECK,balance,2023-03-31,instant,Operating lease liabilities ( Note 7),1,50765.0,1000,USD,2023,1684,10-K,2024-05-24,https://www.sec.gov/Archives/edgar/data/910521/000091052124000017/deck-20240331.htm
DECK,balance,2023-03-31,instant,Other accrued expenses,1,86753.0,1000,USD,2023,1685,10-K,2024-05-24,https://www.sec.gov/Archives/edgar/data/910521/000091052124000017/deck-20240331.htm
DECK,balance,2023-03-31,instant,Other assets,1,41930.0,1000,USD,2023,1679,10-K,2024-05-24,https://www.sec.gov/Archives/edgar/data/910521/000091052124000017/deck-20240331.htm
DECK,balance,2023-03-31,instant,Other current assets,1,55523.0,1000,USD,2023,1671,10-K,2024-05-24,https://www.sec.gov/Archives/edgar/data/910521/000091052124000017/deck-20240331.htm
DECK,balance,2023-03-31,instant,"Other intangible assets, net of accumulated amortization ($ 81,033 and $ 79,061 as of March 31, 2023, and March 31, 2022, respectively) ( Note 3)",1,37457.0,1000,USD,"As of March 31, — 2023",1611,10-K,2023-05-26,https://www.sec.gov/Archives/edgar/data/910521/000091052123000016/deck-20230331.htm
DECK,balance,2023-03-31,instant,"Other intangible assets, net of accumulated amortization ($ 91,314 and $ 81,033 as of March 31, 2024, and March 31, 2023, respectively) ( Note 3)",1,37457.0,1000,USD,2023,1677,10-K,2024-05-24,https://www.sec.gov/Archives/edgar/data/910521/000091052124000017/deck-20240331.htm
DECK,balance,2023-03-31,instant,Other long-term liabilities,1,35335.0,1000,USD,2023,1691,10-K,2024-05-24,https://www.sec.gov/Archives/edgar/data/910521/000091052124000017/deck-20240331.htm
DECK,balance,2023-03-31,instant,Prepaid expenses,1,33788.0,1000,USD,2023,1670,10-K,2024-05-24,https://www.sec.gov/Archives/edgar/data/910521/000091052124000017/deck-20240331.htm
DECK,balance,2023-03-31,instant,"Property and equipment, net of accumulated depreciation ($ 317,508 and $ 282,571 as of March 31, 2023, and March 31, 2022, respectively) ( Note 1 and Note 13)",1,266679.0,1000,USD,"As of March 31, — 2023",1608,10-K,2023-05-26,https://www.sec.gov/Archives/edgar/data/910521/000091052123000016/deck-20230331.htm
DECK,balance,2023-03-31,instant,"Property and equipment, net of accumulated depreciation ($ 349,138 and $ 317,508 as of March 31, 2024, and March 31, 2023, respectively) ( Note 1 and Note 13)",1,266679.0,1000,USD,2023,1674,10-K,2024-05-24,https://www.sec.gov/Archives/edgar/data/910521/000091052124000017/deck-20240331.htm
DECK,balance,2023-03-31,instant,Retained earnings,1,1571574.0,1000,USD,2023,1697,10-K,2024-05-24,https://www.sec.gov/Archives/edgar/data/910521/000091052124000017/deck-20240331.htm
DECK,balance,2023-03-31,instant,Total,1,44901.0,1000,USD,2023,2432,10-K,2024-05-24,https://www.sec.gov/Archives/edgar/data/910521/000091052124000017/deck-20240331.htm
DECK,balance,2023-03-31,instant,Total assets,1,2556203.0,1000,USD,2023,1680,10-K,2024-05-24,https://www.sec.gov/Archives/edgar/data/910521/000091052124000017/deck-20240331.htm
DECK,balance,2023-03-31,instant,Total current assets,1,1910253.0,1000,USD,2023,1673,10-K,2024-05-24,https://www.sec.gov/Archives/edgar/data/910521/000091052124000017/deck-20240331.htm
DECK,balance,2023-03-31,instant,Total current liabilities,1,497380.0,1000,USD,2023,1688,10-K,2024-05-24,https://www.sec.gov/Archives/edgar/data/910521/000091052124000017/deck-20240331.htm
DECK,balance,2023-03-31,instant,Total liabilities and stockholders' equity,1,2556203.0,1000,USD,"As of March 31, — 2023",1634,10-K,2023-05-26,https://www.sec.gov/Archives/edgar/data/910521/000091052123000016/deck-20230331.htm
DECK,balance,2023-03-31,instant,Total liabilities and stockholders’ equity,1,2556203.0,1000,USD,2023,1700,10-K,2024-05-24,https://www.sec.gov/Archives/edgar/data/910521/000091052124000017/deck-20240331.htm
DECK,balance,2023-03-31,instant,Total long-term liabilities,1,293090.0,1000,USD,2023,1692,10-K,2024-05-24,https://www.sec.gov/Archives/edgar/data/910521/000091052124000017/deck-20240331.htm
DECK,balance,2023-03-31,instant,Total stockholders' equity,1,1765733.0,1000,USD,"As of March 31, — 2023",1633,10-K,2023-05-26,https://www.sec.gov/Archives/edgar/data/910521/000091052123000016/deck-20230331.htm
DECK,balance,2023-03-31,instant,Total stockholders’ equity,1,1765733.0,1000,USD,2023,1699,10-K,2024-05-24,https://www.sec.gov/Archives/edgar/data/910521/000091052124000017/deck-20240331.htm
DECK,balance,2023-03-31,instant,Trade accounts payable,1,265605.0,1000,USD,2023,1682,10-K,2024-05-24,https://www.sec.gov/Archives/edgar/data/910521/000091052124000017/deck-20240331.htm
DECK,balance,2023-03-31,instant,"Trade accounts receivable, net of allowances ($ 27,331 and $ 32,504 as of March 31, 2024, and March 31, 2023, respectively) ( Note 2 and Schedule II)",1,301511.0,1000,USD,2023,1668,10-K,2024-05-24,https://www.sec.gov/Archives/edgar/data/910521/000091052124000017/deck-20240331.htm
DECK,balance,2023-03-31,instant,"Trade accounts receivable, net of allowances ($ 32,504 and $ 30,591 as of March 31, 2023, and March 31, 2022, respectively) ( Note 2 and Schedule II)",1,301511.0,1000,USD,"As of March 31, — 2023",1602,10-K,2023-05-26,https://www.sec.gov/Archives/edgar/data/910521/000091052123000016/deck-20230331.htm
DECK,balance,2023-03-31,instant,Value added tax payable,1,13154.0,1000,USD,2023,1687,10-K,2024-05-24,https://www.sec.gov/Archives/edgar/data/910521/000091052124000017/deck-20240331.htm
DECK,cash_flow,2023-03-31,annual,Accrued excise taxes related to repurchases of common stock,1,569.0,1000,USD,2023,1911,10-K,2025-05-23,https://www.sec.gov/Archives/edgar/data/910521/000091052125000017/deck-20250331.htm
DECK,cash_flow,2023-03-31,annual,Accrued for asset retirement obligation assets related to leasehold improvements,1,8203.0,1000,USD,2023,1907,10-K,2025-05-23,https://www.sec.gov/Archives/edgar/data/910521/000091052125000017/deck-20250331.htm
DECK,cash_flow,2023-03-31,annual,Accrued for shares withheld for taxes,1,5371.0,1000,USD,2023,1910,10-K,2025-05-23,https://www.sec.gov/Archives/edgar/data/910521/000091052125000017/deck-20250331.htm
DECK,cash_flow,2023-03-31,annual,Amortization on cloud computing arrangements,1,2149.0,1000,USD,2023,1851,10-K,2025-05-23,https://www.sec.gov/Archives/edgar/data/910521/000091052125000017/deck-20250331.htm
DECK,cash_flow,2023-03-31,annual,Bad debt expense,1,1983.0,1000,USD,2023,1853,10-K,2025-05-23,https://www.sec.gov/Archives/edgar/data/910521/000091052125000017/deck-20250331.htm
DECK,cash_flow,2023-03-31,annual,Bad debt expense (benefit),1,1983.0,1000,USD,2023,1795,10-K,2024-05-24,https://www.sec.gov/Archives/edgar/data/910521/000091052124000017/deck-20240331.htm
DECK,cash_flow,2023-03-31,annual,Cash and cash equivalents at beginning of period,1,843527.0,1000,USD,2023,1885,10-K,2025-05-23,https://www.sec.gov/Archives/edgar/data/910521/000091052125000017/deck-20250331.htm
DECK,cash_flow,2023-03-31,annual,Cash and cash equivalents at end of period,1,981795.0,1000,USD,2023,1886,10-K,2025-05-23,https://www.sec.gov/Archives/edgar/data/910521/000091052125000017/deck-20250331.htm
DECK,cash_flow,2023-03-31,annual,Cash paid for shares withheld for taxes,1,-16688.0,1000,USD,2023,1881,10-K,2025-05-23,https://www.sec.gov/Archives/edgar/data/910521/000091052125000017/deck-20250331.htm
DECK,cash_flow,2023-03-31,annual,Change in accounts payable and other accrued expenses for purchases of property and equipment,1,5325.0,1000,USD,"Years Ended March 31, — 2023",1784,10-K,2023-05-26,https://www.sec.gov/Archives/edgar/data/910521/000091052123000016/deck-20230331.htm
DECK,cash_flow,2023-03-31,annual,Changes in accounts payable and other accrued expenses for purchases of property and equipment,1,5325.0,1000,USD,2023,1847,10-K,2024-05-24,https://www.sec.gov/Archives/edgar/data/910521/000091052124000017/deck-20240331.htm
DECK,cash_flow,2023-03-31,annual,Changes in trade accounts payable and other accrued expenses for purchases of property and equipment,1,5325.0,1000,USD,2023,1906,10-K,2025-05-23,https://www.sec.gov/Archives/edgar/data/910521/000091052125000017/deck-20250331.htm
DECK,cash_flow,2023-03-31,annual,Deferred tax benefit,1,-9719.0,1000,USD,2023,1854,10-K,2025-05-23,https://www.sec.gov/Archives/edgar/data/910521/000091052125000017/deck-20250331.htm
DECK,cash_flow,2023-03-31,annual,"Depreciation, amortization, and accretion",1,47858.0,1000,USD,2023,1850,10-K,2025-05-23,https://www.sec.gov/Archives/edgar/data/910521/000091052125000017/deck-20250331.htm
DECK,cash_flow,2023-03-31,annual,Effect of foreign currency exchange rates on cash and cash equivalents,1,-9110.0,1000,USD,2023,1883,10-K,2025-05-23,https://www.sec.gov/Archives/edgar/data/910521/000091052125000017/deck-20250331.htm
DECK,cash_flow,2023-03-31,annual,"Impairment of cloud computing arrangements, operating lease, and other long-lived assets",1,2817.0,1000,USD,2023,1858,10-K,2025-05-23,https://www.sec.gov/Archives/edgar/data/910521/000091052125000017/deck-20250331.htm
DECK,cash_flow,2023-03-31,annual,Impairment of operating lease and other long-lived assets,1,2817.0,1000,USD,2023,1800,10-K,2024-05-24,https://www.sec.gov/Archives/edgar/data/910521/000091052124000017/deck-20240331.htm
DECK,cash_flow,2023-03-31,annual,Income tax payable,1,4897.0,1000,USD,2023,1868,10-K,2025-05-23,https://www.sec.gov/Archives/edgar/data/910521/000091052125000017/deck-20250331.htm
DECK,cash_flow,2023-03-31,annual,Income tax receivable,1,13459.0,1000,USD,2023,1863,10-K,2025-05-23,https://www.sec.gov/Archives/edgar/data/910521/000091052125000017/deck-20250331.htm
DECK,cash_flow,2023-03-31,annual,Income taxes,1,135986.0,1000,USD,2023,1902,10-K,2025-05-23,https://www.sec.gov/Archives/edgar/data/910521/000091052125000017/deck-20250331.htm
DECK,cash_flow,2023-03-31,annual,"Income taxes, net of refunds of $ 1,421 , $ 77 , and $ 1,564 , as of March 31, 2023, 2022, and 2021, respectively",1,134565.0,1000,USD,"Years Ended March 31, — 2023",1780,10-K,2023-05-26,https://www.sec.gov/Archives/edgar/data/910521/000091052123000016/deck-20230331.htm
DECK,cash_flow,2023-03-31,annual,Interest,1,1880.0,1000,USD,2023,1903,10-K,2025-05-23,https://www.sec.gov/Archives/edgar/data/910521/000091052125000017/deck-20250331.htm
DECK,cash_flow,2023-03-31,annual,Inventories,1,-26056.0,1000,USD,2023,1861,10-K,2025-05-23,https://www.sec.gov/Archives/edgar/data/910521/000091052125000017/deck-20250331.htm
DECK,cash_flow,2023-03-31,annual,Loan origination costs on revolving credit facilities,1,-1537.0,1000,USD,2023,1876,10-K,2025-05-23,https://www.sec.gov/Archives/edgar/data/910521/000091052125000017/deck-20250331.htm
DECK,cash_flow,2023-03-31,annual,Loss on disposal of assets,1,2691.0,1000,USD,2023,1856,10-K,2025-05-23,https://www.sec.gov/Archives/edgar/data/910521/000091052125000017/deck-20250331.htm
DECK,cash_flow,2023-03-31,annual,Loss on disposal of long-lived assets,1,2691.0,1000,USD,2023,1798,10-K,2024-05-24,https://www.sec.gov/Archives/edgar/data/910521/000091052124000017/deck-20240331.htm
DECK,cash_flow,2023-03-31,annual,Loss on extinguishment of debt,1,226.0,1000,USD,2023,1852,10-K,2025-05-23,https://www.sec.gov/Archives/edgar/data/910521/000091052125000017/deck-20250331.htm
DECK,cash_flow,2023-03-31,annual,Net cash provided by operating activities,1,537422.0,1000,USD,2023,1870,10-K,2025-05-23,https://www.sec.gov/Archives/edgar/data/910521/000091052125000017/deck-20250331.htm
DECK,cash_flow,2023-03-31,annual,Net cash used in financing activities,1,-309031.0,1000,USD,2023,1882,10-K,2025-05-23,https://www.sec.gov/Archives/edgar/data/910521/000091052125000017/deck-20250331.htm
DECK,cash_flow,2023-03-31,annual,Net cash used in investing activities,1,-81013.0,1000,USD,2023,1874,10-K,2025-05-23,https://www.sec.gov/Archives/edgar/data/910521/000091052125000017/deck-20250331.htm
DECK,cash_flow,2023-03-31,annual,Net change in cash and cash equivalents,1,138268.0,1000,USD,2023,1884,10-K,2025-05-23,https://www.sec.gov/Archives/edgar/data/910521/000091052125000017/deck-20250331.htm
DECK,cash_flow,2023-03-31,annual,Net income,1,516822.0,1000,USD,2023,1848,10-K,2025-05-23,https://www.sec.gov/Archives/edgar/data/910521/000091052125000017/deck-20250331.htm
DECK,cash_flow,2023-03-31,annual,Net operating lease assets and lease liabilities,1,-8308.0,1000,USD,2023,1864,10-K,2025-05-23,https://www.sec.gov/Archives/edgar/data/910521/000091052125000017/deck-20250331.htm
DECK,cash_flow,2023-03-31,annual,Operating leases,1,60353.0,1000,USD,2023,1904,10-K,2025-05-23,https://www.sec.gov/Archives/edgar/data/910521/000091052125000017/deck-20250331.htm
DECK,cash_flow,2023-03-31,annual,Other accrued expenses,1,11528.0,1000,USD,2023,1867,10-K,2025-05-23,https://www.sec.gov/Archives/edgar/data/910521/000091052125000017/deck-20250331.htm
DECK,cash_flow,2023-03-31,annual,Other assets,1,13240.0,1000,USD,2023,1865,10-K,2025-05-23,https://www.sec.gov/Archives/edgar/data/910521/000091052125000017/deck-20250331.htm
DECK,cash_flow,2023-03-31,annual,Other long-term liabilities,1,17600.0,1000,USD,2023,1869,10-K,2025-05-23,https://www.sec.gov/Archives/edgar/data/910521/000091052125000017/deck-20250331.htm
DECK,cash_flow,2023-03-31,annual,Prepaid expenses and other current assets,1,-5609.0,1000,USD,2023,1862,10-K,2025-05-23,https://www.sec.gov/Archives/edgar/data/910521/000091052125000017/deck-20250331.htm
DECK,cash_flow,2023-03-31,annual,Proceeds from exercise of stock options,1,4396.0,1000,USD,2023,1878,10-K,2025-05-23,https://www.sec.gov/Archives/edgar/data/910521/000091052125000017/deck-20250331.htm
DECK,cash_flow,2023-03-31,annual,Proceeds from issuance of stock,1,2170.0,1000,USD,2023,1877,10-K,2025-05-23,https://www.sec.gov/Archives/edgar/data/910521/000091052125000017/deck-20250331.htm
DECK,cash_flow,2023-03-31,annual,Proceeds from sale of assets,1,12.0,1000,USD,2023,1873,10-K,2025-05-23,https://www.sec.gov/Archives/edgar/data/910521/000091052125000017/deck-20250331.htm
DECK,cash_flow,2023-03-31,annual,Proceeds from sales of property and equipment,1,12.0,1000,USD,2023,1815,10-K,2024-05-24,https://www.sec.gov/Archives/edgar/data/910521/000091052124000017/deck-20240331.htm
DECK,cash_flow,2023-03-31,annual,Purchases of property and equipment,1,-81025.0,1000,USD,2023,1872,10-K,2025-05-23,https://www.sec.gov/Archives/edgar/data/910521/000091052125000017/deck-20250331.htm
DECK,cash_flow,2023-03-31,annual,Repurchases of common stock,1,-297372.0,1000,USD,2023,1879,10-K,2025-05-23,https://www.sec.gov/Archives/edgar/data/910521/000091052125000017/deck-20250331.htm
DECK,cash_flow,2023-03-31,annual,Stock-based compensation,1,26897.0,1000,USD,2023,1855,10-K,2025-05-23,https://www.sec.gov/Archives/edgar/data/910521/000091052125000017/deck-20250331.htm
DECK,cash_flow,2023-03-31,annual,Trade accounts payable,1,-74247.0,1000,USD,2023,1866,10-K,2025-05-23,https://www.sec.gov/Archives/edgar/data/910521/000091052125000017/deck-20250331.htm
DECK,cash_flow,2023-03-31,annual,"Trade accounts receivable, net",1,-806.0,1000,USD,2023,1860,10-K,2025-05-23,https://www.sec.gov/Archives/edgar/data/910521/000091052125000017/deck-20250331.htm
DECK,income,2023-03-31,annual,Basic,1,3.25,1000,USD,2023,1787,10-K,2025-05-23,https://www.sec.gov/Archives/edgar/data/910521/000091052125000017/deck-20250331.htm
DECK,income,2023-03-31,annual,Basic,2,159023.0,1000,USD,2023,1790,10-K,2025-05-23,https://www.sec.gov/Archives/edgar/data/910521/000091052125000017/deck-20250331.htm
DECK,income,2023-03-31,annual,Comprehensive income,1,502742.0,1000,USD,2023,1785,10-K,2025-05-23,https://www.sec.gov/Archives/edgar/data/910521/000091052125000017/deck-20250331.htm
DECK,income,2023-03-31,annual,Cost of sales,1,1801916.0,1000,USD,2023,1770,10-K,2025-05-23,https://www.sec.gov/Archives/edgar/data/910521/000091052125000017/deck-20250331.htm
DECK,income,2023-03-31,annual,Diluted,1,3.23,1000,USD,2023,1788,10-K,2025-05-23,https://www.sec.gov/Archives/edgar/data/910521/000091052125000017/deck-20250331.htm
DECK,income,2023-03-31,annual,Diluted,2,160111.0,1000,USD,2023,1791,10-K,2025-05-23,https://www.sec.gov/Archives/edgar/data/910521/000091052125000017/deck-20250331.htm
DECK,income,2023-03-31,annual,Employee Stock Purchase Plan,1,510.0,1000,USD,"Years Ended March 31, — 2023",2722,10-K,2023-05-26,https://www.sec.gov/Archives/edgar/data/910521/000091052123000016/deck-20230331.htm
DECK,income,2023-03-31,annual,Foreign currency translation (loss) gain,1,-14080.0,1000,USD,"Years Ended March 31, — 2023",1660,10-K,2023-05-26,https://www.sec.gov/Archives/edgar/data/910521/000091052123000016/deck-20230331.htm
DECK,income,2023-03-31,annual,Foreign currency translation loss,1,-14080.0,1000,USD,2023,1783,10-K,2025-05-23,https://www.sec.gov/Archives/edgar/data/910521/000091052125000017/deck-20250331.htm
DECK,income,2023-03-31,annual,Grants to Directors,1,1863.0,1000,USD,"Years Ended March 31, — 2023",2719,10-K,2023-05-26,https://www.sec.gov/Archives/edgar/data/910521/000091052123000016/deck-20230331.htm
DECK,income,2023-03-31,annual,Gross profit,1,1825370.0,1000,USD,2023,1771,10-K,2025-05-23,https://www.sec.gov/Archives/edgar/data/910521/000091052125000017/deck-20250331.htm
DECK,income,2023-03-31,annual,Income before income taxes,1,666082.0,1000,USD,2023,1778,10-K,2025-05-23,https://www.sec.gov/Archives/edgar/data/910521/000091052125000017/deck-20250331.htm
DECK,income,2023-03-31,annual,Income from operations ( Note 12),1,652751.0,1000,USD,2023,1773,10-K,2025-05-23,https://www.sec.gov/Archives/edgar/data/910521/000091052125000017/deck-20250331.htm
DECK,income,2023-03-31,annual,Income tax benefit,1,-6557.0,1000,USD,"Years Ended March 31, — 2023",2724,10-K,2023-05-26,https://www.sec.gov/Archives/edgar/data/910521/000091052123000016/deck-20230331.htm
DECK,income,2023-03-31,annual,Income tax expense ( Note 5),1,149260.0,1000,USD,2023,1779,10-K,2025-05-23,https://www.sec.gov/Archives/edgar/data/910521/000091052125000017/deck-20250331.htm
DECK,income,2023-03-31,annual,Interest expense,1,3442.0,1000,USD,2023,1775,10-K,2025-05-23,https://www.sec.gov/Archives/edgar/data/910521/000091052125000017/deck-20250331.htm
DECK,income,2023-03-31,annual,Interest income,1,-15563.0,1000,USD,2023,1774,10-K,2025-05-23,https://www.sec.gov/Archives/edgar/data/910521/000091052125000017/deck-20250331.htm
DECK,income,2023-03-31,annual,LTIP PSUs,1,11275.0,1000,USD,"Years Ended March 31, — 2023",2718,10-K,2023-05-26,https://www.sec.gov/Archives/edgar/data/910521/000091052123000016/deck-20230331.htm
DECK,income,2023-03-31,annual,Net income,1,516822.0,1000,USD,2023,1780,10-K,2025-05-23,https://www.sec.gov/Archives/edgar/data/910521/000091052125000017/deck-20250331.htm
DECK,income,2023-03-31,annual,Net sales ( Note 12 and Note 13),1,3627286.0,1000,USD,2023,1714,10-K,2024-05-24,https://www.sec.gov/Archives/edgar/data/910521/000091052124000017/deck-20240331.htm
DECK,income,2023-03-31,annual,"Net sales ( Note 2, Note 12, and Note 13)",1,3627286.0,1000,USD,2023,1769,10-K,2025-05-23,https://www.sec.gov/Archives/edgar/data/910521/000091052125000017/deck-20250331.htm
DECK,income,2023-03-31,annual,"Other expense (income), net",1,-1210.0,1000,USD,2023,1776,10-K,2025-05-23,https://www.sec.gov/Archives/edgar/data/910521/000091052125000017/deck-20250331.htm
DECK,income,2023-03-31,annual,"Other income, net",1,-1210.0,1000,USD,2023,1721,10-K,2024-05-24,https://www.sec.gov/Archives/edgar/data/910521/000091052124000017/deck-20240331.htm
DECK,income,2023-03-31,annual,RSUs,1,13249.0,1000,USD,"Years Ended March 31, — 2023",2716,10-K,2023-05-26,https://www.sec.gov/Archives/edgar/data/910521/000091052123000016/deck-20230331.htm
DECK,income,2023-03-31,annual,"Selling, general, and administrative expenses",1,1172619.0,1000,USD,2023,1717,10-K,2024-05-24,https://www.sec.gov/Archives/edgar/data/910521/000091052124000017/deck-20240331.htm
DECK,income,2023-03-31,annual,"Selling, general, and administrative expenses ( Note 12)",1,1172619.0,1000,USD,2023,1772,10-K,2025-05-23,https://www.sec.gov/Archives/edgar/data/910521/000091052125000017/deck-20250331.htm
DECK,income,2023-03-31,annual,Subtotal,1,26387.0,1000,USD,"Years Ended March 31, — 2023",2720,10-K,2023-05-26,https://www.sec.gov/Archives/edgar/data/910521/000091052123000016/deck-20230331.htm
DECK,income,2023-03-31,annual,"Total other (income) expense, net",1,-13331.0,1000,USD,2023,1722,10-K,2024-05-24,https://www.sec.gov/Archives/edgar/data/910521/000091052124000017/deck-20240331.htm
DECK,income,2023-03-31,annual,"Total other comprehensive (loss) income, net of tax",1,-14080.0,1000,USD,"Years Ended March 31, — 2023",1661,10-K,2023-05-26,https://www.sec.gov/Archives/edgar/data/910521/000091052123000016/deck-20230331.htm
DECK,income,2023-03-31,annual,"Total other comprehensive income (loss), net of tax",1,-14080.0,1000,USD,2023,1784,10-K,2025-05-23,https://www.sec.gov/Archives/edgar/data/910521/000091052125000017/deck-20250331.htm
DECK,income,2023-03-31,annual,"Total other comprehensive loss, net of tax",1,-14080.0,1000,USD,2023,1727,10-K,2024-05-24,https://www.sec.gov/Archives/edgar/data/910521/000091052124000017/deck-20240331.htm
DECK,income,2023-03-31,annual,"Total other income, net",1,-13331.0,1000,USD,2023,1777,10-K,2025-05-23,https://www.sec.gov/Archives/edgar/data/910521/000091052125000017/deck-20250331.htm
DECK,income,2023-03-31,annual,"Total stock-based compensation, net of tax",1,20340.0,1000,USD,"Years Ended March 31, — 2023",2725,10-K,2023-05-26,https://www.sec.gov/Archives/edgar/data/910521/000091052123000016/deck-20230331.htm
DECK,income,2023-03-31,annual,"Total stock-based compensation, pre-tax",1,26897.0,1000,USD,"Years Ended March 31, — 2023",2723,10-K,2023-05-26,https://www.sec.gov/Archives/edgar/data/910521/000091052123000016/deck-20230331.htm
DECK,balance,2024-03-31,instant,Accrued payroll,1,123653.0,1000,USD,2024,1738,10-K,2025-05-23,https://www.sec.gov/Archives/edgar/data/910521/000091052125000017/deck-20250331.htm
DECK,balance,2024-03-31,instant,Accumulated other comprehensive loss ( Note 10),1,-50733.0,1000,USD,2024,1753,10-K,2025-05-23,https://www.sec.gov/Archives/edgar/data/910521/000091052125000017/deck-20250331.htm
DECK,balance,2024-03-31,instant,Additional paid-in capital,1,243050.0,1000,USD,2024,1751,10-K,2025-05-23,https://www.sec.gov/Archives/edgar/data/910521/000091052125000017/deck-20250331.htm
DECK,balance,2024-03-31,instant,Additions,1,-658.0,1000,USD,2024,7349,10-K,2026-05-22,https://www.sec.gov/Archives/edgar/data/910521/000162828026037664/deck-20260331.htm
DECK,balance,2024-03-31,instant,Additions,2,-17060.0,1000,USD,2024,7354,10-K,2026-05-22,https://www.sec.gov/Archives/edgar/data/910521/000162828026037664/deck-20260331.htm
DECK,balance,2024-03-31,instant,Additions,3,-28845.0,1000,USD,2024,7359,10-K,2026-05-22,https://www.sec.gov/Archives/edgar/data/910521/000162828026037664/deck-20260331.htm
DECK,balance,2024-03-31,instant,Beginning balance,1,44901.0,1000,USD,2024,6340,10-K,2026-05-22,https://www.sec.gov/Archives/edgar/data/910521/000162828026037664/deck-20260331.htm
DECK,balance,2024-03-31,instant,Beginning balance,2,-5656.0,1000,USD,2024,7353,10-K,2026-05-22,https://www.sec.gov/Archives/edgar/data/910521/000162828026037664/deck-20260331.htm
DECK,balance,2024-03-31,instant,Beginning balance,3,-16272.0,1000,USD,2024,7358,10-K,2026-05-22,https://www.sec.gov/Archives/edgar/data/910521/000162828026037664/deck-20260331.htm
DECK,balance,2024-03-31,instant,Cash and cash equivalents,1,1502051.0,1000,USD,2024,1722,10-K,2025-05-23,https://www.sec.gov/Archives/edgar/data/910521/000091052125000017/deck-20250331.htm
DECK,balance,2024-03-31,instant,"Common stock ($ 0.01 par value per share; 750,000 shares authorized; 150,201 and 153,554 shares issued and outstanding as of March 31, 2025, and March 31, 2024, respectively)",1,1536.0,1000,USD,2024,1750,10-K,2025-05-23,https://www.sec.gov/Archives/edgar/data/910521/000091052125000017/deck-20250331.htm
DECK,balance,2024-03-31,instant,"Common stock ($ 0.01 par value; 125,000 shares authorized; shares issued and outstanding of 25,593 and 26,176 as of March 31, 2024, and March 31, 2023, respectively)",1,255.0,1000,USD,"As of March 31, — 2024",1695,10-K,2024-05-24,https://www.sec.gov/Archives/edgar/data/910521/000091052124000017/deck-20240331.htm
DECK,balance,2024-03-31,instant,Deductions,1,2125.0,1000,USD,2024,7350,10-K,2026-05-22,https://www.sec.gov/Archives/edgar/data/910521/000162828026037664/deck-20260331.htm
DECK,balance,2024-03-31,instant,Deductions,2,18876.0,1000,USD,2024,7355,10-K,2026-05-22,https://www.sec.gov/Archives/edgar/data/910521/000162828026037664/deck-20260331.htm
DECK,balance,2024-03-31,instant,Deductions,3,30735.0,1000,USD,2024,7360,10-K,2026-05-22,https://www.sec.gov/Archives/edgar/data/910521/000162828026037664/deck-20260331.htm
DECK,balance,2024-03-31,instant,"Deferred tax assets, net ( Note 5)",1,72584.0,1000,USD,2024,1733,10-K,2025-05-23,https://www.sec.gov/Archives/edgar/data/910521/000091052125000017/deck-20250331.htm
DECK,balance,2024-03-31,instant,Ending balance,1,45620.0,1000,USD,2024,6346,10-K,2026-05-22,https://www.sec.gov/Archives/edgar/data/910521/000162828026037664/deck-20260331.htm
DECK,balance,2024-03-31,instant,Ending balance,2,-3840.0,1000,USD,2024,7356,10-K,2026-05-22,https://www.sec.gov/Archives/edgar/data/910521/000162828026037664/deck-20260331.htm
DECK,balance,2024-03-31,instant,Ending balance,3,-14382.0,1000,USD,2024,7361,10-K,2026-05-22,https://www.sec.gov/Archives/edgar/data/910521/000162828026037664/deck-20260331.htm
DECK,balance,2024-03-31,instant,Goodwill ( Note 3),1,13990.0,1000,USD,2024,1731,10-K,2025-05-23,https://www.sec.gov/Archives/edgar/data/910521/000091052125000017/deck-20250331.htm
DECK,balance,2024-03-31,instant,Gross decrease related to prior year tax positions,1,-4698.0,1000,USD,2024,6343,10-K,2026-05-22,https://www.sec.gov/Archives/edgar/data/910521/000162828026037664/deck-20260331.htm
DECK,balance,2024-03-31,instant,Gross increase related to current year tax positions,1,4318.0,1000,USD,2024,6341,10-K,2026-05-22,https://www.sec.gov/Archives/edgar/data/910521/000162828026037664/deck-20260331.htm
DECK,balance,2024-03-31,instant,Gross increase related to prior year tax positions,1,4629.0,1000,USD,2024,6342,10-K,2026-05-22,https://www.sec.gov/Archives/edgar/data/910521/000162828026037664/deck-20260331.htm
DECK,balance,2024-03-31,instant,Income tax liability,1,52470.0,1000,USD,2024,1745,10-K,2025-05-23,https://www.sec.gov/Archives/edgar/data/910521/000091052125000017/deck-20250331.htm
DECK,balance,2024-03-31,instant,Income tax payable,1,52338.0,1000,USD,2024,1741,10-K,2025-05-23,https://www.sec.gov/Archives/edgar/data/910521/000091052125000017/deck-20250331.htm
DECK,balance,2024-03-31,instant,Income tax receivable,1,43559.0,1000,USD,2024,1727,10-K,2025-05-23,https://www.sec.gov/Archives/edgar/data/910521/000091052125000017/deck-20250331.htm
DECK,balance,2024-03-31,instant,Inventories,1,474311.0,1000,USD,2024,1724,10-K,2025-05-23,https://www.sec.gov/Archives/edgar/data/910521/000091052125000017/deck-20250331.htm
DECK,balance,2024-03-31,instant,Lapse of statute of limitations,1,-2948.0,1000,USD,2024,6345,10-K,2026-05-22,https://www.sec.gov/Archives/edgar/data/910521/000162828026037664/deck-20260331.htm
DECK,balance,2024-03-31,instant,Long-term operating lease liabilities ( Note 7),1,213298.0,1000,USD,2024,1744,10-K,2025-05-23,https://www.sec.gov/Archives/edgar/data/910521/000091052125000017/deck-20250331.htm
DECK,balance,2024-03-31,instant,Operating lease assets,1,225669.0,1000,USD,2024,1730,10-K,2025-05-23,https://www.sec.gov/Archives/edgar/data/910521/000091052125000017/deck-20250331.htm
DECK,balance,2024-03-31,instant,Operating lease liabilities ( Note 7),1,53581.0,1000,USD,2024,1739,10-K,2025-05-23,https://www.sec.gov/Archives/edgar/data/910521/000091052125000017/deck-20250331.htm
DECK,balance,2024-03-31,instant,Other accrued expenses,1,106785.0,1000,USD,2024,1740,10-K,2025-05-23,https://www.sec.gov/Archives/edgar/data/910521/000091052125000017/deck-20250331.htm
DECK,balance,2024-03-31,instant,Other assets,1,50648.0,1000,USD,2024,1734,10-K,2025-05-23,https://www.sec.gov/Archives/edgar/data/910521/000091052125000017/deck-20250331.htm
DECK,balance,2024-03-31,instant,Other current assets,1,92713.0,1000,USD,2024,1726,10-K,2025-05-23,https://www.sec.gov/Archives/edgar/data/910521/000091052125000017/deck-20250331.htm
DECK,balance,2024-03-31,instant,"Other intangible assets, net of accumulated amortization ($ 25,014 and $ 91,314 as of March 31, 2025, and March 31, 2024, respectively) ( Note 3)",1,27083.0,1000,USD,2024,1732,10-K,2025-05-23,https://www.sec.gov/Archives/edgar/data/910521/000091052125000017/deck-20250331.htm
DECK,balance,2024-03-31,instant,"Other intangible assets, net of accumulated amortization ($ 91,314 and $ 81,033 as of March 31, 2024, and March 31, 2023, respectively) ( Note 3)",1,27083.0,1000,USD,"As of March 31, — 2024",1677,10-K,2024-05-24,https://www.sec.gov/Archives/edgar/data/910521/000091052124000017/deck-20240331.htm
DECK,balance,2024-03-31,instant,Other long-term liabilities,1,42350.0,1000,USD,2024,1746,10-K,2025-05-23,https://www.sec.gov/Archives/edgar/data/910521/000091052125000017/deck-20250331.htm
DECK,balance,2024-03-31,instant,Prepaid expenses,1,34284.0,1000,USD,2024,1725,10-K,2025-05-23,https://www.sec.gov/Archives/edgar/data/910521/000091052125000017/deck-20250331.htm
DECK,balance,2024-03-31,instant,"Property and equipment, net of accumulated depreciation ($ 349,138 and $ 317,508 as of March 31, 2024, and March 31, 2023, respectively) ( Note 1 and Note 13)",1,302122.0,1000,USD,"As of March 31, — 2024",1674,10-K,2024-05-24,https://www.sec.gov/Archives/edgar/data/910521/000091052124000017/deck-20240331.htm
DECK,balance,2024-03-31,instant,"Property and equipment, net of accumulated depreciation ($ 402,964 and $ 349,138 as of March 31, 2025, and March 31, 2024, respectively) ( Note 1 and Note 13)",1,302122.0,1000,USD,2024,1729,10-K,2025-05-23,https://www.sec.gov/Archives/edgar/data/910521/000091052125000017/deck-20250331.htm
DECK,balance,2024-03-31,instant,Retained earnings,1,1913615.0,1000,USD,2024,1752,10-K,2025-05-23,https://www.sec.gov/Archives/edgar/data/910521/000091052125000017/deck-20250331.htm
DECK,balance,2024-03-31,instant,Settlements with taxing authorities,1,-582.0,1000,USD,2024,6344,10-K,2026-05-22,https://www.sec.gov/Archives/edgar/data/910521/000162828026037664/deck-20260331.htm
DECK,balance,2024-03-31,instant,Total,1,-27331.0,1000,USD,2024,7362,10-K,2026-05-22,https://www.sec.gov/Archives/edgar/data/910521/000162828026037664/deck-20260331.htm
DECK,balance,2024-03-31,instant,Total assets,1,3135579.0,1000,USD,2024,1735,10-K,2025-05-23,https://www.sec.gov/Archives/edgar/data/910521/000091052125000017/deck-20250331.htm
DECK,balance,2024-03-31,instant,Total current assets,1,2443483.0,1000,USD,2024,1728,10-K,2025-05-23,https://www.sec.gov/Archives/edgar/data/910521/000091052125000017/deck-20250331.htm
DECK,balance,2024-03-31,instant,Total current liabilities,1,719993.0,1000,USD,2024,1743,10-K,2025-05-23,https://www.sec.gov/Archives/edgar/data/910521/000091052125000017/deck-20250331.htm
DECK,balance,2024-03-31,instant,Total liabilities and stockholders’ equity,1,3135579.0,1000,USD,2024,1755,10-K,2025-05-23,https://www.sec.gov/Archives/edgar/data/910521/000091052125000017/deck-20250331.htm
DECK,balance,2024-03-31,instant,Total long-term liabilities,1,308118.0,1000,USD,2024,1747,10-K,2025-05-23,https://www.sec.gov/Archives/edgar/data/910521/000091052125000017/deck-20250331.htm
DECK,balance,2024-03-31,instant,Total stockholders’ equity,1,2107468.0,1000,USD,2024,1754,10-K,2025-05-23,https://www.sec.gov/Archives/edgar/data/910521/000091052125000017/deck-20250331.htm
DECK,balance,2024-03-31,instant,Trade accounts payable,1,378503.0,1000,USD,2024,1737,10-K,2025-05-23,https://www.sec.gov/Archives/edgar/data/910521/000091052125000017/deck-20250331.htm
DECK,balance,2024-03-31,instant,"Trade accounts receivable, net of allowances ($ 27,331 and $ 32,504 as of March 31, 2024, and March 31, 2023, respectively) ( Note 2 and Schedule II)",1,296565.0,1000,USD,"As of March 31, — 2024",1668,10-K,2024-05-24,https://www.sec.gov/Archives/edgar/data/910521/000091052124000017/deck-20240331.htm
DECK,balance,2024-03-31,instant,"Trade accounts receivable, net of allowances ($ 32,883 and $ 27,331 as of March 31, 2025, and March 31, 2024, respectively) ( Note 2 and Schedule II)",1,296565.0,1000,USD,2024,1723,10-K,2025-05-23,https://www.sec.gov/Archives/edgar/data/910521/000091052125000017/deck-20250331.htm
DECK,balance,2024-03-31,instant,Value added tax payable,1,5133.0,1000,USD,2024,1742,10-K,2025-05-23,https://www.sec.gov/Archives/edgar/data/910521/000091052125000017/deck-20250331.htm
DECK,cash_flow,2024-03-31,annual,Accrued excise taxes related to repurchases of common stock,1,3416.0,1000,USD,2024,4853,10-K,2026-05-22,https://www.sec.gov/Archives/edgar/data/910521/000162828026037664/deck-20260331.htm
DECK,cash_flow,2024-03-31,annual,Accrued for asset retirement obligation assets related to leasehold improvements,1,2278.0,1000,USD,2024,4849,10-K,2026-05-22,https://www.sec.gov/Archives/edgar/data/910521/000162828026037664/deck-20260331.htm
DECK,cash_flow,2024-03-31,annual,Accrued for shares withheld for taxes,1,22287.0,1000,USD,2024,4852,10-K,2026-05-22,https://www.sec.gov/Archives/edgar/data/910521/000162828026037664/deck-20260331.htm
DECK,cash_flow,2024-03-31,annual,Amortization on cloud computing arrangements,1,2075.0,1000,USD,2024,4796,10-K,2026-05-22,https://www.sec.gov/Archives/edgar/data/910521/000162828026037664/deck-20260331.htm
DECK,cash_flow,2024-03-31,annual,Bad debt expense,1,789.0,1000,USD,2024,4797,10-K,2026-05-22,https://www.sec.gov/Archives/edgar/data/910521/000162828026037664/deck-20260331.htm
DECK,cash_flow,2024-03-31,annual,Bad debt expense (benefit),1,789.0,1000,USD,"Years Ended March 31, — 2024",1795,10-K,2024-05-24,https://www.sec.gov/Archives/edgar/data/910521/000091052124000017/deck-20240331.htm
DECK,cash_flow,2024-03-31,annual,Cash and cash equivalents at beginning of period,1,981795.0,1000,USD,2024,4828,10-K,2026-05-22,https://www.sec.gov/Archives/edgar/data/910521/000162828026037664/deck-20260331.htm
DECK,cash_flow,2024-03-31,annual,Cash and cash equivalents at end of period,1,1502051.0,1000,USD,2024,4829,10-K,2026-05-22,https://www.sec.gov/Archives/edgar/data/910521/000162828026037664/deck-20260331.htm
DECK,cash_flow,2024-03-31,annual,Cash paid for shares withheld for taxes,1,-9974.0,1000,USD,2024,4824,10-K,2026-05-22,https://www.sec.gov/Archives/edgar/data/910521/000162828026037664/deck-20260331.htm
DECK,cash_flow,2024-03-31,annual,Changes in accounts payable and other accrued expenses for purchases of property and equipment,1,-6705.0,1000,USD,"Years Ended March 31, — 2024",1847,10-K,2024-05-24,https://www.sec.gov/Archives/edgar/data/910521/000091052124000017/deck-20240331.htm
DECK,cash_flow,2024-03-31,annual,Changes in trade accounts payable and other accrued expenses for purchases of property and equipment,1,-6705.0,1000,USD,2024,4848,10-K,2026-05-22,https://www.sec.gov/Archives/edgar/data/910521/000162828026037664/deck-20260331.htm
DECK,cash_flow,2024-03-31,annual,Deferred tax benefit,1,-1510.0,1000,USD,2024,1854,10-K,2025-05-23,https://www.sec.gov/Archives/edgar/data/910521/000091052125000017/deck-20250331.htm
DECK,cash_flow,2024-03-31,annual,Deferred tax expense (benefit),1,-1510.0,1000,USD,2024,4798,10-K,2026-05-22,https://www.sec.gov/Archives/edgar/data/910521/000162828026037664/deck-20260331.htm
DECK,cash_flow,2024-03-31,annual,"Depreciation, amortization, and accretion",1,57587.0,1000,USD,2024,4795,10-K,2026-05-22,https://www.sec.gov/Archives/edgar/data/910521/000162828026037664/deck-20260331.htm
DECK,cash_flow,2024-03-31,annual,Effect of foreign currency exchange rates on cash and cash equivalents,1,-5922.0,1000,USD,2024,4826,10-K,2026-05-22,https://www.sec.gov/Archives/edgar/data/910521/000162828026037664/deck-20260331.htm
DECK,cash_flow,2024-03-31,annual,"Impairment of cloud computing arrangements, operating lease, and other long-lived assets",1,1015.0,1000,USD,2024,1858,10-K,2025-05-23,https://www.sec.gov/Archives/edgar/data/910521/000091052125000017/deck-20250331.htm
DECK,cash_flow,2024-03-31,annual,Impairment of intangible assets,1,8164.0,1000,USD,2024,4801,10-K,2026-05-22,https://www.sec.gov/Archives/edgar/data/910521/000162828026037664/deck-20260331.htm
DECK,cash_flow,2024-03-31,annual,Impairment of operating lease and other long-lived assets,1,1015.0,1000,USD,"Years Ended March 31, — 2024",1800,10-K,2024-05-24,https://www.sec.gov/Archives/edgar/data/910521/000091052124000017/deck-20240331.htm
DECK,cash_flow,2024-03-31,annual,Impairment of property and equipment and cloud computing arrangements,1,1015.0,1000,USD,2024,4802,10-K,2026-05-22,https://www.sec.gov/Archives/edgar/data/910521/000162828026037664/deck-20260331.htm
DECK,cash_flow,2024-03-31,annual,Income tax payable,1,35016.0,1000,USD,2024,4812,10-K,2026-05-22,https://www.sec.gov/Archives/edgar/data/910521/000162828026037664/deck-20260331.htm
DECK,cash_flow,2024-03-31,annual,Income tax receivable,1,-38775.0,1000,USD,2024,4807,10-K,2026-05-22,https://www.sec.gov/Archives/edgar/data/910521/000162828026037664/deck-20260331.htm
DECK,cash_flow,2024-03-31,annual,Income taxes,1,234062.0,1000,USD,2024,1902,10-K,2025-05-23,https://www.sec.gov/Archives/edgar/data/910521/000091052125000017/deck-20250331.htm
DECK,cash_flow,2024-03-31,annual,Interest,1,1783.0,1000,USD,2024,4845,10-K,2026-05-22,https://www.sec.gov/Archives/edgar/data/910521/000162828026037664/deck-20260331.htm
DECK,cash_flow,2024-03-31,annual,Inventories,1,58541.0,1000,USD,2024,4805,10-K,2026-05-22,https://www.sec.gov/Archives/edgar/data/910521/000162828026037664/deck-20260331.htm
DECK,cash_flow,2024-03-31,annual,Leasehold improvements acquired through tenant allowances,1,8127.0,1000,USD,2024,4850,10-K,2026-05-22,https://www.sec.gov/Archives/edgar/data/910521/000162828026037664/deck-20260331.htm
DECK,cash_flow,2024-03-31,annual,Loss on disposal of assets,1,407.0,1000,USD,2024,4800,10-K,2026-05-22,https://www.sec.gov/Archives/edgar/data/910521/000162828026037664/deck-20260331.htm
DECK,cash_flow,2024-03-31,annual,Loss on disposal of long-lived assets,1,407.0,1000,USD,"Years Ended March 31, — 2024",1798,10-K,2024-05-24,https://www.sec.gov/Archives/edgar/data/910521/000091052124000017/deck-20240331.htm
DECK,cash_flow,2024-03-31,annual,Net cash provided by operating activities,1,1033184.0,1000,USD,2024,4814,10-K,2026-05-22,https://www.sec.gov/Archives/edgar/data/910521/000162828026037664/deck-20260331.htm
DECK,cash_flow,2024-03-31,annual,Net cash used in financing activities,1,-417675.0,1000,USD,2024,4825,10-K,2026-05-22,https://www.sec.gov/Archives/edgar/data/910521/000162828026037664/deck-20260331.htm
DECK,cash_flow,2024-03-31,annual,Net cash used in investing activities,1,-89331.0,1000,USD,2024,4818,10-K,2026-05-22,https://www.sec.gov/Archives/edgar/data/910521/000162828026037664/deck-20260331.htm
DECK,cash_flow,2024-03-31,annual,Net change in cash and cash equivalents,1,520256.0,1000,USD,2024,4827,10-K,2026-05-22,https://www.sec.gov/Archives/edgar/data/910521/000162828026037664/deck-20260331.htm
DECK,cash_flow,2024-03-31,annual,Net income,1,759563.0,1000,USD,2024,4793,10-K,2026-05-22,https://www.sec.gov/Archives/edgar/data/910521/000162828026037664/deck-20260331.htm
DECK,cash_flow,2024-03-31,annual,Net operating lease assets and lease liabilities,1,-567.0,1000,USD,2024,4808,10-K,2026-05-22,https://www.sec.gov/Archives/edgar/data/910521/000162828026037664/deck-20260331.htm
DECK,cash_flow,2024-03-31,annual,Operating leases,1,65672.0,1000,USD,2024,4846,10-K,2026-05-22,https://www.sec.gov/Archives/edgar/data/910521/000162828026037664/deck-20260331.htm
DECK,cash_flow,2024-03-31,annual,Other accrued expenses,1,43534.0,1000,USD,2024,4811,10-K,2026-05-22,https://www.sec.gov/Archives/edgar/data/910521/000162828026037664/deck-20260331.htm
DECK,cash_flow,2024-03-31,annual,Other assets,1,-9989.0,1000,USD,2024,4809,10-K,2026-05-22,https://www.sec.gov/Archives/edgar/data/910521/000162828026037664/deck-20260331.htm
DECK,cash_flow,2024-03-31,annual,Other long-term liabilities,1,-5222.0,1000,USD,2024,4813,10-K,2026-05-22,https://www.sec.gov/Archives/edgar/data/910521/000162828026037664/deck-20260331.htm
DECK,cash_flow,2024-03-31,annual,Prepaid expenses and other current assets,1,-38490.0,1000,USD,2024,4806,10-K,2026-05-22,https://www.sec.gov/Archives/edgar/data/910521/000162828026037664/deck-20260331.htm
DECK,cash_flow,2024-03-31,annual,Proceeds from exercise of stock options,1,4786.0,1000,USD,2024,4821,10-K,2026-05-22,https://www.sec.gov/Archives/edgar/data/910521/000162828026037664/deck-20260331.htm
DECK,cash_flow,2024-03-31,annual,Proceeds from issuance of stock,1,2444.0,1000,USD,2024,4820,10-K,2026-05-22,https://www.sec.gov/Archives/edgar/data/910521/000162828026037664/deck-20260331.htm
DECK,cash_flow,2024-03-31,annual,Proceeds from sale of assets,1,34.0,1000,USD,2024,4817,10-K,2026-05-22,https://www.sec.gov/Archives/edgar/data/910521/000162828026037664/deck-20260331.htm
DECK,cash_flow,2024-03-31,annual,Proceeds from sales of property and equipment,1,34.0,1000,USD,"Years Ended March 31, — 2024",1815,10-K,2024-05-24,https://www.sec.gov/Archives/edgar/data/910521/000091052124000017/deck-20240331.htm
DECK,cash_flow,2024-03-31,annual,Purchases of property and equipment,1,-89365.0,1000,USD,2024,4816,10-K,2026-05-22,https://www.sec.gov/Archives/edgar/data/910521/000162828026037664/deck-20260331.htm
DECK,cash_flow,2024-03-31,annual,Repurchases of common stock,1,-414931.0,1000,USD,2024,4822,10-K,2026-05-22,https://www.sec.gov/Archives/edgar/data/910521/000162828026037664/deck-20260331.htm
DECK,cash_flow,2024-03-31,annual,Stock-based compensation,1,37288.0,1000,USD,2024,4799,10-K,2026-05-22,https://www.sec.gov/Archives/edgar/data/910521/000162828026037664/deck-20260331.htm
DECK,cash_flow,2024-03-31,annual,Trade accounts payable,1,119601.0,1000,USD,2024,4810,10-K,2026-05-22,https://www.sec.gov/Archives/edgar/data/910521/000162828026037664/deck-20260331.htm
DECK,cash_flow,2024-03-31,annual,"Trade accounts receivable, net",1,4157.0,1000,USD,2024,4804,10-K,2026-05-22,https://www.sec.gov/Archives/edgar/data/910521/000162828026037664/deck-20260331.htm
DECK,income,2024-03-31,annual,(Loss) gain recorded in OCI,1,4090.0,1000,USD,2024,7004,10-K,2026-05-22,https://www.sec.gov/Archives/edgar/data/910521/000162828026037664/deck-20260331.htm
DECK,income,2024-03-31,annual,Basic,1,4.89,1000,USD,2024,4733,10-K,2026-05-22,https://www.sec.gov/Archives/edgar/data/910521/000162828026037664/deck-20260331.htm
DECK,income,2024-03-31,annual,Basic,2,155225.0,1000,USD,2024,4736,10-K,2026-05-22,https://www.sec.gov/Archives/edgar/data/910521/000162828026037664/deck-20260331.htm
DECK,income,2024-03-31,annual,Comprehensive income,1,747865.0,1000,USD,2024,4731,10-K,2026-05-22,https://www.sec.gov/Archives/edgar/data/910521/000162828026037664/deck-20260331.htm
DECK,income,2024-03-31,annual,Cost of sales,1,1902275.0,1000,USD,2024,4716,10-K,2026-05-22,https://www.sec.gov/Archives/edgar/data/910521/000162828026037664/deck-20260331.htm
DECK,income,2024-03-31,annual,Diluted,1,4.86,1000,USD,2024,4734,10-K,2026-05-22,https://www.sec.gov/Archives/edgar/data/910521/000162828026037664/deck-20260331.htm
DECK,income,2024-03-31,annual,Diluted,2,156285.0,1000,USD,2024,4737,10-K,2026-05-22,https://www.sec.gov/Archives/edgar/data/910521/000162828026037664/deck-20260331.htm
DECK,income,2024-03-31,annual,Direct-to-Consumer,1,1855456.0,1000,USD,2024,5750,10-K,2026-05-22,https://www.sec.gov/Archives/edgar/data/910521/000162828026037664/deck-20260331.htm
DECK,income,2024-03-31,annual,Foreign currency translation gain (loss),1,-11698.0,1000,USD,2024,4729,10-K,2026-05-22,https://www.sec.gov/Archives/edgar/data/910521/000162828026037664/deck-20260331.htm
DECK,income,2024-03-31,annual,Foreign currency translation loss,1,-11698.0,1000,USD,2024,1783,10-K,2025-05-23,https://www.sec.gov/Archives/edgar/data/910521/000091052125000017/deck-20250331.htm
DECK,income,2024-03-31,annual,Gain (loss) reclassified into net sales,1,-4090.0,1000,USD,2024,7005,10-K,2026-05-22,https://www.sec.gov/Archives/edgar/data/910521/000162828026037664/deck-20260331.htm
DECK,income,2024-03-31,annual,Grants to Directors,1,1907.0,1000,USD,2024,6917,10-K,2026-05-22,https://www.sec.gov/Archives/edgar/data/910521/000162828026037664/deck-20260331.htm
DECK,income,2024-03-31,annual,Gross profit,1,2385488.0,1000,USD,2024,4717,10-K,2026-05-22,https://www.sec.gov/Archives/edgar/data/910521/000162828026037664/deck-20260331.htm
DECK,income,2024-03-31,annual,Income before income taxes,1,978941.0,1000,USD,2024,4724,10-K,2026-05-22,https://www.sec.gov/Archives/edgar/data/910521/000162828026037664/deck-20260331.htm
DECK,income,2024-03-31,annual,Income from operations ( Note 12),1,927514.0,1000,USD,2024,1773,10-K,2025-05-23,https://www.sec.gov/Archives/edgar/data/910521/000091052125000017/deck-20250331.htm
DECK,income,2024-03-31,annual,Income from operations ( Note 13 ),1,927514.0,1000,USD,2024,4719,10-K,2026-05-22,https://www.sec.gov/Archives/edgar/data/910521/000162828026037664/deck-20260331.htm
DECK,income,2024-03-31,annual,Income tax expense ( Note 5 ),1,219378.0,1000,USD,2024,4725,10-K,2026-05-22,https://www.sec.gov/Archives/edgar/data/910521/000162828026037664/deck-20260331.htm
DECK,income,2024-03-31,annual,Income tax expense ( Note 5),1,219378.0,1000,USD,2024,1779,10-K,2025-05-23,https://www.sec.gov/Archives/edgar/data/910521/000091052125000017/deck-20250331.htm
DECK,income,2024-03-31,annual,Interest expense,1,2564.0,1000,USD,2024,4721,10-K,2026-05-22,https://www.sec.gov/Archives/edgar/data/910521/000162828026037664/deck-20260331.htm
DECK,income,2024-03-31,annual,Interest income,1,-52208.0,1000,USD,2024,4720,10-K,2026-05-22,https://www.sec.gov/Archives/edgar/data/910521/000162828026037664/deck-20260331.htm
DECK,income,2024-03-31,annual,LTIP PSUs,1,18941.0,1000,USD,2024,6916,10-K,2026-05-22,https://www.sec.gov/Archives/edgar/data/910521/000162828026037664/deck-20260331.htm
DECK,income,2024-03-31,annual,Net income,1,759563.0,1000,USD,2024,4726,10-K,2026-05-22,https://www.sec.gov/Archives/edgar/data/910521/000162828026037664/deck-20260331.htm
DECK,income,2024-03-31,annual,Net sales ( Note 12 and Note 13),1,4287763.0,1000,USD,"Years Ended March 31, — 2024",1714,10-K,2024-05-24,https://www.sec.gov/Archives/edgar/data/910521/000091052124000017/deck-20240331.htm
DECK,income,2024-03-31,annual,Net sales ( Note 2 and Note 13 ),1,4287763.0,1000,USD,2024,4715,10-K,2026-05-22,https://www.sec.gov/Archives/edgar/data/910521/000162828026037664/deck-20260331.htm
DECK,income,2024-03-31,annual,"Net sales ( Note 2, Note 12, and Note 13)",1,4287763.0,1000,USD,2024,1769,10-K,2025-05-23,https://www.sec.gov/Archives/edgar/data/910521/000091052125000017/deck-20250331.htm
DECK,income,2024-03-31,annual,"Other (income) expense, net",1,-1783.0,1000,USD,2024,4722,10-K,2026-05-22,https://www.sec.gov/Archives/edgar/data/910521/000162828026037664/deck-20260331.htm
DECK,income,2024-03-31,annual,"Other expense (income), net",1,-1783.0,1000,USD,2024,1776,10-K,2025-05-23,https://www.sec.gov/Archives/edgar/data/910521/000091052125000017/deck-20250331.htm
DECK,income,2024-03-31,annual,"Other income, net",1,-1783.0,1000,USD,"Years Ended March 31, — 2024",1721,10-K,2024-05-24,https://www.sec.gov/Archives/edgar/data/910521/000091052124000017/deck-20240331.htm
DECK,income,2024-03-31,annual,RSUs,1,15935.0,1000,USD,2024,6915,10-K,2026-05-22,https://www.sec.gov/Archives/edgar/data/910521/000162828026037664/deck-20260331.htm
DECK,income,2024-03-31,annual,"Selling, general, and administrative expenses",1,1457974.0,1000,USD,"Years Ended March 31, — 2024",1717,10-K,2024-05-24,https://www.sec.gov/Archives/edgar/data/910521/000091052124000017/deck-20240331.htm
DECK,income,2024-03-31,annual,"Selling, general, and administrative expenses ( Note 12)",1,1457974.0,1000,USD,2024,1772,10-K,2025-05-23,https://www.sec.gov/Archives/edgar/data/910521/000091052125000017/deck-20250331.htm
DECK,income,2024-03-31,annual,"Selling, general, and administrative expenses ( Note 13 )",1,1457974.0,1000,USD,2024,4718,10-K,2026-05-22,https://www.sec.gov/Archives/edgar/data/910521/000162828026037664/deck-20260331.htm
DECK,income,2024-03-31,annual,Subtotal,1,36783.0,1000,USD,2024,6918,10-K,2026-05-22,https://www.sec.gov/Archives/edgar/data/910521/000162828026037664/deck-20260331.htm
DECK,income,2024-03-31,annual,Total,1,4287763.0,1000,USD,2024,5751,10-K,2026-05-22,https://www.sec.gov/Archives/edgar/data/910521/000162828026037664/deck-20260331.htm
DECK,income,2024-03-31,annual,"Total other (income) expense, net",1,-51427.0,1000,USD,"Years Ended March 31, — 2024",1722,10-K,2024-05-24,https://www.sec.gov/Archives/edgar/data/910521/000091052124000017/deck-20240331.htm
DECK,income,2024-03-31,annual,"Total other comprehensive income (loss), net of tax",1,-11698.0,1000,USD,2024,4730,10-K,2026-05-22,https://www.sec.gov/Archives/edgar/data/910521/000162828026037664/deck-20260331.htm
DECK,income,2024-03-31,annual,"Total other comprehensive loss, net of tax",1,-11698.0,1000,USD,"Years Ended March 31, — 2024",1727,10-K,2024-05-24,https://www.sec.gov/Archives/edgar/data/910521/000091052124000017/deck-20240331.htm
DECK,income,2024-03-31,annual,"Total other income, net",1,-51427.0,1000,USD,2024,4723,10-K,2026-05-22,https://www.sec.gov/Archives/edgar/data/910521/000162828026037664/deck-20260331.htm
DECK,income,2024-03-31,annual,Wholesale,1,2432307.0,1000,USD,2024,5749,10-K,2026-05-22,https://www.sec.gov/Archives/edgar/data/910521/000162828026037664/deck-20260331.htm
DECK,balance,2025-03-31,instant,Accrued payroll,1,125417.0,1000,USD,2025,4684,10-K,2026-05-22,https://www.sec.gov/Archives/edgar/data/910521/000162828026037664/deck-20260331.htm
DECK,balance,2025-03-31,instant,Accumulated other comprehensive loss ( Note 10),1,-49654.0,1000,USD,"As of March 31, — 2025",1753,10-K,2025-05-23,https://www.sec.gov/Archives/edgar/data/910521/000091052125000017/deck-20250331.htm
DECK,balance,2025-03-31,instant,Accumulated other comprehensive loss ( Note 11 ),1,-49654.0,1000,USD,2025,4699,10-K,2026-05-22,https://www.sec.gov/Archives/edgar/data/910521/000162828026037664/deck-20260331.htm
DECK,balance,2025-03-31,instant,Additional paid-in capital,1,253466.0,1000,USD,2025,4697,10-K,2026-05-22,https://www.sec.gov/Archives/edgar/data/910521/000162828026037664/deck-20260331.htm
DECK,balance,2025-03-31,instant,Additions,1,-4869.0,1000,USD,2025,7349,10-K,2026-05-22,https://www.sec.gov/Archives/edgar/data/910521/000162828026037664/deck-20260331.htm
DECK,balance,2025-03-31,instant,Additions,2,-19028.0,1000,USD,2025,7354,10-K,2026-05-22,https://www.sec.gov/Archives/edgar/data/910521/000162828026037664/deck-20260331.htm
DECK,balance,2025-03-31,instant,Additions,3,-31701.0,1000,USD,2025,7359,10-K,2026-05-22,https://www.sec.gov/Archives/edgar/data/910521/000162828026037664/deck-20260331.htm
DECK,balance,2025-03-31,instant,Additions of customer cash payments,1,-80732.0,1000,USD,2025,5917,10-K,2026-05-22,https://www.sec.gov/Archives/edgar/data/910521/000162828026037664/deck-20260331.htm
DECK,balance,2025-03-31,instant,Beginning balance,1,-17586.0,1000,USD,2025,5891,10-K,2026-05-22,https://www.sec.gov/Archives/edgar/data/910521/000162828026037664/deck-20260331.htm
DECK,balance,2025-03-31,instant,Beginning balance,2,-3840.0,1000,USD,2025,7353,10-K,2026-05-22,https://www.sec.gov/Archives/edgar/data/910521/000162828026037664/deck-20260331.htm
DECK,balance,2025-03-31,instant,Beginning balance,3,-14382.0,1000,USD,2025,7358,10-K,2026-05-22,https://www.sec.gov/Archives/edgar/data/910521/000162828026037664/deck-20260331.htm
DECK,balance,2025-03-31,instant,CCAs in process,1,163.0,1000,USD,2025,5165,10-K,2026-05-22,https://www.sec.gov/Archives/edgar/data/910521/000162828026037664/deck-20260331.htm
DECK,balance,2025-03-31,instant,Cash and cash equivalents,1,1889188.0,1000,USD,2025,4668,10-K,2026-05-22,https://www.sec.gov/Archives/edgar/data/910521/000162828026037664/deck-20260331.htm
DECK,balance,2025-03-31,instant,"Common stock ( $ 0.01 par value per share; 750,000 shares authorized; 139,978 and 150,201 shares issued and outstanding as of March 31, 2026 , and March 31, 2025 , respectively)",1,1502.0,1000,USD,2025,4696,10-K,2026-05-22,https://www.sec.gov/Archives/edgar/data/910521/000162828026037664/deck-20260331.htm
DECK,balance,2025-03-31,instant,"Common stock ($ 0.01 par value per share; 750,000 shares authorized; 150,201 and 153,554 shares issued and outstanding as of March 31, 2025, and March 31, 2024, respectively)",1,1502.0,1000,USD,"As of March 31, — 2025",1750,10-K,2025-05-23,https://www.sec.gov/Archives/edgar/data/910521/000091052125000017/deck-20250331.htm
DECK,balance,2025-03-31,instant,Deductions,1,444.0,1000,USD,2025,7350,10-K,2026-05-22,https://www.sec.gov/Archives/edgar/data/910521/000162828026037664/deck-20260331.htm
DECK,balance,2025-03-31,instant,Deductions,2,21502.0,1000,USD,2025,7355,10-K,2026-05-22,https://www.sec.gov/Archives/edgar/data/910521/000162828026037664/deck-20260331.htm
DECK,balance,2025-03-31,instant,Deductions,3,28100.0,1000,USD,2025,7360,10-K,2026-05-22,https://www.sec.gov/Archives/edgar/data/910521/000162828026037664/deck-20260331.htm
DECK,balance,2025-03-31,instant,Deferred revenue for loyalty points and certificates issued,1,-69060.0,1000,USD,2025,5893,10-K,2026-05-22,https://www.sec.gov/Archives/edgar/data/910521/000162828026037664/deck-20260331.htm
DECK,balance,2025-03-31,instant,"Deferred tax assets, net ( Note 5 )",1,77591.0,1000,USD,2025,4679,10-K,2026-05-22,https://www.sec.gov/Archives/edgar/data/910521/000162828026037664/deck-20260331.htm
DECK,balance,2025-03-31,instant,"Deferred tax assets, net ( Note 5)",1,77591.0,1000,USD,"As of March 31, — 2025",1733,10-K,2025-05-23,https://www.sec.gov/Archives/edgar/data/910521/000091052125000017/deck-20250331.htm
DECK,balance,2025-03-31,instant,Ending balance,1,-18566.0,1000,USD,2025,5894,10-K,2026-05-22,https://www.sec.gov/Archives/edgar/data/910521/000162828026037664/deck-20260331.htm
DECK,balance,2025-03-31,instant,Ending balance,2,-1366.0,1000,USD,2025,7356,10-K,2026-05-22,https://www.sec.gov/Archives/edgar/data/910521/000162828026037664/deck-20260331.htm
DECK,balance,2025-03-31,instant,Ending balance,3,-17983.0,1000,USD,2025,7361,10-K,2026-05-22,https://www.sec.gov/Archives/edgar/data/910521/000162828026037664/deck-20260331.htm
DECK,balance,2025-03-31,instant,Goodwill ( Note 1 ),1,13990.0,1000,USD,2025,4677,10-K,2026-05-22,https://www.sec.gov/Archives/edgar/data/910521/000162828026037664/deck-20260331.htm
DECK,balance,2025-03-31,instant,Goodwill ( Note 3),1,13990.0,1000,USD,"As of March 31, — 2025",1731,10-K,2025-05-23,https://www.sec.gov/Archives/edgar/data/910521/000091052125000017/deck-20250331.htm
DECK,balance,2025-03-31,instant,Gross decrease related to prior year tax positions,1,-4309.0,1000,USD,2025,6343,10-K,2026-05-22,https://www.sec.gov/Archives/edgar/data/910521/000162828026037664/deck-20260331.htm
DECK,balance,2025-03-31,instant,Gross increase related to current year tax positions,1,4499.0,1000,USD,2025,6341,10-K,2026-05-22,https://www.sec.gov/Archives/edgar/data/910521/000162828026037664/deck-20260331.htm
DECK,balance,2025-03-31,instant,Gross increase related to prior year tax positions,1,4662.0,1000,USD,2025,6342,10-K,2026-05-22,https://www.sec.gov/Archives/edgar/data/910521/000162828026037664/deck-20260331.htm
DECK,balance,2025-03-31,instant,Income tax liability,1,13587.0,1000,USD,2025,4691,10-K,2026-05-22,https://www.sec.gov/Archives/edgar/data/910521/000162828026037664/deck-20260331.htm
DECK,balance,2025-03-31,instant,Income tax payable,1,23299.0,1000,USD,2025,4687,10-K,2026-05-22,https://www.sec.gov/Archives/edgar/data/910521/000162828026037664/deck-20260331.htm
DECK,balance,2025-03-31,instant,Income tax receivable,1,36613.0,1000,USD,2025,4673,10-K,2026-05-22,https://www.sec.gov/Archives/edgar/data/910521/000162828026037664/deck-20260331.htm
DECK,balance,2025-03-31,instant,Inventories,1,495226.0,1000,USD,2025,4670,10-K,2026-05-22,https://www.sec.gov/Archives/edgar/data/910521/000162828026037664/deck-20260331.htm
DECK,balance,2025-03-31,instant,Lapse of statute of limitations,1,-6446.0,1000,USD,2025,6345,10-K,2026-05-22,https://www.sec.gov/Archives/edgar/data/910521/000162828026037664/deck-20260331.htm
DECK,balance,2025-03-31,instant,Long-term operating lease liabilities ( Note 7 ),1,222522.0,1000,USD,2025,4690,10-K,2026-05-22,https://www.sec.gov/Archives/edgar/data/910521/000162828026037664/deck-20260331.htm
DECK,balance,2025-03-31,instant,Long-term operating lease liabilities ( Note 7),1,222522.0,1000,USD,"As of March 31, — 2025",1744,10-K,2025-05-23,https://www.sec.gov/Archives/edgar/data/910521/000091052125000017/deck-20250331.htm
DECK,balance,2025-03-31,instant,Net CCAs placed in service,1,2167.0,1000,USD,2025,5162,10-K,2026-05-22,https://www.sec.gov/Archives/edgar/data/910521/000162828026037664/deck-20260331.htm
DECK,balance,2025-03-31,instant,Net CCAs placed in service,2,3864.0,1000,USD,2025,5164,10-K,2026-05-22,https://www.sec.gov/Archives/edgar/data/910521/000162828026037664/deck-20260331.htm
DECK,balance,2025-03-31,instant,Obligations added,1,29373.0,1000,USD,2025,7323,10-K,2026-05-22,https://www.sec.gov/Archives/edgar/data/910521/000162828026037664/deck-20260331.htm
DECK,balance,2025-03-31,instant,Obligations settled,1,-31960.0,1000,USD,2025,7324,10-K,2026-05-22,https://www.sec.gov/Archives/edgar/data/910521/000162828026037664/deck-20260331.htm
DECK,balance,2025-03-31,instant,Operating lease assets,1,237352.0,1000,USD,2025,4676,10-K,2026-05-22,https://www.sec.gov/Archives/edgar/data/910521/000162828026037664/deck-20260331.htm
DECK,balance,2025-03-31,instant,Operating lease liabilities ( Note 7 ),1,54453.0,1000,USD,2025,4685,10-K,2026-05-22,https://www.sec.gov/Archives/edgar/data/910521/000162828026037664/deck-20260331.htm
DECK,balance,2025-03-31,instant,Operating lease liabilities ( Note 7),1,54453.0,1000,USD,"As of March 31, — 2025",1739,10-K,2025-05-23,https://www.sec.gov/Archives/edgar/data/910521/000091052125000017/deck-20250331.htm
DECK,balance,2025-03-31,instant,Other accrued expenses,1,142120.0,1000,USD,2025,4686,10-K,2026-05-22,https://www.sec.gov/Archives/edgar/data/910521/000162828026037664/deck-20260331.htm
DECK,balance,2025-03-31,instant,Other assets,1,39546.0,1000,USD,2025,4680,10-K,2026-05-22,https://www.sec.gov/Archives/edgar/data/910521/000162828026037664/deck-20260331.htm
DECK,balance,2025-03-31,instant,Other current assets,1,67282.0,1000,USD,2025,4672,10-K,2026-05-22,https://www.sec.gov/Archives/edgar/data/910521/000162828026037664/deck-20260331.htm
DECK,balance,2025-03-31,instant,"Other intangible assets, net of accumulated amortization ( $ 20,968 and $ 25,014 as of March 31, 2026 , and March 31, 2025 , respectively) ( Note 1 )",1,15699.0,1000,USD,2025,4678,10-K,2026-05-22,https://www.sec.gov/Archives/edgar/data/910521/000162828026037664/deck-20260331.htm
DECK,balance,2025-03-31,instant,"Other intangible assets, net of accumulated amortization ($ 25,014 and $ 91,314 as of March 31, 2025, and March 31, 2024, respectively) ( Note 3)",1,15699.0,1000,USD,"As of March 31, — 2025",1732,10-K,2025-05-23,https://www.sec.gov/Archives/edgar/data/910521/000091052125000017/deck-20250331.htm
DECK,balance,2025-03-31,instant,Other long-term liabilities,1,51189.0,1000,USD,2025,4692,10-K,2026-05-22,https://www.sec.gov/Archives/edgar/data/910521/000162828026037664/deck-20260331.htm
DECK,balance,2025-03-31,instant,Prepaid expenses,1,39294.0,1000,USD,2025,4671,10-K,2026-05-22,https://www.sec.gov/Archives/edgar/data/910521/000162828026037664/deck-20260331.htm
DECK,balance,2025-03-31,instant,"Property and equipment, net of accumulated depreciation ( $ 457,173 and $ 402,964 as of March 31, 2026 , and March 31, 2025 , respectively) ( Note 3 )",1,325599.0,1000,USD,2025,4675,10-K,2026-05-22,https://www.sec.gov/Archives/edgar/data/910521/000162828026037664/deck-20260331.htm
DECK,balance,2025-03-31,instant,"Property and equipment, net of accumulated depreciation ($ 402,964 and $ 349,138 as of March 31, 2025, and March 31, 2024, respectively) ( Note 1 and Note 13)",1,325599.0,1000,USD,"As of March 31, — 2025",1729,10-K,2025-05-23,https://www.sec.gov/Archives/edgar/data/910521/000091052125000017/deck-20250331.htm
DECK,balance,2025-03-31,instant,Redemptions and expirations for loyalty certificates and points recognized in net sales,1,68080.0,1000,USD,2025,5892,10-K,2026-05-22,https://www.sec.gov/Archives/edgar/data/910521/000162828026037664/deck-20260331.htm
DECK,balance,2025-03-31,instant,Retained earnings,1,2307699.0,1000,USD,2025,4698,10-K,2026-05-22,https://www.sec.gov/Archives/edgar/data/910521/000162828026037664/deck-20260331.htm
DECK,balance,2025-03-31,instant,Revenue recognized,1,63018.0,1000,USD,2025,5918,10-K,2026-05-22,https://www.sec.gov/Archives/edgar/data/910521/000162828026037664/deck-20260331.htm
DECK,balance,2025-03-31,instant,Settlements with taxing authorities,1,-22793.0,1000,USD,2025,6344,10-K,2026-05-22,https://www.sec.gov/Archives/edgar/data/910521/000162828026037664/deck-20260331.htm
DECK,balance,2025-03-31,instant,Total,1,6194.0,1000,USD,2025,5166,10-K,2026-05-22,https://www.sec.gov/Archives/edgar/data/910521/000162828026037664/deck-20260331.htm
DECK,balance,2025-03-31,instant,Total assets,1,3570252.0,1000,USD,2025,4681,10-K,2026-05-22,https://www.sec.gov/Archives/edgar/data/910521/000162828026037664/deck-20260331.htm
DECK,balance,2025-03-31,instant,Total current assets,1,2860475.0,1000,USD,2025,4674,10-K,2026-05-22,https://www.sec.gov/Archives/edgar/data/910521/000162828026037664/deck-20260331.htm
DECK,balance,2025-03-31,instant,Total current liabilities,1,769941.0,1000,USD,2025,4689,10-K,2026-05-22,https://www.sec.gov/Archives/edgar/data/910521/000162828026037664/deck-20260331.htm
DECK,balance,2025-03-31,instant,Total liabilities and stockholders’ equity,1,3570252.0,1000,USD,2025,4701,10-K,2026-05-22,https://www.sec.gov/Archives/edgar/data/910521/000162828026037664/deck-20260331.htm
DECK,balance,2025-03-31,instant,Total long-term liabilities,1,287298.0,1000,USD,2025,4693,10-K,2026-05-22,https://www.sec.gov/Archives/edgar/data/910521/000162828026037664/deck-20260331.htm
DECK,balance,2025-03-31,instant,Total stockholders’ equity,1,2513013.0,1000,USD,2025,4700,10-K,2026-05-22,https://www.sec.gov/Archives/edgar/data/910521/000162828026037664/deck-20260331.htm
DECK,balance,2025-03-31,instant,Trade accounts payable,1,417955.0,1000,USD,2025,4683,10-K,2026-05-22,https://www.sec.gov/Archives/edgar/data/910521/000162828026037664/deck-20260331.htm
DECK,balance,2025-03-31,instant,"Trade accounts receivable, net of allowances ( $ 38,198 and $ 32,883 as of March 31, 2026 , and March 31, 2025 , respectively) ( Note 2 and Schedule II )",1,332872.0,1000,USD,2025,4669,10-K,2026-05-22,https://www.sec.gov/Archives/edgar/data/910521/000162828026037664/deck-20260331.htm
DECK,balance,2025-03-31,instant,"Trade accounts receivable, net of allowances ($ 32,883 and $ 27,331 as of March 31, 2025, and March 31, 2024, respectively) ( Note 2 and Schedule II)",1,332872.0,1000,USD,"As of March 31, — 2025",1723,10-K,2025-05-23,https://www.sec.gov/Archives/edgar/data/910521/000091052125000017/deck-20250331.htm
DECK,balance,2025-03-31,instant,Value added tax payable,1,6697.0,1000,USD,2025,4688,10-K,2026-05-22,https://www.sec.gov/Archives/edgar/data/910521/000162828026037664/deck-20260331.htm
DECK,balance,2025-03-31,instant,Weighted-average remaining lease term in years,1,5.5,1000,USD,2025,6645,10-K,2026-05-22,https://www.sec.gov/Archives/edgar/data/910521/000162828026037664/deck-20260331.htm
DECK,cash_flow,2025-03-31,annual,Accrued excise taxes related to repurchases of common stock,1,5043.0,1000,USD,2025,4853,10-K,2026-05-22,https://www.sec.gov/Archives/edgar/data/910521/000162828026037664/deck-20260331.htm
DECK,cash_flow,2025-03-31,annual,Accrued for asset retirement obligation assets related to leasehold improvements,1,2233.0,1000,USD,2025,4849,10-K,2026-05-22,https://www.sec.gov/Archives/edgar/data/910521/000162828026037664/deck-20260331.htm
DECK,cash_flow,2025-03-31,annual,Accrued for shares withheld for taxes,1,17148.0,1000,USD,2025,4852,10-K,2026-05-22,https://www.sec.gov/Archives/edgar/data/910521/000162828026037664/deck-20260331.htm
DECK,cash_flow,2025-03-31,annual,Amortization on cloud computing arrangements,1,2380.0,1000,USD,2025,4796,10-K,2026-05-22,https://www.sec.gov/Archives/edgar/data/910521/000162828026037664/deck-20260331.htm
DECK,cash_flow,2025-03-31,annual,Bad debt expense,1,5032.0,1000,USD,2025,4797,10-K,2026-05-22,https://www.sec.gov/Archives/edgar/data/910521/000162828026037664/deck-20260331.htm
DECK,cash_flow,2025-03-31,annual,Cash and cash equivalents at beginning of period,1,1502051.0,1000,USD,2025,4828,10-K,2026-05-22,https://www.sec.gov/Archives/edgar/data/910521/000162828026037664/deck-20260331.htm
DECK,cash_flow,2025-03-31,annual,Cash and cash equivalents at end of period,1,1889188.0,1000,USD,2025,4829,10-K,2026-05-22,https://www.sec.gov/Archives/edgar/data/910521/000162828026037664/deck-20260331.htm
DECK,cash_flow,2025-03-31,annual,Cash paid for excise taxes related to repurchases of common stock,1,-3985.0,1000,USD,2025,4823,10-K,2026-05-22,https://www.sec.gov/Archives/edgar/data/910521/000162828026037664/deck-20260331.htm
DECK,cash_flow,2025-03-31,annual,Cash paid for shares withheld for taxes,1,-15119.0,1000,USD,2025,4824,10-K,2026-05-22,https://www.sec.gov/Archives/edgar/data/910521/000162828026037664/deck-20260331.htm
DECK,cash_flow,2025-03-31,annual,Changes in trade accounts payable and other accrued expenses for purchases of property and equipment,1,3819.0,1000,USD,2025,4848,10-K,2026-05-22,https://www.sec.gov/Archives/edgar/data/910521/000162828026037664/deck-20260331.htm
DECK,cash_flow,2025-03-31,annual,Deferred tax benefit,1,-5545.0,1000,USD,"Years Ended March 31, — 2025",1854,10-K,2025-05-23,https://www.sec.gov/Archives/edgar/data/910521/000091052125000017/deck-20250331.htm
DECK,cash_flow,2025-03-31,annual,Deferred tax expense (benefit),1,-5545.0,1000,USD,2025,4798,10-K,2026-05-22,https://www.sec.gov/Archives/edgar/data/910521/000162828026037664/deck-20260331.htm
DECK,cash_flow,2025-03-31,annual,"Depreciation, amortization, and accretion",1,69353.0,1000,USD,2025,4795,10-K,2026-05-22,https://www.sec.gov/Archives/edgar/data/910521/000162828026037664/deck-20260331.htm
DECK,cash_flow,2025-03-31,annual,Effect of foreign currency exchange rates on cash and cash equivalents,1,-1049.0,1000,USD,2025,4826,10-K,2026-05-22,https://www.sec.gov/Archives/edgar/data/910521/000162828026037664/deck-20260331.htm
DECK,cash_flow,2025-03-31,annual,"Impairment of cloud computing arrangements, operating lease, and other long-lived assets",1,4290.0,1000,USD,"Years Ended March 31, — 2025",1858,10-K,2025-05-23,https://www.sec.gov/Archives/edgar/data/910521/000091052125000017/deck-20250331.htm
DECK,cash_flow,2025-03-31,annual,Impairment of property and equipment and cloud computing arrangements,1,4290.0,1000,USD,2025,4802,10-K,2026-05-22,https://www.sec.gov/Archives/edgar/data/910521/000162828026037664/deck-20260331.htm
DECK,cash_flow,2025-03-31,annual,Income tax payable,1,-29039.0,1000,USD,2025,4812,10-K,2026-05-22,https://www.sec.gov/Archives/edgar/data/910521/000162828026037664/deck-20260331.htm
DECK,cash_flow,2025-03-31,annual,Income tax receivable,1,6945.0,1000,USD,2025,4807,10-K,2026-05-22,https://www.sec.gov/Archives/edgar/data/910521/000162828026037664/deck-20260331.htm
DECK,cash_flow,2025-03-31,annual,Income taxes,1,345397.0,1000,USD,"Years Ended March 31, — 2025",1902,10-K,2025-05-23,https://www.sec.gov/Archives/edgar/data/910521/000091052125000017/deck-20250331.htm
DECK,cash_flow,2025-03-31,annual,Interest,1,1789.0,1000,USD,2025,4845,10-K,2026-05-22,https://www.sec.gov/Archives/edgar/data/910521/000162828026037664/deck-20260331.htm
DECK,cash_flow,2025-03-31,annual,Inventories,1,-24344.0,1000,USD,2025,4805,10-K,2026-05-22,https://www.sec.gov/Archives/edgar/data/910521/000162828026037664/deck-20260331.htm
DECK,cash_flow,2025-03-31,annual,Loss on disposal of assets,1,3183.0,1000,USD,2025,4800,10-K,2026-05-22,https://www.sec.gov/Archives/edgar/data/910521/000162828026037664/deck-20260331.htm
DECK,cash_flow,2025-03-31,annual,Net cash provided by operating activities,1,1044523.0,1000,USD,2025,4814,10-K,2026-05-22,https://www.sec.gov/Archives/edgar/data/910521/000162828026037664/deck-20260331.htm
DECK,cash_flow,2025-03-31,annual,Net cash used in financing activities,1,-581334.0,1000,USD,2025,4825,10-K,2026-05-22,https://www.sec.gov/Archives/edgar/data/910521/000162828026037664/deck-20260331.htm
DECK,cash_flow,2025-03-31,annual,Net cash used in investing activities,1,-75003.0,1000,USD,2025,4818,10-K,2026-05-22,https://www.sec.gov/Archives/edgar/data/910521/000162828026037664/deck-20260331.htm
DECK,cash_flow,2025-03-31,annual,Net change in cash and cash equivalents,1,387137.0,1000,USD,2025,4827,10-K,2026-05-22,https://www.sec.gov/Archives/edgar/data/910521/000162828026037664/deck-20260331.htm
DECK,cash_flow,2025-03-31,annual,Net income,1,966091.0,1000,USD,2025,4793,10-K,2026-05-22,https://www.sec.gov/Archives/edgar/data/910521/000162828026037664/deck-20260331.htm
DECK,cash_flow,2025-03-31,annual,Net operating lease assets and lease liabilities,1,-2583.0,1000,USD,2025,4808,10-K,2026-05-22,https://www.sec.gov/Archives/edgar/data/910521/000162828026037664/deck-20260331.htm
DECK,cash_flow,2025-03-31,annual,Operating leases,1,70326.0,1000,USD,2025,4846,10-K,2026-05-22,https://www.sec.gov/Archives/edgar/data/910521/000162828026037664/deck-20260331.htm
DECK,cash_flow,2025-03-31,annual,Other accrued expenses,1,22222.0,1000,USD,2025,4811,10-K,2026-05-22,https://www.sec.gov/Archives/edgar/data/910521/000162828026037664/deck-20260331.htm
DECK,cash_flow,2025-03-31,annual,Other assets,1,6566.0,1000,USD,2025,4809,10-K,2026-05-22,https://www.sec.gov/Archives/edgar/data/910521/000162828026037664/deck-20260331.htm
DECK,cash_flow,2025-03-31,annual,Other long-term liabilities,1,-33214.0,1000,USD,2025,4813,10-K,2026-05-22,https://www.sec.gov/Archives/edgar/data/910521/000162828026037664/deck-20260331.htm
DECK,cash_flow,2025-03-31,annual,Prepaid expenses and other current assets,1,20946.0,1000,USD,2025,4806,10-K,2026-05-22,https://www.sec.gov/Archives/edgar/data/910521/000162828026037664/deck-20260331.htm
DECK,cash_flow,2025-03-31,annual,Proceeds from exercise of stock options,1,968.0,1000,USD,2025,4821,10-K,2026-05-22,https://www.sec.gov/Archives/edgar/data/910521/000162828026037664/deck-20260331.htm
DECK,cash_flow,2025-03-31,annual,Proceeds from issuance of stock,1,3804.0,1000,USD,2025,4820,10-K,2026-05-22,https://www.sec.gov/Archives/edgar/data/910521/000162828026037664/deck-20260331.htm
DECK,cash_flow,2025-03-31,annual,Proceeds from sale of assets,1,11168.0,1000,USD,2025,4817,10-K,2026-05-22,https://www.sec.gov/Archives/edgar/data/910521/000162828026037664/deck-20260331.htm
DECK,cash_flow,2025-03-31,annual,Purchases of property and equipment,1,-86171.0,1000,USD,2025,4816,10-K,2026-05-22,https://www.sec.gov/Archives/edgar/data/910521/000162828026037664/deck-20260331.htm
DECK,cash_flow,2025-03-31,annual,Repurchases of common stock,1,-567002.0,1000,USD,2025,4822,10-K,2026-05-22,https://www.sec.gov/Archives/edgar/data/910521/000162828026037664/deck-20260331.htm
DECK,cash_flow,2025-03-31,annual,Stock-based compensation,1,37943.0,1000,USD,2025,4799,10-K,2026-05-22,https://www.sec.gov/Archives/edgar/data/910521/000162828026037664/deck-20260331.htm
DECK,cash_flow,2025-03-31,annual,Trade accounts payable,1,35636.0,1000,USD,2025,4810,10-K,2026-05-22,https://www.sec.gov/Archives/edgar/data/910521/000162828026037664/deck-20260331.htm
DECK,cash_flow,2025-03-31,annual,"Trade accounts receivable, net",1,-41339.0,1000,USD,2025,4804,10-K,2026-05-22,https://www.sec.gov/Archives/edgar/data/910521/000162828026037664/deck-20260331.htm
DECK,income,2025-03-31,annual,(Loss) gain recorded in OCI,1,4387.0,1000,USD,2025,7004,10-K,2026-05-22,https://www.sec.gov/Archives/edgar/data/910521/000162828026037664/deck-20260331.htm
DECK,income,2025-03-31,annual,Accretion expenses,1,927.0,1000,USD,2025,5303,10-K,2026-05-22,https://www.sec.gov/Archives/edgar/data/910521/000162828026037664/deck-20260331.htm
DECK,income,2025-03-31,annual,Additions and changes in estimate,1,2192.0,1000,USD,2025,5301,10-K,2026-05-22,https://www.sec.gov/Archives/edgar/data/910521/000162828026037664/deck-20260331.htm
DECK,income,2025-03-31,annual,Basic,1,6.36,1000,USD,2025,4733,10-K,2026-05-22,https://www.sec.gov/Archives/edgar/data/910521/000162828026037664/deck-20260331.htm
DECK,income,2025-03-31,annual,Basic,2,151992.0,1000,USD,2025,4736,10-K,2026-05-22,https://www.sec.gov/Archives/edgar/data/910521/000162828026037664/deck-20260331.htm
DECK,income,2025-03-31,annual,Beginning balance,1,25686.0,1000,USD,2025,5300,10-K,2026-05-22,https://www.sec.gov/Archives/edgar/data/910521/000162828026037664/deck-20260331.htm
DECK,income,2025-03-31,annual,Comprehensive income,1,967170.0,1000,USD,2025,4731,10-K,2026-05-22,https://www.sec.gov/Archives/edgar/data/910521/000162828026037664/deck-20260331.htm
DECK,income,2025-03-31,annual,Cost of sales,1,2099949.0,1000,USD,2025,4716,10-K,2026-05-22,https://www.sec.gov/Archives/edgar/data/910521/000162828026037664/deck-20260331.htm
DECK,income,2025-03-31,annual,Diluted,1,6.33,1000,USD,2025,4734,10-K,2026-05-22,https://www.sec.gov/Archives/edgar/data/910521/000162828026037664/deck-20260331.htm
DECK,income,2025-03-31,annual,Diluted,2,152670.0,1000,USD,2025,4737,10-K,2026-05-22,https://www.sec.gov/Archives/edgar/data/910521/000162828026037664/deck-20260331.htm
DECK,income,2025-03-31,annual,Direct-to-Consumer,1,2129747.0,1000,USD,2025,5750,10-K,2026-05-22,https://www.sec.gov/Archives/edgar/data/910521/000162828026037664/deck-20260331.htm
DECK,income,2025-03-31,annual,Ending balance,1,28118.0,1000,USD,2025,5305,10-K,2026-05-22,https://www.sec.gov/Archives/edgar/data/910521/000162828026037664/deck-20260331.htm
DECK,income,2025-03-31,annual,Foreign currency translation gain (loss),1,-505.0,1000,USD,2025,4729,10-K,2026-05-22,https://www.sec.gov/Archives/edgar/data/910521/000162828026037664/deck-20260331.htm
DECK,income,2025-03-31,annual,Foreign currency translation gains,1,45.0,1000,USD,2025,5304,10-K,2026-05-22,https://www.sec.gov/Archives/edgar/data/910521/000162828026037664/deck-20260331.htm
DECK,income,2025-03-31,annual,Foreign currency translation loss,1,-505.0,1000,USD,"Years Ended March 31, — 2025",1783,10-K,2025-05-23,https://www.sec.gov/Archives/edgar/data/910521/000091052125000017/deck-20250331.htm
DECK,income,2025-03-31,annual,Gain (loss) reclassified into net sales,1,-2288.0,1000,USD,2025,7005,10-K,2026-05-22,https://www.sec.gov/Archives/edgar/data/910521/000162828026037664/deck-20260331.htm
DECK,income,2025-03-31,annual,Grants to Directors,1,1858.0,1000,USD,2025,6917,10-K,2026-05-22,https://www.sec.gov/Archives/edgar/data/910521/000162828026037664/deck-20260331.htm
DECK,income,2025-03-31,annual,Gross profit,1,2885663.0,1000,USD,2025,4717,10-K,2026-05-22,https://www.sec.gov/Archives/edgar/data/910521/000162828026037664/deck-20260331.htm
DECK,income,2025-03-31,annual,Income before income taxes,1,1243299.0,1000,USD,2025,4724,10-K,2026-05-22,https://www.sec.gov/Archives/edgar/data/910521/000162828026037664/deck-20260331.htm
DECK,income,2025-03-31,annual,Income from operations ( Note 12),1,1179092.0,1000,USD,"Years Ended March 31, — 2025",1773,10-K,2025-05-23,https://www.sec.gov/Archives/edgar/data/910521/000091052125000017/deck-20250331.htm
DECK,income,2025-03-31,annual,Income from operations ( Note 13 ),1,1179092.0,1000,USD,2025,4719,10-K,2026-05-22,https://www.sec.gov/Archives/edgar/data/910521/000162828026037664/deck-20260331.htm
DECK,income,2025-03-31,annual,Income tax expense ( Note 5 ),1,277208.0,1000,USD,2025,4725,10-K,2026-05-22,https://www.sec.gov/Archives/edgar/data/910521/000162828026037664/deck-20260331.htm
DECK,income,2025-03-31,annual,Income tax expense ( Note 5),1,277208.0,1000,USD,"Years Ended March 31, — 2025",1779,10-K,2025-05-23,https://www.sec.gov/Archives/edgar/data/910521/000091052125000017/deck-20250331.htm
DECK,income,2025-03-31,annual,Income tax expense in OCI,1,-515.0,1000,USD,2025,7006,10-K,2026-05-22,https://www.sec.gov/Archives/edgar/data/910521/000162828026037664/deck-20260331.htm
DECK,income,2025-03-31,annual,Interest expense,1,3517.0,1000,USD,2025,4721,10-K,2026-05-22,https://www.sec.gov/Archives/edgar/data/910521/000162828026037664/deck-20260331.htm
DECK,income,2025-03-31,annual,Interest income,1,-68389.0,1000,USD,2025,4720,10-K,2026-05-22,https://www.sec.gov/Archives/edgar/data/910521/000162828026037664/deck-20260331.htm
DECK,income,2025-03-31,annual,LTIP PSUs,1,15676.0,1000,USD,2025,6916,10-K,2026-05-22,https://www.sec.gov/Archives/edgar/data/910521/000162828026037664/deck-20260331.htm
DECK,income,2025-03-31,annual,Liabilities settled during the period,1,-732.0,1000,USD,2025,5302,10-K,2026-05-22,https://www.sec.gov/Archives/edgar/data/910521/000162828026037664/deck-20260331.htm
DECK,income,2025-03-31,annual,Net income,1,966091.0,1000,USD,2025,4726,10-K,2026-05-22,https://www.sec.gov/Archives/edgar/data/910521/000162828026037664/deck-20260331.htm
DECK,income,2025-03-31,annual,Net sales ( Note 2 and Note 13 ),1,4985612.0,1000,USD,2025,4715,10-K,2026-05-22,https://www.sec.gov/Archives/edgar/data/910521/000162828026037664/deck-20260331.htm
DECK,income,2025-03-31,annual,"Net sales ( Note 2, Note 12, and Note 13)",1,4985612.0,1000,USD,"Years Ended March 31, — 2025",1769,10-K,2025-05-23,https://www.sec.gov/Archives/edgar/data/910521/000091052125000017/deck-20250331.htm
DECK,income,2025-03-31,annual,"Other (income) expense, net",1,665.0,1000,USD,2025,4722,10-K,2026-05-22,https://www.sec.gov/Archives/edgar/data/910521/000162828026037664/deck-20260331.htm
DECK,income,2025-03-31,annual,"Other expense (income), net",1,665.0,1000,USD,"Years Ended March 31, — 2025",1776,10-K,2025-05-23,https://www.sec.gov/Archives/edgar/data/910521/000091052125000017/deck-20250331.htm
DECK,income,2025-03-31,annual,RSUs,1,19758.0,1000,USD,2025,6915,10-K,2026-05-22,https://www.sec.gov/Archives/edgar/data/910521/000162828026037664/deck-20260331.htm
DECK,income,2025-03-31,annual,"Selling, general, and administrative expenses ( Note 12)",1,1706571.0,1000,USD,"Years Ended March 31, — 2025",1772,10-K,2025-05-23,https://www.sec.gov/Archives/edgar/data/910521/000091052125000017/deck-20250331.htm
DECK,income,2025-03-31,annual,"Selling, general, and administrative expenses ( Note 13 )",1,1706571.0,1000,USD,2025,4718,10-K,2026-05-22,https://www.sec.gov/Archives/edgar/data/910521/000162828026037664/deck-20260331.htm
DECK,income,2025-03-31,annual,Subtotal,1,37292.0,1000,USD,2025,6918,10-K,2026-05-22,https://www.sec.gov/Archives/edgar/data/910521/000162828026037664/deck-20260331.htm
DECK,income,2025-03-31,annual,Total,1,4985612.0,1000,USD,2025,5751,10-K,2026-05-22,https://www.sec.gov/Archives/edgar/data/910521/000162828026037664/deck-20260331.htm
DECK,income,2025-03-31,annual,"Total other comprehensive income (loss), net of tax",1,1079.0,1000,USD,2025,4730,10-K,2026-05-22,https://www.sec.gov/Archives/edgar/data/910521/000162828026037664/deck-20260331.htm
DECK,income,2025-03-31,annual,"Total other income, net",1,-64207.0,1000,USD,2025,4723,10-K,2026-05-22,https://www.sec.gov/Archives/edgar/data/910521/000162828026037664/deck-20260331.htm
DECK,income,2025-03-31,annual,Unrealized gain on cash flow hedges,1,1584.0,1000,USD,2025,4728,10-K,2026-05-22,https://www.sec.gov/Archives/edgar/data/910521/000162828026037664/deck-20260331.htm
DECK,income,2025-03-31,annual,Wholesale,1,2855865.0,1000,USD,2025,5749,10-K,2026-05-22,https://www.sec.gov/Archives/edgar/data/910521/000162828026037664/deck-20260331.htm
DECK,balance,2025-06-30,instant,Beginning balance,1,-18566.0,1000,USD,2025,704,10-Q,2026-07-30,https://www.sec.gov/Archives/edgar/data/910521/000091052126000022/deck-20260630.htm
DECK,balance,2025-06-30,instant,Deferred revenue for loyalty points and certificates issued,1,-4205.0,1000,USD,2025,706,10-Q,2026-07-30,https://www.sec.gov/Archives/edgar/data/910521/000091052126000022/deck-20260630.htm
DECK,balance,2025-06-30,instant,Ending balance,1,-17777.0,1000,USD,2025,707,10-Q,2026-07-30,https://www.sec.gov/Archives/edgar/data/910521/000091052126000022/deck-20260630.htm
DECK,balance,2025-06-30,instant,Redemptions and expirations for loyalty certificates and points recognized in net sales,1,4994.0,1000,USD,2025,705,10-Q,2026-07-30,https://www.sec.gov/Archives/edgar/data/910521/000091052126000022/deck-20260630.htm
DECK,cash_flow,2025-06-30,3_months,Accrued excise taxes related to repurchases of common stock,1,1627.0,1000,USD,2025,454,10-Q,2026-07-30,https://www.sec.gov/Archives/edgar/data/910521/000091052126000022/deck-20260630.htm
DECK,cash_flow,2025-06-30,3_months,Accrued for asset retirement obligation assets related to leasehold improvements,1,214.0,1000,USD,2025,452,10-Q,2026-07-30,https://www.sec.gov/Archives/edgar/data/910521/000091052126000022/deck-20260630.htm
DECK,cash_flow,2025-06-30,3_months,Amortization on cloud computing arrangements,1,556.0,1000,USD,2025,403,10-Q,2026-07-30,https://www.sec.gov/Archives/edgar/data/910521/000091052126000022/deck-20260630.htm
DECK,cash_flow,2025-06-30,3_months,Bad debt (benefit) expense,1,597.0,1000,USD,2025,404,10-Q,2026-07-30,https://www.sec.gov/Archives/edgar/data/910521/000091052126000022/deck-20260630.htm
DECK,cash_flow,2025-06-30,3_months,Cash and cash equivalents at beginning of period,1,1889188.0,1000,USD,2025,430,10-Q,2026-07-30,https://www.sec.gov/Archives/edgar/data/910521/000091052126000022/deck-20260630.htm
DECK,cash_flow,2025-06-30,3_months,Cash and cash equivalents at end of period,1,1720416.0,1000,USD,2025,431,10-Q,2026-07-30,https://www.sec.gov/Archives/edgar/data/910521/000091052126000022/deck-20260630.htm
DECK,cash_flow,2025-06-30,3_months,Cash paid for shares withheld for taxes,1,-237.0,1000,USD,2025,426,10-Q,2026-07-30,https://www.sec.gov/Archives/edgar/data/910521/000091052126000022/deck-20260630.htm
DECK,cash_flow,2025-06-30,3_months,Changes in trade accounts payable and other accrued expenses for purchases of property and equipment,1,80.0,1000,USD,2025,451,10-Q,2026-07-30,https://www.sec.gov/Archives/edgar/data/910521/000091052126000022/deck-20260630.htm
DECK,cash_flow,2025-06-30,3_months,Deferred tax expense (benefit),1,-713.0,1000,USD,2025,405,10-Q,2026-07-30,https://www.sec.gov/Archives/edgar/data/910521/000091052126000022/deck-20260630.htm
DECK,cash_flow,2025-06-30,3_months,"Depreciation, amortization, and accretion",1,19424.0,1000,USD,2025,402,10-Q,2026-07-30,https://www.sec.gov/Archives/edgar/data/910521/000091052126000022/deck-20260630.htm
DECK,cash_flow,2025-06-30,3_months,Effect of foreign currency exchange rates on cash and cash equivalents,1,2239.0,1000,USD,2025,428,10-Q,2026-07-30,https://www.sec.gov/Archives/edgar/data/910521/000091052126000022/deck-20260630.htm
DECK,cash_flow,2025-06-30,3_months,Income tax payable,1,-565.0,1000,USD,2025,417,10-Q,2026-07-30,https://www.sec.gov/Archives/edgar/data/910521/000091052126000022/deck-20260630.htm
DECK,cash_flow,2025-06-30,3_months,Income tax receivable,1,21254.0,1000,USD,2025,412,10-Q,2026-07-30,https://www.sec.gov/Archives/edgar/data/910521/000091052126000022/deck-20260630.htm
DECK,cash_flow,2025-06-30,3_months,"Income taxes, net of refunds",1,16923.0,1000,USD,2025,447,10-Q,2026-07-30,https://www.sec.gov/Archives/edgar/data/910521/000091052126000022/deck-20260630.htm
DECK,cash_flow,2025-06-30,3_months,Interest,1,780.0,1000,USD,2025,448,10-Q,2026-07-30,https://www.sec.gov/Archives/edgar/data/910521/000091052126000022/deck-20260630.htm
DECK,cash_flow,2025-06-30,3_months,Inventories,1,-354125.0,1000,USD,2025,410,10-Q,2026-07-30,https://www.sec.gov/Archives/edgar/data/910521/000091052126000022/deck-20260630.htm
DECK,cash_flow,2025-06-30,3_months,Loss on disposal of assets,1,22.0,1000,USD,2025,407,10-Q,2026-07-30,https://www.sec.gov/Archives/edgar/data/910521/000091052126000022/deck-20260630.htm
DECK,cash_flow,2025-06-30,3_months,Net cash provided by operating activities,1,36146.0,1000,USD,2025,419,10-Q,2026-07-30,https://www.sec.gov/Archives/edgar/data/910521/000091052126000022/deck-20260630.htm
DECK,cash_flow,2025-06-30,3_months,Net cash used in financing activities,1,-183228.0,1000,USD,2025,427,10-Q,2026-07-30,https://www.sec.gov/Archives/edgar/data/910521/000091052126000022/deck-20260630.htm
DECK,cash_flow,2025-06-30,3_months,Net cash used in investing activities,1,-23929.0,1000,USD,2025,423,10-Q,2026-07-30,https://www.sec.gov/Archives/edgar/data/910521/000091052126000022/deck-20260630.htm
DECK,cash_flow,2025-06-30,3_months,Net change in cash and cash equivalents,1,-168772.0,1000,USD,2025,429,10-Q,2026-07-30,https://www.sec.gov/Archives/edgar/data/910521/000091052126000022/deck-20260630.htm
DECK,cash_flow,2025-06-30,3_months,Net income,1,139203.0,1000,USD,2025,400,10-Q,2026-07-30,https://www.sec.gov/Archives/edgar/data/910521/000091052126000022/deck-20260630.htm
DECK,cash_flow,2025-06-30,3_months,Net operating lease assets and lease liabilities,1,1925.0,1000,USD,2025,413,10-Q,2026-07-30,https://www.sec.gov/Archives/edgar/data/910521/000091052126000022/deck-20260630.htm
DECK,cash_flow,2025-06-30,3_months,Operating leases,1,20437.0,1000,USD,2025,449,10-Q,2026-07-30,https://www.sec.gov/Archives/edgar/data/910521/000091052126000022/deck-20260630.htm
DECK,cash_flow,2025-06-30,3_months,Other accrued expenses,1,-66301.0,1000,USD,2025,416,10-Q,2026-07-30,https://www.sec.gov/Archives/edgar/data/910521/000091052126000022/deck-20260630.htm
DECK,cash_flow,2025-06-30,3_months,Other assets,1,-8438.0,1000,USD,2025,414,10-Q,2026-07-30,https://www.sec.gov/Archives/edgar/data/910521/000091052126000022/deck-20260630.htm
DECK,cash_flow,2025-06-30,3_months,Other long-term liabilities,1,12739.0,1000,USD,2025,418,10-Q,2026-07-30,https://www.sec.gov/Archives/edgar/data/910521/000091052126000022/deck-20260630.htm
DECK,cash_flow,2025-06-30,3_months,Prepaid expenses and other current assets,1,-8817.0,1000,USD,2025,411,10-Q,2026-07-30,https://www.sec.gov/Archives/edgar/data/910521/000091052126000022/deck-20260630.htm
DECK,cash_flow,2025-06-30,3_months,Proceeds from sale of assets,1,11.0,1000,USD,2025,422,10-Q,2026-07-30,https://www.sec.gov/Archives/edgar/data/910521/000091052126000022/deck-20260630.htm
DECK,cash_flow,2025-06-30,3_months,Purchases of property and equipment,1,-23940.0,1000,USD,2025,421,10-Q,2026-07-30,https://www.sec.gov/Archives/edgar/data/910521/000091052126000022/deck-20260630.htm
DECK,cash_flow,2025-06-30,3_months,Repurchases of common stock,1,-182991.0,1000,USD,2025,425,10-Q,2026-07-30,https://www.sec.gov/Archives/edgar/data/910521/000091052126000022/deck-20260630.htm
DECK,cash_flow,2025-06-30,3_months,Stock-based compensation,1,8739.0,1000,USD,2025,406,10-Q,2026-07-30,https://www.sec.gov/Archives/edgar/data/910521/000091052126000022/deck-20260630.htm
DECK,cash_flow,2025-06-30,3_months,Trade accounts payable,1,314845.0,1000,USD,2025,415,10-Q,2026-07-30,https://www.sec.gov/Archives/edgar/data/910521/000091052126000022/deck-20260630.htm
DECK,cash_flow,2025-06-30,3_months,"Trade accounts receivable, net",1,-44199.0,1000,USD,2025,409,10-Q,2026-07-30,https://www.sec.gov/Archives/edgar/data/910521/000091052126000022/deck-20260630.htm
DECK,income,2025-06-30,3_months,(Loss) gain reclassified into net sales,1,535.0,1000,USD,2025,992,10-Q,2026-07-30,https://www.sec.gov/Archives/edgar/data/910521/000091052126000022/deck-20260630.htm
DECK,income,2025-06-30,3_months,Basic,1,0.93,1000,USD,2025,345,10-Q,2026-07-30,https://www.sec.gov/Archives/edgar/data/910521/000091052126000022/deck-20260630.htm
DECK,income,2025-06-30,3_months,Basic,2,149344.0,1000,USD,2025,348,10-Q,2026-07-30,https://www.sec.gov/Archives/edgar/data/910521/000091052126000022/deck-20260630.htm
DECK,income,2025-06-30,3_months,Beginning balance,1,1584.0,1000,USD,2025,990,10-Q,2026-07-30,https://www.sec.gov/Archives/edgar/data/910521/000091052126000022/deck-20260630.htm
DECK,income,2025-06-30,3_months,Comprehensive income,1,130768.0,1000,USD,2025,343,10-Q,2026-07-30,https://www.sec.gov/Archives/edgar/data/910521/000091052126000022/deck-20260630.htm
DECK,income,2025-06-30,3_months,Cost of sales,1,426632.0,1000,USD,2025,328,10-Q,2026-07-30,https://www.sec.gov/Archives/edgar/data/910521/000091052126000022/deck-20260630.htm
DECK,income,2025-06-30,3_months,Diluted,1,0.93,1000,USD,2025,346,10-Q,2026-07-30,https://www.sec.gov/Archives/edgar/data/910521/000091052126000022/deck-20260630.htm
DECK,income,2025-06-30,3_months,Diluted,2,149635.0,1000,USD,2025,349,10-Q,2026-07-30,https://www.sec.gov/Archives/edgar/data/910521/000091052126000022/deck-20260630.htm
DECK,income,2025-06-30,3_months,Ending balance,1,-18625.0,1000,USD,2025,994,10-Q,2026-07-30,https://www.sec.gov/Archives/edgar/data/910521/000091052126000022/deck-20260630.htm
DECK,income,2025-06-30,3_months,Foreign currency translation gain,1,11774.0,1000,USD,2025,341,10-Q,2026-07-30,https://www.sec.gov/Archives/edgar/data/910521/000091052126000022/deck-20260630.htm
DECK,income,2025-06-30,3_months,Gain (loss) recorded in OCI,1,-27309.0,1000,USD,2025,991,10-Q,2026-07-30,https://www.sec.gov/Archives/edgar/data/910521/000091052126000022/deck-20260630.htm
DECK,income,2025-06-30,3_months,Gross profit,1,537906.0,1000,USD,2025,329,10-Q,2026-07-30,https://www.sec.gov/Archives/edgar/data/910521/000091052126000022/deck-20260630.htm
DECK,income,2025-06-30,3_months,Income before income taxes,1,183066.0,1000,USD,2025,336,10-Q,2026-07-30,https://www.sec.gov/Archives/edgar/data/910521/000091052126000022/deck-20260630.htm
DECK,income,2025-06-30,3_months,Income from operations ( Note 10 ),1,165287.0,1000,USD,2025,331,10-Q,2026-07-30,https://www.sec.gov/Archives/edgar/data/910521/000091052126000022/deck-20260630.htm
DECK,income,2025-06-30,3_months,Income tax (expense) benefit in OCI,1,6565.0,1000,USD,2025,993,10-Q,2026-07-30,https://www.sec.gov/Archives/edgar/data/910521/000091052126000022/deck-20260630.htm
DECK,income,2025-06-30,3_months,Income tax expense ( Note 4 ),1,43863.0,1000,USD,2025,337,10-Q,2026-07-30,https://www.sec.gov/Archives/edgar/data/910521/000091052126000022/deck-20260630.htm
DECK,income,2025-06-30,3_months,Interest expense,1,935.0,1000,USD,2025,333,10-Q,2026-07-30,https://www.sec.gov/Archives/edgar/data/910521/000091052126000022/deck-20260630.htm
DECK,income,2025-06-30,3_months,Interest income,1,-18696.0,1000,USD,2025,332,10-Q,2026-07-30,https://www.sec.gov/Archives/edgar/data/910521/000091052126000022/deck-20260630.htm
DECK,income,2025-06-30,3_months,Net income,1,139203.0,1000,USD,2025,338,10-Q,2026-07-30,https://www.sec.gov/Archives/edgar/data/910521/000091052126000022/deck-20260630.htm
DECK,income,2025-06-30,3_months,Net sales ( Note 2 and Note 10 ),1,964538.0,1000,USD,2025,327,10-Q,2026-07-30,https://www.sec.gov/Archives/edgar/data/910521/000091052126000022/deck-20260630.htm
DECK,income,2025-06-30,3_months,"Other income, net",1,-18.0,1000,USD,2025,334,10-Q,2026-07-30,https://www.sec.gov/Archives/edgar/data/910521/000091052126000022/deck-20260630.htm
DECK,income,2025-06-30,3_months,"Selling, general, and administrative expenses ( Note 10 )",1,372619.0,1000,USD,2025,330,10-Q,2026-07-30,https://www.sec.gov/Archives/edgar/data/910521/000091052126000022/deck-20260630.htm
DECK,income,2025-06-30,3_months,"Total other comprehensive income (loss), net of tax",1,-8435.0,1000,USD,2025,342,10-Q,2026-07-30,https://www.sec.gov/Archives/edgar/data/910521/000091052126000022/deck-20260630.htm
DECK,income,2025-06-30,3_months,"Total other income, net",1,-17779.0,1000,USD,2025,335,10-Q,2026-07-30,https://www.sec.gov/Archives/edgar/data/910521/000091052126000022/deck-20260630.htm
DECK,income,2025-06-30,3_months,Unrealized gain (loss) on cash flow hedges,1,-20209.0,1000,USD,2025,340,10-Q,2026-07-30,https://www.sec.gov/Archives/edgar/data/910521/000091052126000022/deck-20260630.htm
DECK,balance,2026-03-31,instant,Accrued payroll,1,119597.0,1000,USD,"March 31, 2026",296,10-Q,2026-07-30,https://www.sec.gov/Archives/edgar/data/910521/000091052126000022/deck-20260630.htm
DECK,balance,2026-03-31,instant,Accumulated other comprehensive loss ( Note 11 ),1,-35919.0,1000,USD,"As of March 31, — 2026",4699,10-K,2026-05-22,https://www.sec.gov/Archives/edgar/data/910521/000162828026037664/deck-20260331.htm
DECK,balance,2026-03-31,instant,Accumulated other comprehensive loss ( Note 8 ),1,-35919.0,1000,USD,"March 31, 2026",311,10-Q,2026-07-30,https://www.sec.gov/Archives/edgar/data/910521/000091052126000022/deck-20260630.htm
DECK,balance,2026-03-31,instant,Additional paid-in capital,1,287795.0,1000,USD,"March 31, 2026",309,10-Q,2026-07-30,https://www.sec.gov/Archives/edgar/data/910521/000091052126000022/deck-20260630.htm
DECK,balance,2026-03-31,instant,Additions,1,-6532.0,1000,USD,"Years Ended March 31, — 2026",7349,10-K,2026-05-22,https://www.sec.gov/Archives/edgar/data/910521/000162828026037664/deck-20260331.htm
DECK,balance,2026-03-31,instant,Additions,2,-22394.0,1000,USD,"Years Ended March 31, — 2026",7354,10-K,2026-05-22,https://www.sec.gov/Archives/edgar/data/910521/000162828026037664/deck-20260331.htm
DECK,balance,2026-03-31,instant,Additions,3,-30039.0,1000,USD,"Years Ended March 31, — 2026",7359,10-K,2026-05-22,https://www.sec.gov/Archives/edgar/data/910521/000162828026037664/deck-20260331.htm
DECK,balance,2026-03-31,instant,Additions of customer cash payments,1,-100874.0,1000,USD,"Years Ended March 31, — 2026",5917,10-K,2026-05-22,https://www.sec.gov/Archives/edgar/data/910521/000162828026037664/deck-20260331.htm
DECK,balance,2026-03-31,instant,Beginning balance,1,-18566.0,1000,USD,"Years Ended March 31, — 2026",5891,10-K,2026-05-22,https://www.sec.gov/Archives/edgar/data/910521/000162828026037664/deck-20260331.htm
DECK,balance,2026-03-31,instant,Beginning balance,2,-1366.0,1000,USD,"Years Ended March 31, — 2026",7353,10-K,2026-05-22,https://www.sec.gov/Archives/edgar/data/910521/000162828026037664/deck-20260331.htm
DECK,balance,2026-03-31,instant,Beginning balance,3,-17983.0,1000,USD,"Years Ended March 31, — 2026",7358,10-K,2026-05-22,https://www.sec.gov/Archives/edgar/data/910521/000162828026037664/deck-20260331.htm
DECK,balance,2026-03-31,instant,CCAs in process,1,16508.0,1000,USD,"As of March 31, — 2026",5165,10-K,2026-05-22,https://www.sec.gov/Archives/edgar/data/910521/000162828026037664/deck-20260331.htm
DECK,balance,2026-03-31,instant,Cash and cash equivalents,1,1907249.0,1000,USD,"March 31, 2026",280,10-Q,2026-07-30,https://www.sec.gov/Archives/edgar/data/910521/000091052126000022/deck-20260630.htm
DECK,balance,2026-03-31,instant,"Common stock ( $ 0.01 par value per share; 750,000 shares authorized; 136,725 and 139,978 shares issued and outstanding as of June 30, 2026 , and March 31, 2026 , respectively)",1,1400.0,1000,USD,"March 31, 2026",308,10-Q,2026-07-30,https://www.sec.gov/Archives/edgar/data/910521/000091052126000022/deck-20260630.htm
DECK,balance,2026-03-31,instant,"Common stock ( $ 0.01 par value per share; 750,000 shares authorized; 139,978 and 150,201 shares issued and outstanding as of March 31, 2026 , and March 31, 2025 , respectively)",1,1400.0,1000,USD,"As of March 31, — 2026",4696,10-K,2026-05-22,https://www.sec.gov/Archives/edgar/data/910521/000162828026037664/deck-20260331.htm
DECK,balance,2026-03-31,instant,Cumulative foreign currency translation loss,1,-41483.0,1000,USD,"March 31, 2026",1059,10-Q,2026-07-30,https://www.sec.gov/Archives/edgar/data/910521/000091052126000022/deck-20260630.htm
DECK,balance,2026-03-31,instant,Deductions,1,146.0,1000,USD,"Years Ended March 31, — 2026",7350,10-K,2026-05-22,https://www.sec.gov/Archives/edgar/data/910521/000162828026037664/deck-20260331.htm
DECK,balance,2026-03-31,instant,Deductions,2,22114.0,1000,USD,"Years Ended March 31, — 2026",7355,10-K,2026-05-22,https://www.sec.gov/Archives/edgar/data/910521/000162828026037664/deck-20260331.htm
DECK,balance,2026-03-31,instant,Deductions,3,31390.0,1000,USD,"Years Ended March 31, — 2026",7360,10-K,2026-05-22,https://www.sec.gov/Archives/edgar/data/910521/000162828026037664/deck-20260331.htm
DECK,balance,2026-03-31,instant,Deferred revenue for loyalty points and certificates issued,1,-107500.0,1000,USD,"Years Ended March 31, — 2026",5893,10-K,2026-05-22,https://www.sec.gov/Archives/edgar/data/910521/000162828026037664/deck-20260331.htm
DECK,balance,2026-03-31,instant,"Deferred tax assets, net",1,68501.0,1000,USD,"March 31, 2026",291,10-Q,2026-07-30,https://www.sec.gov/Archives/edgar/data/910521/000091052126000022/deck-20260630.htm
DECK,balance,2026-03-31,instant,"Deferred tax assets, net ( Note 5 )",1,68501.0,1000,USD,"As of March 31, — 2026",4679,10-K,2026-05-22,https://www.sec.gov/Archives/edgar/data/910521/000162828026037664/deck-20260331.htm
DECK,balance,2026-03-31,instant,Ending balance,1,-21000.0,1000,USD,"Years Ended March 31, — 2026",5894,10-K,2026-05-22,https://www.sec.gov/Archives/edgar/data/910521/000162828026037664/deck-20260331.htm
DECK,balance,2026-03-31,instant,Ending balance,2,-1646.0,1000,USD,"Years Ended March 31, — 2026",7356,10-K,2026-05-22,https://www.sec.gov/Archives/edgar/data/910521/000162828026037664/deck-20260331.htm
DECK,balance,2026-03-31,instant,Ending balance,3,-16632.0,1000,USD,"Years Ended March 31, — 2026",7361,10-K,2026-05-22,https://www.sec.gov/Archives/edgar/data/910521/000162828026037664/deck-20260331.htm
DECK,balance,2026-03-31,instant,Goodwill,1,13990.0,1000,USD,"March 31, 2026",289,10-Q,2026-07-30,https://www.sec.gov/Archives/edgar/data/910521/000091052126000022/deck-20260630.htm
DECK,balance,2026-03-31,instant,Goodwill ( Note 1 ),1,13990.0,1000,USD,"As of March 31, — 2026",4677,10-K,2026-05-22,https://www.sec.gov/Archives/edgar/data/910521/000162828026037664/deck-20260331.htm
DECK,balance,2026-03-31,instant,Gross decrease related to prior year tax positions,1,-4738.0,1000,USD,"Years Ended March 31, — 2026",6343,10-K,2026-05-22,https://www.sec.gov/Archives/edgar/data/910521/000162828026037664/deck-20260331.htm
DECK,balance,2026-03-31,instant,Gross increase related to current year tax positions,1,5400.0,1000,USD,"Years Ended March 31, — 2026",6341,10-K,2026-05-22,https://www.sec.gov/Archives/edgar/data/910521/000162828026037664/deck-20260331.htm
DECK,balance,2026-03-31,instant,Gross increase related to prior year tax positions,1,8669.0,1000,USD,"Years Ended March 31, — 2026",6342,10-K,2026-05-22,https://www.sec.gov/Archives/edgar/data/910521/000162828026037664/deck-20260331.htm
DECK,balance,2026-03-31,instant,Income tax liability,1,26313.0,1000,USD,"March 31, 2026",303,10-Q,2026-07-30,https://www.sec.gov/Archives/edgar/data/910521/000091052126000022/deck-20260630.htm
DECK,balance,2026-03-31,instant,Income tax payable,1,36475.0,1000,USD,"March 31, 2026",299,10-Q,2026-07-30,https://www.sec.gov/Archives/edgar/data/910521/000091052126000022/deck-20260630.htm
DECK,balance,2026-03-31,instant,Income tax receivable,1,1825.0,1000,USD,"March 31, 2026",285,10-Q,2026-07-30,https://www.sec.gov/Archives/edgar/data/910521/000091052126000022/deck-20260630.htm
DECK,balance,2026-03-31,instant,Inventories,1,487018.0,1000,USD,"March 31, 2026",282,10-Q,2026-07-30,https://www.sec.gov/Archives/edgar/data/910521/000091052126000022/deck-20260630.htm
DECK,balance,2026-03-31,instant,Lapse of statute of limitations,1,-2426.0,1000,USD,"Years Ended March 31, — 2026",6345,10-K,2026-05-22,https://www.sec.gov/Archives/edgar/data/910521/000162828026037664/deck-20260331.htm
DECK,balance,2026-03-31,instant,Long-term operating lease liabilities ( Note 5 ),1,291263.0,1000,USD,"March 31, 2026",302,10-Q,2026-07-30,https://www.sec.gov/Archives/edgar/data/910521/000091052126000022/deck-20260630.htm
DECK,balance,2026-03-31,instant,Long-term operating lease liabilities ( Note 7 ),1,291263.0,1000,USD,"As of March 31, — 2026",4690,10-K,2026-05-22,https://www.sec.gov/Archives/edgar/data/910521/000162828026037664/deck-20260331.htm
DECK,balance,2026-03-31,instant,Net CCAs placed in service,1,2053.0,1000,USD,"As of March 31, — 2026",5162,10-K,2026-05-22,https://www.sec.gov/Archives/edgar/data/910521/000162828026037664/deck-20260331.htm
DECK,balance,2026-03-31,instant,Net CCAs placed in service,2,1968.0,1000,USD,"As of March 31, — 2026",5164,10-K,2026-05-22,https://www.sec.gov/Archives/edgar/data/910521/000162828026037664/deck-20260331.htm
DECK,balance,2026-03-31,instant,Obligations added,1,35899.0,1000,USD,"As of March 31, — 2026",7323,10-K,2026-05-22,https://www.sec.gov/Archives/edgar/data/910521/000162828026037664/deck-20260331.htm
DECK,balance,2026-03-31,instant,Obligations settled,1,-33593.0,1000,USD,"As of March 31, — 2026",7324,10-K,2026-05-22,https://www.sec.gov/Archives/edgar/data/910521/000162828026037664/deck-20260331.htm
DECK,balance,2026-03-31,instant,Operating lease assets,1,335098.0,1000,USD,"March 31, 2026",288,10-Q,2026-07-30,https://www.sec.gov/Archives/edgar/data/910521/000091052126000022/deck-20260630.htm
DECK,balance,2026-03-31,instant,Operating lease liabilities ( Note 5 ),1,83931.0,1000,USD,"March 31, 2026",297,10-Q,2026-07-30,https://www.sec.gov/Archives/edgar/data/910521/000091052126000022/deck-20260630.htm
DECK,balance,2026-03-31,instant,Operating lease liabilities ( Note 7 ),1,83931.0,1000,USD,"As of March 31, — 2026",4685,10-K,2026-05-22,https://www.sec.gov/Archives/edgar/data/910521/000162828026037664/deck-20260331.htm
DECK,balance,2026-03-31,instant,Other accrued expenses,1,171173.0,1000,USD,"March 31, 2026",298,10-Q,2026-07-30,https://www.sec.gov/Archives/edgar/data/910521/000091052126000022/deck-20260630.htm
DECK,balance,2026-03-31,instant,Other assets,1,66331.0,1000,USD,"March 31, 2026",292,10-Q,2026-07-30,https://www.sec.gov/Archives/edgar/data/910521/000091052126000022/deck-20260630.htm
DECK,balance,2026-03-31,instant,Other current assets,1,82114.0,1000,USD,"March 31, 2026",284,10-Q,2026-07-30,https://www.sec.gov/Archives/edgar/data/910521/000091052126000022/deck-20260630.htm
DECK,balance,2026-03-31,instant,"Other intangible assets, net of accumulated amortization ( $ 20,849 and $ 20,968 as of June 30, 2026 , and March 31, 2026 , respectively)",1,15643.0,1000,USD,"March 31, 2026",290,10-Q,2026-07-30,https://www.sec.gov/Archives/edgar/data/910521/000091052126000022/deck-20260630.htm
DECK,balance,2026-03-31,instant,"Other intangible assets, net of accumulated amortization ( $ 20,968 and $ 25,014 as of March 31, 2026 , and March 31, 2025 , respectively) ( Note 1 )",1,15643.0,1000,USD,"As of March 31, — 2026",4678,10-K,2026-05-22,https://www.sec.gov/Archives/edgar/data/910521/000162828026037664/deck-20260331.htm
DECK,balance,2026-03-31,instant,Other long-term liabilities,1,66477.0,1000,USD,"March 31, 2026",304,10-Q,2026-07-30,https://www.sec.gov/Archives/edgar/data/910521/000091052126000022/deck-20260630.htm
DECK,balance,2026-03-31,instant,Prepaid expenses,1,53236.0,1000,USD,"March 31, 2026",283,10-Q,2026-07-30,https://www.sec.gov/Archives/edgar/data/910521/000091052126000022/deck-20260630.htm
DECK,balance,2026-03-31,instant,"Property and equipment, net of accumulated depreciation ( $ 457,173 and $ 402,964 as of March 31, 2026 , and March 31, 2025 , respectively) ( Note 3 )",1,337782.0,1000,USD,"As of March 31, — 2026",4675,10-K,2026-05-22,https://www.sec.gov/Archives/edgar/data/910521/000162828026037664/deck-20260331.htm
DECK,balance,2026-03-31,instant,"Property and equipment, net of accumulated depreciation ( $ 473,151 and $ 457,173 as of June 30, 2026 , and March 31, 2026 , respectively)",1,337782.0,1000,USD,"March 31, 2026",287,10-Q,2026-07-30,https://www.sec.gov/Archives/edgar/data/910521/000091052126000022/deck-20260630.htm
DECK,balance,2026-03-31,instant,Redemptions and expirations for loyalty certificates and points recognized in net sales,1,105066.0,1000,USD,"Years Ended March 31, — 2026",5892,10-K,2026-05-22,https://www.sec.gov/Archives/edgar/data/910521/000162828026037664/deck-20260331.htm
DECK,balance,2026-03-31,instant,Retained earnings,1,2246362.0,1000,USD,"March 31, 2026",310,10-Q,2026-07-30,https://www.sec.gov/Archives/edgar/data/910521/000091052126000022/deck-20260630.htm
DECK,balance,2026-03-31,instant,Revenue recognized,1,98040.0,1000,USD,"Years Ended March 31, — 2026",5918,10-K,2026-05-22,https://www.sec.gov/Archives/edgar/data/910521/000162828026037664/deck-20260331.htm
DECK,balance,2026-03-31,instant,Settlements with taxing authorities,1,-1800.0,1000,USD,"Years Ended March 31, — 2026",6344,10-K,2026-05-22,https://www.sec.gov/Archives/edgar/data/910521/000162828026037664/deck-20260331.htm
DECK,balance,2026-03-31,instant,Total,1,-35919.0,1000,USD,"March 31, 2026",1060,10-Q,2026-07-30,https://www.sec.gov/Archives/edgar/data/910521/000091052126000022/deck-20260630.htm
DECK,balance,2026-03-31,instant,Total assets,1,3687765.0,1000,USD,"March 31, 2026",293,10-Q,2026-07-30,https://www.sec.gov/Archives/edgar/data/910521/000091052126000022/deck-20260630.htm
DECK,balance,2026-03-31,instant,Total current assets,1,2850420.0,1000,USD,"March 31, 2026",286,10-Q,2026-07-30,https://www.sec.gov/Archives/edgar/data/910521/000091052126000022/deck-20260630.htm
DECK,balance,2026-03-31,instant,Total current liabilities,1,804074.0,1000,USD,"March 31, 2026",301,10-Q,2026-07-30,https://www.sec.gov/Archives/edgar/data/910521/000091052126000022/deck-20260630.htm
DECK,balance,2026-03-31,instant,Total liabilities and stockholders’ equity,1,3687765.0,1000,USD,"March 31, 2026",313,10-Q,2026-07-30,https://www.sec.gov/Archives/edgar/data/910521/000091052126000022/deck-20260630.htm
DECK,balance,2026-03-31,instant,Total long-term liabilities,1,384053.0,1000,USD,"March 31, 2026",305,10-Q,2026-07-30,https://www.sec.gov/Archives/edgar/data/910521/000091052126000022/deck-20260630.htm
DECK,balance,2026-03-31,instant,Total stockholders’ equity,1,2499638.0,1000,USD,"March 31, 2026",312,10-Q,2026-07-30,https://www.sec.gov/Archives/edgar/data/910521/000091052126000022/deck-20260630.htm
DECK,balance,2026-03-31,instant,Trade accounts payable,1,384529.0,1000,USD,"March 31, 2026",295,10-Q,2026-07-30,https://www.sec.gov/Archives/edgar/data/910521/000091052126000022/deck-20260630.htm
DECK,balance,2026-03-31,instant,"Trade accounts receivable, net of allowances ( $ 28,669 and $ 38,198 as of June 30, 2026 , and March 31, 2026 , respectively) ( Note 2)",1,318978.0,1000,USD,"March 31, 2026",281,10-Q,2026-07-30,https://www.sec.gov/Archives/edgar/data/910521/000091052126000022/deck-20260630.htm
DECK,balance,2026-03-31,instant,"Trade accounts receivable, net of allowances ( $ 38,198 and $ 32,883 as of March 31, 2026 , and March 31, 2025 , respectively) ( Note 2 and Schedule II )",1,318978.0,1000,USD,"As of March 31, — 2026",4669,10-K,2026-05-22,https://www.sec.gov/Archives/edgar/data/910521/000162828026037664/deck-20260331.htm
DECK,balance,2026-03-31,instant,Unrealized gain on cash flow hedges,1,5564.0,1000,USD,"March 31, 2026",1058,10-Q,2026-07-30,https://www.sec.gov/Archives/edgar/data/910521/000091052126000022/deck-20260630.htm
DECK,balance,2026-03-31,instant,Value added tax payable,1,8369.0,1000,USD,"March 31, 2026",300,10-Q,2026-07-30,https://www.sec.gov/Archives/edgar/data/910521/000091052126000022/deck-20260630.htm
DECK,balance,2026-03-31,instant,Weighted-average remaining lease term in years,1,5.8,1000,USD,"As of March 31, — 2026",6645,10-K,2026-05-22,https://www.sec.gov/Archives/edgar/data/910521/000162828026037664/deck-20260331.htm
DECK,cash_flow,2026-03-31,annual,Accrued excise taxes related to repurchases of common stock,1,10413.0,1000,USD,"Years Ended March 31, — 2026",4853,10-K,2026-05-22,https://www.sec.gov/Archives/edgar/data/910521/000162828026037664/deck-20260331.htm
DECK,cash_flow,2026-03-31,annual,Accrued for asset retirement obligation assets related to leasehold improvements,1,8464.0,1000,USD,"Years Ended March 31, — 2026",4849,10-K,2026-05-22,https://www.sec.gov/Archives/edgar/data/910521/000162828026037664/deck-20260331.htm
DECK,cash_flow,2026-03-31,annual,Accrued for shares withheld for taxes,1,6602.0,1000,USD,"Years Ended March 31, — 2026",4852,10-K,2026-05-22,https://www.sec.gov/Archives/edgar/data/910521/000162828026037664/deck-20260331.htm
DECK,cash_flow,2026-03-31,annual,Amortization on cloud computing arrangements,1,2236.0,1000,USD,"Years Ended March 31, — 2026",4796,10-K,2026-05-22,https://www.sec.gov/Archives/edgar/data/910521/000162828026037664/deck-20260331.htm
DECK,cash_flow,2026-03-31,annual,Bad debt expense,1,6345.0,1000,USD,"Years Ended March 31, — 2026",4797,10-K,2026-05-22,https://www.sec.gov/Archives/edgar/data/910521/000162828026037664/deck-20260331.htm
DECK,cash_flow,2026-03-31,annual,Cash and cash equivalents at beginning of period,1,1889188.0,1000,USD,"Years Ended March 31, — 2026",4828,10-K,2026-05-22,https://www.sec.gov/Archives/edgar/data/910521/000162828026037664/deck-20260331.htm
DECK,cash_flow,2026-03-31,annual,Cash and cash equivalents at end of period,1,1907249.0,1000,USD,"Years Ended March 31, — 2026",4829,10-K,2026-05-22,https://www.sec.gov/Archives/edgar/data/910521/000162828026037664/deck-20260331.htm
DECK,cash_flow,2026-03-31,annual,Cash paid for excise taxes related to repurchases of common stock,1,-5043.0,1000,USD,"Years Ended March 31, — 2026",4823,10-K,2026-05-22,https://www.sec.gov/Archives/edgar/data/910521/000162828026037664/deck-20260331.htm
DECK,cash_flow,2026-03-31,annual,Cash paid for shares withheld for taxes,1,-8410.0,1000,USD,"Years Ended March 31, — 2026",4824,10-K,2026-05-22,https://www.sec.gov/Archives/edgar/data/910521/000162828026037664/deck-20260331.htm
DECK,cash_flow,2026-03-31,annual,Changes in trade accounts payable and other accrued expenses for purchases of property and equipment,1,-5559.0,1000,USD,"Years Ended March 31, — 2026",4848,10-K,2026-05-22,https://www.sec.gov/Archives/edgar/data/910521/000162828026037664/deck-20260331.htm
DECK,cash_flow,2026-03-31,annual,Deferred tax expense (benefit),1,8784.0,1000,USD,"Years Ended March 31, — 2026",4798,10-K,2026-05-22,https://www.sec.gov/Archives/edgar/data/910521/000162828026037664/deck-20260331.htm
DECK,cash_flow,2026-03-31,annual,"Depreciation, amortization, and accretion",1,75773.0,1000,USD,"Years Ended March 31, — 2026",4795,10-K,2026-05-22,https://www.sec.gov/Archives/edgar/data/910521/000162828026037664/deck-20260331.htm
DECK,cash_flow,2026-03-31,annual,Effect of foreign currency exchange rates on cash and cash equivalents,1,4762.0,1000,USD,"Years Ended March 31, — 2026",4826,10-K,2026-05-22,https://www.sec.gov/Archives/edgar/data/910521/000162828026037664/deck-20260331.htm
DECK,cash_flow,2026-03-31,annual,Impairment of property and equipment and cloud computing arrangements,1,127.0,1000,USD,"Years Ended March 31, — 2026",4802,10-K,2026-05-22,https://www.sec.gov/Archives/edgar/data/910521/000162828026037664/deck-20260331.htm
DECK,cash_flow,2026-03-31,annual,Income tax payable,1,13175.0,1000,USD,"Years Ended March 31, — 2026",4812,10-K,2026-05-22,https://www.sec.gov/Archives/edgar/data/910521/000162828026037664/deck-20260331.htm
DECK,cash_flow,2026-03-31,annual,Income tax receivable,1,34788.0,1000,USD,"Years Ended March 31, — 2026",4807,10-K,2026-05-22,https://www.sec.gov/Archives/edgar/data/910521/000162828026037664/deck-20260331.htm
DECK,cash_flow,2026-03-31,annual,Interest,1,2492.0,1000,USD,"Years Ended March 31, — 2026",4845,10-K,2026-05-22,https://www.sec.gov/Archives/edgar/data/910521/000162828026037664/deck-20260331.htm
DECK,cash_flow,2026-03-31,annual,Inventories,1,8208.0,1000,USD,"Years Ended March 31, — 2026",4805,10-K,2026-05-22,https://www.sec.gov/Archives/edgar/data/910521/000162828026037664/deck-20260331.htm
DECK,cash_flow,2026-03-31,annual,Loss on disposal of assets,1,1191.0,1000,USD,"Years Ended March 31, — 2026",4800,10-K,2026-05-22,https://www.sec.gov/Archives/edgar/data/910521/000162828026037664/deck-20260331.htm
DECK,cash_flow,2026-03-31,annual,Net cash provided by operating activities,1,1181955.0,1000,USD,"Years Ended March 31, — 2026",4814,10-K,2026-05-22,https://www.sec.gov/Archives/edgar/data/910521/000162828026037664/deck-20260331.htm
DECK,cash_flow,2026-03-31,annual,Net cash used in financing activities,1,-1084044.0,1000,USD,"Years Ended March 31, — 2026",4825,10-K,2026-05-22,https://www.sec.gov/Archives/edgar/data/910521/000162828026037664/deck-20260331.htm
DECK,cash_flow,2026-03-31,annual,Net cash used in investing activities,1,-84612.0,1000,USD,"Years Ended March 31, — 2026",4818,10-K,2026-05-22,https://www.sec.gov/Archives/edgar/data/910521/000162828026037664/deck-20260331.htm
DECK,cash_flow,2026-03-31,annual,Net change in cash and cash equivalents,1,18061.0,1000,USD,"Years Ended March 31, — 2026",4827,10-K,2026-05-22,https://www.sec.gov/Archives/edgar/data/910521/000162828026037664/deck-20260331.htm
DECK,cash_flow,2026-03-31,annual,Net income,1,1024071.0,1000,USD,"Years Ended March 31, — 2026",4793,10-K,2026-05-22,https://www.sec.gov/Archives/edgar/data/910521/000162828026037664/deck-20260331.htm
DECK,cash_flow,2026-03-31,annual,Net operating lease assets and lease liabilities,1,-10.0,1000,USD,"Years Ended March 31, — 2026",4808,10-K,2026-05-22,https://www.sec.gov/Archives/edgar/data/910521/000162828026037664/deck-20260331.htm
DECK,cash_flow,2026-03-31,annual,Operating leases,1,92823.0,1000,USD,"Years Ended March 31, — 2026",4846,10-K,2026-05-22,https://www.sec.gov/Archives/edgar/data/910521/000162828026037664/deck-20260331.htm
DECK,cash_flow,2026-03-31,annual,Other accrued expenses,1,16933.0,1000,USD,"Years Ended March 31, — 2026",4811,10-K,2026-05-22,https://www.sec.gov/Archives/edgar/data/910521/000162828026037664/deck-20260331.htm
DECK,cash_flow,2026-03-31,annual,Other assets,1,-28832.0,1000,USD,"Years Ended March 31, — 2026",4809,10-K,2026-05-22,https://www.sec.gov/Archives/edgar/data/910521/000162828026037664/deck-20260331.htm
DECK,cash_flow,2026-03-31,annual,Other long-term liabilities,1,18450.0,1000,USD,"Years Ended March 31, — 2026",4813,10-K,2026-05-22,https://www.sec.gov/Archives/edgar/data/910521/000162828026037664/deck-20260331.htm
DECK,cash_flow,2026-03-31,annual,Prepaid expenses and other current assets,1,-23804.0,1000,USD,"Years Ended March 31, — 2026",4806,10-K,2026-05-22,https://www.sec.gov/Archives/edgar/data/910521/000162828026037664/deck-20260331.htm
DECK,cash_flow,2026-03-31,annual,Proceeds from issuance of stock,1,4509.0,1000,USD,"Years Ended March 31, — 2026",4820,10-K,2026-05-22,https://www.sec.gov/Archives/edgar/data/910521/000162828026037664/deck-20260331.htm
DECK,cash_flow,2026-03-31,annual,Proceeds from sale of assets,1,11.0,1000,USD,"Years Ended March 31, — 2026",4817,10-K,2026-05-22,https://www.sec.gov/Archives/edgar/data/910521/000162828026037664/deck-20260331.htm
DECK,cash_flow,2026-03-31,annual,Purchases of property and equipment,1,-84623.0,1000,USD,"Years Ended March 31, — 2026",4816,10-K,2026-05-22,https://www.sec.gov/Archives/edgar/data/910521/000162828026037664/deck-20260331.htm
DECK,cash_flow,2026-03-31,annual,Repurchases of common stock,1,-1075100.0,1000,USD,"Years Ended March 31, — 2026",4822,10-K,2026-05-22,https://www.sec.gov/Archives/edgar/data/910521/000162828026037664/deck-20260331.htm
DECK,cash_flow,2026-03-31,annual,Stock-based compensation,1,44835.0,1000,USD,"Years Ended March 31, — 2026",4799,10-K,2026-05-22,https://www.sec.gov/Archives/edgar/data/910521/000162828026037664/deck-20260331.htm
DECK,cash_flow,2026-03-31,annual,Trade accounts payable,1,-27865.0,1000,USD,"Years Ended March 31, — 2026",4810,10-K,2026-05-22,https://www.sec.gov/Archives/edgar/data/910521/000162828026037664/deck-20260331.htm
DECK,cash_flow,2026-03-31,annual,"Trade accounts receivable, net",1,7550.0,1000,USD,"Years Ended March 31, — 2026",4804,10-K,2026-05-22,https://www.sec.gov/Archives/edgar/data/910521/000162828026037664/deck-20260331.htm
DECK,income,2026-03-31,annual,(Loss) gain recorded in OCI,1,-12631.0,1000,USD,"Years Ended March 31, — 2026",7004,10-K,2026-05-22,https://www.sec.gov/Archives/edgar/data/910521/000162828026037664/deck-20260331.htm
DECK,income,2026-03-31,annual,Accretion expenses,1,1122.0,1000,USD,"Years Ended March 31, — 2026",5303,10-K,2026-05-22,https://www.sec.gov/Archives/edgar/data/910521/000162828026037664/deck-20260331.htm
DECK,income,2026-03-31,annual,Additions and changes in estimate,1,8152.0,1000,USD,"Years Ended March 31, — 2026",5301,10-K,2026-05-22,https://www.sec.gov/Archives/edgar/data/910521/000162828026037664/deck-20260331.htm
DECK,income,2026-03-31,annual,Basic,1,7.04,1000,USD,"Years Ended March 31, — 2026",4733,10-K,2026-05-22,https://www.sec.gov/Archives/edgar/data/910521/000162828026037664/deck-20260331.htm
DECK,income,2026-03-31,annual,Basic,2,145498.0,1000,USD,"Years Ended March 31, — 2026",4736,10-K,2026-05-22,https://www.sec.gov/Archives/edgar/data/910521/000162828026037664/deck-20260331.htm
DECK,income,2026-03-31,annual,Beginning balance,1,28118.0,1000,USD,"Years Ended March 31, — 2026",5300,10-K,2026-05-22,https://www.sec.gov/Archives/edgar/data/910521/000162828026037664/deck-20260331.htm
DECK,income,2026-03-31,annual,Comprehensive income,1,1037806.0,1000,USD,"Years Ended March 31, — 2026",4731,10-K,2026-05-22,https://www.sec.gov/Archives/edgar/data/910521/000162828026037664/deck-20260331.htm
DECK,income,2026-03-31,annual,Cost of sales,1,2314570.0,1000,USD,"Years Ended March 31, — 2026",4716,10-K,2026-05-22,https://www.sec.gov/Archives/edgar/data/910521/000162828026037664/deck-20260331.htm
DECK,income,2026-03-31,annual,Diluted,1,7.02,1000,USD,"Years Ended March 31, — 2026",4734,10-K,2026-05-22,https://www.sec.gov/Archives/edgar/data/910521/000162828026037664/deck-20260331.htm
DECK,income,2026-03-31,annual,Diluted,2,145805.0,1000,USD,"Years Ended March 31, — 2026",4737,10-K,2026-05-22,https://www.sec.gov/Archives/edgar/data/910521/000162828026037664/deck-20260331.htm
DECK,income,2026-03-31,annual,Direct-to-Consumer,1,2264189.0,1000,USD,"Years Ended March 31, — 2026",5750,10-K,2026-05-22,https://www.sec.gov/Archives/edgar/data/910521/000162828026037664/deck-20260331.htm
DECK,income,2026-03-31,annual,Ending balance,1,36790.0,1000,USD,"Years Ended March 31, — 2026",5305,10-K,2026-05-22,https://www.sec.gov/Archives/edgar/data/910521/000162828026037664/deck-20260331.htm
DECK,income,2026-03-31,annual,Foreign currency translation gain (loss),1,9755.0,1000,USD,"Years Ended March 31, — 2026",4729,10-K,2026-05-22,https://www.sec.gov/Archives/edgar/data/910521/000162828026037664/deck-20260331.htm
DECK,income,2026-03-31,annual,Foreign currency translation gains,1,133.0,1000,USD,"Years Ended March 31, — 2026",5304,10-K,2026-05-22,https://www.sec.gov/Archives/edgar/data/910521/000162828026037664/deck-20260331.htm
DECK,income,2026-03-31,annual,Gain (loss) reclassified into net sales,1,17849.0,1000,USD,"Years Ended March 31, — 2026",7005,10-K,2026-05-22,https://www.sec.gov/Archives/edgar/data/910521/000162828026037664/deck-20260331.htm
DECK,income,2026-03-31,annual,Grants to Directors,1,1704.0,1000,USD,"Years Ended March 31, — 2026",6917,10-K,2026-05-22,https://www.sec.gov/Archives/edgar/data/910521/000162828026037664/deck-20260331.htm
DECK,income,2026-03-31,annual,Gross profit,1,3157726.0,1000,USD,"Years Ended March 31, — 2026",4717,10-K,2026-05-22,https://www.sec.gov/Archives/edgar/data/910521/000162828026037664/deck-20260331.htm
DECK,income,2026-03-31,annual,Income before income taxes,1,1326356.0,1000,USD,"Years Ended March 31, — 2026",4724,10-K,2026-05-22,https://www.sec.gov/Archives/edgar/data/910521/000162828026037664/deck-20260331.htm
DECK,income,2026-03-31,annual,Income from operations ( Note 13 ),1,1262903.0,1000,USD,"Years Ended March 31, — 2026",4719,10-K,2026-05-22,https://www.sec.gov/Archives/edgar/data/910521/000162828026037664/deck-20260331.htm
DECK,income,2026-03-31,annual,Income tax expense ( Note 5 ),1,302285.0,1000,USD,"Years Ended March 31, — 2026",4725,10-K,2026-05-22,https://www.sec.gov/Archives/edgar/data/910521/000162828026037664/deck-20260331.htm
DECK,income,2026-03-31,annual,Income tax expense in OCI,1,-1238.0,1000,USD,"Years Ended March 31, — 2026",7006,10-K,2026-05-22,https://www.sec.gov/Archives/edgar/data/910521/000162828026037664/deck-20260331.htm
DECK,income,2026-03-31,annual,Interest expense,1,2530.0,1000,USD,"Years Ended March 31, — 2026",4721,10-K,2026-05-22,https://www.sec.gov/Archives/edgar/data/910521/000162828026037664/deck-20260331.htm
DECK,income,2026-03-31,annual,Interest income,1,-63613.0,1000,USD,"Years Ended March 31, — 2026",4720,10-K,2026-05-22,https://www.sec.gov/Archives/edgar/data/910521/000162828026037664/deck-20260331.htm
DECK,income,2026-03-31,annual,LTIP PSUs,1,18463.0,1000,USD,"Years Ended March 31, — 2026",6916,10-K,2026-05-22,https://www.sec.gov/Archives/edgar/data/910521/000162828026037664/deck-20260331.htm
DECK,income,2026-03-31,annual,Liabilities settled during the period,1,-735.0,1000,USD,"Years Ended March 31, — 2026",5302,10-K,2026-05-22,https://www.sec.gov/Archives/edgar/data/910521/000162828026037664/deck-20260331.htm
DECK,income,2026-03-31,annual,Net income,1,1024071.0,1000,USD,"Years Ended March 31, — 2026",4726,10-K,2026-05-22,https://www.sec.gov/Archives/edgar/data/910521/000162828026037664/deck-20260331.htm
DECK,income,2026-03-31,annual,Net sales ( Note 2 and Note 13 ),1,5472296.0,1000,USD,"Years Ended March 31, — 2026",4715,10-K,2026-05-22,https://www.sec.gov/Archives/edgar/data/910521/000162828026037664/deck-20260331.htm
DECK,income,2026-03-31,annual,"Other (income) expense, net",1,-2370.0,1000,USD,"Years Ended March 31, — 2026",4722,10-K,2026-05-22,https://www.sec.gov/Archives/edgar/data/910521/000162828026037664/deck-20260331.htm
DECK,income,2026-03-31,annual,RSUs,1,23876.0,1000,USD,"Years Ended March 31, — 2026",6915,10-K,2026-05-22,https://www.sec.gov/Archives/edgar/data/910521/000162828026037664/deck-20260331.htm
DECK,income,2026-03-31,annual,"Selling, general, and administrative expenses ( Note 13 )",1,1894823.0,1000,USD,"Years Ended March 31, — 2026",4718,10-K,2026-05-22,https://www.sec.gov/Archives/edgar/data/910521/000162828026037664/deck-20260331.htm
DECK,income,2026-03-31,annual,Subtotal,1,44043.0,1000,USD,"Years Ended March 31, — 2026",6918,10-K,2026-05-22,https://www.sec.gov/Archives/edgar/data/910521/000162828026037664/deck-20260331.htm
DECK,income,2026-03-31,annual,Total,1,5472296.0,1000,USD,"Years Ended March 31, — 2026",5751,10-K,2026-05-22,https://www.sec.gov/Archives/edgar/data/910521/000162828026037664/deck-20260331.htm
DECK,income,2026-03-31,annual,"Total other comprehensive income (loss), net of tax",1,13735.0,1000,USD,"Years Ended March 31, — 2026",4730,10-K,2026-05-22,https://www.sec.gov/Archives/edgar/data/910521/000162828026037664/deck-20260331.htm
DECK,income,2026-03-31,annual,"Total other income, net",1,-63453.0,1000,USD,"Years Ended March 31, — 2026",4723,10-K,2026-05-22,https://www.sec.gov/Archives/edgar/data/910521/000162828026037664/deck-20260331.htm
DECK,income,2026-03-31,annual,Unrealized gain on cash flow hedges,1,3980.0,1000,USD,"Years Ended March 31, — 2026",4728,10-K,2026-05-22,https://www.sec.gov/Archives/edgar/data/910521/000162828026037664/deck-20260331.htm
DECK,income,2026-03-31,annual,Wholesale,1,3208107.0,1000,USD,"Years Ended March 31, — 2026",5749,10-K,2026-05-22,https://www.sec.gov/Archives/edgar/data/910521/000162828026037664/deck-20260331.htm
DECK,balance,2026-06-30,instant,Accrued payroll,1,57325.0,1000,USD,"June 30, 2026",296,10-Q,2026-07-30,https://www.sec.gov/Archives/edgar/data/910521/000091052126000022/deck-20260630.htm
DECK,balance,2026-06-30,instant,Accumulated other comprehensive loss ( Note 8 ),1,-32632.0,1000,USD,"June 30, 2026",311,10-Q,2026-07-30,https://www.sec.gov/Archives/edgar/data/910521/000091052126000022/deck-20260630.htm
DECK,balance,2026-06-30,instant,Additional paid-in capital,1,298049.0,1000,USD,"June 30, 2026",309,10-Q,2026-07-30,https://www.sec.gov/Archives/edgar/data/910521/000091052126000022/deck-20260630.htm
DECK,balance,2026-06-30,instant,Beginning balance,1,-21000.0,1000,USD,"Three Months Ended June 30, — 2026",704,10-Q,2026-07-30,https://www.sec.gov/Archives/edgar/data/910521/000091052126000022/deck-20260630.htm
DECK,balance,2026-06-30,instant,Cash and cash equivalents,1,1602589.0,1000,USD,"June 30, 2026",280,10-Q,2026-07-30,https://www.sec.gov/Archives/edgar/data/910521/000091052126000022/deck-20260630.htm
DECK,balance,2026-06-30,instant,"Common stock ( $ 0.01 par value per share; 750,000 shares authorized; 136,725 and 139,978 shares issued and outstanding as of June 30, 2026 , and March 31, 2026 , respectively)",1,1367.0,1000,USD,"June 30, 2026",308,10-Q,2026-07-30,https://www.sec.gov/Archives/edgar/data/910521/000091052126000022/deck-20260630.htm
DECK,balance,2026-06-30,instant,Cumulative foreign currency translation loss,1,-40974.0,1000,USD,"June 30, 2026",1059,10-Q,2026-07-30,https://www.sec.gov/Archives/edgar/data/910521/000091052126000022/deck-20260630.htm
DECK,balance,2026-06-30,instant,Deferred revenue for loyalty points and certificates issued,1,-4982.0,1000,USD,"Three Months Ended June 30, — 2026",706,10-Q,2026-07-30,https://www.sec.gov/Archives/edgar/data/910521/000091052126000022/deck-20260630.htm
DECK,balance,2026-06-30,instant,"Deferred tax assets, net",1,67295.0,1000,USD,"June 30, 2026",291,10-Q,2026-07-30,https://www.sec.gov/Archives/edgar/data/910521/000091052126000022/deck-20260630.htm
DECK,balance,2026-06-30,instant,Ending balance,1,-19916.0,1000,USD,"Three Months Ended June 30, — 2026",707,10-Q,2026-07-30,https://www.sec.gov/Archives/edgar/data/910521/000091052126000022/deck-20260630.htm
DECK,balance,2026-06-30,instant,Goodwill,1,13990.0,1000,USD,"June 30, 2026",289,10-Q,2026-07-30,https://www.sec.gov/Archives/edgar/data/910521/000091052126000022/deck-20260630.htm
DECK,balance,2026-06-30,instant,Income tax liability,1,28234.0,1000,USD,"June 30, 2026",303,10-Q,2026-07-30,https://www.sec.gov/Archives/edgar/data/910521/000091052126000022/deck-20260630.htm
DECK,balance,2026-06-30,instant,Income tax payable,1,57294.0,1000,USD,"June 30, 2026",299,10-Q,2026-07-30,https://www.sec.gov/Archives/edgar/data/910521/000091052126000022/deck-20260630.htm
DECK,balance,2026-06-30,instant,Income tax receivable,1,4200.0,1000,USD,"June 30, 2026",285,10-Q,2026-07-30,https://www.sec.gov/Archives/edgar/data/910521/000091052126000022/deck-20260630.htm
DECK,balance,2026-06-30,instant,Inventories,1,807580.0,1000,USD,"June 30, 2026",282,10-Q,2026-07-30,https://www.sec.gov/Archives/edgar/data/910521/000091052126000022/deck-20260630.htm
DECK,balance,2026-06-30,instant,Long-term operating lease liabilities ( Note 5 ),1,398976.0,1000,USD,"June 30, 2026",302,10-Q,2026-07-30,https://www.sec.gov/Archives/edgar/data/910521/000091052126000022/deck-20260630.htm
DECK,balance,2026-06-30,instant,Operating lease assets,1,432484.0,1000,USD,"June 30, 2026",288,10-Q,2026-07-30,https://www.sec.gov/Archives/edgar/data/910521/000091052126000022/deck-20260630.htm
DECK,balance,2026-06-30,instant,Operating lease liabilities ( Note 5 ),1,73358.0,1000,USD,"June 30, 2026",297,10-Q,2026-07-30,https://www.sec.gov/Archives/edgar/data/910521/000091052126000022/deck-20260630.htm
DECK,balance,2026-06-30,instant,Other accrued expenses,1,146713.0,1000,USD,"June 30, 2026",298,10-Q,2026-07-30,https://www.sec.gov/Archives/edgar/data/910521/000091052126000022/deck-20260630.htm
DECK,balance,2026-06-30,instant,Other assets,1,79438.0,1000,USD,"June 30, 2026",292,10-Q,2026-07-30,https://www.sec.gov/Archives/edgar/data/910521/000091052126000022/deck-20260630.htm
DECK,balance,2026-06-30,instant,Other current assets,1,67940.0,1000,USD,"June 30, 2026",284,10-Q,2026-07-30,https://www.sec.gov/Archives/edgar/data/910521/000091052126000022/deck-20260630.htm
DECK,balance,2026-06-30,instant,"Other intangible assets, net of accumulated amortization ( $ 20,849 and $ 20,968 as of June 30, 2026 , and March 31, 2026 , respectively)",1,15635.0,1000,USD,"June 30, 2026",290,10-Q,2026-07-30,https://www.sec.gov/Archives/edgar/data/910521/000091052126000022/deck-20260630.htm
DECK,balance,2026-06-30,instant,Other long-term liabilities,1,76098.0,1000,USD,"June 30, 2026",304,10-Q,2026-07-30,https://www.sec.gov/Archives/edgar/data/910521/000091052126000022/deck-20260630.htm
DECK,balance,2026-06-30,instant,Prepaid expenses,1,61372.0,1000,USD,"June 30, 2026",283,10-Q,2026-07-30,https://www.sec.gov/Archives/edgar/data/910521/000091052126000022/deck-20260630.htm
DECK,balance,2026-06-30,instant,"Property and equipment, net of accumulated depreciation ( $ 473,151 and $ 457,173 as of June 30, 2026 , and March 31, 2026 , respectively)",1,337750.0,1000,USD,"June 30, 2026",287,10-Q,2026-07-30,https://www.sec.gov/Archives/edgar/data/910521/000091052126000022/deck-20260630.htm
DECK,balance,2026-06-30,instant,Redemptions and expirations for loyalty certificates and points recognized in net sales,1,6066.0,1000,USD,"Three Months Ended June 30, — 2026",705,10-Q,2026-07-30,https://www.sec.gov/Archives/edgar/data/910521/000091052126000022/deck-20260630.htm
DECK,balance,2026-06-30,instant,Retained earnings,1,2034898.0,1000,USD,"June 30, 2026",310,10-Q,2026-07-30,https://www.sec.gov/Archives/edgar/data/910521/000091052126000022/deck-20260630.htm
DECK,balance,2026-06-30,instant,Total,1,-32632.0,1000,USD,"June 30, 2026",1060,10-Q,2026-07-30,https://www.sec.gov/Archives/edgar/data/910521/000091052126000022/deck-20260630.htm
DECK,balance,2026-06-30,instant,Total assets,1,3868621.0,1000,USD,"June 30, 2026",293,10-Q,2026-07-30,https://www.sec.gov/Archives/edgar/data/910521/000091052126000022/deck-20260630.htm
DECK,balance,2026-06-30,instant,Total current assets,1,2922029.0,1000,USD,"June 30, 2026",286,10-Q,2026-07-30,https://www.sec.gov/Archives/edgar/data/910521/000091052126000022/deck-20260630.htm
DECK,balance,2026-06-30,instant,Total current liabilities,1,1063631.0,1000,USD,"June 30, 2026",301,10-Q,2026-07-30,https://www.sec.gov/Archives/edgar/data/910521/000091052126000022/deck-20260630.htm
DECK,balance,2026-06-30,instant,Total liabilities and stockholders’ equity,1,3868621.0,1000,USD,"June 30, 2026",313,10-Q,2026-07-30,https://www.sec.gov/Archives/edgar/data/910521/000091052126000022/deck-20260630.htm
DECK,balance,2026-06-30,instant,Total long-term liabilities,1,503308.0,1000,USD,"June 30, 2026",305,10-Q,2026-07-30,https://www.sec.gov/Archives/edgar/data/910521/000091052126000022/deck-20260630.htm
DECK,balance,2026-06-30,instant,Total stockholders’ equity,1,2301682.0,1000,USD,"June 30, 2026",312,10-Q,2026-07-30,https://www.sec.gov/Archives/edgar/data/910521/000091052126000022/deck-20260630.htm
DECK,balance,2026-06-30,instant,Trade accounts payable,1,726407.0,1000,USD,"June 30, 2026",295,10-Q,2026-07-30,https://www.sec.gov/Archives/edgar/data/910521/000091052126000022/deck-20260630.htm
DECK,balance,2026-06-30,instant,"Trade accounts receivable, net of allowances ( $ 28,669 and $ 38,198 as of June 30, 2026 , and March 31, 2026 , respectively) ( Note 2)",1,378348.0,1000,USD,"June 30, 2026",281,10-Q,2026-07-30,https://www.sec.gov/Archives/edgar/data/910521/000091052126000022/deck-20260630.htm
DECK,balance,2026-06-30,instant,Unrealized gain on cash flow hedges,1,8342.0,1000,USD,"June 30, 2026",1058,10-Q,2026-07-30,https://www.sec.gov/Archives/edgar/data/910521/000091052126000022/deck-20260630.htm
DECK,balance,2026-06-30,instant,Value added tax payable,1,2534.0,1000,USD,"June 30, 2026",300,10-Q,2026-07-30,https://www.sec.gov/Archives/edgar/data/910521/000091052126000022/deck-20260630.htm
DECK,cash_flow,2026-06-30,3_months,Accrued excise taxes related to repurchases of common stock,1,3283.0,1000,USD,"Three Months Ended June 30, — 2026",454,10-Q,2026-07-30,https://www.sec.gov/Archives/edgar/data/910521/000091052126000022/deck-20260630.htm
DECK,cash_flow,2026-06-30,3_months,Accrued for asset retirement obligation assets related to leasehold improvements,1,2315.0,1000,USD,"Three Months Ended June 30, — 2026",452,10-Q,2026-07-30,https://www.sec.gov/Archives/edgar/data/910521/000091052126000022/deck-20260630.htm
DECK,cash_flow,2026-06-30,3_months,Amortization on cloud computing arrangements,1,559.0,1000,USD,"Three Months Ended June 30, — 2026",403,10-Q,2026-07-30,https://www.sec.gov/Archives/edgar/data/910521/000091052126000022/deck-20260630.htm
DECK,cash_flow,2026-06-30,3_months,Bad debt (benefit) expense,1,-4788.0,1000,USD,"Three Months Ended June 30, — 2026",404,10-Q,2026-07-30,https://www.sec.gov/Archives/edgar/data/910521/000091052126000022/deck-20260630.htm
DECK,cash_flow,2026-06-30,3_months,Cash and cash equivalents at beginning of period,1,1907249.0,1000,USD,"Three Months Ended June 30, — 2026",430,10-Q,2026-07-30,https://www.sec.gov/Archives/edgar/data/910521/000091052126000022/deck-20260630.htm
DECK,cash_flow,2026-06-30,3_months,Cash and cash equivalents at end of period,1,1602589.0,1000,USD,"Three Months Ended June 30, — 2026",431,10-Q,2026-07-30,https://www.sec.gov/Archives/edgar/data/910521/000091052126000022/deck-20260630.htm
DECK,cash_flow,2026-06-30,3_months,Cash paid for shares withheld for taxes,1,-291.0,1000,USD,"Three Months Ended June 30, — 2026",426,10-Q,2026-07-30,https://www.sec.gov/Archives/edgar/data/910521/000091052126000022/deck-20260630.htm
DECK,cash_flow,2026-06-30,3_months,Changes in trade accounts payable and other accrued expenses for purchases of property and equipment,1,291.0,1000,USD,"Three Months Ended June 30, — 2026",451,10-Q,2026-07-30,https://www.sec.gov/Archives/edgar/data/910521/000091052126000022/deck-20260630.htm
DECK,cash_flow,2026-06-30,3_months,Deferred tax expense (benefit),1,470.0,1000,USD,"Three Months Ended June 30, — 2026",405,10-Q,2026-07-30,https://www.sec.gov/Archives/edgar/data/910521/000091052126000022/deck-20260630.htm
DECK,cash_flow,2026-06-30,3_months,"Depreciation, amortization, and accretion",1,17713.0,1000,USD,"Three Months Ended June 30, — 2026",402,10-Q,2026-07-30,https://www.sec.gov/Archives/edgar/data/910521/000091052126000022/deck-20260630.htm
DECK,cash_flow,2026-06-30,3_months,Effect of foreign currency exchange rates on cash and cash equivalents,1,1126.0,1000,USD,"Three Months Ended June 30, — 2026",428,10-Q,2026-07-30,https://www.sec.gov/Archives/edgar/data/910521/000091052126000022/deck-20260630.htm
DECK,cash_flow,2026-06-30,3_months,Income tax payable,1,20819.0,1000,USD,"Three Months Ended June 30, — 2026",417,10-Q,2026-07-30,https://www.sec.gov/Archives/edgar/data/910521/000091052126000022/deck-20260630.htm
DECK,cash_flow,2026-06-30,3_months,Income tax receivable,1,-2375.0,1000,USD,"Three Months Ended June 30, — 2026",412,10-Q,2026-07-30,https://www.sec.gov/Archives/edgar/data/910521/000091052126000022/deck-20260630.htm
DECK,cash_flow,2026-06-30,3_months,"Income taxes, net of refunds",1,19011.0,1000,USD,"Three Months Ended June 30, — 2026",447,10-Q,2026-07-30,https://www.sec.gov/Archives/edgar/data/910521/000091052126000022/deck-20260630.htm
DECK,cash_flow,2026-06-30,3_months,Interest,1,1407.0,1000,USD,"Three Months Ended June 30, — 2026",448,10-Q,2026-07-30,https://www.sec.gov/Archives/edgar/data/910521/000091052126000022/deck-20260630.htm
DECK,cash_flow,2026-06-30,3_months,Inventories,1,-320562.0,1000,USD,"Three Months Ended June 30, — 2026",410,10-Q,2026-07-30,https://www.sec.gov/Archives/edgar/data/910521/000091052126000022/deck-20260630.htm
DECK,cash_flow,2026-06-30,3_months,Loss on disposal of assets,1,82.0,1000,USD,"Three Months Ended June 30, — 2026",407,10-Q,2026-07-30,https://www.sec.gov/Archives/edgar/data/910521/000091052126000022/deck-20260630.htm
DECK,cash_flow,2026-06-30,3_months,Net cash provided by operating activities,1,47904.0,1000,USD,"Three Months Ended June 30, — 2026",419,10-Q,2026-07-30,https://www.sec.gov/Archives/edgar/data/910521/000091052126000022/deck-20260630.htm
DECK,cash_flow,2026-06-30,3_months,Net cash used in financing activities,1,-338477.0,1000,USD,"Three Months Ended June 30, — 2026",427,10-Q,2026-07-30,https://www.sec.gov/Archives/edgar/data/910521/000091052126000022/deck-20260630.htm
DECK,cash_flow,2026-06-30,3_months,Net cash used in investing activities,1,-15213.0,1000,USD,"Three Months Ended June 30, — 2026",423,10-Q,2026-07-30,https://www.sec.gov/Archives/edgar/data/910521/000091052126000022/deck-20260630.htm
DECK,cash_flow,2026-06-30,3_months,Net change in cash and cash equivalents,1,-304660.0,1000,USD,"Three Months Ended June 30, — 2026",429,10-Q,2026-07-30,https://www.sec.gov/Archives/edgar/data/910521/000091052126000022/deck-20260630.htm
DECK,cash_flow,2026-06-30,3_months,Net income,1,129972.0,1000,USD,"Three Months Ended June 30, — 2026",400,10-Q,2026-07-30,https://www.sec.gov/Archives/edgar/data/910521/000091052126000022/deck-20260630.htm
DECK,cash_flow,2026-06-30,3_months,Net operating lease assets and lease liabilities,1,-248.0,1000,USD,"Three Months Ended June 30, — 2026",413,10-Q,2026-07-30,https://www.sec.gov/Archives/edgar/data/910521/000091052126000022/deck-20260630.htm
DECK,cash_flow,2026-06-30,3_months,Operating leases,1,27380.0,1000,USD,"Three Months Ended June 30, — 2026",449,10-Q,2026-07-30,https://www.sec.gov/Archives/edgar/data/910521/000091052126000022/deck-20260630.htm
DECK,cash_flow,2026-06-30,3_months,Other accrued expenses,1,-96344.0,1000,USD,"Three Months Ended June 30, — 2026",416,10-Q,2026-07-30,https://www.sec.gov/Archives/edgar/data/910521/000091052126000022/deck-20260630.htm
DECK,cash_flow,2026-06-30,3_months,Other assets,1,-13542.0,1000,USD,"Three Months Ended June 30, — 2026",414,10-Q,2026-07-30,https://www.sec.gov/Archives/edgar/data/910521/000091052126000022/deck-20260630.htm
DECK,cash_flow,2026-06-30,3_months,Other long-term liabilities,1,8838.0,1000,USD,"Three Months Ended June 30, — 2026",418,10-Q,2026-07-30,https://www.sec.gov/Archives/edgar/data/910521/000091052126000022/deck-20260630.htm
DECK,cash_flow,2026-06-30,3_months,Prepaid expenses and other current assets,1,9572.0,1000,USD,"Three Months Ended June 30, — 2026",411,10-Q,2026-07-30,https://www.sec.gov/Archives/edgar/data/910521/000091052126000022/deck-20260630.htm
DECK,cash_flow,2026-06-30,3_months,Proceeds from sale of assets,1,9.0,1000,USD,"Three Months Ended June 30, — 2026",422,10-Q,2026-07-30,https://www.sec.gov/Archives/edgar/data/910521/000091052126000022/deck-20260630.htm
DECK,cash_flow,2026-06-30,3_months,Purchases of property and equipment,1,-15222.0,1000,USD,"Three Months Ended June 30, — 2026",421,10-Q,2026-07-30,https://www.sec.gov/Archives/edgar/data/910521/000091052126000022/deck-20260630.htm
DECK,cash_flow,2026-06-30,3_months,Repurchases of common stock,1,-338186.0,1000,USD,"Three Months Ended June 30, — 2026",425,10-Q,2026-07-30,https://www.sec.gov/Archives/edgar/data/910521/000091052126000022/deck-20260630.htm
DECK,cash_flow,2026-06-30,3_months,Stock-based compensation,1,10741.0,1000,USD,"Three Months Ended June 30, — 2026",406,10-Q,2026-07-30,https://www.sec.gov/Archives/edgar/data/910521/000091052126000022/deck-20260630.htm
DECK,cash_flow,2026-06-30,3_months,Trade accounts payable,1,341579.0,1000,USD,"Three Months Ended June 30, — 2026",415,10-Q,2026-07-30,https://www.sec.gov/Archives/edgar/data/910521/000091052126000022/deck-20260630.htm
DECK,cash_flow,2026-06-30,3_months,"Trade accounts receivable, net",1,-54582.0,1000,USD,"Three Months Ended June 30, — 2026",409,10-Q,2026-07-30,https://www.sec.gov/Archives/edgar/data/910521/000091052126000022/deck-20260630.htm
DECK,income,2026-06-30,3_months,(Loss) gain reclassified into net sales,1,-271.0,1000,USD,"Three Months Ended June 30, — 2026",992,10-Q,2026-07-30,https://www.sec.gov/Archives/edgar/data/910521/000091052126000022/deck-20260630.htm
DECK,income,2026-06-30,3_months,Basic,1,0.94,1000,USD,"Three Months Ended June 30, — 2026",345,10-Q,2026-07-30,https://www.sec.gov/Archives/edgar/data/910521/000091052126000022/deck-20260630.htm
DECK,income,2026-06-30,3_months,Basic,2,138263.0,1000,USD,"Three Months Ended June 30, — 2026",348,10-Q,2026-07-30,https://www.sec.gov/Archives/edgar/data/910521/000091052126000022/deck-20260630.htm
DECK,income,2026-06-30,3_months,Beginning balance,1,5564.0,1000,USD,"Three Months Ended June 30, — 2026",990,10-Q,2026-07-30,https://www.sec.gov/Archives/edgar/data/910521/000091052126000022/deck-20260630.htm
DECK,income,2026-06-30,3_months,Comprehensive income,1,133259.0,1000,USD,"Three Months Ended June 30, — 2026",343,10-Q,2026-07-30,https://www.sec.gov/Archives/edgar/data/910521/000091052126000022/deck-20260630.htm
DECK,income,2026-06-30,3_months,Cost of sales,1,444368.0,1000,USD,"Three Months Ended June 30, — 2026",328,10-Q,2026-07-30,https://www.sec.gov/Archives/edgar/data/910521/000091052126000022/deck-20260630.htm
DECK,income,2026-06-30,3_months,Diluted,1,0.94,1000,USD,"Three Months Ended June 30, — 2026",346,10-Q,2026-07-30,https://www.sec.gov/Archives/edgar/data/910521/000091052126000022/deck-20260630.htm
DECK,income,2026-06-30,3_months,Diluted,2,138559.0,1000,USD,"Three Months Ended June 30, — 2026",349,10-Q,2026-07-30,https://www.sec.gov/Archives/edgar/data/910521/000091052126000022/deck-20260630.htm
DECK,income,2026-06-30,3_months,Ending balance,1,8342.0,1000,USD,"Three Months Ended June 30, — 2026",994,10-Q,2026-07-30,https://www.sec.gov/Archives/edgar/data/910521/000091052126000022/deck-20260630.htm
DECK,income,2026-06-30,3_months,Foreign currency translation gain,1,509.0,1000,USD,"Three Months Ended June 30, — 2026",341,10-Q,2026-07-30,https://www.sec.gov/Archives/edgar/data/910521/000091052126000022/deck-20260630.htm
DECK,income,2026-06-30,3_months,Gain (loss) recorded in OCI,1,3931.0,1000,USD,"Three Months Ended June 30, — 2026",991,10-Q,2026-07-30,https://www.sec.gov/Archives/edgar/data/910521/000091052126000022/deck-20260630.htm
DECK,income,2026-06-30,3_months,Gross profit,1,575163.0,1000,USD,"Three Months Ended June 30, — 2026",329,10-Q,2026-07-30,https://www.sec.gov/Archives/edgar/data/910521/000091052126000022/deck-20260630.htm
DECK,income,2026-06-30,3_months,Income before income taxes,1,169050.0,1000,USD,"Three Months Ended June 30, — 2026",336,10-Q,2026-07-30,https://www.sec.gov/Archives/edgar/data/910521/000091052126000022/deck-20260630.htm
DECK,income,2026-06-30,3_months,Income from operations ( Note 10 ),1,155301.0,1000,USD,"Three Months Ended June 30, — 2026",331,10-Q,2026-07-30,https://www.sec.gov/Archives/edgar/data/910521/000091052126000022/deck-20260630.htm
DECK,income,2026-06-30,3_months,Income tax (expense) benefit in OCI,1,-882.0,1000,USD,"Three Months Ended June 30, — 2026",993,10-Q,2026-07-30,https://www.sec.gov/Archives/edgar/data/910521/000091052126000022/deck-20260630.htm
DECK,income,2026-06-30,3_months,Income tax expense ( Note 4 ),1,39078.0,1000,USD,"Three Months Ended June 30, — 2026",337,10-Q,2026-07-30,https://www.sec.gov/Archives/edgar/data/910521/000091052126000022/deck-20260630.htm
DECK,income,2026-06-30,3_months,Interest expense,1,2227.0,1000,USD,"Three Months Ended June 30, — 2026",333,10-Q,2026-07-30,https://www.sec.gov/Archives/edgar/data/910521/000091052126000022/deck-20260630.htm
DECK,income,2026-06-30,3_months,Interest income,1,-15868.0,1000,USD,"Three Months Ended June 30, — 2026",332,10-Q,2026-07-30,https://www.sec.gov/Archives/edgar/data/910521/000091052126000022/deck-20260630.htm
DECK,income,2026-06-30,3_months,Net income,1,129972.0,1000,USD,"Three Months Ended June 30, — 2026",338,10-Q,2026-07-30,https://www.sec.gov/Archives/edgar/data/910521/000091052126000022/deck-20260630.htm
DECK,income,2026-06-30,3_months,Net sales ( Note 2 and Note 10 ),1,1019531.0,1000,USD,"Three Months Ended June 30, — 2026",327,10-Q,2026-07-30,https://www.sec.gov/Archives/edgar/data/910521/000091052126000022/deck-20260630.htm
DECK,income,2026-06-30,3_months,"Other income, net",1,-108.0,1000,USD,"Three Months Ended June 30, — 2026",334,10-Q,2026-07-30,https://www.sec.gov/Archives/edgar/data/910521/000091052126000022/deck-20260630.htm
DECK,income,2026-06-30,3_months,"Selling, general, and administrative expenses ( Note 10 )",1,419862.0,1000,USD,"Three Months Ended June 30, — 2026",330,10-Q,2026-07-30,https://www.sec.gov/Archives/edgar/data/910521/000091052126000022/deck-20260630.htm
DECK,income,2026-06-30,3_months,"Total other comprehensive income (loss), net of tax",1,3287.0,1000,USD,"Three Months Ended June 30, — 2026",342,10-Q,2026-07-30,https://www.sec.gov/Archives/edgar/data/910521/000091052126000022/deck-20260630.htm
DECK,income,2026-06-30,3_months,"Total other income, net",1,-13749.0,1000,USD,"Three Months Ended June 30, — 2026",335,10-Q,2026-07-30,https://www.sec.gov/Archives/edgar/data/910521/000091052126000022/deck-20260630.htm
DECK,income,2026-06-30,3_months,Unrealized gain (loss) on cash flow hedges,1,2778.0,1000,USD,"Three Months Ended June 30, — 2026",340,10-Q,2026-07-30,https://www.sec.gov/Archives/edgar/data/910521/000091052126000022/deck-20260630.htm
FL,cash_flow,2016-02-02,annual,Accounts payable,1,-31.0,1000000,USD,2016,1432,10-K,2019-04-02,https://www.sec.gov/Archives/edgar/data/850209/000155837019002753/fl-20190202x10k.htm
FL,cash_flow,2016-02-02,annual,Accrued and other liabilities,1,27.0,1000000,USD,2016,1433,10-K,2019-04-02,https://www.sec.gov/Archives/edgar/data/850209/000155837019002753/fl-20190202x10k.htm
FL,cash_flow,2016-02-02,annual,Capital expenditures,1,-266.0,1000000,USD,2016,1439,10-K,2019-04-02,https://www.sec.gov/Archives/edgar/data/850209/000155837019002753/fl-20190202x10k.htm
FL,cash_flow,2016-02-02,annual,"Cash, cash equivalents, and restricted cash at beginning of year",1,1048.0,1000000,USD,2016,1454,10-K,2019-04-02,https://www.sec.gov/Archives/edgar/data/850209/000155837019002753/fl-20190202x10k.htm
FL,cash_flow,2016-02-02,annual,"Cash, cash equivalents, and restricted cash at end of year",1,1073.0,1000000,USD,2016,1455,10-K,2019-04-02,https://www.sec.gov/Archives/edgar/data/850209/000155837019002753/fl-20190202x10k.htm
FL,cash_flow,2016-02-02,annual,Deferred income taxes,1,-1.0,1000000,USD,2016,1427,10-K,2019-04-02,https://www.sec.gov/Archives/edgar/data/850209/000155837019002753/fl-20190202x10k.htm
FL,cash_flow,2016-02-02,annual,Depreciation and amortization,1,158.0,1000000,USD,2016,1426,10-K,2019-04-02,https://www.sec.gov/Archives/edgar/data/850209/000155837019002753/fl-20190202x10k.htm
FL,cash_flow,2016-02-02,annual,Dividends paid on common stock,1,-147.0,1000000,USD,2016,1445,10-K,2019-04-02,https://www.sec.gov/Archives/edgar/data/850209/000155837019002753/fl-20190202x10k.htm
FL,cash_flow,2016-02-02,annual,"Effect of exchange rate fluctuations on cash, cash equivalents, and restricted cash",1,3.0,1000000,USD,2016,1452,10-K,2019-04-02,https://www.sec.gov/Archives/edgar/data/850209/000155837019002753/fl-20190202x10k.htm
FL,cash_flow,2016-02-02,annual,Income taxes,1,341.0,1000000,USD,2016,1458,10-K,2019-04-02,https://www.sec.gov/Archives/edgar/data/850209/000155837019002753/fl-20190202x10k.htm
FL,cash_flow,2016-02-02,annual,Interest,1,11.0,1000000,USD,2016,1457,10-K,2019-04-02,https://www.sec.gov/Archives/edgar/data/850209/000155837019002753/fl-20190202x10k.htm
FL,cash_flow,2016-02-02,annual,Merchandise inventories,1,-25.0,1000000,USD,2016,1431,10-K,2019-04-02,https://www.sec.gov/Archives/edgar/data/850209/000155837019002753/fl-20190202x10k.htm
FL,cash_flow,2016-02-02,annual,Net cash provided by operating activities,1,844.0,1000000,USD,2016,1437,10-K,2019-04-02,https://www.sec.gov/Archives/edgar/data/850209/000155837019002753/fl-20190202x10k.htm
FL,cash_flow,2016-02-02,annual,Net cash used in financing activities,1,-556.0,1000000,USD,2016,1451,10-K,2019-04-02,https://www.sec.gov/Archives/edgar/data/850209/000155837019002753/fl-20190202x10k.htm
FL,cash_flow,2016-02-02,annual,Net cash used in investing activities,1,-266.0,1000000,USD,2016,1442,10-K,2019-04-02,https://www.sec.gov/Archives/edgar/data/850209/000155837019002753/fl-20190202x10k.htm
FL,cash_flow,2016-02-02,annual,"Net change in cash, cash equivalents, and restricted cash",1,25.0,1000000,USD,2016,1453,10-K,2019-04-02,https://www.sec.gov/Archives/edgar/data/850209/000155837019002753/fl-20190202x10k.htm
FL,cash_flow,2016-02-02,annual,Net income,1,664.0,1000000,USD,2016,1423,10-K,2019-04-02,https://www.sec.gov/Archives/edgar/data/850209/000155837019002753/fl-20190202x10k.htm
FL,cash_flow,2016-02-02,annual,Non-cash impairment charges,1,6.0,1000000,USD,2016,1425,10-K,2019-04-02,https://www.sec.gov/Archives/edgar/data/850209/000155837019002753/fl-20190202x10k.htm
FL,cash_flow,2016-02-02,annual,"Other, net",1,60.0,1000000,USD,2016,1436,10-K,2019-04-02,https://www.sec.gov/Archives/edgar/data/850209/000155837019002753/fl-20190202x10k.htm
FL,cash_flow,2016-02-02,annual,Payment of revolving credit agreement costs,1,-2.0,1000000,USD,2016,1449,10-K,2019-04-02,https://www.sec.gov/Archives/edgar/data/850209/000155837019002753/fl-20190202x10k.htm
FL,cash_flow,2016-02-02,annual,Proceeds from exercise of stock options,1,29.0,1000000,USD,2016,1446,10-K,2019-04-02,https://www.sec.gov/Archives/edgar/data/850209/000155837019002753/fl-20190202x10k.htm
FL,cash_flow,2016-02-02,annual,Purchase of treasury shares,1,-432.0,1000000,USD,2016,1444,10-K,2019-04-02,https://www.sec.gov/Archives/edgar/data/850209/000155837019002753/fl-20190202x10k.htm
FL,cash_flow,2016-02-02,annual,Qualified pension plan contributions,1,-36.0,1000000,USD,2016,1429,10-K,2019-04-02,https://www.sec.gov/Archives/edgar/data/850209/000155837019002753/fl-20190202x10k.htm
FL,cash_flow,2016-02-02,annual,Reduction in obligations under capital leases,1,-1.0,1000000,USD,2016,1450,10-K,2019-04-02,https://www.sec.gov/Archives/edgar/data/850209/000155837019002753/fl-20190202x10k.htm
FL,cash_flow,2016-02-02,annual,Share-based compensation expense,1,22.0,1000000,USD,2016,1428,10-K,2019-04-02,https://www.sec.gov/Archives/edgar/data/850209/000155837019002753/fl-20190202x10k.htm
FL,cash_flow,2016-02-02,annual,Shares of common stock repurchased to satisfy tax withholding obligations,1,-7.0,1000000,USD,2016,1448,10-K,2019-04-02,https://www.sec.gov/Archives/edgar/data/850209/000155837019002753/fl-20190202x10k.htm
FL,cash_flow,2016-02-02,annual,Treasury stock reissued under employee stock plan,1,4.0,1000000,USD,2016,1447,10-K,2019-04-02,https://www.sec.gov/Archives/edgar/data/850209/000155837019002753/fl-20190202x10k.htm
FL,income,2016-02-02,annual,Basic earnings per share,1,4.95,1000000,USD,2016,1279,10-K,2019-04-02,https://www.sec.gov/Archives/edgar/data/850209/000155837019002753/fl-20190202x10k.htm
FL,income,2016-02-02,annual,Cost of sales,1,5130.0,1000000,USD,2016,1269,10-K,2019-04-02,https://www.sec.gov/Archives/edgar/data/850209/000155837019002753/fl-20190202x10k.htm
FL,income,2016-02-02,annual,Depreciation and amortization,1,158.0,1000000,USD,2016,1271,10-K,2019-04-02,https://www.sec.gov/Archives/edgar/data/850209/000155837019002753/fl-20190202x10k.htm
FL,income,2016-02-02,annual,Diluted earnings per share,1,4.91,1000000,USD,2016,1281,10-K,2019-04-02,https://www.sec.gov/Archives/edgar/data/850209/000155837019002753/fl-20190202x10k.htm
FL,income,2016-02-02,annual,Income before income taxes,1,1004.0,1000000,USD,2016,1276,10-K,2019-04-02,https://www.sec.gov/Archives/edgar/data/850209/000155837019002753/fl-20190202x10k.htm
FL,income,2016-02-02,annual,Income from operations,1,1000.0,1000000,USD,2016,1273,10-K,2019-04-02,https://www.sec.gov/Archives/edgar/data/850209/000155837019002753/fl-20190202x10k.htm
FL,income,2016-02-02,annual,Income tax expense,1,340.0,1000000,USD,2016,1277,10-K,2019-04-02,https://www.sec.gov/Archives/edgar/data/850209/000155837019002753/fl-20190202x10k.htm
FL,income,2016-02-02,annual,"Interest (income) / expense, net",1,2.0,1000000,USD,2016,1274,10-K,2019-04-02,https://www.sec.gov/Archives/edgar/data/850209/000155837019002753/fl-20190202x10k.htm
FL,income,2016-02-02,annual,Litigation and other charges,1,6.0,1000000,USD,2016,1272,10-K,2019-04-02,https://www.sec.gov/Archives/edgar/data/850209/000155837019002753/fl-20190202x10k.htm
FL,income,2016-02-02,annual,Net income,1,664.0,1000000,USD,2016,1278,10-K,2019-04-02,https://www.sec.gov/Archives/edgar/data/850209/000155837019002753/fl-20190202x10k.htm
FL,income,2016-02-02,annual,Other income,1,-6.0,1000000,USD,2016,1275,10-K,2019-04-02,https://www.sec.gov/Archives/edgar/data/850209/000155837019002753/fl-20190202x10k.htm
FL,income,2016-02-02,annual,Sales,1,7766.0,1000000,USD,2016,1268,10-K,2019-04-02,https://www.sec.gov/Archives/edgar/data/850209/000155837019002753/fl-20190202x10k.htm
FL,income,2016-02-02,annual,"Selling, general and administrative expenses",1,1472.0,1000000,USD,2016,1270,10-K,2019-04-02,https://www.sec.gov/Archives/edgar/data/850209/000155837019002753/fl-20190202x10k.htm
FL,income,2016-02-02,annual,Weighted-average shares outstanding,1,134.0,1000000,USD,2016,1280,10-K,2019-04-02,https://www.sec.gov/Archives/edgar/data/850209/000155837019002753/fl-20190202x10k.htm
FL,income,2016-02-02,annual,"Weighted-average shares outstanding, assuming dilution",1,135.1,1000000,USD,2016,1282,10-K,2019-04-02,https://www.sec.gov/Archives/edgar/data/850209/000155837019002753/fl-20190202x10k.htm
FL,balance,2017-02-02,instant,,2,2551.0,1000000,USD,2017,1330,10-K,2019-04-02,https://www.sec.gov/Archives/edgar/data/850209/000155837019002753/fl-20190202x10k.htm
FL,balance,2017-02-02,instant,,3,3961.0,1000000,USD,2017,1336,10-K,2019-04-02,https://www.sec.gov/Archives/edgar/data/850209/000155837019002753/fl-20190202x10k.htm
FL,balance,2017-02-02,instant,,4,616.0,1000000,USD,2017,1341,10-K,2019-04-02,https://www.sec.gov/Archives/edgar/data/850209/000155837019002753/fl-20190202x10k.htm
FL,balance,2017-02-02,instant,,5,3961.0,1000000,USD,2017,1346,10-K,2019-04-02,https://www.sec.gov/Archives/edgar/data/850209/000155837019002753/fl-20190202x10k.htm
FL,balance,2017-02-02,instant,Accounts payable,1,258.0,1000000,USD,2017,1339,10-K,2019-04-02,https://www.sec.gov/Archives/edgar/data/850209/000155837019002753/fl-20190202x10k.htm
FL,balance,2017-02-02,instant,Accrued and other liabilities,1,358.0,1000000,USD,2017,1340,10-K,2019-04-02,https://www.sec.gov/Archives/edgar/data/850209/000155837019002753/fl-20190202x10k.htm
FL,balance,2017-02-02,instant,Cash and cash equivalents,1,849.0,1000000,USD,2017,1327,10-K,2019-04-02,https://www.sec.gov/Archives/edgar/data/850209/000155837019002753/fl-20190202x10k.htm
FL,balance,2017-02-02,instant,Deferred taxes,1,48.0,1000000,USD,2017,1332,10-K,2019-04-02,https://www.sec.gov/Archives/edgar/data/850209/000155837019002753/fl-20190202x10k.htm
FL,balance,2017-02-02,instant,Goodwill,1,160.0,1000000,USD,2017,1333,10-K,2019-04-02,https://www.sec.gov/Archives/edgar/data/850209/000155837019002753/fl-20190202x10k.htm
FL,balance,2017-02-02,instant,Long-term debt,1,125.0,1000000,USD,2017,1342,10-K,2019-04-02,https://www.sec.gov/Archives/edgar/data/850209/000155837019002753/fl-20190202x10k.htm
FL,balance,2017-02-02,instant,Merchandise inventories,1,1278.0,1000000,USD,2017,1328,10-K,2019-04-02,https://www.sec.gov/Archives/edgar/data/850209/000155837019002753/fl-20190202x10k.htm
FL,balance,2017-02-02,instant,Other assets,1,290.0,1000000,USD,2017,1335,10-K,2019-04-02,https://www.sec.gov/Archives/edgar/data/850209/000155837019002753/fl-20190202x10k.htm
FL,balance,2017-02-02,instant,Other current assets,1,424.0,1000000,USD,2017,1329,10-K,2019-04-02,https://www.sec.gov/Archives/edgar/data/850209/000155837019002753/fl-20190202x10k.htm
FL,balance,2017-02-02,instant,"Other intangible assets, net",1,46.0,1000000,USD,2017,1334,10-K,2019-04-02,https://www.sec.gov/Archives/edgar/data/850209/000155837019002753/fl-20190202x10k.htm
FL,balance,2017-02-02,instant,Other liabilities,1,701.0,1000000,USD,2017,1343,10-K,2019-04-02,https://www.sec.gov/Archives/edgar/data/850209/000155837019002753/fl-20190202x10k.htm
FL,balance,2017-02-02,instant,"Property and equipment, net",1,866.0,1000000,USD,2017,1331,10-K,2019-04-02,https://www.sec.gov/Archives/edgar/data/850209/000155837019002753/fl-20190202x10k.htm
FL,balance,2017-02-02,instant,Shareholders’ equity,1,2519.0,1000000,USD,2017,1345,10-K,2019-04-02,https://www.sec.gov/Archives/edgar/data/850209/000155837019002753/fl-20190202x10k.htm
FL,balance,2017-02-02,instant,Total liabilities,1,1442.0,1000000,USD,2017,1344,10-K,2019-04-02,https://www.sec.gov/Archives/edgar/data/850209/000155837019002753/fl-20190202x10k.htm
FL,cash_flow,2017-02-02,annual,Accrued and other liabilities,1,-30.0,1000000,USD,2017,1433,10-K,2019-04-02,https://www.sec.gov/Archives/edgar/data/850209/000155837019002753/fl-20190202x10k.htm
FL,cash_flow,2017-02-02,annual,Capital expenditures,1,-274.0,1000000,USD,2017,1439,10-K,2019-04-02,https://www.sec.gov/Archives/edgar/data/850209/000155837019002753/fl-20190202x10k.htm
FL,cash_flow,2017-02-02,annual,"Cash, cash equivalents, and restricted cash at beginning of year",1,1073.0,1000000,USD,2017,1454,10-K,2019-04-02,https://www.sec.gov/Archives/edgar/data/850209/000155837019002753/fl-20190202x10k.htm
FL,cash_flow,2017-02-02,annual,"Cash, cash equivalents, and restricted cash at end of year",1,1031.0,1000000,USD,2017,1455,10-K,2019-04-02,https://www.sec.gov/Archives/edgar/data/850209/000155837019002753/fl-20190202x10k.htm
FL,cash_flow,2017-02-02,annual,Deferred income taxes,1,105.0,1000000,USD,2017,1427,10-K,2019-04-02,https://www.sec.gov/Archives/edgar/data/850209/000155837019002753/fl-20190202x10k.htm
FL,cash_flow,2017-02-02,annual,Depreciation and amortization,1,173.0,1000000,USD,2017,1426,10-K,2019-04-02,https://www.sec.gov/Archives/edgar/data/850209/000155837019002753/fl-20190202x10k.htm
FL,cash_flow,2017-02-02,annual,Dividends paid on common stock,1,-157.0,1000000,USD,2017,1445,10-K,2019-04-02,https://www.sec.gov/Archives/edgar/data/850209/000155837019002753/fl-20190202x10k.htm
FL,cash_flow,2017-02-02,annual,"Effect of exchange rate fluctuations on cash, cash equivalents, and restricted cash",1,50.0,1000000,USD,2017,1452,10-K,2019-04-02,https://www.sec.gov/Archives/edgar/data/850209/000155837019002753/fl-20190202x10k.htm
FL,cash_flow,2017-02-02,annual,Income taxes,1,237.0,1000000,USD,2017,1458,10-K,2019-04-02,https://www.sec.gov/Archives/edgar/data/850209/000155837019002753/fl-20190202x10k.htm
FL,cash_flow,2017-02-02,annual,Interest,1,11.0,1000000,USD,2017,1457,10-K,2019-04-02,https://www.sec.gov/Archives/edgar/data/850209/000155837019002753/fl-20190202x10k.htm
FL,cash_flow,2017-02-02,annual,Merchandise inventories,1,69.0,1000000,USD,2017,1431,10-K,2019-04-02,https://www.sec.gov/Archives/edgar/data/850209/000155837019002753/fl-20190202x10k.htm
FL,cash_flow,2017-02-02,annual,Minority investments,1,-15.0,1000000,USD,2017,1440,10-K,2019-04-02,https://www.sec.gov/Archives/edgar/data/850209/000155837019002753/fl-20190202x10k.htm
FL,cash_flow,2017-02-02,annual,Net cash provided by operating activities,1,813.0,1000000,USD,2017,1437,10-K,2019-04-02,https://www.sec.gov/Archives/edgar/data/850209/000155837019002753/fl-20190202x10k.htm
FL,cash_flow,2017-02-02,annual,Net cash used in financing activities,1,-616.0,1000000,USD,2017,1451,10-K,2019-04-02,https://www.sec.gov/Archives/edgar/data/850209/000155837019002753/fl-20190202x10k.htm
FL,cash_flow,2017-02-02,annual,Net cash used in investing activities,1,-289.0,1000000,USD,2017,1442,10-K,2019-04-02,https://www.sec.gov/Archives/edgar/data/850209/000155837019002753/fl-20190202x10k.htm
FL,cash_flow,2017-02-02,annual,"Net change in cash, cash equivalents, and restricted cash",1,-42.0,1000000,USD,2017,1453,10-K,2019-04-02,https://www.sec.gov/Archives/edgar/data/850209/000155837019002753/fl-20190202x10k.htm
FL,cash_flow,2017-02-02,annual,Net income,1,284.0,1000000,USD,2017,1423,10-K,2019-04-02,https://www.sec.gov/Archives/edgar/data/850209/000155837019002753/fl-20190202x10k.htm
FL,cash_flow,2017-02-02,annual,Non-cash impairment charges,1,20.0,1000000,USD,2017,1425,10-K,2019-04-02,https://www.sec.gov/Archives/edgar/data/850209/000155837019002753/fl-20190202x10k.htm
FL,cash_flow,2017-02-02,annual,"Other, net",1,24.0,1000000,USD,2017,1436,10-K,2019-04-02,https://www.sec.gov/Archives/edgar/data/850209/000155837019002753/fl-20190202x10k.htm
FL,cash_flow,2017-02-02,annual,Pension litigation accrual,1,178.0,1000000,USD,2017,1434,10-K,2019-04-02,https://www.sec.gov/Archives/edgar/data/850209/000155837019002753/fl-20190202x10k.htm
FL,cash_flow,2017-02-02,annual,Proceeds from exercise of stock options,1,13.0,1000000,USD,2017,1446,10-K,2019-04-02,https://www.sec.gov/Archives/edgar/data/850209/000155837019002753/fl-20190202x10k.htm
FL,cash_flow,2017-02-02,annual,Purchase of treasury shares,1,-467.0,1000000,USD,2017,1444,10-K,2019-04-02,https://www.sec.gov/Archives/edgar/data/850209/000155837019002753/fl-20190202x10k.htm
FL,cash_flow,2017-02-02,annual,Qualified pension plan contributions,1,-25.0,1000000,USD,2017,1429,10-K,2019-04-02,https://www.sec.gov/Archives/edgar/data/850209/000155837019002753/fl-20190202x10k.htm
FL,cash_flow,2017-02-02,annual,Share-based compensation expense,1,15.0,1000000,USD,2017,1428,10-K,2019-04-02,https://www.sec.gov/Archives/edgar/data/850209/000155837019002753/fl-20190202x10k.htm
FL,cash_flow,2017-02-02,annual,Shares of common stock repurchased to satisfy tax withholding obligations,1,-10.0,1000000,USD,2017,1448,10-K,2019-04-02,https://www.sec.gov/Archives/edgar/data/850209/000155837019002753/fl-20190202x10k.htm
FL,cash_flow,2017-02-02,annual,Treasury stock reissued under employee stock plan,1,5.0,1000000,USD,2017,1447,10-K,2019-04-02,https://www.sec.gov/Archives/edgar/data/850209/000155837019002753/fl-20190202x10k.htm
FL,income,2017-02-02,annual,Basic earnings per share,1,2.23,1000000,USD,2017,1279,10-K,2019-04-02,https://www.sec.gov/Archives/edgar/data/850209/000155837019002753/fl-20190202x10k.htm
FL,income,2017-02-02,annual,Cost of sales,1,5326.0,1000000,USD,2017,1269,10-K,2019-04-02,https://www.sec.gov/Archives/edgar/data/850209/000155837019002753/fl-20190202x10k.htm
FL,income,2017-02-02,annual,Depreciation and amortization,1,173.0,1000000,USD,2017,1271,10-K,2019-04-02,https://www.sec.gov/Archives/edgar/data/850209/000155837019002753/fl-20190202x10k.htm
FL,income,2017-02-02,annual,Diluted earnings per share,1,2.22,1000000,USD,2017,1281,10-K,2019-04-02,https://www.sec.gov/Archives/edgar/data/850209/000155837019002753/fl-20190202x10k.htm
FL,income,2017-02-02,annual,Income before income taxes,1,578.0,1000000,USD,2017,1276,10-K,2019-04-02,https://www.sec.gov/Archives/edgar/data/850209/000155837019002753/fl-20190202x10k.htm
FL,income,2017-02-02,annual,Income from operations,1,571.0,1000000,USD,2017,1273,10-K,2019-04-02,https://www.sec.gov/Archives/edgar/data/850209/000155837019002753/fl-20190202x10k.htm
FL,income,2017-02-02,annual,Income tax expense,1,294.0,1000000,USD,2017,1277,10-K,2019-04-02,https://www.sec.gov/Archives/edgar/data/850209/000155837019002753/fl-20190202x10k.htm
FL,income,2017-02-02,annual,"Interest (income) / expense, net",1,-2.0,1000000,USD,2017,1274,10-K,2019-04-02,https://www.sec.gov/Archives/edgar/data/850209/000155837019002753/fl-20190202x10k.htm
FL,income,2017-02-02,annual,Litigation and other charges,1,211.0,1000000,USD,2017,1272,10-K,2019-04-02,https://www.sec.gov/Archives/edgar/data/850209/000155837019002753/fl-20190202x10k.htm
FL,income,2017-02-02,annual,Net income,1,284.0,1000000,USD,2017,1278,10-K,2019-04-02,https://www.sec.gov/Archives/edgar/data/850209/000155837019002753/fl-20190202x10k.htm
FL,income,2017-02-02,annual,Other income,1,-5.0,1000000,USD,2017,1275,10-K,2019-04-02,https://www.sec.gov/Archives/edgar/data/850209/000155837019002753/fl-20190202x10k.htm
FL,income,2017-02-02,annual,Sales,1,7782.0,1000000,USD,2017,1268,10-K,2019-04-02,https://www.sec.gov/Archives/edgar/data/850209/000155837019002753/fl-20190202x10k.htm
FL,income,2017-02-02,annual,"Selling, general and administrative expenses",1,1501.0,1000000,USD,2017,1270,10-K,2019-04-02,https://www.sec.gov/Archives/edgar/data/850209/000155837019002753/fl-20190202x10k.htm
FL,income,2017-02-02,annual,Weighted-average shares outstanding,1,127.2,1000000,USD,2017,1280,10-K,2019-04-02,https://www.sec.gov/Archives/edgar/data/850209/000155837019002753/fl-20190202x10k.htm
FL,income,2017-02-02,annual,"Weighted-average shares outstanding, assuming dilution",1,127.9,1000000,USD,2017,1282,10-K,2019-04-02,https://www.sec.gov/Archives/edgar/data/850209/000155837019002753/fl-20190202x10k.htm
FL,balance,2018-02-02,instant,,2,2518.0,1000000,USD,2018,1330,10-K,2019-04-02,https://www.sec.gov/Archives/edgar/data/850209/000155837019002753/fl-20190202x10k.htm
FL,balance,2018-02-02,instant,,3,3820.0,1000000,USD,2018,1336,10-K,2019-04-02,https://www.sec.gov/Archives/edgar/data/850209/000155837019002753/fl-20190202x10k.htm
FL,balance,2018-02-02,instant,,4,764.0,1000000,USD,2018,1341,10-K,2019-04-02,https://www.sec.gov/Archives/edgar/data/850209/000155837019002753/fl-20190202x10k.htm
FL,balance,2018-02-02,instant,,5,3820.0,1000000,USD,2018,1346,10-K,2019-04-02,https://www.sec.gov/Archives/edgar/data/850209/000155837019002753/fl-20190202x10k.htm
FL,balance,2018-02-02,instant,Accounts payable,1,387.0,1000000,USD,2018,1339,10-K,2019-04-02,https://www.sec.gov/Archives/edgar/data/850209/000155837019002753/fl-20190202x10k.htm
FL,balance,2018-02-02,instant,Accrued and other liabilities,1,377.0,1000000,USD,2018,1340,10-K,2019-04-02,https://www.sec.gov/Archives/edgar/data/850209/000155837019002753/fl-20190202x10k.htm
FL,balance,2018-02-02,instant,Cash and cash equivalents,1,891.0,1000000,USD,2018,1327,10-K,2019-04-02,https://www.sec.gov/Archives/edgar/data/850209/000155837019002753/fl-20190202x10k.htm
FL,balance,2018-02-02,instant,Deferred taxes,1,87.0,1000000,USD,2018,1332,10-K,2019-04-02,https://www.sec.gov/Archives/edgar/data/850209/000155837019002753/fl-20190202x10k.htm
FL,balance,2018-02-02,instant,Goodwill,1,157.0,1000000,USD,2018,1333,10-K,2019-04-02,https://www.sec.gov/Archives/edgar/data/850209/000155837019002753/fl-20190202x10k.htm
FL,balance,2018-02-02,instant,Long-term debt,1,124.0,1000000,USD,2018,1342,10-K,2019-04-02,https://www.sec.gov/Archives/edgar/data/850209/000155837019002753/fl-20190202x10k.htm
FL,balance,2018-02-02,instant,Merchandise inventories,1,1269.0,1000000,USD,2018,1328,10-K,2019-04-02,https://www.sec.gov/Archives/edgar/data/850209/000155837019002753/fl-20190202x10k.htm
FL,balance,2018-02-02,instant,Other assets,1,198.0,1000000,USD,2018,1335,10-K,2019-04-02,https://www.sec.gov/Archives/edgar/data/850209/000155837019002753/fl-20190202x10k.htm
FL,balance,2018-02-02,instant,Other current assets,1,358.0,1000000,USD,2018,1329,10-K,2019-04-02,https://www.sec.gov/Archives/edgar/data/850209/000155837019002753/fl-20190202x10k.htm
FL,balance,2018-02-02,instant,"Other intangible assets, net",1,24.0,1000000,USD,2018,1334,10-K,2019-04-02,https://www.sec.gov/Archives/edgar/data/850209/000155837019002753/fl-20190202x10k.htm
FL,balance,2018-02-02,instant,Other liabilities,1,426.0,1000000,USD,2018,1343,10-K,2019-04-02,https://www.sec.gov/Archives/edgar/data/850209/000155837019002753/fl-20190202x10k.htm
FL,balance,2018-02-02,instant,"Property and equipment, net",1,836.0,1000000,USD,2018,1331,10-K,2019-04-02,https://www.sec.gov/Archives/edgar/data/850209/000155837019002753/fl-20190202x10k.htm
FL,balance,2018-02-02,instant,Shareholders’ equity,1,2506.0,1000000,USD,2018,1345,10-K,2019-04-02,https://www.sec.gov/Archives/edgar/data/850209/000155837019002753/fl-20190202x10k.htm
FL,balance,2018-02-02,instant,Total liabilities,1,1314.0,1000000,USD,2018,1344,10-K,2019-04-02,https://www.sec.gov/Archives/edgar/data/850209/000155837019002753/fl-20190202x10k.htm
FL,cash_flow,2018-02-02,annual,Accounts payable,1,135.0,1000000,USD,2018,1432,10-K,2019-04-02,https://www.sec.gov/Archives/edgar/data/850209/000155837019002753/fl-20190202x10k.htm
FL,cash_flow,2018-02-02,annual,Accrued and other liabilities,1,39.0,1000000,USD,2018,1433,10-K,2019-04-02,https://www.sec.gov/Archives/edgar/data/850209/000155837019002753/fl-20190202x10k.htm
FL,cash_flow,2018-02-02,annual,Capital expenditures,1,-187.0,1000000,USD,2018,1439,10-K,2019-04-02,https://www.sec.gov/Archives/edgar/data/850209/000155837019002753/fl-20190202x10k.htm
FL,cash_flow,2018-02-02,annual,"Cash, cash equivalents, and restricted cash at beginning of year",1,1031.0,1000000,USD,2018,1454,10-K,2019-04-02,https://www.sec.gov/Archives/edgar/data/850209/000155837019002753/fl-20190202x10k.htm
FL,cash_flow,2018-02-02,annual,"Cash, cash equivalents, and restricted cash at end of year",1,981.0,1000000,USD,2018,1455,10-K,2019-04-02,https://www.sec.gov/Archives/edgar/data/850209/000155837019002753/fl-20190202x10k.htm
FL,cash_flow,2018-02-02,annual,Class counsel fees paid in connection with pension litigation,1,-97.0,1000000,USD,2018,1435,10-K,2019-04-02,https://www.sec.gov/Archives/edgar/data/850209/000155837019002753/fl-20190202x10k.htm
FL,cash_flow,2018-02-02,annual,Deferred income taxes,1,9.0,1000000,USD,2018,1427,10-K,2019-04-02,https://www.sec.gov/Archives/edgar/data/850209/000155837019002753/fl-20190202x10k.htm
FL,cash_flow,2018-02-02,annual,Depreciation and amortization,1,178.0,1000000,USD,2018,1426,10-K,2019-04-02,https://www.sec.gov/Archives/edgar/data/850209/000155837019002753/fl-20190202x10k.htm
FL,cash_flow,2018-02-02,annual,Dividends paid on common stock,1,-158.0,1000000,USD,2018,1445,10-K,2019-04-02,https://www.sec.gov/Archives/edgar/data/850209/000155837019002753/fl-20190202x10k.htm
FL,cash_flow,2018-02-02,annual,"Effect of exchange rate fluctuations on cash, cash equivalents, and restricted cash",1,-30.0,1000000,USD,2018,1452,10-K,2019-04-02,https://www.sec.gov/Archives/edgar/data/850209/000155837019002753/fl-20190202x10k.htm
FL,cash_flow,2018-02-02,annual,Income taxes,1,184.0,1000000,USD,2018,1458,10-K,2019-04-02,https://www.sec.gov/Archives/edgar/data/850209/000155837019002753/fl-20190202x10k.htm
FL,cash_flow,2018-02-02,annual,Insurance proceeds related to loss on property and equipment,1,2.0,1000000,USD,2018,1441,10-K,2019-04-02,https://www.sec.gov/Archives/edgar/data/850209/000155837019002753/fl-20190202x10k.htm
FL,cash_flow,2018-02-02,annual,Interest,1,11.0,1000000,USD,2018,1457,10-K,2019-04-02,https://www.sec.gov/Archives/edgar/data/850209/000155837019002753/fl-20190202x10k.htm
FL,cash_flow,2018-02-02,annual,Merchandise inventories,1,-16.0,1000000,USD,2018,1431,10-K,2019-04-02,https://www.sec.gov/Archives/edgar/data/850209/000155837019002753/fl-20190202x10k.htm
FL,cash_flow,2018-02-02,annual,Minority investments,1,-89.0,1000000,USD,2018,1440,10-K,2019-04-02,https://www.sec.gov/Archives/edgar/data/850209/000155837019002753/fl-20190202x10k.htm
FL,cash_flow,2018-02-02,annual,Net cash provided by operating activities,1,781.0,1000000,USD,2018,1437,10-K,2019-04-02,https://www.sec.gov/Archives/edgar/data/850209/000155837019002753/fl-20190202x10k.htm
FL,cash_flow,2018-02-02,annual,Net cash used in financing activities,1,-527.0,1000000,USD,2018,1451,10-K,2019-04-02,https://www.sec.gov/Archives/edgar/data/850209/000155837019002753/fl-20190202x10k.htm
FL,cash_flow,2018-02-02,annual,Net cash used in investing activities,1,-274.0,1000000,USD,2018,1442,10-K,2019-04-02,https://www.sec.gov/Archives/edgar/data/850209/000155837019002753/fl-20190202x10k.htm
FL,cash_flow,2018-02-02,annual,"Net change in cash, cash equivalents, and restricted cash",1,-50.0,1000000,USD,2018,1453,10-K,2019-04-02,https://www.sec.gov/Archives/edgar/data/850209/000155837019002753/fl-20190202x10k.htm
FL,cash_flow,2018-02-02,annual,Net income,1,541.0,1000000,USD,2018,1423,10-K,2019-04-02,https://www.sec.gov/Archives/edgar/data/850209/000155837019002753/fl-20190202x10k.htm
FL,cash_flow,2018-02-02,annual,Non-cash impairment charges,1,19.0,1000000,USD,2018,1425,10-K,2019-04-02,https://www.sec.gov/Archives/edgar/data/850209/000155837019002753/fl-20190202x10k.htm
FL,cash_flow,2018-02-02,annual,"Other, net",1,66.0,1000000,USD,2018,1436,10-K,2019-04-02,https://www.sec.gov/Archives/edgar/data/850209/000155837019002753/fl-20190202x10k.htm
FL,cash_flow,2018-02-02,annual,Pension litigation accrual,1,13.0,1000000,USD,2018,1434,10-K,2019-04-02,https://www.sec.gov/Archives/edgar/data/850209/000155837019002753/fl-20190202x10k.htm
FL,cash_flow,2018-02-02,annual,Proceeds from exercise of stock options,1,5.0,1000000,USD,2018,1446,10-K,2019-04-02,https://www.sec.gov/Archives/edgar/data/850209/000155837019002753/fl-20190202x10k.htm
FL,cash_flow,2018-02-02,annual,Purchase of treasury shares,1,-375.0,1000000,USD,2018,1444,10-K,2019-04-02,https://www.sec.gov/Archives/edgar/data/850209/000155837019002753/fl-20190202x10k.htm
FL,cash_flow,2018-02-02,annual,Qualified pension plan contributions,1,-128.0,1000000,USD,2018,1429,10-K,2019-04-02,https://www.sec.gov/Archives/edgar/data/850209/000155837019002753/fl-20190202x10k.htm
FL,cash_flow,2018-02-02,annual,Share-based compensation expense,1,22.0,1000000,USD,2018,1428,10-K,2019-04-02,https://www.sec.gov/Archives/edgar/data/850209/000155837019002753/fl-20190202x10k.htm
FL,cash_flow,2018-02-02,annual,Shares of common stock repurchased to satisfy tax withholding obligations,1,-1.0,1000000,USD,2018,1448,10-K,2019-04-02,https://www.sec.gov/Archives/edgar/data/850209/000155837019002753/fl-20190202x10k.htm
FL,cash_flow,2018-02-02,annual,Treasury stock reissued under employee stock plan,1,2.0,1000000,USD,2018,1447,10-K,2019-04-02,https://www.sec.gov/Archives/edgar/data/850209/000155837019002753/fl-20190202x10k.htm
FL,income,2018-02-02,annual,Basic earnings per share,1,4.68,1000000,USD,2018,1279,10-K,2019-04-02,https://www.sec.gov/Archives/edgar/data/850209/000155837019002753/fl-20190202x10k.htm
FL,income,2018-02-02,annual,Cost of sales,1,5411.0,1000000,USD,2018,1269,10-K,2019-04-02,https://www.sec.gov/Archives/edgar/data/850209/000155837019002753/fl-20190202x10k.htm
FL,income,2018-02-02,annual,Depreciation and amortization,1,178.0,1000000,USD,2018,1271,10-K,2019-04-02,https://www.sec.gov/Archives/edgar/data/850209/000155837019002753/fl-20190202x10k.htm
FL,income,2018-02-02,annual,Diluted earnings per share,1,4.66,1000000,USD,2018,1281,10-K,2019-04-02,https://www.sec.gov/Archives/edgar/data/850209/000155837019002753/fl-20190202x10k.htm
FL,income,2018-02-02,annual,Income before income taxes,1,713.0,1000000,USD,2018,1276,10-K,2019-04-02,https://www.sec.gov/Archives/edgar/data/850209/000155837019002753/fl-20190202x10k.htm
FL,income,2018-02-02,annual,Income from operations,1,699.0,1000000,USD,2018,1273,10-K,2019-04-02,https://www.sec.gov/Archives/edgar/data/850209/000155837019002753/fl-20190202x10k.htm
FL,income,2018-02-02,annual,Income tax expense,1,172.0,1000000,USD,2018,1277,10-K,2019-04-02,https://www.sec.gov/Archives/edgar/data/850209/000155837019002753/fl-20190202x10k.htm
FL,income,2018-02-02,annual,"Interest (income) / expense, net",1,-9.0,1000000,USD,2018,1274,10-K,2019-04-02,https://www.sec.gov/Archives/edgar/data/850209/000155837019002753/fl-20190202x10k.htm
FL,income,2018-02-02,annual,Litigation and other charges,1,37.0,1000000,USD,2018,1272,10-K,2019-04-02,https://www.sec.gov/Archives/edgar/data/850209/000155837019002753/fl-20190202x10k.htm
FL,income,2018-02-02,annual,Net income,1,541.0,1000000,USD,2018,1278,10-K,2019-04-02,https://www.sec.gov/Archives/edgar/data/850209/000155837019002753/fl-20190202x10k.htm
FL,income,2018-02-02,annual,Other income,1,-5.0,1000000,USD,2018,1275,10-K,2019-04-02,https://www.sec.gov/Archives/edgar/data/850209/000155837019002753/fl-20190202x10k.htm
FL,income,2018-02-02,annual,Sales,1,7939.0,1000000,USD,2018,1268,10-K,2019-04-02,https://www.sec.gov/Archives/edgar/data/850209/000155837019002753/fl-20190202x10k.htm
FL,income,2018-02-02,annual,"Selling, general and administrative expenses",1,1614.0,1000000,USD,2018,1270,10-K,2019-04-02,https://www.sec.gov/Archives/edgar/data/850209/000155837019002753/fl-20190202x10k.htm
FL,income,2018-02-02,annual,Weighted-average shares outstanding,1,115.6,1000000,USD,2018,1280,10-K,2019-04-02,https://www.sec.gov/Archives/edgar/data/850209/000155837019002753/fl-20190202x10k.htm
FL,income,2018-02-02,annual,"Weighted-average shares outstanding, assuming dilution",1,116.1,1000000,USD,2018,1282,10-K,2019-04-02,https://www.sec.gov/Archives/edgar/data/850209/000155837019002753/fl-20190202x10k.htm
FL,income,2021-02-03,annual,"(Loss) earnings per share from continuing operations attributable to Foot Locker, Inc.",1,8.72,1000000,USD,"2021 — $ 8,958",1311,10-K,2024-03-28,https://www.sec.gov/Archives/edgar/data/850209/000143774924009866/floc20240203_10k.htm
FL,income,2021-02-03,annual,"(Loss) earnings per share from continuing operations attributable to Foot Locker, Inc.",2,8.61,1000000,USD,"2021 — $ 8,958",1317,10-K,2024-03-28,https://www.sec.gov/Archives/edgar/data/850209/000143774924009866/floc20240203_10k.htm
FL,income,2021-02-03,annual,(Loss) income from continuing operations before income taxes,1,1240.0,1000000,USD,"2021 — $ 8,958",1302,10-K,2024-03-28,https://www.sec.gov/Archives/edgar/data/850209/000143774924009866/floc20240203_10k.htm
FL,income,2021-02-03,annual,Cost of sales,1,5878.0,1000000,USD,"2021 — $ 8,958",1294,10-K,2024-03-28,https://www.sec.gov/Archives/edgar/data/850209/000143774924009866/floc20240203_10k.htm
FL,income,2021-02-03,annual,Depreciation and amortization,1,197.0,1000000,USD,"2021 — $ 8,958",1296,10-K,2024-03-28,https://www.sec.gov/Archives/edgar/data/850209/000143774924009866/floc20240203_10k.htm
FL,income,2021-02-03,annual,Impairment and other,1,172.0,1000000,USD,"2021 — $ 8,958",1297,10-K,2024-03-28,https://www.sec.gov/Archives/edgar/data/850209/000143774924009866/floc20240203_10k.htm
FL,income,2021-02-03,annual,Income from operations,1,870.0,1000000,USD,"2021 — $ 8,958",1298,10-K,2024-03-28,https://www.sec.gov/Archives/edgar/data/850209/000143774924009866/floc20240203_10k.htm
FL,income,2021-02-03,annual,Income tax (benefit) expense,1,348.0,1000000,USD,"2021 — $ 8,958",1303,10-K,2024-03-28,https://www.sec.gov/Archives/edgar/data/850209/000143774924009866/floc20240203_10k.htm
FL,income,2021-02-03,annual,"Interest expense, net",1,14.0,1000000,USD,"2021 — $ 8,958",1300,10-K,2024-03-28,https://www.sec.gov/Archives/edgar/data/850209/000143774924009866/floc20240203_10k.htm
FL,income,2021-02-03,annual,Licensing revenue,1,10.0,1000000,USD,"2021 — $ 8,958",1291,10-K,2024-03-28,https://www.sec.gov/Archives/edgar/data/850209/000143774924009866/floc20240203_10k.htm
FL,income,2021-02-03,annual,"Net (loss) earnings per share attributable to Foot Locker, Inc.",1,8.72,1000000,USD,"2021 — $ 8,958",1313,10-K,2024-03-28,https://www.sec.gov/Archives/edgar/data/850209/000143774924009866/floc20240203_10k.htm
FL,income,2021-02-03,annual,"Net (loss) earnings per share attributable to Foot Locker, Inc.",2,8.61,1000000,USD,"2021 — $ 8,958",1319,10-K,2024-03-28,https://www.sec.gov/Archives/edgar/data/850209/000143774924009866/floc20240203_10k.htm
FL,income,2021-02-03,annual,Net (loss) income,1,892.0,1000000,USD,"2021 — $ 8,958",1306,10-K,2024-03-28,https://www.sec.gov/Archives/edgar/data/850209/000143774924009866/floc20240203_10k.htm
FL,income,2021-02-03,annual,"Net (loss) income attributable to Foot Locker, Inc.",1,893.0,1000000,USD,"2021 — $ 8,958",1308,10-K,2024-03-28,https://www.sec.gov/Archives/edgar/data/850209/000143774924009866/floc20240203_10k.htm
FL,income,2021-02-03,annual,Net (loss) income from continuing operations,1,892.0,1000000,USD,"2021 — $ 8,958",1304,10-K,2024-03-28,https://www.sec.gov/Archives/edgar/data/850209/000143774924009866/floc20240203_10k.htm
FL,income,2021-02-03,annual,Net loss attributable to noncontrolling interests,1,1.0,1000000,USD,"2021 — $ 8,958",1307,10-K,2024-03-28,https://www.sec.gov/Archives/edgar/data/850209/000143774924009866/floc20240203_10k.htm
FL,income,2021-02-03,annual,"Other (expense) income, net",1,384.0,1000000,USD,"2021 — $ 8,958",1301,10-K,2024-03-28,https://www.sec.gov/Archives/edgar/data/850209/000143774924009866/floc20240203_10k.htm
FL,income,2021-02-03,annual,"Selling, general and administrative expenses",1,1851.0,1000000,USD,"2021 — $ 8,958",1295,10-K,2024-03-28,https://www.sec.gov/Archives/edgar/data/850209/000143774924009866/floc20240203_10k.htm
FL,income,2021-02-03,annual,Total revenue,1,8968.0,1000000,USD,"2021 — $ 8,958",1292,10-K,2024-03-28,https://www.sec.gov/Archives/edgar/data/850209/000143774924009866/floc20240203_10k.htm
FL,income,2021-02-03,annual,Weighted-average shares outstanding,1,102.5,1000000,USD,"2021 — $ 8,958",1314,10-K,2024-03-28,https://www.sec.gov/Archives/edgar/data/850209/000143774924009866/floc20240203_10k.htm
FL,income,2021-02-03,annual,"Weighted-average shares outstanding, assuming dilution",1,103.8,1000000,USD,"2021 — $ 8,958",1320,10-K,2024-03-28,https://www.sec.gov/Archives/edgar/data/850209/000143774924009866/floc20240203_10k.htm
FL,cash_flow,2022-02-01,annual,Accounts payable,1,101.0,1000000,USD,2022,1467,10-K,2025-03-27,https://www.sec.gov/Archives/edgar/data/850209/000143774925009620/floc20241213_10k.htm
FL,cash_flow,2022-02-01,annual,Accrued and other liabilities,1,1.0,1000000,USD,2022,1468,10-K,2025-03-27,https://www.sec.gov/Archives/edgar/data/850209/000143774925009620/floc20241213_10k.htm
FL,cash_flow,2022-02-01,annual,Capital expenditures,1,285.0,1000000,USD,2022,1472,10-K,2025-03-27,https://www.sec.gov/Archives/edgar/data/850209/000143774925009620/floc20241213_10k.htm
FL,cash_flow,2022-02-01,annual,Cash paid for amounts included in measurement of finance lease liabilities,1,9.0,1000000,USD,2022,1500,10-K,2025-03-27,https://www.sec.gov/Archives/edgar/data/850209/000143774925009620/floc20241213_10k.htm
FL,cash_flow,2022-02-01,annual,Cash paid for amounts included in measurement of operating lease liabilities,1,704.0,1000000,USD,2022,1499,10-K,2025-03-27,https://www.sec.gov/Archives/edgar/data/850209/000143774925009620/floc20241213_10k.htm
FL,cash_flow,2022-02-01,annual,"Cash, cash equivalents, and restricted cash at beginning of year",1,850.0,1000000,USD,2022,1493,10-K,2025-03-27,https://www.sec.gov/Archives/edgar/data/850209/000143774925009620/floc20241213_10k.htm
FL,cash_flow,2022-02-01,annual,"Cash, cash equivalents, and restricted cash at end of period",1,582.0,1000000,USD,2022,1494,10-K,2025-03-27,https://www.sec.gov/Archives/edgar/data/850209/000143774925009620/floc20241213_10k.htm
FL,cash_flow,2022-02-01,annual,Deferred income taxes,1,21.0,1000000,USD,2022,1460,10-K,2025-03-27,https://www.sec.gov/Archives/edgar/data/850209/000143774925009620/floc20241213_10k.htm
FL,cash_flow,2022-02-01,annual,Depreciation and amortization,1,208.0,1000000,USD,2022,1456,10-K,2025-03-27,https://www.sec.gov/Archives/edgar/data/850209/000143774925009620/floc20241213_10k.htm
FL,cash_flow,2022-02-01,annual,Dividends paid on common stock,1,150.0,1000000,USD,2022,1486,10-K,2025-03-27,https://www.sec.gov/Archives/edgar/data/850209/000143774925009620/floc20241213_10k.htm
FL,cash_flow,2022-02-01,annual,Fair value change in contingent consideration,1,31.0,1000000,USD,2022,1462,10-K,2025-03-27,https://www.sec.gov/Archives/edgar/data/850209/000143774925009620/floc20241213_10k.htm
FL,cash_flow,2022-02-01,annual,Gain on sales of businesses,1,19.0,1000000,USD,2022,1463,10-K,2025-03-27,https://www.sec.gov/Archives/edgar/data/850209/000143774925009620/floc20241213_10k.htm
FL,cash_flow,2022-02-01,annual,Impairment and fair value adjustment in minority investments,1,61.0,1000000,USD,2022,1458,10-K,2025-03-27,https://www.sec.gov/Archives/edgar/data/850209/000143774925009620/floc20241213_10k.htm
FL,cash_flow,2022-02-01,annual,Income taxes paid,1,153.0,1000000,USD,2022,1498,10-K,2025-03-27,https://www.sec.gov/Archives/edgar/data/850209/000143774925009620/floc20241213_10k.htm
FL,cash_flow,2022-02-01,annual,Interest paid,1,17.0,1000000,USD,2022,1497,10-K,2025-03-27,https://www.sec.gov/Archives/edgar/data/850209/000143774925009620/floc20241213_10k.htm
FL,cash_flow,2022-02-01,annual,Merchandise inventories,1,397.0,1000000,USD,2022,1466,10-K,2025-03-27,https://www.sec.gov/Archives/edgar/data/850209/000143774925009620/floc20241213_10k.htm
FL,cash_flow,2022-02-01,annual,Minority investments,1,5.0,1000000,USD,2022,1473,10-K,2025-03-27,https://www.sec.gov/Archives/edgar/data/850209/000143774925009620/floc20241213_10k.htm
FL,cash_flow,2022-02-01,annual,Net cash provided by operating activities,1,173.0,1000000,USD,2022,1470,10-K,2025-03-27,https://www.sec.gov/Archives/edgar/data/850209/000143774925009620/floc20241213_10k.htm
FL,cash_flow,2022-02-01,annual,Net cash used in financing activities,1,279.0,1000000,USD,2022,1490,10-K,2025-03-27,https://www.sec.gov/Archives/edgar/data/850209/000143774925009620/floc20241213_10k.htm
FL,cash_flow,2022-02-01,annual,Net cash used in investing activities,1,162.0,1000000,USD,2022,1478,10-K,2025-03-27,https://www.sec.gov/Archives/edgar/data/850209/000143774925009620/floc20241213_10k.htm
FL,cash_flow,2022-02-01,annual,"Net change in cash, cash equivalents, and restricted cash",1,268.0,1000000,USD,2022,1492,10-K,2025-03-27,https://www.sec.gov/Archives/edgar/data/850209/000143774925009620/floc20241213_10k.htm
FL,cash_flow,2022-02-01,annual,Net income (loss),1,341.0,1000000,USD,2022,1454,10-K,2025-03-27,https://www.sec.gov/Archives/edgar/data/850209/000143774925009620/floc20241213_10k.htm
FL,cash_flow,2022-02-01,annual,Non-cash impairment and other,1,67.0,1000000,USD,2022,1457,10-K,2025-03-27,https://www.sec.gov/Archives/edgar/data/850209/000143774925009620/floc20241213_10k.htm
FL,cash_flow,2022-02-01,annual,"Other, net",1,7.0,1000000,USD,2022,1469,10-K,2025-03-27,https://www.sec.gov/Archives/edgar/data/850209/000143774925009620/floc20241213_10k.htm
FL,cash_flow,2022-02-01,annual,Payment of long-term debt and obligations under finance leases,1,6.0,1000000,USD,2022,1480,10-K,2025-03-27,https://www.sec.gov/Archives/edgar/data/850209/000143774925009620/floc20241213_10k.htm
FL,cash_flow,2022-02-01,annual,Proceeds from exercise of stock options,1,6.0,1000000,USD,2022,1483,10-K,2025-03-27,https://www.sec.gov/Archives/edgar/data/850209/000143774925009620/floc20241213_10k.htm
FL,cash_flow,2022-02-01,annual,Proceeds from minority investments,1,95.0,1000000,USD,2022,1474,10-K,2025-03-27,https://www.sec.gov/Archives/edgar/data/850209/000143774925009620/floc20241213_10k.htm
FL,cash_flow,2022-02-01,annual,Proceeds from sales of businesses,1,47.0,1000000,USD,2022,1476,10-K,2025-03-27,https://www.sec.gov/Archives/edgar/data/850209/000143774925009620/floc20241213_10k.htm
FL,cash_flow,2022-02-01,annual,"Purchase of business, net of cash acquired",1,14.0,1000000,USD,2022,1475,10-K,2025-03-27,https://www.sec.gov/Archives/edgar/data/850209/000143774925009620/floc20241213_10k.htm
FL,cash_flow,2022-02-01,annual,Purchase of non-controlling interest,1,2.0,1000000,USD,2022,1489,10-K,2025-03-27,https://www.sec.gov/Archives/edgar/data/850209/000143774925009620/floc20241213_10k.htm
FL,cash_flow,2022-02-01,annual,Purchase of treasury shares,1,129.0,1000000,USD,2022,1488,10-K,2025-03-27,https://www.sec.gov/Archives/edgar/data/850209/000143774925009620/floc20241213_10k.htm
FL,cash_flow,2022-02-01,annual,Right-of-use assets obtained in exchange for operating lease obligations,1,458.0,1000000,USD,2022,1501,10-K,2025-03-27,https://www.sec.gov/Archives/edgar/data/850209/000143774925009620/floc20241213_10k.htm
FL,cash_flow,2022-02-01,annual,Share-based compensation expense,1,31.0,1000000,USD,2022,1459,10-K,2025-03-27,https://www.sec.gov/Archives/edgar/data/850209/000143774925009620/floc20241213_10k.htm
FL,cash_flow,2022-02-01,annual,Shares of common stock repurchased to satisfy tax withholding obligations,1,1.0,1000000,USD,2022,1481,10-K,2025-03-27,https://www.sec.gov/Archives/edgar/data/850209/000143774925009620/floc20241213_10k.htm
FL,cash_flow,2022-02-01,annual,Treasury stock reissued under employee stock plan,1,3.0,1000000,USD,2022,1484,10-K,2025-03-27,https://www.sec.gov/Archives/edgar/data/850209/000143774925009620/floc20241213_10k.htm
FL,income,2022-02-01,annual,Cost of sales,1,5955.0,1000000,USD,"2022 — $ 8,747",1288,10-K,2025-03-27,https://www.sec.gov/Archives/edgar/data/850209/000143774925009620/floc20241213_10k.htm
FL,income,2022-02-01,annual,Depreciation and amortization,1,208.0,1000000,USD,"2022 — $ 8,747",1290,10-K,2025-03-27,https://www.sec.gov/Archives/edgar/data/850209/000143774925009620/floc20241213_10k.htm
FL,income,2022-02-01,annual,"Earnings (loss) per share from continuing operations attributable to Foot Locker, Inc.",1,3.66,1000000,USD,"2022 — $ 8,747",1305,10-K,2025-03-27,https://www.sec.gov/Archives/edgar/data/850209/000143774925009620/floc20241213_10k.htm
FL,income,2022-02-01,annual,"Earnings (loss) per share from continuing operations attributable to Foot Locker, Inc.",2,3.62,1000000,USD,"2022 — $ 8,747",1311,10-K,2025-03-27,https://www.sec.gov/Archives/edgar/data/850209/000143774925009620/floc20241213_10k.htm
FL,income,2022-02-01,annual,Impairment and other,1,112.0,1000000,USD,"2022 — $ 8,747",1291,10-K,2025-03-27,https://www.sec.gov/Archives/edgar/data/850209/000143774925009620/floc20241213_10k.htm
FL,income,2022-02-01,annual,Income (loss) from continuing operations before income taxes,1,524.0,1000000,USD,"2022 — $ 8,747",1296,10-K,2025-03-27,https://www.sec.gov/Archives/edgar/data/850209/000143774925009620/floc20241213_10k.htm
FL,income,2022-02-01,annual,Income from operations,1,581.0,1000000,USD,"2022 — $ 8,747",1292,10-K,2025-03-27,https://www.sec.gov/Archives/edgar/data/850209/000143774925009620/floc20241213_10k.htm
FL,income,2022-02-01,annual,Income tax expense (benefit),1,180.0,1000000,USD,"2022 — $ 8,747",1297,10-K,2025-03-27,https://www.sec.gov/Archives/edgar/data/850209/000143774925009620/floc20241213_10k.htm
FL,income,2022-02-01,annual,"Interest expense, net",1,15.0,1000000,USD,"2022 — $ 8,747",1294,10-K,2025-03-27,https://www.sec.gov/Archives/edgar/data/850209/000143774925009620/floc20241213_10k.htm
FL,income,2022-02-01,annual,Licensing revenue,1,12.0,1000000,USD,"2022 — $ 8,747",1285,10-K,2025-03-27,https://www.sec.gov/Archives/edgar/data/850209/000143774925009620/floc20241213_10k.htm
FL,income,2022-02-01,annual,"Loss per share from discontinued operations, net of tax",1,0.04,1000000,USD,"2022 — $ 8,747",1306,10-K,2025-03-27,https://www.sec.gov/Archives/edgar/data/850209/000143774925009620/floc20241213_10k.htm
FL,income,2022-02-01,annual,"Net earnings (loss) per share attributable to Foot Locker, Inc.",1,3.62,1000000,USD,"2022 — $ 8,747",1307,10-K,2025-03-27,https://www.sec.gov/Archives/edgar/data/850209/000143774925009620/floc20241213_10k.htm
FL,income,2022-02-01,annual,"Net earnings (loss) per share attributable to Foot Locker, Inc.",2,3.58,1000000,USD,"2022 — $ 8,747",1313,10-K,2025-03-27,https://www.sec.gov/Archives/edgar/data/850209/000143774925009620/floc20241213_10k.htm
FL,income,2022-02-01,annual,Net income (loss),1,341.0,1000000,USD,"2022 — $ 8,747",1300,10-K,2025-03-27,https://www.sec.gov/Archives/edgar/data/850209/000143774925009620/floc20241213_10k.htm
FL,income,2022-02-01,annual,"Net income (loss) attributable to Foot Locker, Inc.",1,342.0,1000000,USD,"2022 — $ 8,747",1302,10-K,2025-03-27,https://www.sec.gov/Archives/edgar/data/850209/000143774925009620/floc20241213_10k.htm
FL,income,2022-02-01,annual,Net income (loss) from continuing operations,1,344.0,1000000,USD,"2022 — $ 8,747",1298,10-K,2025-03-27,https://www.sec.gov/Archives/edgar/data/850209/000143774925009620/floc20241213_10k.htm
FL,income,2022-02-01,annual,Net loss attributable to noncontrolling interests,1,1.0,1000000,USD,"2022 — $ 8,747",1301,10-K,2025-03-27,https://www.sec.gov/Archives/edgar/data/850209/000143774925009620/floc20241213_10k.htm
FL,income,2022-02-01,annual,"Net loss from discontinued operations, net of tax",1,3.0,1000000,USD,"2022 — $ 8,747",1299,10-K,2025-03-27,https://www.sec.gov/Archives/edgar/data/850209/000143774925009620/floc20241213_10k.htm
FL,income,2022-02-01,annual,"Net loss per share from discontinued operations, net of tax",1,0.04,1000000,USD,"2022 — $ 8,747",1312,10-K,2025-03-27,https://www.sec.gov/Archives/edgar/data/850209/000143774925009620/floc20241213_10k.htm
FL,income,2022-02-01,annual,"Other (expense) income, net",1,42.0,1000000,USD,"2022 — $ 8,747",1295,10-K,2025-03-27,https://www.sec.gov/Archives/edgar/data/850209/000143774925009620/floc20241213_10k.htm
FL,income,2022-02-01,annual,"Selling, general and administrative expenses",1,1903.0,1000000,USD,"2022 — $ 8,747",1289,10-K,2025-03-27,https://www.sec.gov/Archives/edgar/data/850209/000143774925009620/floc20241213_10k.htm
FL,income,2022-02-01,annual,Total revenue,1,8759.0,1000000,USD,"2022 — $ 8,747",1286,10-K,2025-03-27,https://www.sec.gov/Archives/edgar/data/850209/000143774925009620/floc20241213_10k.htm
FL,income,2022-02-01,annual,Weighted-average shares outstanding,1,94.3,1000000,USD,"2022 — $ 8,747",1308,10-K,2025-03-27,https://www.sec.gov/Archives/edgar/data/850209/000143774925009620/floc20241213_10k.htm
FL,income,2022-02-01,annual,"Weighted-average shares outstanding, assuming dilution",1,95.5,1000000,USD,"2022 — $ 8,747",1314,10-K,2025-03-27,https://www.sec.gov/Archives/edgar/data/850209/000143774925009620/floc20241213_10k.htm
FL,cash_flow,2022-02-03,annual,Accounts payable,1,101.0,1000000,USD,2022,1474,10-K,2024-03-28,https://www.sec.gov/Archives/edgar/data/850209/000143774924009866/floc20240203_10k.htm
FL,cash_flow,2022-02-03,annual,Accrued and other liabilities,1,1.0,1000000,USD,2022,1475,10-K,2024-03-28,https://www.sec.gov/Archives/edgar/data/850209/000143774924009866/floc20240203_10k.htm
FL,cash_flow,2022-02-03,annual,Capital expenditures,1,285.0,1000000,USD,2022,1480,10-K,2024-03-28,https://www.sec.gov/Archives/edgar/data/850209/000143774924009866/floc20240203_10k.htm
FL,cash_flow,2022-02-03,annual,Cash paid for amounts included in measurement of finance lease liabilities,1,9.0,1000000,USD,2022,1510,10-K,2024-03-28,https://www.sec.gov/Archives/edgar/data/850209/000143774924009866/floc20240203_10k.htm
FL,cash_flow,2022-02-03,annual,Cash paid for amounts included in measurement of operating lease liabilities,1,704.0,1000000,USD,2022,1509,10-K,2024-03-28,https://www.sec.gov/Archives/edgar/data/850209/000143774924009866/floc20240203_10k.htm
FL,cash_flow,2022-02-03,annual,"Cash, cash equivalents, and restricted cash at beginning of year",1,850.0,1000000,USD,2022,1503,10-K,2024-03-28,https://www.sec.gov/Archives/edgar/data/850209/000143774924009866/floc20240203_10k.htm
FL,cash_flow,2022-02-03,annual,"Cash, cash equivalents, and restricted cash at end of period",1,582.0,1000000,USD,2022,1504,10-K,2024-03-28,https://www.sec.gov/Archives/edgar/data/850209/000143774924009866/floc20240203_10k.htm
FL,cash_flow,2022-02-03,annual,Deferred income taxes,1,21.0,1000000,USD,2022,1468,10-K,2024-03-28,https://www.sec.gov/Archives/edgar/data/850209/000143774924009866/floc20240203_10k.htm
FL,cash_flow,2022-02-03,annual,Depreciation and amortization,1,208.0,1000000,USD,2022,1467,10-K,2024-03-28,https://www.sec.gov/Archives/edgar/data/850209/000143774924009866/floc20240203_10k.htm
FL,cash_flow,2022-02-03,annual,Dividends paid on common stock,1,150.0,1000000,USD,2022,1490,10-K,2024-03-28,https://www.sec.gov/Archives/edgar/data/850209/000143774924009866/floc20240203_10k.htm
FL,cash_flow,2022-02-03,annual,Fair value adjustments to minority investments,1,61.0,1000000,USD,2022,1465,10-K,2024-03-28,https://www.sec.gov/Archives/edgar/data/850209/000143774924009866/floc20240203_10k.htm
FL,cash_flow,2022-02-03,annual,Fair value change in contingent consideration,1,31.0,1000000,USD,2022,1466,10-K,2024-03-28,https://www.sec.gov/Archives/edgar/data/850209/000143774924009866/floc20240203_10k.htm
FL,cash_flow,2022-02-03,annual,Gain on sales of businesses,1,19.0,1000000,USD,2022,1470,10-K,2024-03-28,https://www.sec.gov/Archives/edgar/data/850209/000143774924009866/floc20240203_10k.htm
FL,cash_flow,2022-02-03,annual,Income taxes paid,1,153.0,1000000,USD,2022,1508,10-K,2024-03-28,https://www.sec.gov/Archives/edgar/data/850209/000143774924009866/floc20240203_10k.htm
FL,cash_flow,2022-02-03,annual,Interest paid,1,17.0,1000000,USD,2022,1507,10-K,2024-03-28,https://www.sec.gov/Archives/edgar/data/850209/000143774924009866/floc20240203_10k.htm
FL,cash_flow,2022-02-03,annual,Merchandise inventories,1,397.0,1000000,USD,2022,1473,10-K,2024-03-28,https://www.sec.gov/Archives/edgar/data/850209/000143774924009866/floc20240203_10k.htm
FL,cash_flow,2022-02-03,annual,Minority investments,1,5.0,1000000,USD,2022,1482,10-K,2024-03-28,https://www.sec.gov/Archives/edgar/data/850209/000143774924009866/floc20240203_10k.htm
FL,cash_flow,2022-02-03,annual,Net (loss) income,1,341.0,1000000,USD,2022,1461,10-K,2024-03-28,https://www.sec.gov/Archives/edgar/data/850209/000143774924009866/floc20240203_10k.htm
FL,cash_flow,2022-02-03,annual,Net cash provided by operating activities,1,173.0,1000000,USD,2022,1478,10-K,2024-03-28,https://www.sec.gov/Archives/edgar/data/850209/000143774924009866/floc20240203_10k.htm
FL,cash_flow,2022-02-03,annual,Net cash used in financing activities,1,279.0,1000000,USD,2022,1500,10-K,2024-03-28,https://www.sec.gov/Archives/edgar/data/850209/000143774924009866/floc20240203_10k.htm
FL,cash_flow,2022-02-03,annual,Net cash used in investing activities,1,162.0,1000000,USD,2022,1487,10-K,2024-03-28,https://www.sec.gov/Archives/edgar/data/850209/000143774924009866/floc20240203_10k.htm
FL,cash_flow,2022-02-03,annual,"Net change in cash, cash equivalents, and restricted cash",1,268.0,1000000,USD,2022,1502,10-K,2024-03-28,https://www.sec.gov/Archives/edgar/data/850209/000143774924009866/floc20240203_10k.htm
FL,cash_flow,2022-02-03,annual,Non-cash impairment and other,1,67.0,1000000,USD,2022,1463,10-K,2024-03-28,https://www.sec.gov/Archives/edgar/data/850209/000143774924009866/floc20240203_10k.htm
FL,cash_flow,2022-02-03,annual,"Other, net",1,7.0,1000000,USD,2022,1477,10-K,2024-03-28,https://www.sec.gov/Archives/edgar/data/850209/000143774924009866/floc20240203_10k.htm
FL,cash_flow,2022-02-03,annual,Payment of long-term debt and obligations under finance leases,1,6.0,1000000,USD,2022,1492,10-K,2024-03-28,https://www.sec.gov/Archives/edgar/data/850209/000143774924009866/floc20240203_10k.htm
FL,cash_flow,2022-02-03,annual,Proceeds from exercise of stock options,1,6.0,1000000,USD,2022,1494,10-K,2024-03-28,https://www.sec.gov/Archives/edgar/data/850209/000143774924009866/floc20240203_10k.htm
FL,cash_flow,2022-02-03,annual,Proceeds from minority investments,1,95.0,1000000,USD,2022,1484,10-K,2024-03-28,https://www.sec.gov/Archives/edgar/data/850209/000143774924009866/floc20240203_10k.htm
FL,cash_flow,2022-02-03,annual,Proceeds from sales of businesses,1,47.0,1000000,USD,2022,1483,10-K,2024-03-28,https://www.sec.gov/Archives/edgar/data/850209/000143774924009866/floc20240203_10k.htm
FL,cash_flow,2022-02-03,annual,"Purchase of business, net of cash acquired",1,14.0,1000000,USD,2022,1481,10-K,2024-03-28,https://www.sec.gov/Archives/edgar/data/850209/000143774924009866/floc20240203_10k.htm
FL,cash_flow,2022-02-03,annual,Purchase of non-controlling interest,1,2.0,1000000,USD,2022,1497,10-K,2024-03-28,https://www.sec.gov/Archives/edgar/data/850209/000143774924009866/floc20240203_10k.htm
FL,cash_flow,2022-02-03,annual,Purchase of treasury shares,1,129.0,1000000,USD,2022,1496,10-K,2024-03-28,https://www.sec.gov/Archives/edgar/data/850209/000143774924009866/floc20240203_10k.htm
FL,cash_flow,2022-02-03,annual,Right-of-use assets obtained in exchange for operating lease obligations,1,458.0,1000000,USD,2022,1511,10-K,2024-03-28,https://www.sec.gov/Archives/edgar/data/850209/000143774924009866/floc20240203_10k.htm
FL,cash_flow,2022-02-03,annual,Share-based compensation expense,1,31.0,1000000,USD,2022,1469,10-K,2024-03-28,https://www.sec.gov/Archives/edgar/data/850209/000143774924009866/floc20240203_10k.htm
FL,cash_flow,2022-02-03,annual,Shares of common stock repurchased to satisfy tax withholding obligations,1,1.0,1000000,USD,2022,1491,10-K,2024-03-28,https://www.sec.gov/Archives/edgar/data/850209/000143774924009866/floc20240203_10k.htm
FL,cash_flow,2022-02-03,annual,Treasury stock reissued under employee stock plan,1,3.0,1000000,USD,2022,1493,10-K,2024-03-28,https://www.sec.gov/Archives/edgar/data/850209/000143774924009866/floc20240203_10k.htm
FL,income,2022-02-03,annual,"(Loss) earnings per share from continuing operations attributable to Foot Locker, Inc.",1,3.66,1000000,USD,"2022 — $ 8,747",1311,10-K,2024-03-28,https://www.sec.gov/Archives/edgar/data/850209/000143774924009866/floc20240203_10k.htm
FL,income,2022-02-03,annual,"(Loss) earnings per share from continuing operations attributable to Foot Locker, Inc.",2,3.62,1000000,USD,"2022 — $ 8,747",1317,10-K,2024-03-28,https://www.sec.gov/Archives/edgar/data/850209/000143774924009866/floc20240203_10k.htm
FL,income,2022-02-03,annual,(Loss) income from continuing operations before income taxes,1,524.0,1000000,USD,"2022 — $ 8,747",1302,10-K,2024-03-28,https://www.sec.gov/Archives/edgar/data/850209/000143774924009866/floc20240203_10k.htm
FL,income,2022-02-03,annual,Cost of sales,1,5955.0,1000000,USD,"2022 — $ 8,747",1294,10-K,2024-03-28,https://www.sec.gov/Archives/edgar/data/850209/000143774924009866/floc20240203_10k.htm
FL,income,2022-02-03,annual,Depreciation and amortization,1,208.0,1000000,USD,"2022 — $ 8,747",1296,10-K,2024-03-28,https://www.sec.gov/Archives/edgar/data/850209/000143774924009866/floc20240203_10k.htm
FL,income,2022-02-03,annual,Impairment and other,1,112.0,1000000,USD,"2022 — $ 8,747",1297,10-K,2024-03-28,https://www.sec.gov/Archives/edgar/data/850209/000143774924009866/floc20240203_10k.htm
FL,income,2022-02-03,annual,Income from operations,1,581.0,1000000,USD,"2022 — $ 8,747",1298,10-K,2024-03-28,https://www.sec.gov/Archives/edgar/data/850209/000143774924009866/floc20240203_10k.htm
FL,income,2022-02-03,annual,Income tax (benefit) expense,1,180.0,1000000,USD,"2022 — $ 8,747",1303,10-K,2024-03-28,https://www.sec.gov/Archives/edgar/data/850209/000143774924009866/floc20240203_10k.htm
FL,income,2022-02-03,annual,"Interest expense, net",1,15.0,1000000,USD,"2022 — $ 8,747",1300,10-K,2024-03-28,https://www.sec.gov/Archives/edgar/data/850209/000143774924009866/floc20240203_10k.htm
FL,income,2022-02-03,annual,Licensing revenue,1,12.0,1000000,USD,"2022 — $ 8,747",1291,10-K,2024-03-28,https://www.sec.gov/Archives/edgar/data/850209/000143774924009866/floc20240203_10k.htm
FL,income,2022-02-03,annual,"Loss per share from discontinued operations, net of tax",1,0.04,1000000,USD,"2022 — $ 8,747",1312,10-K,2024-03-28,https://www.sec.gov/Archives/edgar/data/850209/000143774924009866/floc20240203_10k.htm
FL,income,2022-02-03,annual,"Net (loss) earnings per share attributable to Foot Locker, Inc.",1,3.62,1000000,USD,"2022 — $ 8,747",1313,10-K,2024-03-28,https://www.sec.gov/Archives/edgar/data/850209/000143774924009866/floc20240203_10k.htm
FL,income,2022-02-03,annual,"Net (loss) earnings per share attributable to Foot Locker, Inc.",2,3.58,1000000,USD,"2022 — $ 8,747",1319,10-K,2024-03-28,https://www.sec.gov/Archives/edgar/data/850209/000143774924009866/floc20240203_10k.htm
FL,income,2022-02-03,annual,Net (loss) income,1,341.0,1000000,USD,"2022 — $ 8,747",1306,10-K,2024-03-28,https://www.sec.gov/Archives/edgar/data/850209/000143774924009866/floc20240203_10k.htm
FL,income,2022-02-03,annual,"Net (loss) income attributable to Foot Locker, Inc.",1,342.0,1000000,USD,"2022 — $ 8,747",1308,10-K,2024-03-28,https://www.sec.gov/Archives/edgar/data/850209/000143774924009866/floc20240203_10k.htm
FL,income,2022-02-03,annual,Net (loss) income from continuing operations,1,344.0,1000000,USD,"2022 — $ 8,747",1304,10-K,2024-03-28,https://www.sec.gov/Archives/edgar/data/850209/000143774924009866/floc20240203_10k.htm
FL,income,2022-02-03,annual,Net loss attributable to noncontrolling interests,1,1.0,1000000,USD,"2022 — $ 8,747",1307,10-K,2024-03-28,https://www.sec.gov/Archives/edgar/data/850209/000143774924009866/floc20240203_10k.htm
FL,income,2022-02-03,annual,"Net loss from discontinued operations, net of tax",1,3.0,1000000,USD,"2022 — $ 8,747",1305,10-K,2024-03-28,https://www.sec.gov/Archives/edgar/data/850209/000143774924009866/floc20240203_10k.htm
FL,income,2022-02-03,annual,"Net loss per share from discontinued operations, net of tax",1,0.04,1000000,USD,"2022 — $ 8,747",1318,10-K,2024-03-28,https://www.sec.gov/Archives/edgar/data/850209/000143774924009866/floc20240203_10k.htm
FL,income,2022-02-03,annual,"Other (expense) income, net",1,42.0,1000000,USD,"2022 — $ 8,747",1301,10-K,2024-03-28,https://www.sec.gov/Archives/edgar/data/850209/000143774924009866/floc20240203_10k.htm
FL,income,2022-02-03,annual,"Selling, general and administrative expenses",1,1903.0,1000000,USD,"2022 — $ 8,747",1295,10-K,2024-03-28,https://www.sec.gov/Archives/edgar/data/850209/000143774924009866/floc20240203_10k.htm
FL,income,2022-02-03,annual,Total revenue,1,8759.0,1000000,USD,"2022 — $ 8,747",1292,10-K,2024-03-28,https://www.sec.gov/Archives/edgar/data/850209/000143774924009866/floc20240203_10k.htm
FL,income,2022-02-03,annual,Weighted-average shares outstanding,1,94.3,1000000,USD,"2022 — $ 8,747",1314,10-K,2024-03-28,https://www.sec.gov/Archives/edgar/data/850209/000143774924009866/floc20240203_10k.htm
FL,income,2022-02-03,annual,"Weighted-average shares outstanding, assuming dilution",1,95.5,1000000,USD,"2022 — $ 8,747",1320,10-K,2024-03-28,https://www.sec.gov/Archives/edgar/data/850209/000143774924009866/floc20240203_10k.htm
FL,balance,2023-02-01,instant,Amortization of leased assets,1,6.0,1000000,USD,2023 — $ 613,2274,10-K,2025-03-27,https://www.sec.gov/Archives/edgar/data/850209/000143774925009620/floc20241213_10k.htm
FL,balance,2023-02-01,instant,Interest on lease liabilities,1,2.0,1000000,USD,2023 — $ 613,2275,10-K,2025-03-27,https://www.sec.gov/Archives/edgar/data/850209/000143774925009620/floc20241213_10k.htm
FL,balance,2023-02-01,instant,Short-term lease costs,1,48.0,1000000,USD,2023 — $ 613,2270,10-K,2025-03-27,https://www.sec.gov/Archives/edgar/data/850209/000143774925009620/floc20241213_10k.htm
FL,balance,2023-02-01,instant,Sublease income,1,1.0,1000000,USD,2023 — $ 613,2271,10-K,2025-03-27,https://www.sec.gov/Archives/edgar/data/850209/000143774925009620/floc20241213_10k.htm
FL,balance,2023-02-01,instant,Total finance lease costs,1,8.0,1000000,USD,2023 — $ 613,2276,10-K,2025-03-27,https://www.sec.gov/Archives/edgar/data/850209/000143774925009620/floc20241213_10k.htm
FL,balance,2023-02-01,instant,Total lease cost,1,972.0,1000000,USD,2023 — $ 613,2277,10-K,2025-03-27,https://www.sec.gov/Archives/edgar/data/850209/000143774925009620/floc20241213_10k.htm
FL,balance,2023-02-01,instant,Total operating lease costs,1,964.0,1000000,USD,2023 — $ 613,2272,10-K,2025-03-27,https://www.sec.gov/Archives/edgar/data/850209/000143774925009620/floc20241213_10k.htm
FL,balance,2023-02-01,instant,Variable lease costs,1,304.0,1000000,USD,2023 — $ 613,2269,10-K,2025-03-27,https://www.sec.gov/Archives/edgar/data/850209/000143774925009620/floc20241213_10k.htm
FL,income,2023-02-01,annual,Cost of sales,1,5895.0,1000000,USD,"2023 — $ 8,154",1288,10-K,2025-03-27,https://www.sec.gov/Archives/edgar/data/850209/000143774925009620/floc20241213_10k.htm
FL,income,2023-02-01,annual,Depreciation and amortization,1,199.0,1000000,USD,"2023 — $ 8,154",1290,10-K,2025-03-27,https://www.sec.gov/Archives/edgar/data/850209/000143774925009620/floc20241213_10k.htm
FL,income,2023-02-01,annual,"Earnings (loss) per share from continuing operations attributable to Foot Locker, Inc.",1,3.51,1000000,USD,"2023 — $ 8,154",1305,10-K,2025-03-27,https://www.sec.gov/Archives/edgar/data/850209/000143774925009620/floc20241213_10k.htm
FL,income,2023-02-01,annual,"Earnings (loss) per share from continuing operations attributable to Foot Locker, Inc.",2,3.51,1000000,USD,"2023 — $ 8,154",1311,10-K,2025-03-27,https://www.sec.gov/Archives/edgar/data/850209/000143774925009620/floc20241213_10k.htm
FL,income,2023-02-01,annual,Impairment and other,1,80.0,1000000,USD,"2023 — $ 8,154",1291,10-K,2025-03-27,https://www.sec.gov/Archives/edgar/data/850209/000143774925009620/floc20241213_10k.htm
FL,income,2023-02-01,annual,Income (loss) from continuing operations before income taxes,1,423.0,1000000,USD,"2023 — $ 8,154",1296,10-K,2025-03-27,https://www.sec.gov/Archives/edgar/data/850209/000143774925009620/floc20241213_10k.htm
FL,income,2023-02-01,annual,Income from operations,1,142.0,1000000,USD,"2023 — $ 8,154",1292,10-K,2025-03-27,https://www.sec.gov/Archives/edgar/data/850209/000143774925009620/floc20241213_10k.htm
FL,income,2023-02-01,annual,Income tax expense (benefit),1,93.0,1000000,USD,"2023 — $ 8,154",1297,10-K,2025-03-27,https://www.sec.gov/Archives/edgar/data/850209/000143774925009620/floc20241213_10k.htm
FL,income,2023-02-01,annual,"Interest expense, net",1,9.0,1000000,USD,"2023 — $ 8,154",1294,10-K,2025-03-27,https://www.sec.gov/Archives/edgar/data/850209/000143774925009620/floc20241213_10k.htm
FL,income,2023-02-01,annual,Licensing revenue,1,14.0,1000000,USD,"2023 — $ 8,154",1285,10-K,2025-03-27,https://www.sec.gov/Archives/edgar/data/850209/000143774925009620/floc20241213_10k.htm
FL,income,2023-02-01,annual,"Net earnings (loss) per share attributable to Foot Locker, Inc.",1,3.51,1000000,USD,"2023 — $ 8,154",1307,10-K,2025-03-27,https://www.sec.gov/Archives/edgar/data/850209/000143774925009620/floc20241213_10k.htm
FL,income,2023-02-01,annual,"Net earnings (loss) per share attributable to Foot Locker, Inc.",2,3.51,1000000,USD,"2023 — $ 8,154",1313,10-K,2025-03-27,https://www.sec.gov/Archives/edgar/data/850209/000143774925009620/floc20241213_10k.htm
FL,income,2023-02-01,annual,Net income (loss),1,330.0,1000000,USD,"2023 — $ 8,154",1300,10-K,2025-03-27,https://www.sec.gov/Archives/edgar/data/850209/000143774925009620/floc20241213_10k.htm
FL,income,2023-02-01,annual,"Net income (loss) attributable to Foot Locker, Inc.",1,330.0,1000000,USD,"2023 — $ 8,154",1302,10-K,2025-03-27,https://www.sec.gov/Archives/edgar/data/850209/000143774925009620/floc20241213_10k.htm
FL,income,2023-02-01,annual,Net income (loss) from continuing operations,1,330.0,1000000,USD,"2023 — $ 8,154",1298,10-K,2025-03-27,https://www.sec.gov/Archives/edgar/data/850209/000143774925009620/floc20241213_10k.htm
FL,income,2023-02-01,annual,"Other (expense) income, net",1,556.0,1000000,USD,"2023 — $ 8,154",1295,10-K,2025-03-27,https://www.sec.gov/Archives/edgar/data/850209/000143774925009620/floc20241213_10k.htm
FL,income,2023-02-01,annual,"Selling, general and administrative expenses",1,1852.0,1000000,USD,"2023 — $ 8,154",1289,10-K,2025-03-27,https://www.sec.gov/Archives/edgar/data/850209/000143774925009620/floc20241213_10k.htm
FL,income,2023-02-01,annual,Total revenue,1,8168.0,1000000,USD,"2023 — $ 8,154",1286,10-K,2025-03-27,https://www.sec.gov/Archives/edgar/data/850209/000143774925009620/floc20241213_10k.htm
FL,income,2023-02-01,annual,Weighted-average shares outstanding,1,94.2,1000000,USD,"2023 — $ 8,154",1308,10-K,2025-03-27,https://www.sec.gov/Archives/edgar/data/850209/000143774925009620/floc20241213_10k.htm
FL,income,2023-02-01,annual,"Weighted-average shares outstanding, assuming dilution",1,94.2,1000000,USD,"2023 — $ 8,154",1314,10-K,2025-03-27,https://www.sec.gov/Archives/edgar/data/850209/000143774925009620/floc20241213_10k.htm
FL,balance,2023-02-03,instant,Amortization of leased assets,1,6.0,1000000,USD,2023 — $ 613,2238,10-K,2024-03-28,https://www.sec.gov/Archives/edgar/data/850209/000143774924009866/floc20240203_10k.htm
FL,balance,2023-02-03,instant,Interest on lease liabilities,1,2.0,1000000,USD,2023 — $ 613,2239,10-K,2024-03-28,https://www.sec.gov/Archives/edgar/data/850209/000143774924009866/floc20240203_10k.htm
FL,balance,2023-02-03,instant,Short-term lease costs,1,48.0,1000000,USD,2023 — $ 613,2234,10-K,2024-03-28,https://www.sec.gov/Archives/edgar/data/850209/000143774924009866/floc20240203_10k.htm
FL,balance,2023-02-03,instant,Sublease income,1,1.0,1000000,USD,2023 — $ 613,2235,10-K,2024-03-28,https://www.sec.gov/Archives/edgar/data/850209/000143774924009866/floc20240203_10k.htm
FL,balance,2023-02-03,instant,Total finance lease costs,1,8.0,1000000,USD,2023 — $ 613,2240,10-K,2024-03-28,https://www.sec.gov/Archives/edgar/data/850209/000143774924009866/floc20240203_10k.htm
FL,balance,2023-02-03,instant,Total lease cost,1,972.0,1000000,USD,2023 — $ 613,2241,10-K,2024-03-28,https://www.sec.gov/Archives/edgar/data/850209/000143774924009866/floc20240203_10k.htm
FL,balance,2023-02-03,instant,Total operating lease costs,1,964.0,1000000,USD,2023 — $ 613,2236,10-K,2024-03-28,https://www.sec.gov/Archives/edgar/data/850209/000143774924009866/floc20240203_10k.htm
FL,balance,2023-02-03,instant,Variable lease costs,1,304.0,1000000,USD,2023 — $ 613,2233,10-K,2024-03-28,https://www.sec.gov/Archives/edgar/data/850209/000143774924009866/floc20240203_10k.htm
FL,cash_flow,2023-02-03,annual,Accounts payable,1,122.0,1000000,USD,2023,1474,10-K,2024-03-28,https://www.sec.gov/Archives/edgar/data/850209/000143774924009866/floc20240203_10k.htm
FL,cash_flow,2023-02-03,annual,Accrued and other liabilities,1,109.0,1000000,USD,2023,1475,10-K,2024-03-28,https://www.sec.gov/Archives/edgar/data/850209/000143774924009866/floc20240203_10k.htm
FL,cash_flow,2023-02-03,annual,Assets obtained in exchange for finance lease obligations,1,1.0,1000000,USD,2023,1512,10-K,2024-03-28,https://www.sec.gov/Archives/edgar/data/850209/000143774924009866/floc20240203_10k.htm
FL,cash_flow,2023-02-03,annual,Capital expenditures,1,242.0,1000000,USD,2023,1480,10-K,2024-03-28,https://www.sec.gov/Archives/edgar/data/850209/000143774924009866/floc20240203_10k.htm
FL,cash_flow,2023-02-03,annual,Cash paid for amounts included in measurement of finance lease liabilities,1,8.0,1000000,USD,2023,1510,10-K,2024-03-28,https://www.sec.gov/Archives/edgar/data/850209/000143774924009866/floc20240203_10k.htm
FL,cash_flow,2023-02-03,annual,Cash paid for amounts included in measurement of operating lease liabilities,1,681.0,1000000,USD,2023,1509,10-K,2024-03-28,https://www.sec.gov/Archives/edgar/data/850209/000143774924009866/floc20240203_10k.htm
FL,cash_flow,2023-02-03,annual,"Cash, cash equivalents, and restricted cash at beginning of year",1,582.0,1000000,USD,2023,1503,10-K,2024-03-28,https://www.sec.gov/Archives/edgar/data/850209/000143774924009866/floc20240203_10k.htm
FL,cash_flow,2023-02-03,annual,"Cash, cash equivalents, and restricted cash at end of period",1,334.0,1000000,USD,2023,1504,10-K,2024-03-28,https://www.sec.gov/Archives/edgar/data/850209/000143774924009866/floc20240203_10k.htm
FL,cash_flow,2023-02-03,annual,Deferred income taxes,1,136.0,1000000,USD,2023,1468,10-K,2024-03-28,https://www.sec.gov/Archives/edgar/data/850209/000143774924009866/floc20240203_10k.htm
FL,cash_flow,2023-02-03,annual,Depreciation and amortization,1,199.0,1000000,USD,2023,1467,10-K,2024-03-28,https://www.sec.gov/Archives/edgar/data/850209/000143774924009866/floc20240203_10k.htm
FL,cash_flow,2023-02-03,annual,Dividends paid on common stock,1,113.0,1000000,USD,2023,1490,10-K,2024-03-28,https://www.sec.gov/Archives/edgar/data/850209/000143774924009866/floc20240203_10k.htm
FL,cash_flow,2023-02-03,annual,"Effect of exchange rate fluctuations on cash, cash equivalents, and restricted cash",1,3.0,1000000,USD,2023,1501,10-K,2024-03-28,https://www.sec.gov/Archives/edgar/data/850209/000143774924009866/floc20240203_10k.htm
FL,cash_flow,2023-02-03,annual,Fair value adjustments to minority investments,1,478.0,1000000,USD,2023,1465,10-K,2024-03-28,https://www.sec.gov/Archives/edgar/data/850209/000143774924009866/floc20240203_10k.htm
FL,cash_flow,2023-02-03,annual,Fair value change in contingent consideration,1,4.0,1000000,USD,2023,1466,10-K,2024-03-28,https://www.sec.gov/Archives/edgar/data/850209/000143774924009866/floc20240203_10k.htm
FL,cash_flow,2023-02-03,annual,Gain on sale of property,1,3.0,1000000,USD,2023,1471,10-K,2024-03-28,https://www.sec.gov/Archives/edgar/data/850209/000143774924009866/floc20240203_10k.htm
FL,cash_flow,2023-02-03,annual,Gain on sales of businesses,1,3.0,1000000,USD,2023,1470,10-K,2024-03-28,https://www.sec.gov/Archives/edgar/data/850209/000143774924009866/floc20240203_10k.htm
FL,cash_flow,2023-02-03,annual,Income taxes paid,1,97.0,1000000,USD,2023,1508,10-K,2024-03-28,https://www.sec.gov/Archives/edgar/data/850209/000143774924009866/floc20240203_10k.htm
FL,cash_flow,2023-02-03,annual,Interest paid,1,18.0,1000000,USD,2023,1507,10-K,2024-03-28,https://www.sec.gov/Archives/edgar/data/850209/000143774924009866/floc20240203_10k.htm
FL,cash_flow,2023-02-03,annual,Merchandise inventories,1,120.0,1000000,USD,2023,1473,10-K,2024-03-28,https://www.sec.gov/Archives/edgar/data/850209/000143774924009866/floc20240203_10k.htm
FL,cash_flow,2023-02-03,annual,Minority investments,1,2.0,1000000,USD,2023,1482,10-K,2024-03-28,https://www.sec.gov/Archives/edgar/data/850209/000143774924009866/floc20240203_10k.htm
FL,cash_flow,2023-02-03,annual,Net (loss) income,1,330.0,1000000,USD,2023,1461,10-K,2024-03-28,https://www.sec.gov/Archives/edgar/data/850209/000143774924009866/floc20240203_10k.htm
FL,cash_flow,2023-02-03,annual,Net cash provided by operating activities,1,91.0,1000000,USD,2023,1478,10-K,2024-03-28,https://www.sec.gov/Archives/edgar/data/850209/000143774924009866/floc20240203_10k.htm
FL,cash_flow,2023-02-03,annual,Net cash used in financing activities,1,120.0,1000000,USD,2023,1500,10-K,2024-03-28,https://www.sec.gov/Archives/edgar/data/850209/000143774924009866/floc20240203_10k.htm
FL,cash_flow,2023-02-03,annual,Net cash used in investing activities,1,222.0,1000000,USD,2023,1487,10-K,2024-03-28,https://www.sec.gov/Archives/edgar/data/850209/000143774924009866/floc20240203_10k.htm
FL,cash_flow,2023-02-03,annual,"Net change in cash, cash equivalents, and restricted cash",1,248.0,1000000,USD,2023,1502,10-K,2024-03-28,https://www.sec.gov/Archives/edgar/data/850209/000143774924009866/floc20240203_10k.htm
FL,cash_flow,2023-02-03,annual,Non-cash impairment and other,1,40.0,1000000,USD,2023,1463,10-K,2024-03-28,https://www.sec.gov/Archives/edgar/data/850209/000143774924009866/floc20240203_10k.htm
FL,cash_flow,2023-02-03,annual,"Other, net",1,127.0,1000000,USD,2023,1477,10-K,2024-03-28,https://www.sec.gov/Archives/edgar/data/850209/000143774924009866/floc20240203_10k.htm
FL,cash_flow,2023-02-03,annual,Payment of long-term debt and obligations under finance leases,1,6.0,1000000,USD,2023,1492,10-K,2024-03-28,https://www.sec.gov/Archives/edgar/data/850209/000143774924009866/floc20240203_10k.htm
FL,cash_flow,2023-02-03,annual,Pension settlement charge,1,75.0,1000000,USD,2023,1464,10-K,2024-03-28,https://www.sec.gov/Archives/edgar/data/850209/000143774924009866/floc20240203_10k.htm
FL,cash_flow,2023-02-03,annual,Proceeds from exercise of stock options,1,5.0,1000000,USD,2023,1494,10-K,2024-03-28,https://www.sec.gov/Archives/edgar/data/850209/000143774924009866/floc20240203_10k.htm
FL,cash_flow,2023-02-03,annual,Proceeds from sale of property,1,6.0,1000000,USD,2023,1485,10-K,2024-03-28,https://www.sec.gov/Archives/edgar/data/850209/000143774924009866/floc20240203_10k.htm
FL,cash_flow,2023-02-03,annual,Proceeds from sales of businesses,1,16.0,1000000,USD,2023,1483,10-K,2024-03-28,https://www.sec.gov/Archives/edgar/data/850209/000143774924009866/floc20240203_10k.htm
FL,cash_flow,2023-02-03,annual,Proceeds from the revolving credit facility,1,146.0,1000000,USD,2023,1495,10-K,2024-03-28,https://www.sec.gov/Archives/edgar/data/850209/000143774924009866/floc20240203_10k.htm
FL,cash_flow,2023-02-03,annual,Repayment of the revolving credit facility,1,146.0,1000000,USD,2023,1489,10-K,2024-03-28,https://www.sec.gov/Archives/edgar/data/850209/000143774924009866/floc20240203_10k.htm
FL,cash_flow,2023-02-03,annual,Right-of-use assets obtained in exchange for operating lease obligations,1,295.0,1000000,USD,2023,1511,10-K,2024-03-28,https://www.sec.gov/Archives/edgar/data/850209/000143774924009866/floc20240203_10k.htm
FL,cash_flow,2023-02-03,annual,Share-based compensation expense,1,13.0,1000000,USD,2023,1469,10-K,2024-03-28,https://www.sec.gov/Archives/edgar/data/850209/000143774924009866/floc20240203_10k.htm
FL,cash_flow,2023-02-03,annual,Shares of common stock repurchased to satisfy tax withholding obligations,1,10.0,1000000,USD,2023,1491,10-K,2024-03-28,https://www.sec.gov/Archives/edgar/data/850209/000143774924009866/floc20240203_10k.htm
FL,cash_flow,2023-02-03,annual,Treasury stock reissued under employee stock plan,1,4.0,1000000,USD,2023,1493,10-K,2024-03-28,https://www.sec.gov/Archives/edgar/data/850209/000143774924009866/floc20240203_10k.htm
FL,income,2023-02-03,annual,"(Loss) earnings per share from continuing operations attributable to Foot Locker, Inc.",1,3.51,1000000,USD,"2023 — $ 8,154",1311,10-K,2024-03-28,https://www.sec.gov/Archives/edgar/data/850209/000143774924009866/floc20240203_10k.htm
FL,income,2023-02-03,annual,"(Loss) earnings per share from continuing operations attributable to Foot Locker, Inc.",2,3.51,1000000,USD,"2023 — $ 8,154",1317,10-K,2024-03-28,https://www.sec.gov/Archives/edgar/data/850209/000143774924009866/floc20240203_10k.htm
FL,income,2023-02-03,annual,(Loss) income from continuing operations before income taxes,1,423.0,1000000,USD,"2023 — $ 8,154",1302,10-K,2024-03-28,https://www.sec.gov/Archives/edgar/data/850209/000143774924009866/floc20240203_10k.htm
FL,income,2023-02-03,annual,Cost of sales,1,5895.0,1000000,USD,"2023 — $ 8,154",1294,10-K,2024-03-28,https://www.sec.gov/Archives/edgar/data/850209/000143774924009866/floc20240203_10k.htm
FL,income,2023-02-03,annual,Depreciation and amortization,1,199.0,1000000,USD,"2023 — $ 8,154",1296,10-K,2024-03-28,https://www.sec.gov/Archives/edgar/data/850209/000143774924009866/floc20240203_10k.htm
FL,income,2023-02-03,annual,Impairment and other,1,80.0,1000000,USD,"2023 — $ 8,154",1297,10-K,2024-03-28,https://www.sec.gov/Archives/edgar/data/850209/000143774924009866/floc20240203_10k.htm
FL,income,2023-02-03,annual,Income from operations,1,142.0,1000000,USD,"2023 — $ 8,154",1298,10-K,2024-03-28,https://www.sec.gov/Archives/edgar/data/850209/000143774924009866/floc20240203_10k.htm
FL,income,2023-02-03,annual,Income tax (benefit) expense,1,93.0,1000000,USD,"2023 — $ 8,154",1303,10-K,2024-03-28,https://www.sec.gov/Archives/edgar/data/850209/000143774924009866/floc20240203_10k.htm
FL,income,2023-02-03,annual,"Interest expense, net",1,9.0,1000000,USD,"2023 — $ 8,154",1300,10-K,2024-03-28,https://www.sec.gov/Archives/edgar/data/850209/000143774924009866/floc20240203_10k.htm
FL,income,2023-02-03,annual,Licensing revenue,1,14.0,1000000,USD,"2023 — $ 8,154",1291,10-K,2024-03-28,https://www.sec.gov/Archives/edgar/data/850209/000143774924009866/floc20240203_10k.htm
FL,income,2023-02-03,annual,"Net (loss) earnings per share attributable to Foot Locker, Inc.",1,3.51,1000000,USD,"2023 — $ 8,154",1313,10-K,2024-03-28,https://www.sec.gov/Archives/edgar/data/850209/000143774924009866/floc20240203_10k.htm
FL,income,2023-02-03,annual,"Net (loss) earnings per share attributable to Foot Locker, Inc.",2,3.51,1000000,USD,"2023 — $ 8,154",1319,10-K,2024-03-28,https://www.sec.gov/Archives/edgar/data/850209/000143774924009866/floc20240203_10k.htm
FL,income,2023-02-03,annual,Net (loss) income,1,330.0,1000000,USD,"2023 — $ 8,154",1306,10-K,2024-03-28,https://www.sec.gov/Archives/edgar/data/850209/000143774924009866/floc20240203_10k.htm
FL,income,2023-02-03,annual,"Net (loss) income attributable to Foot Locker, Inc.",1,330.0,1000000,USD,"2023 — $ 8,154",1308,10-K,2024-03-28,https://www.sec.gov/Archives/edgar/data/850209/000143774924009866/floc20240203_10k.htm
FL,income,2023-02-03,annual,Net (loss) income from continuing operations,1,330.0,1000000,USD,"2023 — $ 8,154",1304,10-K,2024-03-28,https://www.sec.gov/Archives/edgar/data/850209/000143774924009866/floc20240203_10k.htm
FL,income,2023-02-03,annual,"Other (expense) income, net",1,556.0,1000000,USD,"2023 — $ 8,154",1301,10-K,2024-03-28,https://www.sec.gov/Archives/edgar/data/850209/000143774924009866/floc20240203_10k.htm
FL,income,2023-02-03,annual,"Selling, general and administrative expenses",1,1852.0,1000000,USD,"2023 — $ 8,154",1295,10-K,2024-03-28,https://www.sec.gov/Archives/edgar/data/850209/000143774924009866/floc20240203_10k.htm
FL,income,2023-02-03,annual,Total revenue,1,8168.0,1000000,USD,"2023 — $ 8,154",1292,10-K,2024-03-28,https://www.sec.gov/Archives/edgar/data/850209/000143774924009866/floc20240203_10k.htm
FL,income,2023-02-03,annual,Weighted-average shares outstanding,1,94.2,1000000,USD,"2023 — $ 8,154",1314,10-K,2024-03-28,https://www.sec.gov/Archives/edgar/data/850209/000143774924009866/floc20240203_10k.htm
FL,income,2023-02-03,annual,"Weighted-average shares outstanding, assuming dilution",1,94.2,1000000,USD,"2023 — $ 8,154",1320,10-K,2024-03-28,https://www.sec.gov/Archives/edgar/data/850209/000143774924009866/floc20240203_10k.htm
FL,balance,2024-02-01,instant,Amortization of leased assets,1,6.0,1000000,USD,2024 — $ 643,2274,10-K,2025-03-27,https://www.sec.gov/Archives/edgar/data/850209/000143774925009620/floc20241213_10k.htm
FL,balance,2024-02-01,instant,Interest on lease liabilities,1,2.0,1000000,USD,2024 — $ 643,2275,10-K,2025-03-27,https://www.sec.gov/Archives/edgar/data/850209/000143774925009620/floc20241213_10k.htm
FL,balance,2024-02-01,instant,Short-term lease costs,1,16.0,1000000,USD,2024 — $ 643,2270,10-K,2025-03-27,https://www.sec.gov/Archives/edgar/data/850209/000143774925009620/floc20241213_10k.htm
FL,balance,2024-02-01,instant,Total finance lease costs,1,8.0,1000000,USD,2024 — $ 643,2276,10-K,2025-03-27,https://www.sec.gov/Archives/edgar/data/850209/000143774925009620/floc20241213_10k.htm
FL,balance,2024-02-01,instant,Total lease cost,1,939.0,1000000,USD,2024 — $ 643,2277,10-K,2025-03-27,https://www.sec.gov/Archives/edgar/data/850209/000143774925009620/floc20241213_10k.htm
FL,balance,2024-02-01,instant,Total operating lease costs,1,931.0,1000000,USD,2024 — $ 643,2272,10-K,2025-03-27,https://www.sec.gov/Archives/edgar/data/850209/000143774925009620/floc20241213_10k.htm
FL,balance,2024-02-01,instant,Variable lease costs,1,272.0,1000000,USD,2024 — $ 643,2269,10-K,2025-03-27,https://www.sec.gov/Archives/edgar/data/850209/000143774925009620/floc20241213_10k.htm
FL,cash_flow,2024-02-01,annual,Accounts payable,1,18.0,1000000,USD,2024,1467,10-K,2025-03-27,https://www.sec.gov/Archives/edgar/data/850209/000143774925009620/floc20241213_10k.htm
FL,cash_flow,2024-02-01,annual,Accrued and other liabilities,1,11.0,1000000,USD,2024,1468,10-K,2025-03-27,https://www.sec.gov/Archives/edgar/data/850209/000143774925009620/floc20241213_10k.htm
FL,cash_flow,2024-02-01,annual,Assets obtained in exchange for finance lease obligations,1,4.0,1000000,USD,2024,1502,10-K,2025-03-27,https://www.sec.gov/Archives/edgar/data/850209/000143774925009620/floc20241213_10k.htm
FL,cash_flow,2024-02-01,annual,Capital expenditures,1,240.0,1000000,USD,2024,1472,10-K,2025-03-27,https://www.sec.gov/Archives/edgar/data/850209/000143774925009620/floc20241213_10k.htm
FL,cash_flow,2024-02-01,annual,Cash paid for amounts included in measurement of finance lease liabilities,1,8.0,1000000,USD,2024,1500,10-K,2025-03-27,https://www.sec.gov/Archives/edgar/data/850209/000143774925009620/floc20241213_10k.htm
FL,cash_flow,2024-02-01,annual,Cash paid for amounts included in measurement of operating lease liabilities,1,723.0,1000000,USD,2024,1499,10-K,2025-03-27,https://www.sec.gov/Archives/edgar/data/850209/000143774925009620/floc20241213_10k.htm
FL,cash_flow,2024-02-01,annual,"Cash, cash equivalents, and restricted cash at beginning of year",1,334.0,1000000,USD,2024,1493,10-K,2025-03-27,https://www.sec.gov/Archives/edgar/data/850209/000143774925009620/floc20241213_10k.htm
FL,cash_flow,2024-02-01,annual,"Cash, cash equivalents, and restricted cash at end of period",1,430.0,1000000,USD,2024,1494,10-K,2025-03-27,https://www.sec.gov/Archives/edgar/data/850209/000143774925009620/floc20241213_10k.htm
FL,cash_flow,2024-02-01,annual,Deferred income taxes,1,28.0,1000000,USD,2024,1460,10-K,2025-03-27,https://www.sec.gov/Archives/edgar/data/850209/000143774925009620/floc20241213_10k.htm
FL,cash_flow,2024-02-01,annual,Depreciation and amortization,1,202.0,1000000,USD,2024,1456,10-K,2025-03-27,https://www.sec.gov/Archives/edgar/data/850209/000143774925009620/floc20241213_10k.htm
FL,cash_flow,2024-02-01,annual,"Effect of exchange rate fluctuations on cash, cash equivalents, and restricted cash",1,2.0,1000000,USD,2024,1491,10-K,2025-03-27,https://www.sec.gov/Archives/edgar/data/850209/000143774925009620/floc20241213_10k.htm
FL,cash_flow,2024-02-01,annual,Impairment and fair value adjustment in minority investments,1,35.0,1000000,USD,2024,1458,10-K,2025-03-27,https://www.sec.gov/Archives/edgar/data/850209/000143774925009620/floc20241213_10k.htm
FL,cash_flow,2024-02-01,annual,Income taxes paid,1,76.0,1000000,USD,2024,1498,10-K,2025-03-27,https://www.sec.gov/Archives/edgar/data/850209/000143774925009620/floc20241213_10k.htm
FL,cash_flow,2024-02-01,annual,Interest paid,1,22.0,1000000,USD,2024,1497,10-K,2025-03-27,https://www.sec.gov/Archives/edgar/data/850209/000143774925009620/floc20241213_10k.htm
FL,cash_flow,2024-02-01,annual,Merchandise inventories,1,40.0,1000000,USD,2024,1466,10-K,2025-03-27,https://www.sec.gov/Archives/edgar/data/850209/000143774925009620/floc20241213_10k.htm
FL,cash_flow,2024-02-01,annual,Minority investments,1,1.0,1000000,USD,2024,1473,10-K,2025-03-27,https://www.sec.gov/Archives/edgar/data/850209/000143774925009620/floc20241213_10k.htm
FL,cash_flow,2024-02-01,annual,Net cash provided by operating activities,1,345.0,1000000,USD,2024,1470,10-K,2025-03-27,https://www.sec.gov/Archives/edgar/data/850209/000143774925009620/floc20241213_10k.htm
FL,cash_flow,2024-02-01,annual,Net cash used in financing activities,1,7.0,1000000,USD,2024,1490,10-K,2025-03-27,https://www.sec.gov/Archives/edgar/data/850209/000143774925009620/floc20241213_10k.htm
FL,cash_flow,2024-02-01,annual,Net cash used in investing activities,1,240.0,1000000,USD,2024,1478,10-K,2025-03-27,https://www.sec.gov/Archives/edgar/data/850209/000143774925009620/floc20241213_10k.htm
FL,cash_flow,2024-02-01,annual,"Net change in cash, cash equivalents, and restricted cash",1,96.0,1000000,USD,2024,1492,10-K,2025-03-27,https://www.sec.gov/Archives/edgar/data/850209/000143774925009620/floc20241213_10k.htm
FL,cash_flow,2024-02-01,annual,Net income (loss),1,12.0,1000000,USD,2024,1454,10-K,2025-03-27,https://www.sec.gov/Archives/edgar/data/850209/000143774925009620/floc20241213_10k.htm
FL,cash_flow,2024-02-01,annual,Non-cash impairment and other,1,57.0,1000000,USD,2024,1457,10-K,2025-03-27,https://www.sec.gov/Archives/edgar/data/850209/000143774925009620/floc20241213_10k.htm
FL,cash_flow,2024-02-01,annual,"Other, net",1,57.0,1000000,USD,2024,1469,10-K,2025-03-27,https://www.sec.gov/Archives/edgar/data/850209/000143774925009620/floc20241213_10k.htm
FL,cash_flow,2024-02-01,annual,Payment of debt issuance costs,1,4.0,1000000,USD,2024,1482,10-K,2025-03-27,https://www.sec.gov/Archives/edgar/data/850209/000143774925009620/floc20241213_10k.htm
FL,cash_flow,2024-02-01,annual,Payment of long-term debt and obligations under finance leases,1,6.0,1000000,USD,2024,1480,10-K,2025-03-27,https://www.sec.gov/Archives/edgar/data/850209/000143774925009620/floc20241213_10k.htm
FL,cash_flow,2024-02-01,annual,Proceeds from exercise of stock options,1,5.0,1000000,USD,2024,1483,10-K,2025-03-27,https://www.sec.gov/Archives/edgar/data/850209/000143774925009620/floc20241213_10k.htm
FL,cash_flow,2024-02-01,annual,Proceeds from minority investments,1,1.0,1000000,USD,2024,1474,10-K,2025-03-27,https://www.sec.gov/Archives/edgar/data/850209/000143774925009620/floc20241213_10k.htm
FL,cash_flow,2024-02-01,annual,Right-of-use assets obtained in exchange for operating lease obligations,1,484.0,1000000,USD,2024,1501,10-K,2025-03-27,https://www.sec.gov/Archives/edgar/data/850209/000143774925009620/floc20241213_10k.htm
FL,cash_flow,2024-02-01,annual,Share-based compensation expense,1,21.0,1000000,USD,2024,1459,10-K,2025-03-27,https://www.sec.gov/Archives/edgar/data/850209/000143774925009620/floc20241213_10k.htm
FL,cash_flow,2024-02-01,annual,Shares of common stock repurchased to satisfy tax withholding obligations,1,5.0,1000000,USD,2024,1481,10-K,2025-03-27,https://www.sec.gov/Archives/edgar/data/850209/000143774925009620/floc20241213_10k.htm
FL,cash_flow,2024-02-01,annual,Treasury stock reissued under employee stock plan,1,3.0,1000000,USD,2024,1484,10-K,2025-03-27,https://www.sec.gov/Archives/edgar/data/850209/000143774925009620/floc20241213_10k.htm
FL,income,2024-02-01,annual,Cost of sales,1,5666.0,1000000,USD,"2024 — $ 7,971",1288,10-K,2025-03-27,https://www.sec.gov/Archives/edgar/data/850209/000143774925009620/floc20241213_10k.htm
FL,income,2024-02-01,annual,Depreciation and amortization,1,202.0,1000000,USD,"2024 — $ 7,971",1290,10-K,2025-03-27,https://www.sec.gov/Archives/edgar/data/850209/000143774925009620/floc20241213_10k.htm
FL,income,2024-02-01,annual,"Earnings (loss) per share from continuing operations attributable to Foot Locker, Inc.",1,0.19,1000000,USD,"2024 — $ 7,971",1305,10-K,2025-03-27,https://www.sec.gov/Archives/edgar/data/850209/000143774925009620/floc20241213_10k.htm
FL,income,2024-02-01,annual,"Earnings (loss) per share from continuing operations attributable to Foot Locker, Inc.",2,0.19,1000000,USD,"2024 — $ 7,971",1311,10-K,2025-03-27,https://www.sec.gov/Archives/edgar/data/850209/000143774925009620/floc20241213_10k.htm
FL,income,2024-02-01,annual,Impairment and other,1,97.0,1000000,USD,"2024 — $ 7,971",1291,10-K,2025-03-27,https://www.sec.gov/Archives/edgar/data/850209/000143774925009620/floc20241213_10k.htm
FL,income,2024-02-01,annual,Income (loss) from continuing operations before income taxes,1,51.0,1000000,USD,"2024 — $ 7,971",1296,10-K,2025-03-27,https://www.sec.gov/Archives/edgar/data/850209/000143774925009620/floc20241213_10k.htm
FL,income,2024-02-01,annual,Income from operations,1,103.0,1000000,USD,"2024 — $ 7,971",1292,10-K,2025-03-27,https://www.sec.gov/Archives/edgar/data/850209/000143774925009620/floc20241213_10k.htm
FL,income,2024-02-01,annual,Income tax expense (benefit),1,33.0,1000000,USD,"2024 — $ 7,971",1297,10-K,2025-03-27,https://www.sec.gov/Archives/edgar/data/850209/000143774925009620/floc20241213_10k.htm
FL,income,2024-02-01,annual,"Interest expense, net",1,8.0,1000000,USD,"2024 — $ 7,971",1294,10-K,2025-03-27,https://www.sec.gov/Archives/edgar/data/850209/000143774925009620/floc20241213_10k.htm
FL,income,2024-02-01,annual,Licensing revenue,1,17.0,1000000,USD,"2024 — $ 7,971",1285,10-K,2025-03-27,https://www.sec.gov/Archives/edgar/data/850209/000143774925009620/floc20241213_10k.htm
FL,income,2024-02-01,annual,"Loss per share from discontinued operations, net of tax",1,0.06,1000000,USD,"2024 — $ 7,971",1306,10-K,2025-03-27,https://www.sec.gov/Archives/edgar/data/850209/000143774925009620/floc20241213_10k.htm
FL,income,2024-02-01,annual,"Net earnings (loss) per share attributable to Foot Locker, Inc.",1,0.13,1000000,USD,"2024 — $ 7,971",1307,10-K,2025-03-27,https://www.sec.gov/Archives/edgar/data/850209/000143774925009620/floc20241213_10k.htm
FL,income,2024-02-01,annual,"Net earnings (loss) per share attributable to Foot Locker, Inc.",2,0.13,1000000,USD,"2024 — $ 7,971",1313,10-K,2025-03-27,https://www.sec.gov/Archives/edgar/data/850209/000143774925009620/floc20241213_10k.htm
FL,income,2024-02-01,annual,Net income (loss),1,12.0,1000000,USD,"2024 — $ 7,971",1300,10-K,2025-03-27,https://www.sec.gov/Archives/edgar/data/850209/000143774925009620/floc20241213_10k.htm
FL,income,2024-02-01,annual,"Net income (loss) attributable to Foot Locker, Inc.",1,12.0,1000000,USD,"2024 — $ 7,971",1302,10-K,2025-03-27,https://www.sec.gov/Archives/edgar/data/850209/000143774925009620/floc20241213_10k.htm
FL,income,2024-02-01,annual,Net income (loss) from continuing operations,1,18.0,1000000,USD,"2024 — $ 7,971",1298,10-K,2025-03-27,https://www.sec.gov/Archives/edgar/data/850209/000143774925009620/floc20241213_10k.htm
FL,income,2024-02-01,annual,"Net loss from discontinued operations, net of tax",1,6.0,1000000,USD,"2024 — $ 7,971",1299,10-K,2025-03-27,https://www.sec.gov/Archives/edgar/data/850209/000143774925009620/floc20241213_10k.htm
FL,income,2024-02-01,annual,"Net loss per share from discontinued operations, net of tax",1,0.06,1000000,USD,"2024 — $ 7,971",1312,10-K,2025-03-27,https://www.sec.gov/Archives/edgar/data/850209/000143774925009620/floc20241213_10k.htm
FL,income,2024-02-01,annual,"Other (expense) income, net",1,44.0,1000000,USD,"2024 — $ 7,971",1295,10-K,2025-03-27,https://www.sec.gov/Archives/edgar/data/850209/000143774925009620/floc20241213_10k.htm
FL,income,2024-02-01,annual,"Selling, general and administrative expenses",1,1920.0,1000000,USD,"2024 — $ 7,971",1289,10-K,2025-03-27,https://www.sec.gov/Archives/edgar/data/850209/000143774925009620/floc20241213_10k.htm
FL,income,2024-02-01,annual,Total revenue,1,7988.0,1000000,USD,"2024 — $ 7,971",1286,10-K,2025-03-27,https://www.sec.gov/Archives/edgar/data/850209/000143774925009620/floc20241213_10k.htm
FL,income,2024-02-01,annual,Weighted-average shares outstanding,1,95.0,1000000,USD,"2024 — $ 7,971",1308,10-K,2025-03-27,https://www.sec.gov/Archives/edgar/data/850209/000143774925009620/floc20241213_10k.htm
FL,income,2024-02-01,annual,"Weighted-average shares outstanding, assuming dilution",1,95.5,1000000,USD,"2024 — $ 7,971",1314,10-K,2025-03-27,https://www.sec.gov/Archives/edgar/data/850209/000143774925009620/floc20241213_10k.htm
FL,balance,2024-02-03,instant,Accounts payable,1,366.0,1000000,USD,"February 3, — 2024",1379,10-K,2024-03-28,https://www.sec.gov/Archives/edgar/data/850209/000143774924009866/floc20240203_10k.htm
FL,balance,2024-02-03,instant,Accrued and other liabilities,1,428.0,1000000,USD,"February 3, — 2024",1380,10-K,2024-03-28,https://www.sec.gov/Archives/edgar/data/850209/000143774924009866/floc20240203_10k.htm
FL,balance,2024-02-03,instant,Accumulated other comprehensive loss,1,366.0,1000000,USD,"February 3, — 2024",1391,10-K,2024-03-28,https://www.sec.gov/Archives/edgar/data/850209/000143774924009866/floc20240203_10k.htm
FL,balance,2024-02-03,instant,Cash and cash equivalents,1,297.0,1000000,USD,"February 3, — 2024",1363,10-K,2024-03-28,https://www.sec.gov/Archives/edgar/data/850209/000143774924009866/floc20240203_10k.htm
FL,balance,2024-02-03,instant,"Common stock and paid-in capital: 94,283,984 and 93,396,901 shares issued, respectively",1,776.0,1000000,USD,"February 3, — 2024",1389,10-K,2024-03-28,https://www.sec.gov/Archives/edgar/data/850209/000143774924009866/floc20240203_10k.htm
FL,balance,2024-02-03,instant,Current portion of debt and obligations under finance leases,1,5.0,1000000,USD,"February 3, — 2024",1381,10-K,2024-03-28,https://www.sec.gov/Archives/edgar/data/850209/000143774924009866/floc20240203_10k.htm
FL,balance,2024-02-03,instant,Current portion of lease obligations,1,492.0,1000000,USD,"February 3, — 2024",1382,10-K,2024-03-28,https://www.sec.gov/Archives/edgar/data/850209/000143774924009866/floc20240203_10k.htm
FL,balance,2024-02-03,instant,Deferred taxes,1,114.0,1000000,USD,"February 3, — 2024",1369,10-K,2024-03-28,https://www.sec.gov/Archives/edgar/data/850209/000143774924009866/floc20240203_10k.htm
FL,balance,2024-02-03,instant,Goodwill,1,768.0,1000000,USD,"February 3, — 2024",1370,10-K,2024-03-28,https://www.sec.gov/Archives/edgar/data/850209/000143774924009866/floc20240203_10k.htm
FL,balance,2024-02-03,instant,"Less: Treasury stock at cost: 60,308 and 1,489 shares, respectively",1,2.0,1000000,USD,"February 3, — 2024",1392,10-K,2024-03-28,https://www.sec.gov/Archives/edgar/data/850209/000143774924009866/floc20240203_10k.htm
FL,balance,2024-02-03,instant,Long-term debt and obligations under finance leases,1,442.0,1000000,USD,"February 3, — 2024",1384,10-K,2024-03-28,https://www.sec.gov/Archives/edgar/data/850209/000143774924009866/floc20240203_10k.htm
FL,balance,2024-02-03,instant,Long-term lease obligations,1,2004.0,1000000,USD,"February 3, — 2024",1385,10-K,2024-03-28,https://www.sec.gov/Archives/edgar/data/850209/000143774924009866/floc20240203_10k.htm
FL,balance,2024-02-03,instant,Merchandise inventories,1,1509.0,1000000,USD,"February 3, — 2024",1364,10-K,2024-03-28,https://www.sec.gov/Archives/edgar/data/850209/000143774924009866/floc20240203_10k.htm
FL,balance,2024-02-03,instant,Minority investments,1,152.0,1000000,USD,"February 3, — 2024",1372,10-K,2024-03-28,https://www.sec.gov/Archives/edgar/data/850209/000143774924009866/floc20240203_10k.htm
FL,balance,2024-02-03,instant,Operating lease right-of-use assets,1,2188.0,1000000,USD,"February 3, — 2024",1368,10-K,2024-03-28,https://www.sec.gov/Archives/edgar/data/850209/000143774924009866/floc20240203_10k.htm
FL,balance,2024-02-03,instant,Other assets,1,92.0,1000000,USD,"February 3, — 2024",1373,10-K,2024-03-28,https://www.sec.gov/Archives/edgar/data/850209/000143774924009866/floc20240203_10k.htm
FL,balance,2024-02-03,instant,Other current assets,1,419.0,1000000,USD,"February 3, — 2024",1365,10-K,2024-03-28,https://www.sec.gov/Archives/edgar/data/850209/000143774924009866/floc20240203_10k.htm
FL,balance,2024-02-03,instant,"Other intangible assets, net",1,399.0,1000000,USD,"February 3, — 2024",1371,10-K,2024-03-28,https://www.sec.gov/Archives/edgar/data/850209/000143774924009866/floc20240203_10k.htm
FL,balance,2024-02-03,instant,Other liabilities,1,241.0,1000000,USD,"February 3, — 2024",1386,10-K,2024-03-28,https://www.sec.gov/Archives/edgar/data/850209/000143774924009866/floc20240203_10k.htm
FL,balance,2024-02-03,instant,"Property and equipment, net",1,930.0,1000000,USD,"February 3, — 2024",1367,10-K,2024-03-28,https://www.sec.gov/Archives/edgar/data/850209/000143774924009866/floc20240203_10k.htm
FL,balance,2024-02-03,instant,Retained earnings,1,2482.0,1000000,USD,"February 3, — 2024",1390,10-K,2024-03-28,https://www.sec.gov/Archives/edgar/data/850209/000143774924009866/floc20240203_10k.htm
FL,balance,2024-02-03,instant,Total liabilities,1,3978.0,1000000,USD,"February 3, — 2024",1387,10-K,2024-03-28,https://www.sec.gov/Archives/edgar/data/850209/000143774924009866/floc20240203_10k.htm
FL,balance,2024-02-03,instant,Total shareholders' equity,1,2890.0,1000000,USD,"February 3, — 2024",1393,10-K,2024-03-28,https://www.sec.gov/Archives/edgar/data/850209/000143774924009866/floc20240203_10k.htm
FL,balance,2024-02-03,instant,​,2,2225.0,1000000,USD,"February 3, — 2024",1366,10-K,2024-03-28,https://www.sec.gov/Archives/edgar/data/850209/000143774924009866/floc20240203_10k.htm
FL,balance,2024-02-03,instant,​,3,6868.0,1000000,USD,"February 3, — 2024",1374,10-K,2024-03-28,https://www.sec.gov/Archives/edgar/data/850209/000143774924009866/floc20240203_10k.htm
FL,balance,2024-02-03,instant,​,6,1291.0,1000000,USD,"February 3, — 2024",1383,10-K,2024-03-28,https://www.sec.gov/Archives/edgar/data/850209/000143774924009866/floc20240203_10k.htm
FL,balance,2024-02-03,instant,​,7,6868.0,1000000,USD,"February 3, — 2024",1394,10-K,2024-03-28,https://www.sec.gov/Archives/edgar/data/850209/000143774924009866/floc20240203_10k.htm
FL,balance,2025-02-01,instant,Accounts payable,1,378.0,1000000,USD,"February 1, — 2025",1374,10-K,2025-03-27,https://www.sec.gov/Archives/edgar/data/850209/000143774925009620/floc20241213_10k.htm
FL,balance,2025-02-01,instant,Accrued and other liabilities,1,434.0,1000000,USD,"February 1, — 2025",1375,10-K,2025-03-27,https://www.sec.gov/Archives/edgar/data/850209/000143774925009620/floc20241213_10k.htm
FL,balance,2025-02-01,instant,Accumulated other comprehensive loss,1,383.0,1000000,USD,"February 1, — 2025",1387,10-K,2025-03-27,https://www.sec.gov/Archives/edgar/data/850209/000143774925009620/floc20241213_10k.htm
FL,balance,2025-02-01,instant,Assets held for sale,1,10.0,1000000,USD,"February 1, — 2025",1359,10-K,2025-03-27,https://www.sec.gov/Archives/edgar/data/850209/000143774925009620/floc20241213_10k.htm
FL,balance,2025-02-01,instant,Cash and cash equivalents,1,401.0,1000000,USD,"February 1, — 2025",1357,10-K,2025-03-27,https://www.sec.gov/Archives/edgar/data/850209/000143774925009620/floc20241213_10k.htm
FL,balance,2025-02-01,instant,"Common stock and paid-in capital: 95,094,263 and 94,283,984 shares issued, respectively",1,802.0,1000000,USD,"February 1, — 2025",1385,10-K,2025-03-27,https://www.sec.gov/Archives/edgar/data/850209/000143774925009620/floc20241213_10k.htm
FL,balance,2025-02-01,instant,Current portion of debt and obligations under finance leases,1,5.0,1000000,USD,"February 1, — 2025",1376,10-K,2025-03-27,https://www.sec.gov/Archives/edgar/data/850209/000143774925009620/floc20241213_10k.htm
FL,balance,2025-02-01,instant,Current portion of lease obligations,1,507.0,1000000,USD,"February 1, — 2025",1377,10-K,2025-03-27,https://www.sec.gov/Archives/edgar/data/850209/000143774925009620/floc20241213_10k.htm
FL,balance,2025-02-01,instant,Deferred taxes,1,143.0,1000000,USD,"February 1, — 2025",1364,10-K,2025-03-27,https://www.sec.gov/Archives/edgar/data/850209/000143774925009620/floc20241213_10k.htm
FL,balance,2025-02-01,instant,Goodwill,1,759.0,1000000,USD,"February 1, — 2025",1365,10-K,2025-03-27,https://www.sec.gov/Archives/edgar/data/850209/000143774925009620/floc20241213_10k.htm
FL,balance,2025-02-01,instant,"Less: Treasury stock at cost: 148,137 and 60,308 shares, respectively",1,4.0,1000000,USD,"February 1, — 2025",1388,10-K,2025-03-27,https://www.sec.gov/Archives/edgar/data/850209/000143774925009620/floc20241213_10k.htm
FL,balance,2025-02-01,instant,Liabilities held for sale,1,6.0,1000000,USD,"February 1, — 2025",1378,10-K,2025-03-27,https://www.sec.gov/Archives/edgar/data/850209/000143774925009620/floc20241213_10k.htm
FL,balance,2025-02-01,instant,Long-term debt and obligations under finance leases,1,441.0,1000000,USD,"February 1, — 2025",1380,10-K,2025-03-27,https://www.sec.gov/Archives/edgar/data/850209/000143774925009620/floc20241213_10k.htm
FL,balance,2025-02-01,instant,Long-term lease obligations,1,1831.0,1000000,USD,"February 1, — 2025",1381,10-K,2025-03-27,https://www.sec.gov/Archives/edgar/data/850209/000143774925009620/floc20241213_10k.htm
FL,balance,2025-02-01,instant,Merchandise inventories,1,1525.0,1000000,USD,"February 1, — 2025",1358,10-K,2025-03-27,https://www.sec.gov/Archives/edgar/data/850209/000143774925009620/floc20241213_10k.htm
FL,balance,2025-02-01,instant,Minority investments,1,115.0,1000000,USD,"February 1, — 2025",1367,10-K,2025-03-27,https://www.sec.gov/Archives/edgar/data/850209/000143774925009620/floc20241213_10k.htm
FL,balance,2025-02-01,instant,Operating lease right-of-use assets,1,2061.0,1000000,USD,"February 1, — 2025",1363,10-K,2025-03-27,https://www.sec.gov/Archives/edgar/data/850209/000143774925009620/floc20241213_10k.htm
FL,balance,2025-02-01,instant,Other assets,1,136.0,1000000,USD,"February 1, — 2025",1368,10-K,2025-03-27,https://www.sec.gov/Archives/edgar/data/850209/000143774925009620/floc20241213_10k.htm
FL,balance,2025-02-01,instant,Other current assets,1,323.0,1000000,USD,"February 1, — 2025",1360,10-K,2025-03-27,https://www.sec.gov/Archives/edgar/data/850209/000143774925009620/floc20241213_10k.htm
FL,balance,2025-02-01,instant,"Other intangible assets, net",1,365.0,1000000,USD,"February 1, — 2025",1366,10-K,2025-03-27,https://www.sec.gov/Archives/edgar/data/850209/000143774925009620/floc20241213_10k.htm
FL,balance,2025-02-01,instant,Other liabilities,1,237.0,1000000,USD,"February 1, — 2025",1382,10-K,2025-03-27,https://www.sec.gov/Archives/edgar/data/850209/000143774925009620/floc20241213_10k.htm
FL,balance,2025-02-01,instant,"Property and equipment, net",1,910.0,1000000,USD,"February 1, — 2025",1362,10-K,2025-03-27,https://www.sec.gov/Archives/edgar/data/850209/000143774925009620/floc20241213_10k.htm
FL,balance,2025-02-01,instant,Retained earnings,1,2494.0,1000000,USD,"February 1, — 2025",1386,10-K,2025-03-27,https://www.sec.gov/Archives/edgar/data/850209/000143774925009620/floc20241213_10k.htm
FL,balance,2025-02-01,instant,Total liabilities,1,3839.0,1000000,USD,"February 1, — 2025",1383,10-K,2025-03-27,https://www.sec.gov/Archives/edgar/data/850209/000143774925009620/floc20241213_10k.htm
FL,balance,2025-02-01,instant,Total shareholders' equity,1,2909.0,1000000,USD,"February 1, — 2025",1389,10-K,2025-03-27,https://www.sec.gov/Archives/edgar/data/850209/000143774925009620/floc20241213_10k.htm
FL,balance,2025-02-01,instant,​,2,2259.0,1000000,USD,"February 1, — 2025",1361,10-K,2025-03-27,https://www.sec.gov/Archives/edgar/data/850209/000143774925009620/floc20241213_10k.htm
FL,balance,2025-02-01,instant,​,3,6748.0,1000000,USD,"February 1, — 2025",1369,10-K,2025-03-27,https://www.sec.gov/Archives/edgar/data/850209/000143774925009620/floc20241213_10k.htm
FL,balance,2025-02-01,instant,​,6,1330.0,1000000,USD,"February 1, — 2025",1379,10-K,2025-03-27,https://www.sec.gov/Archives/edgar/data/850209/000143774925009620/floc20241213_10k.htm
FL,balance,2025-02-01,instant,​,7,6748.0,1000000,USD,"February 1, — 2025",1390,10-K,2025-03-27,https://www.sec.gov/Archives/edgar/data/850209/000143774925009620/floc20241213_10k.htm
NKE,cash_flow,2017-05-31,annual,(Increase) decrease in accounts receivable,1,426.0,1000000,USD,2017,1605,10-K,2019-07-23,https://www.sec.gov/Archives/edgar/data/320187/000032018719000051/nke-531201910k.htm
NKE,cash_flow,2017-05-31,annual,(Increase) decrease in inventories,1,231.0,1000000,USD,2017,1606,10-K,2019-07-23,https://www.sec.gov/Archives/edgar/data/320187/000032018719000051/nke-531201910k.htm
NKE,cash_flow,2017-05-31,annual,(Increase) decrease in prepaid expenses and other current and non-current assets,1,120.0,1000000,USD,2017,1607,10-K,2019-07-23,https://www.sec.gov/Archives/edgar/data/320187/000032018719000051/nke-531201910k.htm
NKE,cash_flow,2017-05-31,annual,"Additions to property, plant and equipment",1,1105.0,1000000,USD,2017,1614,10-K,2019-07-23,https://www.sec.gov/Archives/edgar/data/320187/000032018719000051/nke-531201910k.htm
NKE,cash_flow,2017-05-31,annual,Amortization and other,1,10.0,1000000,USD,2017,1602,10-K,2019-07-23,https://www.sec.gov/Archives/edgar/data/320187/000032018719000051/nke-531201910k.htm
NKE,cash_flow,2017-05-31,annual,"CASH AND EQUIVALENTS, END OF YEAR",1,3808.0,1000000,USD,2017,1631,10-K,2019-07-23,https://www.sec.gov/Archives/edgar/data/320187/000032018719000051/nke-531201910k.htm
NKE,cash_flow,2017-05-31,annual,"Cash and equivalents, beginning of year",1,3138.0,1000000,USD,2017,1630,10-K,2019-07-23,https://www.sec.gov/Archives/edgar/data/320187/000032018719000051/nke-531201910k.htm
NKE,cash_flow,2017-05-31,annual,Cash provided (used) by investing activities,1,1008.0,1000000,USD,2017,1617,10-K,2019-07-23,https://www.sec.gov/Archives/edgar/data/320187/000032018719000051/nke-531201910k.htm
NKE,cash_flow,2017-05-31,annual,Cash provided by operations,1,3846.0,1000000,USD,2017,1609,10-K,2019-07-23,https://www.sec.gov/Archives/edgar/data/320187/000032018719000051/nke-531201910k.htm
NKE,cash_flow,2017-05-31,annual,Cash used by financing activities,1,2148.0,1000000,USD,2017,1627,10-K,2019-07-23,https://www.sec.gov/Archives/edgar/data/320187/000032018719000051/nke-531201910k.htm
NKE,cash_flow,2017-05-31,annual,Deferred income taxes,1,273.0,1000000,USD,2017,1600,10-K,2019-07-23,https://www.sec.gov/Archives/edgar/data/320187/000032018719000051/nke-531201910k.htm
NKE,cash_flow,2017-05-31,annual,Depreciation,1,706.0,1000000,USD,2017,1599,10-K,2019-07-23,https://www.sec.gov/Archives/edgar/data/320187/000032018719000051/nke-531201910k.htm
NKE,cash_flow,2017-05-31,annual,"Disposals of property, plant and equipment",1,13.0,1000000,USD,2017,1615,10-K,2019-07-23,https://www.sec.gov/Archives/edgar/data/320187/000032018719000051/nke-531201910k.htm
NKE,cash_flow,2017-05-31,annual,Dividends declared and not paid,1,300.0,1000000,USD,2017,1637,10-K,2019-07-23,https://www.sec.gov/Archives/edgar/data/320187/000032018719000051/nke-531201910k.htm
NKE,cash_flow,2017-05-31,annual,Dividends — common and preferred,1,1133.0,1000000,USD,2017,1625,10-K,2019-07-23,https://www.sec.gov/Archives/edgar/data/320187/000032018719000051/nke-531201910k.htm
NKE,cash_flow,2017-05-31,annual,Effect of exchange rate changes on cash and equivalents,1,20.0,1000000,USD,2017,1628,10-K,2019-07-23,https://www.sec.gov/Archives/edgar/data/320187/000032018719000051/nke-531201910k.htm
NKE,cash_flow,2017-05-31,annual,Income taxes,1,703.0,1000000,USD,2017,1635,10-K,2019-07-23,https://www.sec.gov/Archives/edgar/data/320187/000032018719000051/nke-531201910k.htm
NKE,cash_flow,2017-05-31,annual,"Increase (decrease) in accounts payable, accrued liabilities and other current and non-current liabilities",1,158.0,1000000,USD,2017,1608,10-K,2019-07-23,https://www.sec.gov/Archives/edgar/data/320187/000032018719000051/nke-531201910k.htm
NKE,cash_flow,2017-05-31,annual,Increase (decrease) in notes payable,1,327.0,1000000,USD,2017,1621,10-K,2019-07-23,https://www.sec.gov/Archives/edgar/data/320187/000032018719000051/nke-531201910k.htm
NKE,cash_flow,2017-05-31,annual,"Interest, net of capitalized interest",1,98.0,1000000,USD,2017,1634,10-K,2019-07-23,https://www.sec.gov/Archives/edgar/data/320187/000032018719000051/nke-531201910k.htm
NKE,cash_flow,2017-05-31,annual,"Long-term debt payments, including current portion",1,44.0,1000000,USD,2017,1620,10-K,2019-07-23,https://www.sec.gov/Archives/edgar/data/320187/000032018719000051/nke-531201910k.htm
NKE,cash_flow,2017-05-31,annual,Maturities of short-term investments,1,3623.0,1000000,USD,2017,1612,10-K,2019-07-23,https://www.sec.gov/Archives/edgar/data/320187/000032018719000051/nke-531201910k.htm
NKE,cash_flow,2017-05-31,annual,Net foreign currency adjustments,1,117.0,1000000,USD,2017,1603,10-K,2019-07-23,https://www.sec.gov/Archives/edgar/data/320187/000032018719000051/nke-531201910k.htm
NKE,cash_flow,2017-05-31,annual,Net income,1,4240.0,1000000,USD,2017,1597,10-K,2019-07-23,https://www.sec.gov/Archives/edgar/data/320187/000032018719000051/nke-531201910k.htm
NKE,cash_flow,2017-05-31,annual,Net increase (decrease) in cash and equivalents,1,670.0,1000000,USD,2017,1629,10-K,2019-07-23,https://www.sec.gov/Archives/edgar/data/320187/000032018719000051/nke-531201910k.htm
NKE,cash_flow,2017-05-31,annual,Net proceeds from long-term debt issuance,1,1482.0,1000000,USD,2017,1619,10-K,2019-07-23,https://www.sec.gov/Archives/edgar/data/320187/000032018719000051/nke-531201910k.htm
NKE,cash_flow,2017-05-31,annual,"Non-cash additions to property, plant and equipment",1,266.0,1000000,USD,2017,1636,10-K,2019-07-23,https://www.sec.gov/Archives/edgar/data/320187/000032018719000051/nke-531201910k.htm
NKE,cash_flow,2017-05-31,annual,Other investing activities,1,34.0,1000000,USD,2017,1616,10-K,2019-07-23,https://www.sec.gov/Archives/edgar/data/320187/000032018719000051/nke-531201910k.htm
NKE,cash_flow,2017-05-31,annual,Payments on capital lease and other financing obligations,1,17.0,1000000,USD,2017,1622,10-K,2019-07-23,https://www.sec.gov/Archives/edgar/data/320187/000032018719000051/nke-531201910k.htm
NKE,cash_flow,2017-05-31,annual,Proceeds from exercise of stock options and other stock issuances,1,489.0,1000000,USD,2017,1623,10-K,2019-07-23,https://www.sec.gov/Archives/edgar/data/320187/000032018719000051/nke-531201910k.htm
NKE,cash_flow,2017-05-31,annual,Purchases of short-term investments,1,5928.0,1000000,USD,2017,1611,10-K,2019-07-23,https://www.sec.gov/Archives/edgar/data/320187/000032018719000051/nke-531201910k.htm
NKE,cash_flow,2017-05-31,annual,Repurchase of common stock,1,3223.0,1000000,USD,2017,1624,10-K,2019-07-23,https://www.sec.gov/Archives/edgar/data/320187/000032018719000051/nke-531201910k.htm
NKE,cash_flow,2017-05-31,annual,Sales of short-term investments,1,2423.0,1000000,USD,2017,1613,10-K,2019-07-23,https://www.sec.gov/Archives/edgar/data/320187/000032018719000051/nke-531201910k.htm
NKE,cash_flow,2017-05-31,annual,Stock-based compensation,1,215.0,1000000,USD,2017,1601,10-K,2019-07-23,https://www.sec.gov/Archives/edgar/data/320187/000032018719000051/nke-531201910k.htm
NKE,cash_flow,2017-05-31,annual,Tax payments for net share settlement of equity awards,1,29.0,1000000,USD,2017,1626,10-K,2019-07-23,https://www.sec.gov/Archives/edgar/data/320187/000032018719000051/nke-531201910k.htm
NKE,income,2017-05-31,annual,Basic,1,2.56,1000000,USD,2017,1511,10-K,2019-07-23,https://www.sec.gov/Archives/edgar/data/320187/000032018719000051/nke-531201910k.htm
NKE,income,2017-05-31,annual,Basic,2,1657.8,1000000,USD,2017,1514,10-K,2019-07-23,https://www.sec.gov/Archives/edgar/data/320187/000032018719000051/nke-531201910k.htm
NKE,income,2017-05-31,annual,Cost of sales,1,19038.0,1000000,USD,2017,1500,10-K,2019-07-23,https://www.sec.gov/Archives/edgar/data/320187/000032018719000051/nke-531201910k.htm
NKE,income,2017-05-31,annual,Demand creation expense,1,3341.0,1000000,USD,2017,1502,10-K,2019-07-23,https://www.sec.gov/Archives/edgar/data/320187/000032018719000051/nke-531201910k.htm
NKE,income,2017-05-31,annual,Diluted,1,2.51,1000000,USD,2017,1512,10-K,2019-07-23,https://www.sec.gov/Archives/edgar/data/320187/000032018719000051/nke-531201910k.htm
NKE,income,2017-05-31,annual,Diluted,2,1692.0,1000000,USD,2017,1515,10-K,2019-07-23,https://www.sec.gov/Archives/edgar/data/320187/000032018719000051/nke-531201910k.htm
NKE,income,2017-05-31,annual,Gross profit,1,15312.0,1000000,USD,2017,1501,10-K,2019-07-23,https://www.sec.gov/Archives/edgar/data/320187/000032018719000051/nke-531201910k.htm
NKE,income,2017-05-31,annual,Income before income taxes,1,4886.0,1000000,USD,2017,1507,10-K,2019-07-23,https://www.sec.gov/Archives/edgar/data/320187/000032018719000051/nke-531201910k.htm
NKE,income,2017-05-31,annual,Income tax expense,1,646.0,1000000,USD,2017,1508,10-K,2019-07-23,https://www.sec.gov/Archives/edgar/data/320187/000032018719000051/nke-531201910k.htm
NKE,income,2017-05-31,annual,"Interest expense (income), net",1,59.0,1000000,USD,2017,1505,10-K,2019-07-23,https://www.sec.gov/Archives/edgar/data/320187/000032018719000051/nke-531201910k.htm
NKE,income,2017-05-31,annual,NET INCOME,1,4240.0,1000000,USD,2017,1509,10-K,2019-07-23,https://www.sec.gov/Archives/edgar/data/320187/000032018719000051/nke-531201910k.htm
NKE,income,2017-05-31,annual,Operating overhead expense,1,7222.0,1000000,USD,2017,1503,10-K,2019-07-23,https://www.sec.gov/Archives/edgar/data/320187/000032018719000051/nke-531201910k.htm
NKE,income,2017-05-31,annual,"Other (income) expense, net",1,196.0,1000000,USD,2017,1506,10-K,2019-07-23,https://www.sec.gov/Archives/edgar/data/320187/000032018719000051/nke-531201910k.htm
NKE,income,2017-05-31,annual,Revenues,1,34350.0,1000000,USD,2017,1499,10-K,2019-07-23,https://www.sec.gov/Archives/edgar/data/320187/000032018719000051/nke-531201910k.htm
NKE,income,2017-05-31,annual,Total selling and administrative expense,1,10563.0,1000000,USD,2017,1504,10-K,2019-07-23,https://www.sec.gov/Archives/edgar/data/320187/000032018719000051/nke-531201910k.htm
NKE,balance,2018-05-31,instant,Accounts payable,1,2279.0,1000000,USD,2018,1566,10-K,2019-07-23,https://www.sec.gov/Archives/edgar/data/320187/000032018719000051/nke-531201910k.htm
NKE,balance,2018-05-31,instant,"Accounts receivable, net",1,3498.0,1000000,USD,2018,1553,10-K,2019-07-23,https://www.sec.gov/Archives/edgar/data/320187/000032018719000051/nke-531201910k.htm
NKE,balance,2018-05-31,instant,Accrued liabilities,1,3269.0,1000000,USD,2018,1567,10-K,2019-07-23,https://www.sec.gov/Archives/edgar/data/320187/000032018719000051/nke-531201910k.htm
NKE,balance,2018-05-31,instant,Accumulated other comprehensive income (loss),1,92.0,1000000,USD,2018,1579,10-K,2019-07-23,https://www.sec.gov/Archives/edgar/data/320187/000032018719000051/nke-531201910k.htm
NKE,balance,2018-05-31,instant,Capital in excess of stated value,1,6384.0,1000000,USD,2018,1578,10-K,2019-07-23,https://www.sec.gov/Archives/edgar/data/320187/000032018719000051/nke-531201910k.htm
NKE,balance,2018-05-31,instant,Cash and equivalents,1,4249.0,1000000,USD,2018,1551,10-K,2019-07-23,https://www.sec.gov/Archives/edgar/data/320187/000032018719000051/nke-531201910k.htm
NKE,balance,2018-05-31,instant,"Class B — 1,253 and 1,272 shares outstanding",1,3.0,1000000,USD,2018,1577,10-K,2019-07-23,https://www.sec.gov/Archives/edgar/data/320187/000032018719000051/nke-531201910k.htm
NKE,balance,2018-05-31,instant,Current portion of long-term debt,1,6.0,1000000,USD,2018,1564,10-K,2019-07-23,https://www.sec.gov/Archives/edgar/data/320187/000032018719000051/nke-531201910k.htm
NKE,balance,2018-05-31,instant,Deferred income taxes and other assets,1,2509.0,1000000,USD,2018,1560,10-K,2019-07-23,https://www.sec.gov/Archives/edgar/data/320187/000032018719000051/nke-531201910k.htm
NKE,balance,2018-05-31,instant,Deferred income taxes and other liabilities,1,3216.0,1000000,USD,2018,1571,10-K,2019-07-23,https://www.sec.gov/Archives/edgar/data/320187/000032018719000051/nke-531201910k.htm
NKE,balance,2018-05-31,instant,Goodwill,1,154.0,1000000,USD,2018,1559,10-K,2019-07-23,https://www.sec.gov/Archives/edgar/data/320187/000032018719000051/nke-531201910k.htm
NKE,balance,2018-05-31,instant,"Identifiable intangible assets, net",1,285.0,1000000,USD,2018,1558,10-K,2019-07-23,https://www.sec.gov/Archives/edgar/data/320187/000032018719000051/nke-531201910k.htm
NKE,balance,2018-05-31,instant,Income taxes payable,1,150.0,1000000,USD,2018,1568,10-K,2019-07-23,https://www.sec.gov/Archives/edgar/data/320187/000032018719000051/nke-531201910k.htm
NKE,balance,2018-05-31,instant,Inventories,1,5261.0,1000000,USD,2018,1554,10-K,2019-07-23,https://www.sec.gov/Archives/edgar/data/320187/000032018719000051/nke-531201910k.htm
NKE,balance,2018-05-31,instant,Long-term debt,1,3468.0,1000000,USD,2018,1570,10-K,2019-07-23,https://www.sec.gov/Archives/edgar/data/320187/000032018719000051/nke-531201910k.htm
NKE,balance,2018-05-31,instant,Notes payable,1,336.0,1000000,USD,2018,1565,10-K,2019-07-23,https://www.sec.gov/Archives/edgar/data/320187/000032018719000051/nke-531201910k.htm
NKE,balance,2018-05-31,instant,Prepaid expenses and other current assets,1,1130.0,1000000,USD,2018,1555,10-K,2019-07-23,https://www.sec.gov/Archives/edgar/data/320187/000032018719000051/nke-531201910k.htm
NKE,balance,2018-05-31,instant,"Property, plant and equipment, net",1,4454.0,1000000,USD,2018,1557,10-K,2019-07-23,https://www.sec.gov/Archives/edgar/data/320187/000032018719000051/nke-531201910k.htm
NKE,balance,2018-05-31,instant,Retained earnings,1,3517.0,1000000,USD,2018,1580,10-K,2019-07-23,https://www.sec.gov/Archives/edgar/data/320187/000032018719000051/nke-531201910k.htm
NKE,balance,2018-05-31,instant,Short-term investments,1,996.0,1000000,USD,2018,1552,10-K,2019-07-23,https://www.sec.gov/Archives/edgar/data/320187/000032018719000051/nke-531201910k.htm
NKE,balance,2018-05-31,instant,TOTAL ASSETS,1,22536.0,1000000,USD,2018,1561,10-K,2019-07-23,https://www.sec.gov/Archives/edgar/data/320187/000032018719000051/nke-531201910k.htm
NKE,balance,2018-05-31,instant,TOTAL LIABILITIES AND SHAREHOLDERS' EQUITY,1,22536.0,1000000,USD,2018,1582,10-K,2019-07-23,https://www.sec.gov/Archives/edgar/data/320187/000032018719000051/nke-531201910k.htm
NKE,balance,2018-05-31,instant,Total current assets,1,15134.0,1000000,USD,2018,1556,10-K,2019-07-23,https://www.sec.gov/Archives/edgar/data/320187/000032018719000051/nke-531201910k.htm
NKE,balance,2018-05-31,instant,Total current liabilities,1,6040.0,1000000,USD,2018,1569,10-K,2019-07-23,https://www.sec.gov/Archives/edgar/data/320187/000032018719000051/nke-531201910k.htm
NKE,balance,2018-05-31,instant,Total shareholders' equity,1,9812.0,1000000,USD,2018,1581,10-K,2019-07-23,https://www.sec.gov/Archives/edgar/data/320187/000032018719000051/nke-531201910k.htm
NKE,cash_flow,2018-05-31,annual,(Increase) decrease in accounts receivable,1,187.0,1000000,USD,2018,1759,10-K,2020-07-24,https://www.sec.gov/Archives/edgar/data/320187/000032018720000047/nke-531202010k.htm
NKE,cash_flow,2018-05-31,annual,(Increase) decrease in inventories,1,255.0,1000000,USD,2018,1760,10-K,2020-07-24,https://www.sec.gov/Archives/edgar/data/320187/000032018720000047/nke-531202010k.htm
NKE,cash_flow,2018-05-31,annual,(Increase) decrease in prepaid expenses and other current and non-current assets,1,35.0,1000000,USD,2018,1607,10-K,2019-07-23,https://www.sec.gov/Archives/edgar/data/320187/000032018719000051/nke-531201910k.htm
NKE,cash_flow,2018-05-31,annual,"(Increase) decrease in prepaid expenses, operating lease right-of-use assets and other current and non-current assets",1,35.0,1000000,USD,2018,1761,10-K,2020-07-24,https://www.sec.gov/Archives/edgar/data/320187/000032018720000047/nke-531202010k.htm
NKE,cash_flow,2018-05-31,annual,"Additions to property, plant and equipment",1,1028.0,1000000,USD,2018,1768,10-K,2020-07-24,https://www.sec.gov/Archives/edgar/data/320187/000032018720000047/nke-531202010k.htm
NKE,cash_flow,2018-05-31,annual,Amortization and other,1,27.0,1000000,USD,2018,1602,10-K,2019-07-23,https://www.sec.gov/Archives/edgar/data/320187/000032018719000051/nke-531201910k.htm
NKE,cash_flow,2018-05-31,annual,"Amortization, impairment and other",1,27.0,1000000,USD,2018,1756,10-K,2020-07-24,https://www.sec.gov/Archives/edgar/data/320187/000032018720000047/nke-531202010k.htm
NKE,cash_flow,2018-05-31,annual,"CASH AND EQUIVALENTS, END OF YEAR",1,4249.0,1000000,USD,2018,1782,10-K,2020-07-24,https://www.sec.gov/Archives/edgar/data/320187/000032018720000047/nke-531202010k.htm
NKE,cash_flow,2018-05-31,annual,"Cash and equivalents, beginning of year",1,3808.0,1000000,USD,2018,1781,10-K,2020-07-24,https://www.sec.gov/Archives/edgar/data/320187/000032018720000047/nke-531202010k.htm
NKE,cash_flow,2018-05-31,annual,Cash provided (used) by financing activities,1,4835.0,1000000,USD,2018,1778,10-K,2020-07-24,https://www.sec.gov/Archives/edgar/data/320187/000032018720000047/nke-531202010k.htm
NKE,cash_flow,2018-05-31,annual,Cash provided (used) by investing activities,1,276.0,1000000,USD,2018,1770,10-K,2020-07-24,https://www.sec.gov/Archives/edgar/data/320187/000032018720000047/nke-531202010k.htm
NKE,cash_flow,2018-05-31,annual,Cash provided (used) by operations,1,4955.0,1000000,USD,2018,1763,10-K,2020-07-24,https://www.sec.gov/Archives/edgar/data/320187/000032018720000047/nke-531202010k.htm
NKE,cash_flow,2018-05-31,annual,Cash provided by operations,1,4955.0,1000000,USD,2018,1609,10-K,2019-07-23,https://www.sec.gov/Archives/edgar/data/320187/000032018719000051/nke-531201910k.htm
NKE,cash_flow,2018-05-31,annual,Cash used by financing activities,1,4835.0,1000000,USD,2018,1627,10-K,2019-07-23,https://www.sec.gov/Archives/edgar/data/320187/000032018719000051/nke-531201910k.htm
NKE,cash_flow,2018-05-31,annual,Deferred income taxes,1,647.0,1000000,USD,2018,1754,10-K,2020-07-24,https://www.sec.gov/Archives/edgar/data/320187/000032018720000047/nke-531202010k.htm
NKE,cash_flow,2018-05-31,annual,Depreciation,1,747.0,1000000,USD,2018,1753,10-K,2020-07-24,https://www.sec.gov/Archives/edgar/data/320187/000032018720000047/nke-531202010k.htm
NKE,cash_flow,2018-05-31,annual,"Disposals of property, plant and equipment",1,3.0,1000000,USD,2018,1615,10-K,2019-07-23,https://www.sec.gov/Archives/edgar/data/320187/000032018719000051/nke-531201910k.htm
NKE,cash_flow,2018-05-31,annual,Dividends declared and not paid,1,320.0,1000000,USD,2018,1788,10-K,2020-07-24,https://www.sec.gov/Archives/edgar/data/320187/000032018720000047/nke-531202010k.htm
NKE,cash_flow,2018-05-31,annual,Dividends — common and preferred,1,1243.0,1000000,USD,2018,1776,10-K,2020-07-24,https://www.sec.gov/Archives/edgar/data/320187/000032018720000047/nke-531202010k.htm
NKE,cash_flow,2018-05-31,annual,Effect of exchange rate changes on cash and equivalents,1,45.0,1000000,USD,2018,1779,10-K,2020-07-24,https://www.sec.gov/Archives/edgar/data/320187/000032018720000047/nke-531202010k.htm
NKE,cash_flow,2018-05-31,annual,Income taxes,1,529.0,1000000,USD,2018,1786,10-K,2020-07-24,https://www.sec.gov/Archives/edgar/data/320187/000032018720000047/nke-531202010k.htm
NKE,cash_flow,2018-05-31,annual,"Increase (decrease) in accounts payable, accrued liabilities and other current and non-current liabilities",1,1515.0,1000000,USD,2018,1608,10-K,2019-07-23,https://www.sec.gov/Archives/edgar/data/320187/000032018719000051/nke-531201910k.htm
NKE,cash_flow,2018-05-31,annual,"Increase (decrease) in accounts payable, accrued liabilities, operating lease liabilities and other current and non-current liabilities",1,1515.0,1000000,USD,2018,1762,10-K,2020-07-24,https://www.sec.gov/Archives/edgar/data/320187/000032018720000047/nke-531202010k.htm
NKE,cash_flow,2018-05-31,annual,Increase (decrease) in notes payable,1,13.0,1000000,USD,2018,1621,10-K,2019-07-23,https://www.sec.gov/Archives/edgar/data/320187/000032018719000051/nke-531201910k.htm
NKE,cash_flow,2018-05-31,annual,"Increase (decrease) in notes payable, net",1,13.0,1000000,USD,2018,1773,10-K,2020-07-24,https://www.sec.gov/Archives/edgar/data/320187/000032018720000047/nke-531202010k.htm
NKE,cash_flow,2018-05-31,annual,"Interest, net of capitalized interest",1,125.0,1000000,USD,2018,1785,10-K,2020-07-24,https://www.sec.gov/Archives/edgar/data/320187/000032018720000047/nke-531202010k.htm
NKE,cash_flow,2018-05-31,annual,"Long-term debt payments, including current portion",1,6.0,1000000,USD,2018,1620,10-K,2019-07-23,https://www.sec.gov/Archives/edgar/data/320187/000032018719000051/nke-531201910k.htm
NKE,cash_flow,2018-05-31,annual,Maturities of short-term investments,1,3613.0,1000000,USD,2018,1766,10-K,2020-07-24,https://www.sec.gov/Archives/edgar/data/320187/000032018720000047/nke-531202010k.htm
NKE,cash_flow,2018-05-31,annual,Net foreign currency adjustments,1,99.0,1000000,USD,2018,1757,10-K,2020-07-24,https://www.sec.gov/Archives/edgar/data/320187/000032018720000047/nke-531202010k.htm
NKE,cash_flow,2018-05-31,annual,Net income,1,1933.0,1000000,USD,2018,1751,10-K,2020-07-24,https://www.sec.gov/Archives/edgar/data/320187/000032018720000047/nke-531202010k.htm
NKE,cash_flow,2018-05-31,annual,Net increase (decrease) in cash and equivalents,1,441.0,1000000,USD,2018,1780,10-K,2020-07-24,https://www.sec.gov/Archives/edgar/data/320187/000032018720000047/nke-531202010k.htm
NKE,cash_flow,2018-05-31,annual,"Non-cash additions to property, plant and equipment",1,294.0,1000000,USD,2018,1787,10-K,2020-07-24,https://www.sec.gov/Archives/edgar/data/320187/000032018720000047/nke-531202010k.htm
NKE,cash_flow,2018-05-31,annual,Other financing activities,1,84.0,1000000,USD,2018,1777,10-K,2020-07-24,https://www.sec.gov/Archives/edgar/data/320187/000032018720000047/nke-531202010k.htm
NKE,cash_flow,2018-05-31,annual,Other investing activities,1,22.0,1000000,USD,2018,1769,10-K,2020-07-24,https://www.sec.gov/Archives/edgar/data/320187/000032018720000047/nke-531202010k.htm
NKE,cash_flow,2018-05-31,annual,Payments on capital lease and other financing obligations,1,23.0,1000000,USD,2018,1622,10-K,2019-07-23,https://www.sec.gov/Archives/edgar/data/320187/000032018719000051/nke-531201910k.htm
NKE,cash_flow,2018-05-31,annual,Proceeds from exercise of stock options and other stock issuances,1,733.0,1000000,USD,2018,1774,10-K,2020-07-24,https://www.sec.gov/Archives/edgar/data/320187/000032018720000047/nke-531202010k.htm
NKE,cash_flow,2018-05-31,annual,Purchases of short-term investments,1,4783.0,1000000,USD,2018,1765,10-K,2020-07-24,https://www.sec.gov/Archives/edgar/data/320187/000032018720000047/nke-531202010k.htm
NKE,cash_flow,2018-05-31,annual,Repurchase of common stock,1,4254.0,1000000,USD,2018,1775,10-K,2020-07-24,https://www.sec.gov/Archives/edgar/data/320187/000032018720000047/nke-531202010k.htm
NKE,cash_flow,2018-05-31,annual,Sales of short-term investments,1,2496.0,1000000,USD,2018,1767,10-K,2020-07-24,https://www.sec.gov/Archives/edgar/data/320187/000032018720000047/nke-531202010k.htm
NKE,cash_flow,2018-05-31,annual,Stock-based compensation,1,218.0,1000000,USD,2018,1755,10-K,2020-07-24,https://www.sec.gov/Archives/edgar/data/320187/000032018720000047/nke-531202010k.htm
NKE,cash_flow,2018-05-31,annual,Tax payments for net share settlement of equity awards,1,55.0,1000000,USD,2018,1626,10-K,2019-07-23,https://www.sec.gov/Archives/edgar/data/320187/000032018719000051/nke-531201910k.htm
NKE,income,2018-05-31,annual,Basic,1,1.19,1000000,USD,2018,1662,10-K,2020-07-24,https://www.sec.gov/Archives/edgar/data/320187/000032018720000047/nke-531202010k.htm
NKE,income,2018-05-31,annual,Basic,2,1623.8,1000000,USD,2018,1665,10-K,2020-07-24,https://www.sec.gov/Archives/edgar/data/320187/000032018720000047/nke-531202010k.htm
NKE,income,2018-05-31,annual,Cost of sales,1,20441.0,1000000,USD,2018,1651,10-K,2020-07-24,https://www.sec.gov/Archives/edgar/data/320187/000032018720000047/nke-531202010k.htm
NKE,income,2018-05-31,annual,Demand creation expense,1,3577.0,1000000,USD,2018,1653,10-K,2020-07-24,https://www.sec.gov/Archives/edgar/data/320187/000032018720000047/nke-531202010k.htm
NKE,income,2018-05-31,annual,Diluted,1,1.17,1000000,USD,2018,1663,10-K,2020-07-24,https://www.sec.gov/Archives/edgar/data/320187/000032018720000047/nke-531202010k.htm
NKE,income,2018-05-31,annual,Diluted,2,1659.1,1000000,USD,2018,1666,10-K,2020-07-24,https://www.sec.gov/Archives/edgar/data/320187/000032018720000047/nke-531202010k.htm
NKE,income,2018-05-31,annual,Gross profit,1,15956.0,1000000,USD,2018,1652,10-K,2020-07-24,https://www.sec.gov/Archives/edgar/data/320187/000032018720000047/nke-531202010k.htm
NKE,income,2018-05-31,annual,Income before income taxes,1,4325.0,1000000,USD,2018,1658,10-K,2020-07-24,https://www.sec.gov/Archives/edgar/data/320187/000032018720000047/nke-531202010k.htm
NKE,income,2018-05-31,annual,Income tax expense,1,2392.0,1000000,USD,2018,1659,10-K,2020-07-24,https://www.sec.gov/Archives/edgar/data/320187/000032018720000047/nke-531202010k.htm
NKE,income,2018-05-31,annual,"Interest expense (income), net",1,54.0,1000000,USD,2018,1656,10-K,2020-07-24,https://www.sec.gov/Archives/edgar/data/320187/000032018720000047/nke-531202010k.htm
NKE,income,2018-05-31,annual,NET INCOME,1,1933.0,1000000,USD,2018,1660,10-K,2020-07-24,https://www.sec.gov/Archives/edgar/data/320187/000032018720000047/nke-531202010k.htm
NKE,income,2018-05-31,annual,Operating overhead expense,1,7934.0,1000000,USD,2018,1654,10-K,2020-07-24,https://www.sec.gov/Archives/edgar/data/320187/000032018720000047/nke-531202010k.htm
NKE,income,2018-05-31,annual,"Other (income) expense, net",1,66.0,1000000,USD,2018,1657,10-K,2020-07-24,https://www.sec.gov/Archives/edgar/data/320187/000032018720000047/nke-531202010k.htm
NKE,income,2018-05-31,annual,Revenues,1,36397.0,1000000,USD,2018,1650,10-K,2020-07-24,https://www.sec.gov/Archives/edgar/data/320187/000032018720000047/nke-531202010k.htm
NKE,income,2018-05-31,annual,Total selling and administrative expense,1,11511.0,1000000,USD,2018,1655,10-K,2020-07-24,https://www.sec.gov/Archives/edgar/data/320187/000032018720000047/nke-531202010k.htm
NKE,shares,2018-05-31,instant,Class A shares outstanding,1,329.0,1000000,shares,2018,1576,10-K,2019-07-23,https://www.sec.gov/Archives/edgar/data/320187/000032018719000051/nke-531201910k.htm
NKE,shares,2018-05-31,instant,Class B shares outstanding,1,1272.0,1000000,shares,2018,1577,10-K,2019-07-23,https://www.sec.gov/Archives/edgar/data/320187/000032018719000051/nke-531201910k.htm
NKE,balance,2019-05-31,instant,Accounts payable,1,2612.0,1000000,USD,2019,1718,10-K,2020-07-24,https://www.sec.gov/Archives/edgar/data/320187/000032018720000047/nke-531202010k.htm
NKE,balance,2019-05-31,instant,"Accounts receivable, net",1,4272.0,1000000,USD,2019,1704,10-K,2020-07-24,https://www.sec.gov/Archives/edgar/data/320187/000032018720000047/nke-531202010k.htm
NKE,balance,2019-05-31,instant,Accrued liabilities,1,5010.0,1000000,USD,2019,1720,10-K,2020-07-24,https://www.sec.gov/Archives/edgar/data/320187/000032018720000047/nke-531202010k.htm
NKE,balance,2019-05-31,instant,Accumulated other comprehensive income (loss),1,231.0,1000000,USD,2019,1733,10-K,2020-07-24,https://www.sec.gov/Archives/edgar/data/320187/000032018720000047/nke-531202010k.htm
NKE,balance,2019-05-31,instant,Capital in excess of stated value,1,7163.0,1000000,USD,2019,1732,10-K,2020-07-24,https://www.sec.gov/Archives/edgar/data/320187/000032018720000047/nke-531202010k.htm
NKE,balance,2019-05-31,instant,Cash and equivalents,1,4466.0,1000000,USD,2019,1702,10-K,2020-07-24,https://www.sec.gov/Archives/edgar/data/320187/000032018720000047/nke-531202010k.htm
NKE,balance,2019-05-31,instant,"Class B — 1,243 and 1,253 shares outstanding",1,3.0,1000000,USD,2019,1731,10-K,2020-07-24,https://www.sec.gov/Archives/edgar/data/320187/000032018720000047/nke-531202010k.htm
NKE,balance,2019-05-31,instant,"Class B — 1,253 and 1,272 shares outstanding",1,3.0,1000000,USD,"MAY 31, — 2019",1577,10-K,2019-07-23,https://www.sec.gov/Archives/edgar/data/320187/000032018719000051/nke-531201910k.htm
NKE,balance,2019-05-31,instant,Current portion of long-term debt,1,6.0,1000000,USD,2019,1716,10-K,2020-07-24,https://www.sec.gov/Archives/edgar/data/320187/000032018720000047/nke-531202010k.htm
NKE,balance,2019-05-31,instant,Deferred income taxes and other assets,1,2011.0,1000000,USD,2019,1712,10-K,2020-07-24,https://www.sec.gov/Archives/edgar/data/320187/000032018720000047/nke-531202010k.htm
NKE,balance,2019-05-31,instant,Deferred income taxes and other liabilities,1,3347.0,1000000,USD,2019,1725,10-K,2020-07-24,https://www.sec.gov/Archives/edgar/data/320187/000032018720000047/nke-531202010k.htm
NKE,balance,2019-05-31,instant,Goodwill,1,154.0,1000000,USD,2019,1711,10-K,2020-07-24,https://www.sec.gov/Archives/edgar/data/320187/000032018720000047/nke-531202010k.htm
NKE,balance,2019-05-31,instant,"Identifiable intangible assets, net",1,283.0,1000000,USD,2019,1710,10-K,2020-07-24,https://www.sec.gov/Archives/edgar/data/320187/000032018720000047/nke-531202010k.htm
NKE,balance,2019-05-31,instant,Income taxes payable,1,229.0,1000000,USD,2019,1721,10-K,2020-07-24,https://www.sec.gov/Archives/edgar/data/320187/000032018720000047/nke-531202010k.htm
NKE,balance,2019-05-31,instant,Inventories,1,5622.0,1000000,USD,2019,1705,10-K,2020-07-24,https://www.sec.gov/Archives/edgar/data/320187/000032018720000047/nke-531202010k.htm
NKE,balance,2019-05-31,instant,Long-term debt,1,3464.0,1000000,USD,2019,1723,10-K,2020-07-24,https://www.sec.gov/Archives/edgar/data/320187/000032018720000047/nke-531202010k.htm
NKE,balance,2019-05-31,instant,Notes payable,1,9.0,1000000,USD,2019,1717,10-K,2020-07-24,https://www.sec.gov/Archives/edgar/data/320187/000032018720000047/nke-531202010k.htm
NKE,balance,2019-05-31,instant,Prepaid expenses and other current assets,1,1968.0,1000000,USD,2019,1706,10-K,2020-07-24,https://www.sec.gov/Archives/edgar/data/320187/000032018720000047/nke-531202010k.htm
NKE,balance,2019-05-31,instant,"Property, plant and equipment, net",1,4744.0,1000000,USD,2019,1708,10-K,2020-07-24,https://www.sec.gov/Archives/edgar/data/320187/000032018720000047/nke-531202010k.htm
NKE,balance,2019-05-31,instant,Retained earnings,1,1643.0,1000000,USD,"MAY 31, — 2019",1580,10-K,2019-07-23,https://www.sec.gov/Archives/edgar/data/320187/000032018719000051/nke-531201910k.htm
NKE,balance,2019-05-31,instant,Retained earnings (deficit),1,1643.0,1000000,USD,2019,1734,10-K,2020-07-24,https://www.sec.gov/Archives/edgar/data/320187/000032018720000047/nke-531202010k.htm
NKE,balance,2019-05-31,instant,Short-term investments,1,197.0,1000000,USD,2019,1703,10-K,2020-07-24,https://www.sec.gov/Archives/edgar/data/320187/000032018720000047/nke-531202010k.htm
NKE,balance,2019-05-31,instant,TOTAL ASSETS,1,23717.0,1000000,USD,2019,1713,10-K,2020-07-24,https://www.sec.gov/Archives/edgar/data/320187/000032018720000047/nke-531202010k.htm
NKE,balance,2019-05-31,instant,TOTAL LIABILITIES AND SHAREHOLDERS' EQUITY,1,23717.0,1000000,USD,2019,1736,10-K,2020-07-24,https://www.sec.gov/Archives/edgar/data/320187/000032018720000047/nke-531202010k.htm
NKE,balance,2019-05-31,instant,Total current assets,1,16525.0,1000000,USD,2019,1707,10-K,2020-07-24,https://www.sec.gov/Archives/edgar/data/320187/000032018720000047/nke-531202010k.htm
NKE,balance,2019-05-31,instant,Total current liabilities,1,7866.0,1000000,USD,2019,1722,10-K,2020-07-24,https://www.sec.gov/Archives/edgar/data/320187/000032018720000047/nke-531202010k.htm
NKE,balance,2019-05-31,instant,Total shareholders' equity,1,9040.0,1000000,USD,2019,1735,10-K,2020-07-24,https://www.sec.gov/Archives/edgar/data/320187/000032018720000047/nke-531202010k.htm
NKE,cash_flow,2019-05-31,annual,(Increase) decrease in accounts receivable,1,-270.0,1000000,USD,2019,1652,10-K,2021-07-20,https://www.sec.gov/Archives/edgar/data/320187/000032018721000028/nke-20210531.htm
NKE,cash_flow,2019-05-31,annual,(Increase) decrease in inventories,1,-490.0,1000000,USD,2019,1653,10-K,2021-07-20,https://www.sec.gov/Archives/edgar/data/320187/000032018721000028/nke-20210531.htm
NKE,cash_flow,2019-05-31,annual,(Increase) decrease in prepaid expenses and other current and non-current assets,1,203.0,1000000,USD,"YEAR ENDED MAY 31, — 2019",1607,10-K,2019-07-23,https://www.sec.gov/Archives/edgar/data/320187/000032018719000051/nke-531201910k.htm
NKE,cash_flow,2019-05-31,annual,"(Increase) decrease in prepaid expenses, operating lease right-of-use assets and other current and non-current assets",1,-203.0,1000000,USD,2019,1654,10-K,2021-07-20,https://www.sec.gov/Archives/edgar/data/320187/000032018721000028/nke-20210531.htm
NKE,cash_flow,2019-05-31,annual,"Additions to property, plant and equipment",1,-1119.0,1000000,USD,2019,1661,10-K,2021-07-20,https://www.sec.gov/Archives/edgar/data/320187/000032018721000028/nke-20210531.htm
NKE,cash_flow,2019-05-31,annual,Amortization and other,1,15.0,1000000,USD,"YEAR ENDED MAY 31, — 2019",1602,10-K,2019-07-23,https://www.sec.gov/Archives/edgar/data/320187/000032018719000051/nke-531201910k.htm
NKE,cash_flow,2019-05-31,annual,"Amortization, impairment and other",1,15.0,1000000,USD,2019,1649,10-K,2021-07-20,https://www.sec.gov/Archives/edgar/data/320187/000032018721000028/nke-20210531.htm
NKE,cash_flow,2019-05-31,annual,"CASH AND EQUIVALENTS, END OF YEAR",1,4466.0,1000000,USD,2019,1676,10-K,2021-07-20,https://www.sec.gov/Archives/edgar/data/320187/000032018721000028/nke-20210531.htm
NKE,cash_flow,2019-05-31,annual,"Cash and equivalents, beginning of year",1,4249.0,1000000,USD,2019,1675,10-K,2021-07-20,https://www.sec.gov/Archives/edgar/data/320187/000032018721000028/nke-20210531.htm
NKE,cash_flow,2019-05-31,annual,Cash provided (used) by financing activities,1,-5293.0,1000000,USD,2019,1672,10-K,2021-07-20,https://www.sec.gov/Archives/edgar/data/320187/000032018721000028/nke-20210531.htm
NKE,cash_flow,2019-05-31,annual,Cash provided (used) by investing activities,1,-264.0,1000000,USD,2019,1663,10-K,2021-07-20,https://www.sec.gov/Archives/edgar/data/320187/000032018721000028/nke-20210531.htm
NKE,cash_flow,2019-05-31,annual,Cash provided (used) by operations,1,5903.0,1000000,USD,2019,1656,10-K,2021-07-20,https://www.sec.gov/Archives/edgar/data/320187/000032018721000028/nke-20210531.htm
NKE,cash_flow,2019-05-31,annual,Cash provided by operations,1,5903.0,1000000,USD,"YEAR ENDED MAY 31, — 2019",1609,10-K,2019-07-23,https://www.sec.gov/Archives/edgar/data/320187/000032018719000051/nke-531201910k.htm
NKE,cash_flow,2019-05-31,annual,Cash used by financing activities,1,5293.0,1000000,USD,"YEAR ENDED MAY 31, — 2019",1627,10-K,2019-07-23,https://www.sec.gov/Archives/edgar/data/320187/000032018719000051/nke-531201910k.htm
NKE,cash_flow,2019-05-31,annual,Deferred income taxes,1,34.0,1000000,USD,2019,1647,10-K,2021-07-20,https://www.sec.gov/Archives/edgar/data/320187/000032018721000028/nke-20210531.htm
NKE,cash_flow,2019-05-31,annual,Depreciation,1,705.0,1000000,USD,2019,1646,10-K,2021-07-20,https://www.sec.gov/Archives/edgar/data/320187/000032018721000028/nke-20210531.htm
NKE,cash_flow,2019-05-31,annual,"Disposals of property, plant and equipment",1,5.0,1000000,USD,"YEAR ENDED MAY 31, — 2019",1615,10-K,2019-07-23,https://www.sec.gov/Archives/edgar/data/320187/000032018719000051/nke-531201910k.htm
NKE,cash_flow,2019-05-31,annual,Dividends declared and not paid,1,347.0,1000000,USD,2019,1682,10-K,2021-07-20,https://www.sec.gov/Archives/edgar/data/320187/000032018721000028/nke-20210531.htm
NKE,cash_flow,2019-05-31,annual,Dividends — common and preferred,1,-1332.0,1000000,USD,2019,1670,10-K,2021-07-20,https://www.sec.gov/Archives/edgar/data/320187/000032018721000028/nke-20210531.htm
NKE,cash_flow,2019-05-31,annual,Effect of exchange rate changes on cash and equivalents,1,-129.0,1000000,USD,2019,1673,10-K,2021-07-20,https://www.sec.gov/Archives/edgar/data/320187/000032018721000028/nke-20210531.htm
NKE,cash_flow,2019-05-31,annual,Income taxes,1,757.0,1000000,USD,2019,1680,10-K,2021-07-20,https://www.sec.gov/Archives/edgar/data/320187/000032018721000028/nke-20210531.htm
NKE,cash_flow,2019-05-31,annual,"Increase (decrease) in accounts payable, accrued liabilities and other current and non-current liabilities",1,1525.0,1000000,USD,"YEAR ENDED MAY 31, — 2019",1608,10-K,2019-07-23,https://www.sec.gov/Archives/edgar/data/320187/000032018719000051/nke-531201910k.htm
NKE,cash_flow,2019-05-31,annual,"Increase (decrease) in accounts payable, accrued liabilities, operating lease liabilities and other current and non-current liabilities",1,1525.0,1000000,USD,2019,1655,10-K,2021-07-20,https://www.sec.gov/Archives/edgar/data/320187/000032018721000028/nke-20210531.htm
NKE,cash_flow,2019-05-31,annual,Increase (decrease) in notes payable,1,325.0,1000000,USD,"YEAR ENDED MAY 31, — 2019",1621,10-K,2019-07-23,https://www.sec.gov/Archives/edgar/data/320187/000032018719000051/nke-531201910k.htm
NKE,cash_flow,2019-05-31,annual,"Increase (decrease) in notes payable, net",1,-325.0,1000000,USD,2019,1666,10-K,2021-07-20,https://www.sec.gov/Archives/edgar/data/320187/000032018721000028/nke-20210531.htm
NKE,cash_flow,2019-05-31,annual,"Interest, net of capitalized interest",1,153.0,1000000,USD,2019,1679,10-K,2021-07-20,https://www.sec.gov/Archives/edgar/data/320187/000032018721000028/nke-20210531.htm
NKE,cash_flow,2019-05-31,annual,"Long-term debt payments, including current portion",1,6.0,1000000,USD,"YEAR ENDED MAY 31, — 2019",1620,10-K,2019-07-23,https://www.sec.gov/Archives/edgar/data/320187/000032018719000051/nke-531201910k.htm
NKE,cash_flow,2019-05-31,annual,Maturities of short-term investments,1,1715.0,1000000,USD,2019,1659,10-K,2021-07-20,https://www.sec.gov/Archives/edgar/data/320187/000032018721000028/nke-20210531.htm
NKE,cash_flow,2019-05-31,annual,Net foreign currency adjustments,1,233.0,1000000,USD,2019,1650,10-K,2021-07-20,https://www.sec.gov/Archives/edgar/data/320187/000032018721000028/nke-20210531.htm
NKE,cash_flow,2019-05-31,annual,Net income,1,4029.0,1000000,USD,2019,1644,10-K,2021-07-20,https://www.sec.gov/Archives/edgar/data/320187/000032018721000028/nke-20210531.htm
NKE,cash_flow,2019-05-31,annual,Net increase (decrease) in cash and equivalents,1,217.0,1000000,USD,2019,1674,10-K,2021-07-20,https://www.sec.gov/Archives/edgar/data/320187/000032018721000028/nke-20210531.htm
NKE,cash_flow,2019-05-31,annual,"Non-cash additions to property, plant and equipment",1,160.0,1000000,USD,2019,1681,10-K,2021-07-20,https://www.sec.gov/Archives/edgar/data/320187/000032018721000028/nke-20210531.htm
NKE,cash_flow,2019-05-31,annual,Other financing activities,1,-44.0,1000000,USD,2019,1671,10-K,2021-07-20,https://www.sec.gov/Archives/edgar/data/320187/000032018721000028/nke-20210531.htm
NKE,cash_flow,2019-05-31,annual,Other investing activities,1,5.0,1000000,USD,2019,1662,10-K,2021-07-20,https://www.sec.gov/Archives/edgar/data/320187/000032018721000028/nke-20210531.htm
NKE,cash_flow,2019-05-31,annual,Payments on capital lease and other financing obligations,1,27.0,1000000,USD,"YEAR ENDED MAY 31, — 2019",1622,10-K,2019-07-23,https://www.sec.gov/Archives/edgar/data/320187/000032018719000051/nke-531201910k.htm
NKE,cash_flow,2019-05-31,annual,Proceeds from exercise of stock options and other stock issuances,1,700.0,1000000,USD,2019,1668,10-K,2021-07-20,https://www.sec.gov/Archives/edgar/data/320187/000032018721000028/nke-20210531.htm
NKE,cash_flow,2019-05-31,annual,Purchases of short-term investments,1,-2937.0,1000000,USD,2019,1658,10-K,2021-07-20,https://www.sec.gov/Archives/edgar/data/320187/000032018721000028/nke-20210531.htm
NKE,cash_flow,2019-05-31,annual,Repayment of borrowings,1,-6.0,1000000,USD,2019,1667,10-K,2021-07-20,https://www.sec.gov/Archives/edgar/data/320187/000032018721000028/nke-20210531.htm
NKE,cash_flow,2019-05-31,annual,Repurchase of common stock,1,-4286.0,1000000,USD,2019,1669,10-K,2021-07-20,https://www.sec.gov/Archives/edgar/data/320187/000032018721000028/nke-20210531.htm
NKE,cash_flow,2019-05-31,annual,Sales of short-term investments,1,2072.0,1000000,USD,2019,1660,10-K,2021-07-20,https://www.sec.gov/Archives/edgar/data/320187/000032018721000028/nke-20210531.htm
NKE,cash_flow,2019-05-31,annual,Stock-based compensation,1,325.0,1000000,USD,2019,1648,10-K,2021-07-20,https://www.sec.gov/Archives/edgar/data/320187/000032018721000028/nke-20210531.htm
NKE,cash_flow,2019-05-31,annual,Tax payments for net share settlement of equity awards,1,17.0,1000000,USD,"YEAR ENDED MAY 31, — 2019",1626,10-K,2019-07-23,https://www.sec.gov/Archives/edgar/data/320187/000032018719000051/nke-531201910k.htm
NKE,income,2019-05-31,annual,Basic,1,2.55,1000000,USD,2019,1561,10-K,2021-07-20,https://www.sec.gov/Archives/edgar/data/320187/000032018721000028/nke-20210531.htm
NKE,income,2019-05-31,annual,Basic,2,1579.7,1000000,USD,2019,1564,10-K,2021-07-20,https://www.sec.gov/Archives/edgar/data/320187/000032018721000028/nke-20210531.htm
NKE,income,2019-05-31,annual,Cost of sales,1,21643.0,1000000,USD,2019,1550,10-K,2021-07-20,https://www.sec.gov/Archives/edgar/data/320187/000032018721000028/nke-20210531.htm
NKE,income,2019-05-31,annual,Demand creation expense,1,3753.0,1000000,USD,2019,1552,10-K,2021-07-20,https://www.sec.gov/Archives/edgar/data/320187/000032018721000028/nke-20210531.htm
NKE,income,2019-05-31,annual,Diluted,1,2.49,1000000,USD,2019,1562,10-K,2021-07-20,https://www.sec.gov/Archives/edgar/data/320187/000032018721000028/nke-20210531.htm
NKE,income,2019-05-31,annual,Diluted,2,1618.4,1000000,USD,2019,1565,10-K,2021-07-20,https://www.sec.gov/Archives/edgar/data/320187/000032018721000028/nke-20210531.htm
NKE,income,2019-05-31,annual,Gross profit,1,17474.0,1000000,USD,2019,1551,10-K,2021-07-20,https://www.sec.gov/Archives/edgar/data/320187/000032018721000028/nke-20210531.htm
NKE,income,2019-05-31,annual,Income before income taxes,1,4801.0,1000000,USD,2019,1557,10-K,2021-07-20,https://www.sec.gov/Archives/edgar/data/320187/000032018721000028/nke-20210531.htm
NKE,income,2019-05-31,annual,Income tax expense,1,772.0,1000000,USD,2019,1558,10-K,2021-07-20,https://www.sec.gov/Archives/edgar/data/320187/000032018721000028/nke-20210531.htm
NKE,income,2019-05-31,annual,"Interest expense (income), net",1,49.0,1000000,USD,2019,1555,10-K,2021-07-20,https://www.sec.gov/Archives/edgar/data/320187/000032018721000028/nke-20210531.htm
NKE,income,2019-05-31,annual,NET INCOME,1,4029.0,1000000,USD,2019,1559,10-K,2021-07-20,https://www.sec.gov/Archives/edgar/data/320187/000032018721000028/nke-20210531.htm
NKE,income,2019-05-31,annual,Operating overhead expense,1,8949.0,1000000,USD,2019,1553,10-K,2021-07-20,https://www.sec.gov/Archives/edgar/data/320187/000032018721000028/nke-20210531.htm
NKE,income,2019-05-31,annual,"Other (income) expense, net",1,-78.0,1000000,USD,2019,1556,10-K,2021-07-20,https://www.sec.gov/Archives/edgar/data/320187/000032018721000028/nke-20210531.htm
NKE,income,2019-05-31,annual,Revenues,1,39117.0,1000000,USD,2019,1549,10-K,2021-07-20,https://www.sec.gov/Archives/edgar/data/320187/000032018721000028/nke-20210531.htm
NKE,income,2019-05-31,annual,Total selling and administrative expense,1,12702.0,1000000,USD,2019,1554,10-K,2021-07-20,https://www.sec.gov/Archives/edgar/data/320187/000032018721000028/nke-20210531.htm
NKE,shares,2019-05-31,instant,Class A shares outstanding,1,315.0,1000000,shares,"MAY 31, — 2019",1576,10-K,2019-07-23,https://www.sec.gov/Archives/edgar/data/320187/000032018719000051/nke-531201910k.htm
NKE,shares,2019-05-31,instant,Class B shares outstanding,1,1253.0,1000000,shares,"MAY 31, — 2019",1577,10-K,2019-07-23,https://www.sec.gov/Archives/edgar/data/320187/000032018719000051/nke-531201910k.htm
NKE,balance,2020-05-31,instant,Accounts payable,1,2248.0,1000000,USD,2020,1613,10-K,2021-07-20,https://www.sec.gov/Archives/edgar/data/320187/000032018721000028/nke-20210531.htm
NKE,balance,2020-05-31,instant,"Accounts receivable, net",1,2749.0,1000000,USD,2020,1599,10-K,2021-07-20,https://www.sec.gov/Archives/edgar/data/320187/000032018721000028/nke-20210531.htm
NKE,balance,2020-05-31,instant,Accrued liabilities,1,5184.0,1000000,USD,2020,1615,10-K,2021-07-20,https://www.sec.gov/Archives/edgar/data/320187/000032018721000028/nke-20210531.htm
NKE,balance,2020-05-31,instant,Accumulated other comprehensive income (loss),1,-56.0,1000000,USD,2020,1628,10-K,2021-07-20,https://www.sec.gov/Archives/edgar/data/320187/000032018721000028/nke-20210531.htm
NKE,balance,2020-05-31,instant,Capital in excess of stated value,1,8299.0,1000000,USD,2020,1627,10-K,2021-07-20,https://www.sec.gov/Archives/edgar/data/320187/000032018721000028/nke-20210531.htm
NKE,balance,2020-05-31,instant,Cash and equivalents,1,8348.0,1000000,USD,2020,1597,10-K,2021-07-20,https://www.sec.gov/Archives/edgar/data/320187/000032018721000028/nke-20210531.htm
NKE,balance,2020-05-31,instant,"Class B — 1,243 and 1,253 shares outstanding",1,3.0,1000000,USD,"MAY 31, — 2020",1731,10-K,2020-07-24,https://www.sec.gov/Archives/edgar/data/320187/000032018720000047/nke-531202010k.htm
NKE,balance,2020-05-31,instant,"Class B — 1,273 and 1,243 shares outstanding",1,3.0,1000000,USD,2020,1626,10-K,2021-07-20,https://www.sec.gov/Archives/edgar/data/320187/000032018721000028/nke-20210531.htm
NKE,balance,2020-05-31,instant,Current portion of long-term debt,1,3.0,1000000,USD,2020,1611,10-K,2021-07-20,https://www.sec.gov/Archives/edgar/data/320187/000032018721000028/nke-20210531.htm
NKE,balance,2020-05-31,instant,Current portion of operating lease liabilities,1,445.0,1000000,USD,2020,1614,10-K,2021-07-20,https://www.sec.gov/Archives/edgar/data/320187/000032018721000028/nke-20210531.htm
NKE,balance,2020-05-31,instant,Deferred income taxes and other assets,1,2326.0,1000000,USD,2020,1607,10-K,2021-07-20,https://www.sec.gov/Archives/edgar/data/320187/000032018721000028/nke-20210531.htm
NKE,balance,2020-05-31,instant,Deferred income taxes and other liabilities,1,2684.0,1000000,USD,2020,1620,10-K,2021-07-20,https://www.sec.gov/Archives/edgar/data/320187/000032018721000028/nke-20210531.htm
NKE,balance,2020-05-31,instant,Goodwill,1,223.0,1000000,USD,2020,1606,10-K,2021-07-20,https://www.sec.gov/Archives/edgar/data/320187/000032018721000028/nke-20210531.htm
NKE,balance,2020-05-31,instant,"Identifiable intangible assets, net",1,274.0,1000000,USD,2020,1605,10-K,2021-07-20,https://www.sec.gov/Archives/edgar/data/320187/000032018721000028/nke-20210531.htm
NKE,balance,2020-05-31,instant,Income taxes payable,1,156.0,1000000,USD,2020,1616,10-K,2021-07-20,https://www.sec.gov/Archives/edgar/data/320187/000032018721000028/nke-20210531.htm
NKE,balance,2020-05-31,instant,Inventories,1,7367.0,1000000,USD,2020,1600,10-K,2021-07-20,https://www.sec.gov/Archives/edgar/data/320187/000032018721000028/nke-20210531.htm
NKE,balance,2020-05-31,instant,Long-term debt,1,9406.0,1000000,USD,2020,1618,10-K,2021-07-20,https://www.sec.gov/Archives/edgar/data/320187/000032018721000028/nke-20210531.htm
NKE,balance,2020-05-31,instant,Notes payable,1,248.0,1000000,USD,2020,1612,10-K,2021-07-20,https://www.sec.gov/Archives/edgar/data/320187/000032018721000028/nke-20210531.htm
NKE,balance,2020-05-31,instant,Operating lease liabilities,1,2913.0,1000000,USD,2020,1619,10-K,2021-07-20,https://www.sec.gov/Archives/edgar/data/320187/000032018721000028/nke-20210531.htm
NKE,balance,2020-05-31,instant,"Operating lease right-of-use assets, net",1,3097.0,1000000,USD,2020,1604,10-K,2021-07-20,https://www.sec.gov/Archives/edgar/data/320187/000032018721000028/nke-20210531.htm
NKE,balance,2020-05-31,instant,Prepaid expenses and other current assets,1,1653.0,1000000,USD,2020,1601,10-K,2021-07-20,https://www.sec.gov/Archives/edgar/data/320187/000032018721000028/nke-20210531.htm
NKE,balance,2020-05-31,instant,"Property, plant and equipment, net",1,4866.0,1000000,USD,2020,1603,10-K,2021-07-20,https://www.sec.gov/Archives/edgar/data/320187/000032018721000028/nke-20210531.htm
NKE,balance,2020-05-31,instant,Retained earnings (deficit),1,-191.0,1000000,USD,2020,1629,10-K,2021-07-20,https://www.sec.gov/Archives/edgar/data/320187/000032018721000028/nke-20210531.htm
NKE,balance,2020-05-31,instant,Short-term investments,1,439.0,1000000,USD,2020,1598,10-K,2021-07-20,https://www.sec.gov/Archives/edgar/data/320187/000032018721000028/nke-20210531.htm
NKE,balance,2020-05-31,instant,TOTAL ASSETS,1,31342.0,1000000,USD,2020,1608,10-K,2021-07-20,https://www.sec.gov/Archives/edgar/data/320187/000032018721000028/nke-20210531.htm
NKE,balance,2020-05-31,instant,TOTAL LIABILITIES AND SHAREHOLDERS' EQUITY,1,31342.0,1000000,USD,2020,1631,10-K,2021-07-20,https://www.sec.gov/Archives/edgar/data/320187/000032018721000028/nke-20210531.htm
NKE,balance,2020-05-31,instant,Total current assets,1,20556.0,1000000,USD,2020,1602,10-K,2021-07-20,https://www.sec.gov/Archives/edgar/data/320187/000032018721000028/nke-20210531.htm
NKE,balance,2020-05-31,instant,Total current liabilities,1,8284.0,1000000,USD,2020,1617,10-K,2021-07-20,https://www.sec.gov/Archives/edgar/data/320187/000032018721000028/nke-20210531.htm
NKE,balance,2020-05-31,instant,Total shareholders' equity,1,8055.0,1000000,USD,2020,1630,10-K,2021-07-20,https://www.sec.gov/Archives/edgar/data/320187/000032018721000028/nke-20210531.htm
NKE,cash_flow,2020-05-31,annual,(Increase) decrease in accounts receivable,1,1239.0,1000000,USD,2020,1608,10-K,2022-07-21,https://www.sec.gov/Archives/edgar/data/320187/000032018722000038/nke-20220531.htm
NKE,cash_flow,2020-05-31,annual,(Increase) decrease in inventories,1,-1854.0,1000000,USD,2020,1609,10-K,2022-07-21,https://www.sec.gov/Archives/edgar/data/320187/000032018722000038/nke-20220531.htm
NKE,cash_flow,2020-05-31,annual,"(Increase) decrease in prepaid expenses, operating lease right-of-use assets and other current and non-current assets",1,-654.0,1000000,USD,2020,1610,10-K,2022-07-21,https://www.sec.gov/Archives/edgar/data/320187/000032018722000038/nke-20220531.htm
NKE,cash_flow,2020-05-31,annual,"Additions to property, plant and equipment",1,-1086.0,1000000,USD,2020,1617,10-K,2022-07-21,https://www.sec.gov/Archives/edgar/data/320187/000032018722000038/nke-20220531.htm
NKE,cash_flow,2020-05-31,annual,"Amortization, impairment and other",1,398.0,1000000,USD,2020,1605,10-K,2022-07-21,https://www.sec.gov/Archives/edgar/data/320187/000032018722000038/nke-20220531.htm
NKE,cash_flow,2020-05-31,annual,"CASH AND EQUIVALENTS, END OF YEAR",1,8348.0,1000000,USD,2020,1632,10-K,2022-07-21,https://www.sec.gov/Archives/edgar/data/320187/000032018722000038/nke-20220531.htm
NKE,cash_flow,2020-05-31,annual,"Cash and equivalents, beginning of year",1,4466.0,1000000,USD,2020,1631,10-K,2022-07-21,https://www.sec.gov/Archives/edgar/data/320187/000032018722000038/nke-20220531.htm
NKE,cash_flow,2020-05-31,annual,Cash provided (used) by financing activities,1,2491.0,1000000,USD,2020,1628,10-K,2022-07-21,https://www.sec.gov/Archives/edgar/data/320187/000032018722000038/nke-20220531.htm
NKE,cash_flow,2020-05-31,annual,Cash provided (used) by investing activities,1,-1028.0,1000000,USD,2020,1619,10-K,2022-07-21,https://www.sec.gov/Archives/edgar/data/320187/000032018722000038/nke-20220531.htm
NKE,cash_flow,2020-05-31,annual,Cash provided (used) by operations,1,2485.0,1000000,USD,2020,1612,10-K,2022-07-21,https://www.sec.gov/Archives/edgar/data/320187/000032018722000038/nke-20220531.htm
NKE,cash_flow,2020-05-31,annual,Deferred income taxes,1,-380.0,1000000,USD,2020,1603,10-K,2022-07-21,https://www.sec.gov/Archives/edgar/data/320187/000032018722000038/nke-20220531.htm
NKE,cash_flow,2020-05-31,annual,Depreciation,1,721.0,1000000,USD,2020,1602,10-K,2022-07-21,https://www.sec.gov/Archives/edgar/data/320187/000032018722000038/nke-20220531.htm
NKE,cash_flow,2020-05-31,annual,Dividends declared and not paid,1,385.0,1000000,USD,2020,1638,10-K,2022-07-21,https://www.sec.gov/Archives/edgar/data/320187/000032018722000038/nke-20220531.htm
NKE,cash_flow,2020-05-31,annual,Dividends — common and preferred,1,-1452.0,1000000,USD,2020,1626,10-K,2022-07-21,https://www.sec.gov/Archives/edgar/data/320187/000032018722000038/nke-20220531.htm
NKE,cash_flow,2020-05-31,annual,Effect of exchange rate changes on cash and equivalents,1,-66.0,1000000,USD,2020,1629,10-K,2022-07-21,https://www.sec.gov/Archives/edgar/data/320187/000032018722000038/nke-20220531.htm
NKE,cash_flow,2020-05-31,annual,Income taxes,1,1028.0,1000000,USD,2020,1636,10-K,2022-07-21,https://www.sec.gov/Archives/edgar/data/320187/000032018722000038/nke-20220531.htm
NKE,cash_flow,2020-05-31,annual,"Increase (decrease) in accounts payable, accrued liabilities, operating lease liabilities and other current and non-current liabilities",1,24.0,1000000,USD,2020,1611,10-K,2022-07-21,https://www.sec.gov/Archives/edgar/data/320187/000032018722000038/nke-20220531.htm
NKE,cash_flow,2020-05-31,annual,"Increase (decrease) in notes payable, net",1,49.0,1000000,USD,2020,1622,10-K,2022-07-21,https://www.sec.gov/Archives/edgar/data/320187/000032018722000038/nke-20220531.htm
NKE,cash_flow,2020-05-31,annual,"Interest, net of capitalized interest",1,140.0,1000000,USD,2020,1635,10-K,2022-07-21,https://www.sec.gov/Archives/edgar/data/320187/000032018722000038/nke-20220531.htm
NKE,cash_flow,2020-05-31,annual,Maturities of short-term investments,1,74.0,1000000,USD,2020,1615,10-K,2022-07-21,https://www.sec.gov/Archives/edgar/data/320187/000032018722000038/nke-20220531.htm
NKE,cash_flow,2020-05-31,annual,Net foreign currency adjustments,1,23.0,1000000,USD,2020,1606,10-K,2022-07-21,https://www.sec.gov/Archives/edgar/data/320187/000032018722000038/nke-20220531.htm
NKE,cash_flow,2020-05-31,annual,Net income,1,2539.0,1000000,USD,2020,1600,10-K,2022-07-21,https://www.sec.gov/Archives/edgar/data/320187/000032018722000038/nke-20220531.htm
NKE,cash_flow,2020-05-31,annual,Net increase (decrease) in cash and equivalents,1,3882.0,1000000,USD,2020,1630,10-K,2022-07-21,https://www.sec.gov/Archives/edgar/data/320187/000032018722000038/nke-20220531.htm
NKE,cash_flow,2020-05-31,annual,"Non-cash additions to property, plant and equipment",1,121.0,1000000,USD,2020,1637,10-K,2022-07-21,https://www.sec.gov/Archives/edgar/data/320187/000032018722000038/nke-20220531.htm
NKE,cash_flow,2020-05-31,annual,Other financing activities,1,-52.0,1000000,USD,2020,1627,10-K,2022-07-21,https://www.sec.gov/Archives/edgar/data/320187/000032018722000038/nke-20220531.htm
NKE,cash_flow,2020-05-31,annual,Other investing activities,1,31.0,1000000,USD,2020,1618,10-K,2022-07-21,https://www.sec.gov/Archives/edgar/data/320187/000032018722000038/nke-20220531.htm
NKE,cash_flow,2020-05-31,annual,"Proceeds from borrowings, net of debt issuance costs",1,6134.0,1000000,USD,2020,1621,10-K,2022-07-21,https://www.sec.gov/Archives/edgar/data/320187/000032018722000038/nke-20220531.htm
NKE,cash_flow,2020-05-31,annual,Proceeds from exercise of stock options and other stock issuances,1,885.0,1000000,USD,2020,1624,10-K,2022-07-21,https://www.sec.gov/Archives/edgar/data/320187/000032018722000038/nke-20220531.htm
NKE,cash_flow,2020-05-31,annual,Purchases of short-term investments,1,-2426.0,1000000,USD,2020,1614,10-K,2022-07-21,https://www.sec.gov/Archives/edgar/data/320187/000032018722000038/nke-20220531.htm
NKE,cash_flow,2020-05-31,annual,Repayment of borrowings,1,-6.0,1000000,USD,2020,1623,10-K,2022-07-21,https://www.sec.gov/Archives/edgar/data/320187/000032018722000038/nke-20220531.htm
NKE,cash_flow,2020-05-31,annual,Repurchase of common stock,1,-3067.0,1000000,USD,2020,1625,10-K,2022-07-21,https://www.sec.gov/Archives/edgar/data/320187/000032018722000038/nke-20220531.htm
NKE,cash_flow,2020-05-31,annual,Sales of short-term investments,1,2379.0,1000000,USD,2020,1616,10-K,2022-07-21,https://www.sec.gov/Archives/edgar/data/320187/000032018722000038/nke-20220531.htm
NKE,cash_flow,2020-05-31,annual,Stock-based compensation,1,429.0,1000000,USD,2020,1604,10-K,2022-07-21,https://www.sec.gov/Archives/edgar/data/320187/000032018722000038/nke-20220531.htm
NKE,income,2020-05-31,annual,Basic,1,1.63,1000000,USD,2020,1517,10-K,2022-07-21,https://www.sec.gov/Archives/edgar/data/320187/000032018722000038/nke-20220531.htm
NKE,income,2020-05-31,annual,Basic,2,1558.8,1000000,USD,2020,1520,10-K,2022-07-21,https://www.sec.gov/Archives/edgar/data/320187/000032018722000038/nke-20220531.htm
NKE,income,2020-05-31,annual,Cost of sales,1,21162.0,1000000,USD,2020,1506,10-K,2022-07-21,https://www.sec.gov/Archives/edgar/data/320187/000032018722000038/nke-20220531.htm
NKE,income,2020-05-31,annual,Demand creation expense,1,3592.0,1000000,USD,2020,1508,10-K,2022-07-21,https://www.sec.gov/Archives/edgar/data/320187/000032018722000038/nke-20220531.htm
NKE,income,2020-05-31,annual,Diluted,1,1.6,1000000,USD,2020,1518,10-K,2022-07-21,https://www.sec.gov/Archives/edgar/data/320187/000032018722000038/nke-20220531.htm
NKE,income,2020-05-31,annual,Diluted,2,1591.6,1000000,USD,2020,1521,10-K,2022-07-21,https://www.sec.gov/Archives/edgar/data/320187/000032018722000038/nke-20220531.htm
NKE,income,2020-05-31,annual,Gross profit,1,16241.0,1000000,USD,2020,1507,10-K,2022-07-21,https://www.sec.gov/Archives/edgar/data/320187/000032018722000038/nke-20220531.htm
NKE,income,2020-05-31,annual,Income before income taxes,1,2887.0,1000000,USD,2020,1513,10-K,2022-07-21,https://www.sec.gov/Archives/edgar/data/320187/000032018722000038/nke-20220531.htm
NKE,income,2020-05-31,annual,Income tax expense,1,348.0,1000000,USD,2020,1514,10-K,2022-07-21,https://www.sec.gov/Archives/edgar/data/320187/000032018722000038/nke-20220531.htm
NKE,income,2020-05-31,annual,"Interest expense (income), net",1,89.0,1000000,USD,2020,1511,10-K,2022-07-21,https://www.sec.gov/Archives/edgar/data/320187/000032018722000038/nke-20220531.htm
NKE,income,2020-05-31,annual,NET INCOME,1,2539.0,1000000,USD,2020,1515,10-K,2022-07-21,https://www.sec.gov/Archives/edgar/data/320187/000032018722000038/nke-20220531.htm
NKE,income,2020-05-31,annual,Operating overhead expense,1,9534.0,1000000,USD,2020,1509,10-K,2022-07-21,https://www.sec.gov/Archives/edgar/data/320187/000032018722000038/nke-20220531.htm
NKE,income,2020-05-31,annual,"Other (income) expense, net",1,139.0,1000000,USD,2020,1512,10-K,2022-07-21,https://www.sec.gov/Archives/edgar/data/320187/000032018722000038/nke-20220531.htm
NKE,income,2020-05-31,annual,Revenues,1,37403.0,1000000,USD,2020,1505,10-K,2022-07-21,https://www.sec.gov/Archives/edgar/data/320187/000032018722000038/nke-20220531.htm
NKE,income,2020-05-31,annual,Total selling and administrative expense,1,13126.0,1000000,USD,2020,1510,10-K,2022-07-21,https://www.sec.gov/Archives/edgar/data/320187/000032018722000038/nke-20220531.htm
NKE,shares,2020-05-31,instant,Class A shares outstanding,1,315.0,1000000,shares,2020,1625,10-K,2021-07-20,https://www.sec.gov/Archives/edgar/data/320187/000032018721000028/nke-20210531.htm
NKE,shares,2020-05-31,instant,Class B shares outstanding,1,1243.0,1000000,shares,2020,1626,10-K,2021-07-20,https://www.sec.gov/Archives/edgar/data/320187/000032018721000028/nke-20210531.htm
NKE,balance,2021-05-31,instant,Accounts payable,1,2836.0,1000000,USD,2021,1569,10-K,2022-07-21,https://www.sec.gov/Archives/edgar/data/320187/000032018722000038/nke-20220531.htm
NKE,balance,2021-05-31,instant,"Accounts receivable, net",1,4463.0,1000000,USD,2021,1555,10-K,2022-07-21,https://www.sec.gov/Archives/edgar/data/320187/000032018722000038/nke-20220531.htm
NKE,balance,2021-05-31,instant,Accrued liabilities,1,6063.0,1000000,USD,2021,1571,10-K,2022-07-21,https://www.sec.gov/Archives/edgar/data/320187/000032018722000038/nke-20220531.htm
NKE,balance,2021-05-31,instant,Accumulated other comprehensive income (loss),1,-380.0,1000000,USD,2021,1584,10-K,2022-07-21,https://www.sec.gov/Archives/edgar/data/320187/000032018722000038/nke-20220531.htm
NKE,balance,2021-05-31,instant,Capital in excess of stated value,1,9965.0,1000000,USD,2021,1583,10-K,2022-07-21,https://www.sec.gov/Archives/edgar/data/320187/000032018722000038/nke-20220531.htm
NKE,balance,2021-05-31,instant,Cash and equivalents,1,9889.0,1000000,USD,2021,1553,10-K,2022-07-21,https://www.sec.gov/Archives/edgar/data/320187/000032018722000038/nke-20220531.htm
NKE,balance,2021-05-31,instant,"Class B — 1,266 and 1,273 shares outstanding",1,3.0,1000000,USD,2021,1582,10-K,2022-07-21,https://www.sec.gov/Archives/edgar/data/320187/000032018722000038/nke-20220531.htm
NKE,balance,2021-05-31,instant,"Class B — 1,273 and 1,243 shares outstanding",1,3.0,1000000,USD,"MAY 31, — 2021",1626,10-K,2021-07-20,https://www.sec.gov/Archives/edgar/data/320187/000032018721000028/nke-20210531.htm
NKE,balance,2021-05-31,instant,Current portion of operating lease liabilities,1,467.0,1000000,USD,2021,1570,10-K,2022-07-21,https://www.sec.gov/Archives/edgar/data/320187/000032018722000038/nke-20220531.htm
NKE,balance,2021-05-31,instant,Deferred income taxes and other assets,1,2921.0,1000000,USD,2021,1563,10-K,2022-07-21,https://www.sec.gov/Archives/edgar/data/320187/000032018722000038/nke-20220531.htm
NKE,balance,2021-05-31,instant,Deferred income taxes and other liabilities,1,2955.0,1000000,USD,2021,1576,10-K,2022-07-21,https://www.sec.gov/Archives/edgar/data/320187/000032018722000038/nke-20220531.htm
NKE,balance,2021-05-31,instant,Goodwill,1,242.0,1000000,USD,2021,1562,10-K,2022-07-21,https://www.sec.gov/Archives/edgar/data/320187/000032018722000038/nke-20220531.htm
NKE,balance,2021-05-31,instant,"Identifiable intangible assets, net",1,269.0,1000000,USD,2021,1561,10-K,2022-07-21,https://www.sec.gov/Archives/edgar/data/320187/000032018722000038/nke-20220531.htm
NKE,balance,2021-05-31,instant,Income taxes payable,1,306.0,1000000,USD,2021,1572,10-K,2022-07-21,https://www.sec.gov/Archives/edgar/data/320187/000032018722000038/nke-20220531.htm
NKE,balance,2021-05-31,instant,Inventories,1,6854.0,1000000,USD,2021,1556,10-K,2022-07-21,https://www.sec.gov/Archives/edgar/data/320187/000032018722000038/nke-20220531.htm
NKE,balance,2021-05-31,instant,Long-term debt,1,9413.0,1000000,USD,2021,1574,10-K,2022-07-21,https://www.sec.gov/Archives/edgar/data/320187/000032018722000038/nke-20220531.htm
NKE,balance,2021-05-31,instant,Notes payable,1,2.0,1000000,USD,2021,1568,10-K,2022-07-21,https://www.sec.gov/Archives/edgar/data/320187/000032018722000038/nke-20220531.htm
NKE,balance,2021-05-31,instant,Operating lease liabilities,1,2931.0,1000000,USD,2021,1575,10-K,2022-07-21,https://www.sec.gov/Archives/edgar/data/320187/000032018722000038/nke-20220531.htm
NKE,balance,2021-05-31,instant,"Operating lease right-of-use assets, net",1,3113.0,1000000,USD,2021,1560,10-K,2022-07-21,https://www.sec.gov/Archives/edgar/data/320187/000032018722000038/nke-20220531.htm
NKE,balance,2021-05-31,instant,Prepaid expenses and other current assets,1,1498.0,1000000,USD,2021,1557,10-K,2022-07-21,https://www.sec.gov/Archives/edgar/data/320187/000032018722000038/nke-20220531.htm
NKE,balance,2021-05-31,instant,"Property, plant and equipment, net",1,4904.0,1000000,USD,2021,1559,10-K,2022-07-21,https://www.sec.gov/Archives/edgar/data/320187/000032018722000038/nke-20220531.htm
NKE,balance,2021-05-31,instant,Retained earnings (deficit),1,3179.0,1000000,USD,2021,1585,10-K,2022-07-21,https://www.sec.gov/Archives/edgar/data/320187/000032018722000038/nke-20220531.htm
NKE,balance,2021-05-31,instant,Short-term investments,1,3587.0,1000000,USD,2021,1554,10-K,2022-07-21,https://www.sec.gov/Archives/edgar/data/320187/000032018722000038/nke-20220531.htm
NKE,balance,2021-05-31,instant,TOTAL ASSETS,1,37740.0,1000000,USD,2021,1564,10-K,2022-07-21,https://www.sec.gov/Archives/edgar/data/320187/000032018722000038/nke-20220531.htm
NKE,balance,2021-05-31,instant,TOTAL LIABILITIES AND SHAREHOLDERS' EQUITY,1,37740.0,1000000,USD,2021,1587,10-K,2022-07-21,https://www.sec.gov/Archives/edgar/data/320187/000032018722000038/nke-20220531.htm
NKE,balance,2021-05-31,instant,Total current assets,1,26291.0,1000000,USD,2021,1558,10-K,2022-07-21,https://www.sec.gov/Archives/edgar/data/320187/000032018722000038/nke-20220531.htm
NKE,balance,2021-05-31,instant,Total current liabilities,1,9674.0,1000000,USD,2021,1573,10-K,2022-07-21,https://www.sec.gov/Archives/edgar/data/320187/000032018722000038/nke-20220531.htm
NKE,balance,2021-05-31,instant,Total shareholders' equity,1,12767.0,1000000,USD,2021,1586,10-K,2022-07-21,https://www.sec.gov/Archives/edgar/data/320187/000032018722000038/nke-20220531.htm
NKE,cash_flow,2021-05-31,annual,(Increase) decrease in accounts receivable,1,-1606.0,1000000,USD,2021,1658,10-K,2023-07-20,https://www.sec.gov/Archives/edgar/data/320187/000032018723000039/nke-20230531.htm
NKE,cash_flow,2021-05-31,annual,(Increase) decrease in inventories,1,507.0,1000000,USD,2021,1659,10-K,2023-07-20,https://www.sec.gov/Archives/edgar/data/320187/000032018723000039/nke-20230531.htm
NKE,cash_flow,2021-05-31,annual,"(Increase) decrease in prepaid expenses, operating lease right-of-use assets and other current and non-current assets",1,-182.0,1000000,USD,2021,1660,10-K,2023-07-20,https://www.sec.gov/Archives/edgar/data/320187/000032018723000039/nke-20230531.htm
NKE,cash_flow,2021-05-31,annual,"Additions to property, plant and equipment",1,-695.0,1000000,USD,2021,1667,10-K,2023-07-20,https://www.sec.gov/Archives/edgar/data/320187/000032018723000039/nke-20230531.htm
NKE,cash_flow,2021-05-31,annual,"Amortization, impairment and other",1,53.0,1000000,USD,2021,1655,10-K,2023-07-20,https://www.sec.gov/Archives/edgar/data/320187/000032018723000039/nke-20230531.htm
NKE,cash_flow,2021-05-31,annual,"CASH AND EQUIVALENTS, END OF YEAR",1,9889.0,1000000,USD,2021,1681,10-K,2023-07-20,https://www.sec.gov/Archives/edgar/data/320187/000032018723000039/nke-20230531.htm
NKE,cash_flow,2021-05-31,annual,"Cash and equivalents, beginning of year",1,8348.0,1000000,USD,2021,1680,10-K,2023-07-20,https://www.sec.gov/Archives/edgar/data/320187/000032018723000039/nke-20230531.htm
NKE,cash_flow,2021-05-31,annual,Cash provided (used) by financing activities,1,-1459.0,1000000,USD,2021,1677,10-K,2023-07-20,https://www.sec.gov/Archives/edgar/data/320187/000032018723000039/nke-20230531.htm
NKE,cash_flow,2021-05-31,annual,Cash provided (used) by investing activities,1,-3800.0,1000000,USD,2021,1669,10-K,2023-07-20,https://www.sec.gov/Archives/edgar/data/320187/000032018723000039/nke-20230531.htm
NKE,cash_flow,2021-05-31,annual,Cash provided (used) by operations,1,6657.0,1000000,USD,2021,1662,10-K,2023-07-20,https://www.sec.gov/Archives/edgar/data/320187/000032018723000039/nke-20230531.htm
NKE,cash_flow,2021-05-31,annual,Deferred income taxes,1,-385.0,1000000,USD,2021,1653,10-K,2023-07-20,https://www.sec.gov/Archives/edgar/data/320187/000032018723000039/nke-20230531.htm
NKE,cash_flow,2021-05-31,annual,Depreciation,1,744.0,1000000,USD,2021,1652,10-K,2023-07-20,https://www.sec.gov/Archives/edgar/data/320187/000032018723000039/nke-20230531.htm
NKE,cash_flow,2021-05-31,annual,Dividends declared and not paid,1,438.0,1000000,USD,2021,1687,10-K,2023-07-20,https://www.sec.gov/Archives/edgar/data/320187/000032018723000039/nke-20230531.htm
NKE,cash_flow,2021-05-31,annual,Dividends — common and preferred,1,-1638.0,1000000,USD,2021,1675,10-K,2023-07-20,https://www.sec.gov/Archives/edgar/data/320187/000032018723000039/nke-20230531.htm
NKE,cash_flow,2021-05-31,annual,Effect of exchange rate changes on cash and equivalents,1,143.0,1000000,USD,2021,1678,10-K,2023-07-20,https://www.sec.gov/Archives/edgar/data/320187/000032018723000039/nke-20230531.htm
NKE,cash_flow,2021-05-31,annual,Income taxes,1,1177.0,1000000,USD,2021,1685,10-K,2023-07-20,https://www.sec.gov/Archives/edgar/data/320187/000032018723000039/nke-20230531.htm
NKE,cash_flow,2021-05-31,annual,"Increase (decrease) in accounts payable, accrued liabilities, operating lease liabilities and other current and non-current liabilities",1,1326.0,1000000,USD,2021,1661,10-K,2023-07-20,https://www.sec.gov/Archives/edgar/data/320187/000032018723000039/nke-20230531.htm
NKE,cash_flow,2021-05-31,annual,"Increase (decrease) in notes payable, net",1,-52.0,1000000,USD,2021,1671,10-K,2023-07-20,https://www.sec.gov/Archives/edgar/data/320187/000032018723000039/nke-20230531.htm
NKE,cash_flow,2021-05-31,annual,"Interest, net of capitalized interest",1,293.0,1000000,USD,2021,1684,10-K,2023-07-20,https://www.sec.gov/Archives/edgar/data/320187/000032018723000039/nke-20230531.htm
NKE,cash_flow,2021-05-31,annual,Maturities of short-term investments,1,4236.0,1000000,USD,2021,1665,10-K,2023-07-20,https://www.sec.gov/Archives/edgar/data/320187/000032018723000039/nke-20230531.htm
NKE,cash_flow,2021-05-31,annual,Net foreign currency adjustments,1,-138.0,1000000,USD,2021,1656,10-K,2023-07-20,https://www.sec.gov/Archives/edgar/data/320187/000032018723000039/nke-20230531.htm
NKE,cash_flow,2021-05-31,annual,Net income,1,5727.0,1000000,USD,2021,1650,10-K,2023-07-20,https://www.sec.gov/Archives/edgar/data/320187/000032018723000039/nke-20230531.htm
NKE,cash_flow,2021-05-31,annual,Net increase (decrease) in cash and equivalents,1,1541.0,1000000,USD,2021,1679,10-K,2023-07-20,https://www.sec.gov/Archives/edgar/data/320187/000032018723000039/nke-20230531.htm
NKE,cash_flow,2021-05-31,annual,"Non-cash additions to property, plant and equipment",1,179.0,1000000,USD,2021,1686,10-K,2023-07-20,https://www.sec.gov/Archives/edgar/data/320187/000032018723000039/nke-20230531.htm
NKE,cash_flow,2021-05-31,annual,Other financing activities,1,-136.0,1000000,USD,2021,1676,10-K,2023-07-20,https://www.sec.gov/Archives/edgar/data/320187/000032018723000039/nke-20230531.htm
NKE,cash_flow,2021-05-31,annual,Other investing activities,1,171.0,1000000,USD,2021,1668,10-K,2023-07-20,https://www.sec.gov/Archives/edgar/data/320187/000032018723000039/nke-20230531.htm
NKE,cash_flow,2021-05-31,annual,Proceeds from exercise of stock options and other stock issuances,1,1172.0,1000000,USD,2021,1673,10-K,2023-07-20,https://www.sec.gov/Archives/edgar/data/320187/000032018723000039/nke-20230531.htm
NKE,cash_flow,2021-05-31,annual,Purchases of short-term investments,1,-9961.0,1000000,USD,2021,1664,10-K,2023-07-20,https://www.sec.gov/Archives/edgar/data/320187/000032018723000039/nke-20230531.htm
NKE,cash_flow,2021-05-31,annual,Repayment of borrowings,1,-197.0,1000000,USD,2021,1672,10-K,2023-07-20,https://www.sec.gov/Archives/edgar/data/320187/000032018723000039/nke-20230531.htm
NKE,cash_flow,2021-05-31,annual,Repurchase of common stock,1,-608.0,1000000,USD,2021,1674,10-K,2023-07-20,https://www.sec.gov/Archives/edgar/data/320187/000032018723000039/nke-20230531.htm
NKE,cash_flow,2021-05-31,annual,Sales of short-term investments,1,2449.0,1000000,USD,2021,1666,10-K,2023-07-20,https://www.sec.gov/Archives/edgar/data/320187/000032018723000039/nke-20230531.htm
NKE,cash_flow,2021-05-31,annual,Stock-based compensation,1,611.0,1000000,USD,2021,1654,10-K,2023-07-20,https://www.sec.gov/Archives/edgar/data/320187/000032018723000039/nke-20230531.htm
NKE,income,2021-05-31,annual,Basic,1,3.64,1000000,USD,2021,1567,10-K,2023-07-20,https://www.sec.gov/Archives/edgar/data/320187/000032018723000039/nke-20230531.htm
NKE,income,2021-05-31,annual,Basic,2,1573.0,1000000,USD,2021,1570,10-K,2023-07-20,https://www.sec.gov/Archives/edgar/data/320187/000032018723000039/nke-20230531.htm
NKE,income,2021-05-31,annual,Cost of sales,1,24576.0,1000000,USD,2021,1556,10-K,2023-07-20,https://www.sec.gov/Archives/edgar/data/320187/000032018723000039/nke-20230531.htm
NKE,income,2021-05-31,annual,Demand creation expense,1,3114.0,1000000,USD,2021,1558,10-K,2023-07-20,https://www.sec.gov/Archives/edgar/data/320187/000032018723000039/nke-20230531.htm
NKE,income,2021-05-31,annual,Diluted,1,3.56,1000000,USD,2021,1568,10-K,2023-07-20,https://www.sec.gov/Archives/edgar/data/320187/000032018723000039/nke-20230531.htm
NKE,income,2021-05-31,annual,Diluted,2,1609.4,1000000,USD,2021,1571,10-K,2023-07-20,https://www.sec.gov/Archives/edgar/data/320187/000032018723000039/nke-20230531.htm
NKE,income,2021-05-31,annual,Gross profit,1,19962.0,1000000,USD,2021,1557,10-K,2023-07-20,https://www.sec.gov/Archives/edgar/data/320187/000032018723000039/nke-20230531.htm
NKE,income,2021-05-31,annual,Income before income taxes,1,6661.0,1000000,USD,2021,1563,10-K,2023-07-20,https://www.sec.gov/Archives/edgar/data/320187/000032018723000039/nke-20230531.htm
NKE,income,2021-05-31,annual,Income tax expense,1,934.0,1000000,USD,2021,1564,10-K,2023-07-20,https://www.sec.gov/Archives/edgar/data/320187/000032018723000039/nke-20230531.htm
NKE,income,2021-05-31,annual,"Interest expense (income), net",1,262.0,1000000,USD,2021,1561,10-K,2023-07-20,https://www.sec.gov/Archives/edgar/data/320187/000032018723000039/nke-20230531.htm
NKE,income,2021-05-31,annual,NET INCOME,1,5727.0,1000000,USD,2021,1565,10-K,2023-07-20,https://www.sec.gov/Archives/edgar/data/320187/000032018723000039/nke-20230531.htm
NKE,income,2021-05-31,annual,Operating overhead expense,1,9911.0,1000000,USD,2021,1559,10-K,2023-07-20,https://www.sec.gov/Archives/edgar/data/320187/000032018723000039/nke-20230531.htm
NKE,income,2021-05-31,annual,"Other (income) expense, net",1,14.0,1000000,USD,2021,1562,10-K,2023-07-20,https://www.sec.gov/Archives/edgar/data/320187/000032018723000039/nke-20230531.htm
NKE,income,2021-05-31,annual,Revenues,1,44538.0,1000000,USD,2021,1555,10-K,2023-07-20,https://www.sec.gov/Archives/edgar/data/320187/000032018723000039/nke-20230531.htm
NKE,income,2021-05-31,annual,Total selling and administrative expense,1,13025.0,1000000,USD,2021,1560,10-K,2023-07-20,https://www.sec.gov/Archives/edgar/data/320187/000032018723000039/nke-20230531.htm
NKE,shares,2021-05-31,instant,Class A shares outstanding,1,305.0,1000000,shares,2021,1581,10-K,2022-07-21,https://www.sec.gov/Archives/edgar/data/320187/000032018722000038/nke-20220531.htm
NKE,shares,2021-05-31,instant,Class B shares outstanding,1,1273.0,1000000,shares,2021,1582,10-K,2022-07-21,https://www.sec.gov/Archives/edgar/data/320187/000032018722000038/nke-20220531.htm
NKE,balance,2022-05-31,instant,Accounts payable,1,3358.0,1000000,USD,2022,1619,10-K,2023-07-20,https://www.sec.gov/Archives/edgar/data/320187/000032018723000039/nke-20230531.htm
NKE,balance,2022-05-31,instant,"Accounts receivable, net",1,4667.0,1000000,USD,2022,1605,10-K,2023-07-20,https://www.sec.gov/Archives/edgar/data/320187/000032018723000039/nke-20230531.htm
NKE,balance,2022-05-31,instant,Accrued liabilities,1,6220.0,1000000,USD,2022,1621,10-K,2023-07-20,https://www.sec.gov/Archives/edgar/data/320187/000032018723000039/nke-20230531.htm
NKE,balance,2022-05-31,instant,Accumulated other comprehensive income (loss),1,318.0,1000000,USD,2022,1634,10-K,2023-07-20,https://www.sec.gov/Archives/edgar/data/320187/000032018723000039/nke-20230531.htm
NKE,balance,2022-05-31,instant,Capital in excess of stated value,1,11484.0,1000000,USD,2022,1633,10-K,2023-07-20,https://www.sec.gov/Archives/edgar/data/320187/000032018723000039/nke-20230531.htm
NKE,balance,2022-05-31,instant,Cash and equivalents,1,8574.0,1000000,USD,2022,1603,10-K,2023-07-20,https://www.sec.gov/Archives/edgar/data/320187/000032018723000039/nke-20230531.htm
NKE,balance,2022-05-31,instant,"Class B — 1,227 and 1,266 shares outstanding",1,3.0,1000000,USD,2022,1632,10-K,2023-07-20,https://www.sec.gov/Archives/edgar/data/320187/000032018723000039/nke-20230531.htm
NKE,balance,2022-05-31,instant,"Class B — 1,266 and 1,273 shares outstanding",1,3.0,1000000,USD,"MAY 31, — 2022",1582,10-K,2022-07-21,https://www.sec.gov/Archives/edgar/data/320187/000032018722000038/nke-20220531.htm
NKE,balance,2022-05-31,instant,Current portion of long-term debt,1,500.0,1000000,USD,2022,1617,10-K,2023-07-20,https://www.sec.gov/Archives/edgar/data/320187/000032018723000039/nke-20230531.htm
NKE,balance,2022-05-31,instant,Current portion of operating lease liabilities,1,420.0,1000000,USD,2022,1620,10-K,2023-07-20,https://www.sec.gov/Archives/edgar/data/320187/000032018723000039/nke-20230531.htm
NKE,balance,2022-05-31,instant,Deferred income taxes and other assets,1,3821.0,1000000,USD,2022,1613,10-K,2023-07-20,https://www.sec.gov/Archives/edgar/data/320187/000032018723000039/nke-20230531.htm
NKE,balance,2022-05-31,instant,Deferred income taxes and other liabilities,1,2613.0,1000000,USD,2022,1626,10-K,2023-07-20,https://www.sec.gov/Archives/edgar/data/320187/000032018723000039/nke-20230531.htm
NKE,balance,2022-05-31,instant,Goodwill,1,284.0,1000000,USD,2022,1612,10-K,2023-07-20,https://www.sec.gov/Archives/edgar/data/320187/000032018723000039/nke-20230531.htm
NKE,balance,2022-05-31,instant,"Identifiable intangible assets, net",1,286.0,1000000,USD,2022,1611,10-K,2023-07-20,https://www.sec.gov/Archives/edgar/data/320187/000032018723000039/nke-20230531.htm
NKE,balance,2022-05-31,instant,Income taxes payable,1,222.0,1000000,USD,2022,1622,10-K,2023-07-20,https://www.sec.gov/Archives/edgar/data/320187/000032018723000039/nke-20230531.htm
NKE,balance,2022-05-31,instant,Inventories,1,8420.0,1000000,USD,2022,1606,10-K,2023-07-20,https://www.sec.gov/Archives/edgar/data/320187/000032018723000039/nke-20230531.htm
NKE,balance,2022-05-31,instant,Long-term debt,1,8920.0,1000000,USD,2022,1624,10-K,2023-07-20,https://www.sec.gov/Archives/edgar/data/320187/000032018723000039/nke-20230531.htm
NKE,balance,2022-05-31,instant,Notes payable,1,10.0,1000000,USD,2022,1618,10-K,2023-07-20,https://www.sec.gov/Archives/edgar/data/320187/000032018723000039/nke-20230531.htm
NKE,balance,2022-05-31,instant,Operating lease liabilities,1,2777.0,1000000,USD,2022,1625,10-K,2023-07-20,https://www.sec.gov/Archives/edgar/data/320187/000032018723000039/nke-20230531.htm
NKE,balance,2022-05-31,instant,"Operating lease right-of-use assets, net",1,2926.0,1000000,USD,2022,1610,10-K,2023-07-20,https://www.sec.gov/Archives/edgar/data/320187/000032018723000039/nke-20230531.htm
NKE,balance,2022-05-31,instant,Prepaid expenses and other current assets,1,2129.0,1000000,USD,2022,1607,10-K,2023-07-20,https://www.sec.gov/Archives/edgar/data/320187/000032018723000039/nke-20230531.htm
NKE,balance,2022-05-31,instant,"Property, plant and equipment, net",1,4791.0,1000000,USD,2022,1609,10-K,2023-07-20,https://www.sec.gov/Archives/edgar/data/320187/000032018723000039/nke-20230531.htm
NKE,balance,2022-05-31,instant,Retained earnings (deficit),1,3476.0,1000000,USD,2022,1635,10-K,2023-07-20,https://www.sec.gov/Archives/edgar/data/320187/000032018723000039/nke-20230531.htm
NKE,balance,2022-05-31,instant,Short-term investments,1,4423.0,1000000,USD,2022,1604,10-K,2023-07-20,https://www.sec.gov/Archives/edgar/data/320187/000032018723000039/nke-20230531.htm
NKE,balance,2022-05-31,instant,TOTAL ASSETS,1,40321.0,1000000,USD,2022,1614,10-K,2023-07-20,https://www.sec.gov/Archives/edgar/data/320187/000032018723000039/nke-20230531.htm
NKE,balance,2022-05-31,instant,TOTAL LIABILITIES AND SHAREHOLDERS' EQUITY,1,40321.0,1000000,USD,2022,1637,10-K,2023-07-20,https://www.sec.gov/Archives/edgar/data/320187/000032018723000039/nke-20230531.htm
NKE,balance,2022-05-31,instant,Total current assets,1,28213.0,1000000,USD,2022,1608,10-K,2023-07-20,https://www.sec.gov/Archives/edgar/data/320187/000032018723000039/nke-20230531.htm
NKE,balance,2022-05-31,instant,Total current liabilities,1,10730.0,1000000,USD,2022,1623,10-K,2023-07-20,https://www.sec.gov/Archives/edgar/data/320187/000032018723000039/nke-20230531.htm
NKE,balance,2022-05-31,instant,Total shareholders' equity,1,15281.0,1000000,USD,2022,1636,10-K,2023-07-20,https://www.sec.gov/Archives/edgar/data/320187/000032018723000039/nke-20230531.htm
NKE,cash_flow,2022-05-31,annual,(Increase) decrease in accounts receivable,1,-504.0,1000000,USD,2022,1705,10-K,2024-07-25,https://www.sec.gov/Archives/edgar/data/320187/000032018724000044/nke-20240531.htm
NKE,cash_flow,2022-05-31,annual,(Increase) decrease in inventories,1,-1676.0,1000000,USD,2022,1706,10-K,2024-07-25,https://www.sec.gov/Archives/edgar/data/320187/000032018724000044/nke-20240531.htm
NKE,cash_flow,2022-05-31,annual,"(Increase) decrease in prepaid expenses, operating lease right-of-use assets and other current and non-current assets",1,-845.0,1000000,USD,2022,1707,10-K,2024-07-25,https://www.sec.gov/Archives/edgar/data/320187/000032018724000044/nke-20240531.htm
NKE,cash_flow,2022-05-31,annual,"Additions to property, plant and equipment",1,-758.0,1000000,USD,2022,1714,10-K,2024-07-25,https://www.sec.gov/Archives/edgar/data/320187/000032018724000044/nke-20240531.htm
NKE,cash_flow,2022-05-31,annual,"Amortization, impairment and other",1,123.0,1000000,USD,2022,1702,10-K,2024-07-25,https://www.sec.gov/Archives/edgar/data/320187/000032018724000044/nke-20240531.htm
NKE,cash_flow,2022-05-31,annual,"CASH AND EQUIVALENTS, END OF YEAR",1,8574.0,1000000,USD,2022,1728,10-K,2024-07-25,https://www.sec.gov/Archives/edgar/data/320187/000032018724000044/nke-20240531.htm
NKE,cash_flow,2022-05-31,annual,"Cash and equivalents, beginning of year",1,9889.0,1000000,USD,2022,1727,10-K,2024-07-25,https://www.sec.gov/Archives/edgar/data/320187/000032018724000044/nke-20240531.htm
NKE,cash_flow,2022-05-31,annual,Cash provided (used) by financing activities,1,-4836.0,1000000,USD,2022,1724,10-K,2024-07-25,https://www.sec.gov/Archives/edgar/data/320187/000032018724000044/nke-20240531.htm
NKE,cash_flow,2022-05-31,annual,Cash provided (used) by investing activities,1,-1524.0,1000000,USD,2022,1716,10-K,2024-07-25,https://www.sec.gov/Archives/edgar/data/320187/000032018724000044/nke-20240531.htm
NKE,cash_flow,2022-05-31,annual,Cash provided (used) by operations,1,5188.0,1000000,USD,2022,1709,10-K,2024-07-25,https://www.sec.gov/Archives/edgar/data/320187/000032018724000044/nke-20240531.htm
NKE,cash_flow,2022-05-31,annual,Deferred income taxes,1,-650.0,1000000,USD,2022,1700,10-K,2024-07-25,https://www.sec.gov/Archives/edgar/data/320187/000032018724000044/nke-20240531.htm
NKE,cash_flow,2022-05-31,annual,Depreciation,1,717.0,1000000,USD,2022,1699,10-K,2024-07-25,https://www.sec.gov/Archives/edgar/data/320187/000032018724000044/nke-20240531.htm
NKE,cash_flow,2022-05-31,annual,Dividends declared and not paid,1,480.0,1000000,USD,2022,1734,10-K,2024-07-25,https://www.sec.gov/Archives/edgar/data/320187/000032018724000044/nke-20240531.htm
NKE,cash_flow,2022-05-31,annual,Dividends — common and preferred,1,-1837.0,1000000,USD,2022,1722,10-K,2024-07-25,https://www.sec.gov/Archives/edgar/data/320187/000032018724000044/nke-20240531.htm
NKE,cash_flow,2022-05-31,annual,Effect of exchange rate changes on cash and equivalents,1,-143.0,1000000,USD,2022,1725,10-K,2024-07-25,https://www.sec.gov/Archives/edgar/data/320187/000032018724000044/nke-20240531.htm
NKE,cash_flow,2022-05-31,annual,Income taxes,1,1231.0,1000000,USD,2022,1732,10-K,2024-07-25,https://www.sec.gov/Archives/edgar/data/320187/000032018724000044/nke-20240531.htm
NKE,cash_flow,2022-05-31,annual,"Increase (decrease) in accounts payable, accrued liabilities, operating lease liabilities and other current and non-current liabilities",1,1365.0,1000000,USD,2022,1708,10-K,2024-07-25,https://www.sec.gov/Archives/edgar/data/320187/000032018724000044/nke-20240531.htm
NKE,cash_flow,2022-05-31,annual,"Increase (decrease) in notes payable, net",1,15.0,1000000,USD,2022,1718,10-K,2024-07-25,https://www.sec.gov/Archives/edgar/data/320187/000032018724000044/nke-20240531.htm
NKE,cash_flow,2022-05-31,annual,"Interest, net of capitalized interest",1,290.0,1000000,USD,2022,1731,10-K,2024-07-25,https://www.sec.gov/Archives/edgar/data/320187/000032018724000044/nke-20240531.htm
NKE,cash_flow,2022-05-31,annual,Maturities of short-term investments,1,8199.0,1000000,USD,2022,1712,10-K,2024-07-25,https://www.sec.gov/Archives/edgar/data/320187/000032018724000044/nke-20240531.htm
NKE,cash_flow,2022-05-31,annual,Net foreign currency adjustments,1,-26.0,1000000,USD,2022,1703,10-K,2024-07-25,https://www.sec.gov/Archives/edgar/data/320187/000032018724000044/nke-20240531.htm
NKE,cash_flow,2022-05-31,annual,Net income,1,6046.0,1000000,USD,2022,1697,10-K,2024-07-25,https://www.sec.gov/Archives/edgar/data/320187/000032018724000044/nke-20240531.htm
NKE,cash_flow,2022-05-31,annual,Net increase (decrease) in cash and equivalents,1,-1315.0,1000000,USD,2022,1726,10-K,2024-07-25,https://www.sec.gov/Archives/edgar/data/320187/000032018724000044/nke-20240531.htm
NKE,cash_flow,2022-05-31,annual,"Non-cash additions to property, plant and equipment",1,160.0,1000000,USD,2022,1733,10-K,2024-07-25,https://www.sec.gov/Archives/edgar/data/320187/000032018724000044/nke-20240531.htm
NKE,cash_flow,2022-05-31,annual,Other financing activities,1,-151.0,1000000,USD,2022,1723,10-K,2024-07-25,https://www.sec.gov/Archives/edgar/data/320187/000032018724000044/nke-20240531.htm
NKE,cash_flow,2022-05-31,annual,Other investing activities,1,-19.0,1000000,USD,2022,1715,10-K,2024-07-25,https://www.sec.gov/Archives/edgar/data/320187/000032018724000044/nke-20240531.htm
NKE,cash_flow,2022-05-31,annual,Proceeds from exercise of stock options and other stock issuances,1,1151.0,1000000,USD,2022,1720,10-K,2024-07-25,https://www.sec.gov/Archives/edgar/data/320187/000032018724000044/nke-20240531.htm
NKE,cash_flow,2022-05-31,annual,Purchases of short-term investments,1,-12913.0,1000000,USD,2022,1711,10-K,2024-07-25,https://www.sec.gov/Archives/edgar/data/320187/000032018724000044/nke-20240531.htm
NKE,cash_flow,2022-05-31,annual,Repurchase of common stock,1,-4014.0,1000000,USD,2022,1721,10-K,2024-07-25,https://www.sec.gov/Archives/edgar/data/320187/000032018724000044/nke-20240531.htm
NKE,cash_flow,2022-05-31,annual,Sales of short-term investments,1,3967.0,1000000,USD,2022,1713,10-K,2024-07-25,https://www.sec.gov/Archives/edgar/data/320187/000032018724000044/nke-20240531.htm
NKE,cash_flow,2022-05-31,annual,Stock-based compensation,1,638.0,1000000,USD,2022,1701,10-K,2024-07-25,https://www.sec.gov/Archives/edgar/data/320187/000032018724000044/nke-20240531.htm
NKE,income,2022-05-31,annual,Basic,1,3.83,1000000,USD,2022,1614,10-K,2024-07-25,https://www.sec.gov/Archives/edgar/data/320187/000032018724000044/nke-20240531.htm
NKE,income,2022-05-31,annual,Basic,2,1578.8,1000000,USD,2022,1617,10-K,2024-07-25,https://www.sec.gov/Archives/edgar/data/320187/000032018724000044/nke-20240531.htm
NKE,income,2022-05-31,annual,Cost of sales,1,25231.0,1000000,USD,2022,1603,10-K,2024-07-25,https://www.sec.gov/Archives/edgar/data/320187/000032018724000044/nke-20240531.htm
NKE,income,2022-05-31,annual,Demand creation expense,1,3850.0,1000000,USD,2022,1605,10-K,2024-07-25,https://www.sec.gov/Archives/edgar/data/320187/000032018724000044/nke-20240531.htm
NKE,income,2022-05-31,annual,Diluted,1,3.75,1000000,USD,2022,1615,10-K,2024-07-25,https://www.sec.gov/Archives/edgar/data/320187/000032018724000044/nke-20240531.htm
NKE,income,2022-05-31,annual,Diluted,2,1610.8,1000000,USD,2022,1618,10-K,2024-07-25,https://www.sec.gov/Archives/edgar/data/320187/000032018724000044/nke-20240531.htm
NKE,income,2022-05-31,annual,Gross profit,1,21479.0,1000000,USD,2022,1604,10-K,2024-07-25,https://www.sec.gov/Archives/edgar/data/320187/000032018724000044/nke-20240531.htm
NKE,income,2022-05-31,annual,Income before income taxes,1,6651.0,1000000,USD,2022,1610,10-K,2024-07-25,https://www.sec.gov/Archives/edgar/data/320187/000032018724000044/nke-20240531.htm
NKE,income,2022-05-31,annual,Income tax expense,1,605.0,1000000,USD,2022,1611,10-K,2024-07-25,https://www.sec.gov/Archives/edgar/data/320187/000032018724000044/nke-20240531.htm
NKE,income,2022-05-31,annual,"Interest expense (income), net",1,205.0,1000000,USD,2022,1608,10-K,2024-07-25,https://www.sec.gov/Archives/edgar/data/320187/000032018724000044/nke-20240531.htm
NKE,income,2022-05-31,annual,NET INCOME,1,6046.0,1000000,USD,2022,1612,10-K,2024-07-25,https://www.sec.gov/Archives/edgar/data/320187/000032018724000044/nke-20240531.htm
NKE,income,2022-05-31,annual,Operating overhead expense,1,10954.0,1000000,USD,2022,1606,10-K,2024-07-25,https://www.sec.gov/Archives/edgar/data/320187/000032018724000044/nke-20240531.htm
NKE,income,2022-05-31,annual,"Other (income) expense, net",1,-181.0,1000000,USD,2022,1609,10-K,2024-07-25,https://www.sec.gov/Archives/edgar/data/320187/000032018724000044/nke-20240531.htm
NKE,income,2022-05-31,annual,Revenues,1,46710.0,1000000,USD,2022,1602,10-K,2024-07-25,https://www.sec.gov/Archives/edgar/data/320187/000032018724000044/nke-20240531.htm
NKE,income,2022-05-31,annual,Total selling and administrative expense,1,14804.0,1000000,USD,2022,1607,10-K,2024-07-25,https://www.sec.gov/Archives/edgar/data/320187/000032018724000044/nke-20240531.htm
NKE,shares,2022-05-31,instant,Class A shares outstanding,1,305.0,1000000,shares,2022,1631,10-K,2023-07-20,https://www.sec.gov/Archives/edgar/data/320187/000032018723000039/nke-20230531.htm
NKE,shares,2022-05-31,instant,Class B shares outstanding,1,1266.0,1000000,shares,2022,1632,10-K,2023-07-20,https://www.sec.gov/Archives/edgar/data/320187/000032018723000039/nke-20230531.htm
NKE,balance,2023-05-31,instant,Accounts payable,1,2862.0,1000000,USD,2023,1666,10-K,2024-07-25,https://www.sec.gov/Archives/edgar/data/320187/000032018724000044/nke-20240531.htm
NKE,balance,2023-05-31,instant,"Accounts receivable, net",1,4131.0,1000000,USD,2023,1652,10-K,2024-07-25,https://www.sec.gov/Archives/edgar/data/320187/000032018724000044/nke-20240531.htm
NKE,balance,2023-05-31,instant,Accrued liabilities,1,5723.0,1000000,USD,2023,1668,10-K,2024-07-25,https://www.sec.gov/Archives/edgar/data/320187/000032018724000044/nke-20240531.htm
NKE,balance,2023-05-31,instant,Accumulated other comprehensive income (loss),1,231.0,1000000,USD,2023,1681,10-K,2024-07-25,https://www.sec.gov/Archives/edgar/data/320187/000032018724000044/nke-20240531.htm
NKE,balance,2023-05-31,instant,Capital in excess of stated value,1,12412.0,1000000,USD,2023,1680,10-K,2024-07-25,https://www.sec.gov/Archives/edgar/data/320187/000032018724000044/nke-20240531.htm
NKE,balance,2023-05-31,instant,Cash and equivalents,1,7441.0,1000000,USD,2023,1650,10-K,2024-07-25,https://www.sec.gov/Archives/edgar/data/320187/000032018724000044/nke-20240531.htm
NKE,balance,2023-05-31,instant,"Class B — 1,205 and 1,227 shares outstanding",1,3.0,1000000,USD,2023,1679,10-K,2024-07-25,https://www.sec.gov/Archives/edgar/data/320187/000032018724000044/nke-20240531.htm
NKE,balance,2023-05-31,instant,"Class B — 1,227 and 1,266 shares outstanding",1,3.0,1000000,USD,"MAY 31, — 2023",1632,10-K,2023-07-20,https://www.sec.gov/Archives/edgar/data/320187/000032018723000039/nke-20230531.htm
NKE,balance,2023-05-31,instant,Current portion of operating lease liabilities,1,425.0,1000000,USD,2023,1667,10-K,2024-07-25,https://www.sec.gov/Archives/edgar/data/320187/000032018724000044/nke-20240531.htm
NKE,balance,2023-05-31,instant,Deferred income taxes and other assets,1,3770.0,1000000,USD,2023,1660,10-K,2024-07-25,https://www.sec.gov/Archives/edgar/data/320187/000032018724000044/nke-20240531.htm
NKE,balance,2023-05-31,instant,Deferred income taxes and other liabilities,1,2558.0,1000000,USD,2023,1673,10-K,2024-07-25,https://www.sec.gov/Archives/edgar/data/320187/000032018724000044/nke-20240531.htm
NKE,balance,2023-05-31,instant,Goodwill,1,281.0,1000000,USD,2023,1659,10-K,2024-07-25,https://www.sec.gov/Archives/edgar/data/320187/000032018724000044/nke-20240531.htm
NKE,balance,2023-05-31,instant,"Identifiable intangible assets, net",1,274.0,1000000,USD,2023,1658,10-K,2024-07-25,https://www.sec.gov/Archives/edgar/data/320187/000032018724000044/nke-20240531.htm
NKE,balance,2023-05-31,instant,Income taxes payable,1,240.0,1000000,USD,2023,1669,10-K,2024-07-25,https://www.sec.gov/Archives/edgar/data/320187/000032018724000044/nke-20240531.htm
NKE,balance,2023-05-31,instant,Inventories,1,8454.0,1000000,USD,2023,1653,10-K,2024-07-25,https://www.sec.gov/Archives/edgar/data/320187/000032018724000044/nke-20240531.htm
NKE,balance,2023-05-31,instant,Long-term debt,1,8927.0,1000000,USD,2023,1671,10-K,2024-07-25,https://www.sec.gov/Archives/edgar/data/320187/000032018724000044/nke-20240531.htm
NKE,balance,2023-05-31,instant,Notes payable,1,6.0,1000000,USD,2023,1665,10-K,2024-07-25,https://www.sec.gov/Archives/edgar/data/320187/000032018724000044/nke-20240531.htm
NKE,balance,2023-05-31,instant,Operating lease liabilities,1,2786.0,1000000,USD,2023,1672,10-K,2024-07-25,https://www.sec.gov/Archives/edgar/data/320187/000032018724000044/nke-20240531.htm
NKE,balance,2023-05-31,instant,"Operating lease right-of-use assets, net",1,2923.0,1000000,USD,2023,1657,10-K,2024-07-25,https://www.sec.gov/Archives/edgar/data/320187/000032018724000044/nke-20240531.htm
NKE,balance,2023-05-31,instant,Prepaid expenses and other current assets,1,1942.0,1000000,USD,2023,1654,10-K,2024-07-25,https://www.sec.gov/Archives/edgar/data/320187/000032018724000044/nke-20240531.htm
NKE,balance,2023-05-31,instant,"Property, plant and equipment, net",1,5081.0,1000000,USD,2023,1656,10-K,2024-07-25,https://www.sec.gov/Archives/edgar/data/320187/000032018724000044/nke-20240531.htm
NKE,balance,2023-05-31,instant,Retained earnings (deficit),1,1358.0,1000000,USD,2023,1682,10-K,2024-07-25,https://www.sec.gov/Archives/edgar/data/320187/000032018724000044/nke-20240531.htm
NKE,balance,2023-05-31,instant,Short-term investments,1,3234.0,1000000,USD,2023,1651,10-K,2024-07-25,https://www.sec.gov/Archives/edgar/data/320187/000032018724000044/nke-20240531.htm
NKE,balance,2023-05-31,instant,TOTAL ASSETS,1,37531.0,1000000,USD,2023,1661,10-K,2024-07-25,https://www.sec.gov/Archives/edgar/data/320187/000032018724000044/nke-20240531.htm
NKE,balance,2023-05-31,instant,TOTAL LIABILITIES AND SHAREHOLDERS' EQUITY,1,37531.0,1000000,USD,2023,1684,10-K,2024-07-25,https://www.sec.gov/Archives/edgar/data/320187/000032018724000044/nke-20240531.htm
NKE,balance,2023-05-31,instant,Total current assets,1,25202.0,1000000,USD,2023,1655,10-K,2024-07-25,https://www.sec.gov/Archives/edgar/data/320187/000032018724000044/nke-20240531.htm
NKE,balance,2023-05-31,instant,Total current liabilities,1,9256.0,1000000,USD,2023,1670,10-K,2024-07-25,https://www.sec.gov/Archives/edgar/data/320187/000032018724000044/nke-20240531.htm
NKE,balance,2023-05-31,instant,Total shareholders' equity,1,14004.0,1000000,USD,2023,1683,10-K,2024-07-25,https://www.sec.gov/Archives/edgar/data/320187/000032018724000044/nke-20240531.htm
NKE,cash_flow,2023-05-31,annual,(Increase) decrease in accounts receivable,1,489.0,1000000,USD,2023,1742,10-K,2025-07-17,https://www.sec.gov/Archives/edgar/data/320187/000032018725000047/nke-20250531.htm
NKE,cash_flow,2023-05-31,annual,(Increase) decrease in inventories,1,-133.0,1000000,USD,2023,1743,10-K,2025-07-17,https://www.sec.gov/Archives/edgar/data/320187/000032018725000047/nke-20250531.htm
NKE,cash_flow,2023-05-31,annual,"(Increase) decrease in prepaid expenses, operating lease right-of-use assets and other current and non-current assets",1,-644.0,1000000,USD,2023,1744,10-K,2025-07-17,https://www.sec.gov/Archives/edgar/data/320187/000032018725000047/nke-20250531.htm
NKE,cash_flow,2023-05-31,annual,"Additions to property, plant and equipment",1,-969.0,1000000,USD,2023,1751,10-K,2025-07-17,https://www.sec.gov/Archives/edgar/data/320187/000032018725000047/nke-20250531.htm
NKE,cash_flow,2023-05-31,annual,"Amortization, impairment and other",1,156.0,1000000,USD,2023,1702,10-K,2024-07-25,https://www.sec.gov/Archives/edgar/data/320187/000032018724000044/nke-20240531.htm
NKE,cash_flow,2023-05-31,annual,"CASH AND EQUIVALENTS, END OF YEAR",1,7441.0,1000000,USD,2023,1765,10-K,2025-07-17,https://www.sec.gov/Archives/edgar/data/320187/000032018725000047/nke-20250531.htm
NKE,cash_flow,2023-05-31,annual,"Cash and equivalents, beginning of year",1,8574.0,1000000,USD,2023,1764,10-K,2025-07-17,https://www.sec.gov/Archives/edgar/data/320187/000032018725000047/nke-20250531.htm
NKE,cash_flow,2023-05-31,annual,Cash provided (used) by financing activities,1,-7447.0,1000000,USD,2023,1761,10-K,2025-07-17,https://www.sec.gov/Archives/edgar/data/320187/000032018725000047/nke-20250531.htm
NKE,cash_flow,2023-05-31,annual,Cash provided (used) by investing activities,1,564.0,1000000,USD,2023,1753,10-K,2025-07-17,https://www.sec.gov/Archives/edgar/data/320187/000032018725000047/nke-20250531.htm
NKE,cash_flow,2023-05-31,annual,Cash provided (used) by operations,1,5841.0,1000000,USD,2023,1746,10-K,2025-07-17,https://www.sec.gov/Archives/edgar/data/320187/000032018725000047/nke-20250531.htm
NKE,cash_flow,2023-05-31,annual,Deferred income taxes,1,-117.0,1000000,USD,2023,1737,10-K,2025-07-17,https://www.sec.gov/Archives/edgar/data/320187/000032018725000047/nke-20250531.htm
NKE,cash_flow,2023-05-31,annual,Depreciation,1,703.0,1000000,USD,2023,1699,10-K,2024-07-25,https://www.sec.gov/Archives/edgar/data/320187/000032018724000044/nke-20240531.htm
NKE,cash_flow,2023-05-31,annual,Depreciation and amortization,1,703.0,1000000,USD,2023,1736,10-K,2025-07-17,https://www.sec.gov/Archives/edgar/data/320187/000032018725000047/nke-20250531.htm
NKE,cash_flow,2023-05-31,annual,Dividends declared and not paid,1,524.0,1000000,USD,2023,1771,10-K,2025-07-17,https://www.sec.gov/Archives/edgar/data/320187/000032018725000047/nke-20250531.htm
NKE,cash_flow,2023-05-31,annual,Dividends — common and preferred,1,-2012.0,1000000,USD,2023,1759,10-K,2025-07-17,https://www.sec.gov/Archives/edgar/data/320187/000032018725000047/nke-20250531.htm
NKE,cash_flow,2023-05-31,annual,Effect of exchange rate changes on cash and equivalents,1,-91.0,1000000,USD,2023,1762,10-K,2025-07-17,https://www.sec.gov/Archives/edgar/data/320187/000032018725000047/nke-20250531.htm
NKE,cash_flow,2023-05-31,annual,Impairment and other,1,156.0,1000000,USD,2023,1739,10-K,2025-07-17,https://www.sec.gov/Archives/edgar/data/320187/000032018725000047/nke-20250531.htm
NKE,cash_flow,2023-05-31,annual,Income taxes,1,1517.0,1000000,USD,2023,1769,10-K,2025-07-17,https://www.sec.gov/Archives/edgar/data/320187/000032018725000047/nke-20250531.htm
NKE,cash_flow,2023-05-31,annual,"Increase (decrease) in accounts payable, accrued liabilities, operating lease liabilities and other current and non-current liabilities",1,-225.0,1000000,USD,2023,1745,10-K,2025-07-17,https://www.sec.gov/Archives/edgar/data/320187/000032018725000047/nke-20250531.htm
NKE,cash_flow,2023-05-31,annual,"Increase (decrease) in notes payable, net",1,-4.0,1000000,USD,2023,1755,10-K,2025-07-17,https://www.sec.gov/Archives/edgar/data/320187/000032018725000047/nke-20250531.htm
NKE,cash_flow,2023-05-31,annual,"Interest, net of capitalized interest",1,347.0,1000000,USD,2023,1768,10-K,2025-07-17,https://www.sec.gov/Archives/edgar/data/320187/000032018725000047/nke-20250531.htm
NKE,cash_flow,2023-05-31,annual,Maturities of short-term investments,1,3356.0,1000000,USD,2023,1749,10-K,2025-07-17,https://www.sec.gov/Archives/edgar/data/320187/000032018725000047/nke-20250531.htm
NKE,cash_flow,2023-05-31,annual,Net foreign currency adjustments,1,-213.0,1000000,USD,2023,1740,10-K,2025-07-17,https://www.sec.gov/Archives/edgar/data/320187/000032018725000047/nke-20250531.htm
NKE,cash_flow,2023-05-31,annual,Net income,1,5070.0,1000000,USD,2023,1734,10-K,2025-07-17,https://www.sec.gov/Archives/edgar/data/320187/000032018725000047/nke-20250531.htm
NKE,cash_flow,2023-05-31,annual,Net increase (decrease) in cash and equivalents,1,-1133.0,1000000,USD,2023,1763,10-K,2025-07-17,https://www.sec.gov/Archives/edgar/data/320187/000032018725000047/nke-20250531.htm
NKE,cash_flow,2023-05-31,annual,"Non-cash additions to property, plant and equipment",1,211.0,1000000,USD,2023,1770,10-K,2025-07-17,https://www.sec.gov/Archives/edgar/data/320187/000032018725000047/nke-20250531.htm
NKE,cash_flow,2023-05-31,annual,Other financing activities,1,-102.0,1000000,USD,2023,1760,10-K,2025-07-17,https://www.sec.gov/Archives/edgar/data/320187/000032018725000047/nke-20250531.htm
NKE,cash_flow,2023-05-31,annual,Other investing activities,1,52.0,1000000,USD,2023,1752,10-K,2025-07-17,https://www.sec.gov/Archives/edgar/data/320187/000032018725000047/nke-20250531.htm
NKE,cash_flow,2023-05-31,annual,Proceeds from exercise of stock options and other stock issuances,1,651.0,1000000,USD,2023,1757,10-K,2025-07-17,https://www.sec.gov/Archives/edgar/data/320187/000032018725000047/nke-20250531.htm
NKE,cash_flow,2023-05-31,annual,Purchases of short-term investments,1,-6059.0,1000000,USD,2023,1748,10-K,2025-07-17,https://www.sec.gov/Archives/edgar/data/320187/000032018725000047/nke-20250531.htm
NKE,cash_flow,2023-05-31,annual,Repayment of borrowings,1,-500.0,1000000,USD,2023,1756,10-K,2025-07-17,https://www.sec.gov/Archives/edgar/data/320187/000032018725000047/nke-20250531.htm
NKE,cash_flow,2023-05-31,annual,Repurchase of common stock,1,-5480.0,1000000,USD,2023,1758,10-K,2025-07-17,https://www.sec.gov/Archives/edgar/data/320187/000032018725000047/nke-20250531.htm
NKE,cash_flow,2023-05-31,annual,Sales of short-term investments,1,4184.0,1000000,USD,2023,1750,10-K,2025-07-17,https://www.sec.gov/Archives/edgar/data/320187/000032018725000047/nke-20250531.htm
NKE,cash_flow,2023-05-31,annual,Stock-based compensation,1,755.0,1000000,USD,2023,1738,10-K,2025-07-17,https://www.sec.gov/Archives/edgar/data/320187/000032018725000047/nke-20250531.htm
NKE,income,2023-05-31,annual,Basic,1,3.27,1000000,USD,2023,1651,10-K,2025-07-17,https://www.sec.gov/Archives/edgar/data/320187/000032018725000047/nke-20250531.htm
NKE,income,2023-05-31,annual,Basic,2,1551.6,1000000,USD,2023,1654,10-K,2025-07-17,https://www.sec.gov/Archives/edgar/data/320187/000032018725000047/nke-20250531.htm
NKE,income,2023-05-31,annual,Cost of sales,1,28925.0,1000000,USD,2023,1640,10-K,2025-07-17,https://www.sec.gov/Archives/edgar/data/320187/000032018725000047/nke-20250531.htm
NKE,income,2023-05-31,annual,Demand creation expense,1,4060.0,1000000,USD,2023,1642,10-K,2025-07-17,https://www.sec.gov/Archives/edgar/data/320187/000032018725000047/nke-20250531.htm
NKE,income,2023-05-31,annual,Diluted,1,3.23,1000000,USD,2023,1652,10-K,2025-07-17,https://www.sec.gov/Archives/edgar/data/320187/000032018725000047/nke-20250531.htm
NKE,income,2023-05-31,annual,Diluted,2,1569.8,1000000,USD,2023,1655,10-K,2025-07-17,https://www.sec.gov/Archives/edgar/data/320187/000032018725000047/nke-20250531.htm
NKE,income,2023-05-31,annual,Gross profit,1,22292.0,1000000,USD,2023,1641,10-K,2025-07-17,https://www.sec.gov/Archives/edgar/data/320187/000032018725000047/nke-20250531.htm
NKE,income,2023-05-31,annual,Income before income taxes,1,6201.0,1000000,USD,2023,1647,10-K,2025-07-17,https://www.sec.gov/Archives/edgar/data/320187/000032018725000047/nke-20250531.htm
NKE,income,2023-05-31,annual,Income tax expense,1,1131.0,1000000,USD,2023,1648,10-K,2025-07-17,https://www.sec.gov/Archives/edgar/data/320187/000032018725000047/nke-20250531.htm
NKE,income,2023-05-31,annual,"Interest expense (income), net",1,-6.0,1000000,USD,2023,1645,10-K,2025-07-17,https://www.sec.gov/Archives/edgar/data/320187/000032018725000047/nke-20250531.htm
NKE,income,2023-05-31,annual,NET INCOME,1,5070.0,1000000,USD,2023,1649,10-K,2025-07-17,https://www.sec.gov/Archives/edgar/data/320187/000032018725000047/nke-20250531.htm
NKE,income,2023-05-31,annual,Operating overhead expense,1,12317.0,1000000,USD,2023,1643,10-K,2025-07-17,https://www.sec.gov/Archives/edgar/data/320187/000032018725000047/nke-20250531.htm
NKE,income,2023-05-31,annual,"Other (income) expense, net",1,-280.0,1000000,USD,2023,1646,10-K,2025-07-17,https://www.sec.gov/Archives/edgar/data/320187/000032018725000047/nke-20250531.htm
NKE,income,2023-05-31,annual,Revenues,1,51217.0,1000000,USD,2023,1639,10-K,2025-07-17,https://www.sec.gov/Archives/edgar/data/320187/000032018725000047/nke-20250531.htm
NKE,income,2023-05-31,annual,Total selling and administrative expense,1,16377.0,1000000,USD,2023,1644,10-K,2025-07-17,https://www.sec.gov/Archives/edgar/data/320187/000032018725000047/nke-20250531.htm
NKE,shares,2023-05-31,instant,Class A shares outstanding,1,305.0,1000000,shares,2023,1678,10-K,2024-07-25,https://www.sec.gov/Archives/edgar/data/320187/000032018724000044/nke-20240531.htm
NKE,shares,2023-05-31,instant,Class B shares outstanding,1,1227.0,1000000,shares,2023,1679,10-K,2024-07-25,https://www.sec.gov/Archives/edgar/data/320187/000032018724000044/nke-20240531.htm
NKE,balance,2024-05-31,instant,Accounts payable,1,2851.0,1000000,USD,2024,1703,10-K,2025-07-17,https://www.sec.gov/Archives/edgar/data/320187/000032018725000047/nke-20250531.htm
NKE,balance,2024-05-31,instant,"Accounts receivable, net",1,4427.0,1000000,USD,2024,1689,10-K,2025-07-17,https://www.sec.gov/Archives/edgar/data/320187/000032018725000047/nke-20250531.htm
NKE,balance,2024-05-31,instant,Accrued liabilities,1,5725.0,1000000,USD,2024,1705,10-K,2025-07-17,https://www.sec.gov/Archives/edgar/data/320187/000032018725000047/nke-20250531.htm
NKE,balance,2024-05-31,instant,Accumulated other comprehensive income (loss),1,53.0,1000000,USD,2024,1718,10-K,2025-07-17,https://www.sec.gov/Archives/edgar/data/320187/000032018725000047/nke-20250531.htm
NKE,balance,2024-05-31,instant,Capital in excess of stated value,1,13409.0,1000000,USD,2024,1717,10-K,2025-07-17,https://www.sec.gov/Archives/edgar/data/320187/000032018725000047/nke-20250531.htm
NKE,balance,2024-05-31,instant,Cash and equivalents,1,9860.0,1000000,USD,2024,1687,10-K,2025-07-17,https://www.sec.gov/Archives/edgar/data/320187/000032018725000047/nke-20250531.htm
NKE,balance,2024-05-31,instant,"Class B — 1,186 and 1,205 shares outstanding",1,3.0,1000000,USD,2024,1716,10-K,2025-07-17,https://www.sec.gov/Archives/edgar/data/320187/000032018725000047/nke-20250531.htm
NKE,balance,2024-05-31,instant,"Class B — 1,205 and 1,227 shares outstanding",1,3.0,1000000,USD,"MAY 31, — 2024",1679,10-K,2024-07-25,https://www.sec.gov/Archives/edgar/data/320187/000032018724000044/nke-20240531.htm
NKE,balance,2024-05-31,instant,Current portion of long-term debt,1,1000.0,1000000,USD,2024,1701,10-K,2025-07-17,https://www.sec.gov/Archives/edgar/data/320187/000032018725000047/nke-20250531.htm
NKE,balance,2024-05-31,instant,Current portion of operating lease liabilities,1,477.0,1000000,USD,2024,1704,10-K,2025-07-17,https://www.sec.gov/Archives/edgar/data/320187/000032018725000047/nke-20250531.htm
NKE,balance,2024-05-31,instant,Deferred income taxes and other assets,1,4511.0,1000000,USD,2024,1697,10-K,2025-07-17,https://www.sec.gov/Archives/edgar/data/320187/000032018725000047/nke-20250531.htm
NKE,balance,2024-05-31,instant,Deferred income taxes and other liabilities,1,2618.0,1000000,USD,2024,1710,10-K,2025-07-17,https://www.sec.gov/Archives/edgar/data/320187/000032018725000047/nke-20250531.htm
NKE,balance,2024-05-31,instant,Goodwill,1,240.0,1000000,USD,2024,1696,10-K,2025-07-17,https://www.sec.gov/Archives/edgar/data/320187/000032018725000047/nke-20250531.htm
NKE,balance,2024-05-31,instant,"Identifiable intangible assets, net",1,259.0,1000000,USD,2024,1695,10-K,2025-07-17,https://www.sec.gov/Archives/edgar/data/320187/000032018725000047/nke-20250531.htm
NKE,balance,2024-05-31,instant,Income taxes payable,1,534.0,1000000,USD,2024,1706,10-K,2025-07-17,https://www.sec.gov/Archives/edgar/data/320187/000032018725000047/nke-20250531.htm
NKE,balance,2024-05-31,instant,Inventories,1,7519.0,1000000,USD,2024,1690,10-K,2025-07-17,https://www.sec.gov/Archives/edgar/data/320187/000032018725000047/nke-20250531.htm
NKE,balance,2024-05-31,instant,Long-term debt,1,7903.0,1000000,USD,2024,1708,10-K,2025-07-17,https://www.sec.gov/Archives/edgar/data/320187/000032018725000047/nke-20250531.htm
NKE,balance,2024-05-31,instant,Notes payable,1,6.0,1000000,USD,2024,1702,10-K,2025-07-17,https://www.sec.gov/Archives/edgar/data/320187/000032018725000047/nke-20250531.htm
NKE,balance,2024-05-31,instant,Operating lease liabilities,1,2566.0,1000000,USD,2024,1709,10-K,2025-07-17,https://www.sec.gov/Archives/edgar/data/320187/000032018725000047/nke-20250531.htm
NKE,balance,2024-05-31,instant,"Operating lease right-of-use assets, net",1,2718.0,1000000,USD,2024,1694,10-K,2025-07-17,https://www.sec.gov/Archives/edgar/data/320187/000032018725000047/nke-20250531.htm
NKE,balance,2024-05-31,instant,Prepaid expenses and other current assets,1,1854.0,1000000,USD,2024,1691,10-K,2025-07-17,https://www.sec.gov/Archives/edgar/data/320187/000032018725000047/nke-20250531.htm
NKE,balance,2024-05-31,instant,"Property, plant and equipment, net",1,5000.0,1000000,USD,2024,1693,10-K,2025-07-17,https://www.sec.gov/Archives/edgar/data/320187/000032018725000047/nke-20250531.htm
NKE,balance,2024-05-31,instant,Retained earnings (deficit),1,965.0,1000000,USD,2024,1719,10-K,2025-07-17,https://www.sec.gov/Archives/edgar/data/320187/000032018725000047/nke-20250531.htm
NKE,balance,2024-05-31,instant,Short-term investments,1,1722.0,1000000,USD,2024,1688,10-K,2025-07-17,https://www.sec.gov/Archives/edgar/data/320187/000032018725000047/nke-20250531.htm
NKE,balance,2024-05-31,instant,TOTAL ASSETS,1,38110.0,1000000,USD,2024,1698,10-K,2025-07-17,https://www.sec.gov/Archives/edgar/data/320187/000032018725000047/nke-20250531.htm
NKE,balance,2024-05-31,instant,TOTAL LIABILITIES AND SHAREHOLDERS' EQUITY,1,38110.0,1000000,USD,2024,1721,10-K,2025-07-17,https://www.sec.gov/Archives/edgar/data/320187/000032018725000047/nke-20250531.htm
NKE,balance,2024-05-31,instant,Total current assets,1,25382.0,1000000,USD,2024,1692,10-K,2025-07-17,https://www.sec.gov/Archives/edgar/data/320187/000032018725000047/nke-20250531.htm
NKE,balance,2024-05-31,instant,Total current liabilities,1,10593.0,1000000,USD,2024,1707,10-K,2025-07-17,https://www.sec.gov/Archives/edgar/data/320187/000032018725000047/nke-20250531.htm
NKE,balance,2024-05-31,instant,Total shareholders' equity,1,14430.0,1000000,USD,2024,1720,10-K,2025-07-17,https://www.sec.gov/Archives/edgar/data/320187/000032018725000047/nke-20250531.htm
NKE,cash_flow,2024-05-31,annual,(Increase) decrease in accounts receivable,1,-329.0,1000000,USD,2024,1697,10-K,2026-07-15,https://www.sec.gov/Archives/edgar/data/320187/000032018726000088/nke-20260531.htm
NKE,cash_flow,2024-05-31,annual,(Increase) decrease in inventories,1,908.0,1000000,USD,2024,1698,10-K,2026-07-15,https://www.sec.gov/Archives/edgar/data/320187/000032018726000088/nke-20260531.htm
NKE,cash_flow,2024-05-31,annual,"(Increase) decrease in prepaid expenses, operating lease right-of-use assets and other current and non-current assets",1,-260.0,1000000,USD,2024,1699,10-K,2026-07-15,https://www.sec.gov/Archives/edgar/data/320187/000032018726000088/nke-20260531.htm
NKE,cash_flow,2024-05-31,annual,"Additions to property, plant and equipment",1,-812.0,1000000,USD,2024,1706,10-K,2026-07-15,https://www.sec.gov/Archives/edgar/data/320187/000032018726000088/nke-20260531.htm
NKE,cash_flow,2024-05-31,annual,"Amortization, impairment and other",1,48.0,1000000,USD,"YEAR ENDED MAY 31, — 2024",1702,10-K,2024-07-25,https://www.sec.gov/Archives/edgar/data/320187/000032018724000044/nke-20240531.htm
NKE,cash_flow,2024-05-31,annual,"CASH AND EQUIVALENTS, END OF YEAR",1,9860.0,1000000,USD,2024,1719,10-K,2026-07-15,https://www.sec.gov/Archives/edgar/data/320187/000032018726000088/nke-20260531.htm
NKE,cash_flow,2024-05-31,annual,"Cash and equivalents, beginning of year",1,7441.0,1000000,USD,2024,1718,10-K,2026-07-15,https://www.sec.gov/Archives/edgar/data/320187/000032018726000088/nke-20260531.htm
NKE,cash_flow,2024-05-31,annual,Cash provided (used) by financing activities,1,-5888.0,1000000,USD,2024,1715,10-K,2026-07-15,https://www.sec.gov/Archives/edgar/data/320187/000032018726000088/nke-20260531.htm
NKE,cash_flow,2024-05-31,annual,Cash provided (used) by investing activities,1,894.0,1000000,USD,2024,1708,10-K,2026-07-15,https://www.sec.gov/Archives/edgar/data/320187/000032018726000088/nke-20260531.htm
NKE,cash_flow,2024-05-31,annual,Cash provided (used) by operations,1,7429.0,1000000,USD,2024,1701,10-K,2026-07-15,https://www.sec.gov/Archives/edgar/data/320187/000032018726000088/nke-20260531.htm
NKE,cash_flow,2024-05-31,annual,Deferred income taxes,1,-497.0,1000000,USD,2024,1692,10-K,2026-07-15,https://www.sec.gov/Archives/edgar/data/320187/000032018726000088/nke-20260531.htm
NKE,cash_flow,2024-05-31,annual,Depreciation,1,796.0,1000000,USD,"YEAR ENDED MAY 31, — 2024",1699,10-K,2024-07-25,https://www.sec.gov/Archives/edgar/data/320187/000032018724000044/nke-20240531.htm
NKE,cash_flow,2024-05-31,annual,Depreciation and amortization,1,796.0,1000000,USD,2024,1691,10-K,2026-07-15,https://www.sec.gov/Archives/edgar/data/320187/000032018726000088/nke-20260531.htm
NKE,cash_flow,2024-05-31,annual,Dividends declared and not paid,1,558.0,1000000,USD,2024,1724,10-K,2026-07-15,https://www.sec.gov/Archives/edgar/data/320187/000032018726000088/nke-20260531.htm
NKE,cash_flow,2024-05-31,annual,Dividends — common and preferred,1,-2169.0,1000000,USD,2024,1713,10-K,2026-07-15,https://www.sec.gov/Archives/edgar/data/320187/000032018726000088/nke-20260531.htm
NKE,cash_flow,2024-05-31,annual,Effect of exchange rate changes on cash and equivalents,1,-16.0,1000000,USD,2024,1716,10-K,2026-07-15,https://www.sec.gov/Archives/edgar/data/320187/000032018726000088/nke-20260531.htm
NKE,cash_flow,2024-05-31,annual,Impairment and other,1,48.0,1000000,USD,2024,1694,10-K,2026-07-15,https://www.sec.gov/Archives/edgar/data/320187/000032018726000088/nke-20260531.htm
NKE,cash_flow,2024-05-31,annual,Income taxes,1,1299.0,1000000,USD,2024,1769,10-K,2025-07-17,https://www.sec.gov/Archives/edgar/data/320187/000032018725000047/nke-20250531.htm
NKE,cash_flow,2024-05-31,annual,"Increase (decrease) in accounts payable, accrued liabilities, operating lease liabilities and other current and non-current liabilities",1,397.0,1000000,USD,2024,1700,10-K,2026-07-15,https://www.sec.gov/Archives/edgar/data/320187/000032018726000088/nke-20260531.htm
NKE,cash_flow,2024-05-31,annual,"Interest, net of capitalized interest",1,381.0,1000000,USD,2024,1722,10-K,2026-07-15,https://www.sec.gov/Archives/edgar/data/320187/000032018726000088/nke-20260531.htm
NKE,cash_flow,2024-05-31,annual,Maturities of short-term investments,1,2269.0,1000000,USD,2024,1704,10-K,2026-07-15,https://www.sec.gov/Archives/edgar/data/320187/000032018726000088/nke-20260531.htm
NKE,cash_flow,2024-05-31,annual,Net foreign currency adjustments,1,-138.0,1000000,USD,2024,1695,10-K,2026-07-15,https://www.sec.gov/Archives/edgar/data/320187/000032018726000088/nke-20260531.htm
NKE,cash_flow,2024-05-31,annual,Net income,1,5700.0,1000000,USD,2024,1689,10-K,2026-07-15,https://www.sec.gov/Archives/edgar/data/320187/000032018726000088/nke-20260531.htm
NKE,cash_flow,2024-05-31,annual,Net increase (decrease) in cash and equivalents,1,2419.0,1000000,USD,2024,1717,10-K,2026-07-15,https://www.sec.gov/Archives/edgar/data/320187/000032018726000088/nke-20260531.htm
NKE,cash_flow,2024-05-31,annual,"Non-cash additions to property, plant and equipment",1,160.0,1000000,USD,2024,1723,10-K,2026-07-15,https://www.sec.gov/Archives/edgar/data/320187/000032018726000088/nke-20260531.htm
NKE,cash_flow,2024-05-31,annual,Other financing activities,1,-136.0,1000000,USD,2024,1714,10-K,2026-07-15,https://www.sec.gov/Archives/edgar/data/320187/000032018726000088/nke-20260531.htm
NKE,cash_flow,2024-05-31,annual,Other investing activities,1,-15.0,1000000,USD,2024,1707,10-K,2026-07-15,https://www.sec.gov/Archives/edgar/data/320187/000032018726000088/nke-20260531.htm
NKE,cash_flow,2024-05-31,annual,Proceeds from exercise of stock options and other stock issuances,1,667.0,1000000,USD,2024,1711,10-K,2026-07-15,https://www.sec.gov/Archives/edgar/data/320187/000032018726000088/nke-20260531.htm
NKE,cash_flow,2024-05-31,annual,Purchases of short-term investments,1,-4767.0,1000000,USD,2024,1703,10-K,2026-07-15,https://www.sec.gov/Archives/edgar/data/320187/000032018726000088/nke-20260531.htm
NKE,cash_flow,2024-05-31,annual,Repurchase of common stock,1,-4250.0,1000000,USD,2024,1712,10-K,2026-07-15,https://www.sec.gov/Archives/edgar/data/320187/000032018726000088/nke-20260531.htm
NKE,cash_flow,2024-05-31,annual,Sales of short-term investments,1,4219.0,1000000,USD,2024,1705,10-K,2026-07-15,https://www.sec.gov/Archives/edgar/data/320187/000032018726000088/nke-20260531.htm
NKE,cash_flow,2024-05-31,annual,Stock-based compensation,1,804.0,1000000,USD,2024,1693,10-K,2026-07-15,https://www.sec.gov/Archives/edgar/data/320187/000032018726000088/nke-20260531.htm
NKE,income,2024-05-31,annual,Basic,1,3.76,1000000,USD,2024,1607,10-K,2026-07-15,https://www.sec.gov/Archives/edgar/data/320187/000032018726000088/nke-20260531.htm
NKE,income,2024-05-31,annual,Basic,2,1517.6,1000000,USD,2024,1610,10-K,2026-07-15,https://www.sec.gov/Archives/edgar/data/320187/000032018726000088/nke-20260531.htm
NKE,income,2024-05-31,annual,Cost of sales,1,28475.0,1000000,USD,2024,1596,10-K,2026-07-15,https://www.sec.gov/Archives/edgar/data/320187/000032018726000088/nke-20260531.htm
NKE,income,2024-05-31,annual,Demand creation expense,1,4285.0,1000000,USD,2024,1598,10-K,2026-07-15,https://www.sec.gov/Archives/edgar/data/320187/000032018726000088/nke-20260531.htm
NKE,income,2024-05-31,annual,Diluted,1,3.73,1000000,USD,2024,1608,10-K,2026-07-15,https://www.sec.gov/Archives/edgar/data/320187/000032018726000088/nke-20260531.htm
NKE,income,2024-05-31,annual,Diluted,2,1529.7,1000000,USD,2024,1611,10-K,2026-07-15,https://www.sec.gov/Archives/edgar/data/320187/000032018726000088/nke-20260531.htm
NKE,income,2024-05-31,annual,Gross profit,1,22887.0,1000000,USD,2024,1597,10-K,2026-07-15,https://www.sec.gov/Archives/edgar/data/320187/000032018726000088/nke-20260531.htm
NKE,income,2024-05-31,annual,Income before income taxes,1,6700.0,1000000,USD,2024,1603,10-K,2026-07-15,https://www.sec.gov/Archives/edgar/data/320187/000032018726000088/nke-20260531.htm
NKE,income,2024-05-31,annual,Income tax expense,1,1000.0,1000000,USD,2024,1604,10-K,2026-07-15,https://www.sec.gov/Archives/edgar/data/320187/000032018726000088/nke-20260531.htm
NKE,income,2024-05-31,annual,"Interest (income) expense, net",1,-161.0,1000000,USD,2024,1601,10-K,2026-07-15,https://www.sec.gov/Archives/edgar/data/320187/000032018726000088/nke-20260531.htm
NKE,income,2024-05-31,annual,"Interest expense (income), net",1,-161.0,1000000,USD,2024,1645,10-K,2025-07-17,https://www.sec.gov/Archives/edgar/data/320187/000032018725000047/nke-20250531.htm
NKE,income,2024-05-31,annual,NET INCOME,1,5700.0,1000000,USD,2024,1605,10-K,2026-07-15,https://www.sec.gov/Archives/edgar/data/320187/000032018726000088/nke-20260531.htm
NKE,income,2024-05-31,annual,Operating overhead expense,1,12291.0,1000000,USD,2024,1599,10-K,2026-07-15,https://www.sec.gov/Archives/edgar/data/320187/000032018726000088/nke-20260531.htm
NKE,income,2024-05-31,annual,"Other (income) expense, net",1,-228.0,1000000,USD,2024,1602,10-K,2026-07-15,https://www.sec.gov/Archives/edgar/data/320187/000032018726000088/nke-20260531.htm
NKE,income,2024-05-31,annual,Revenues,1,51362.0,1000000,USD,2024,1595,10-K,2026-07-15,https://www.sec.gov/Archives/edgar/data/320187/000032018726000088/nke-20260531.htm
NKE,income,2024-05-31,annual,Total selling and administrative expense,1,16576.0,1000000,USD,2024,1600,10-K,2026-07-15,https://www.sec.gov/Archives/edgar/data/320187/000032018726000088/nke-20260531.htm
NKE,shares,2024-05-31,instant,Class A shares outstanding,1,298.0,1000000,shares,2024,1715,10-K,2025-07-17,https://www.sec.gov/Archives/edgar/data/320187/000032018725000047/nke-20250531.htm
NKE,shares,2024-05-31,instant,Class B shares outstanding,1,1205.0,1000000,shares,2024,1716,10-K,2025-07-17,https://www.sec.gov/Archives/edgar/data/320187/000032018725000047/nke-20250531.htm
NKE,balance,2025-05-31,instant,Accounts payable,1,3479.0,1000000,USD,2025,1658,10-K,2026-07-15,https://www.sec.gov/Archives/edgar/data/320187/000032018726000088/nke-20260531.htm
NKE,balance,2025-05-31,instant,"Accounts receivable, net",1,4717.0,1000000,USD,2025,1645,10-K,2026-07-15,https://www.sec.gov/Archives/edgar/data/320187/000032018726000088/nke-20260531.htm
NKE,balance,2025-05-31,instant,Accrued liabilities,1,5916.0,1000000,USD,2025,1660,10-K,2026-07-15,https://www.sec.gov/Archives/edgar/data/320187/000032018726000088/nke-20260531.htm
NKE,balance,2025-05-31,instant,Accumulated other comprehensive income (loss),1,-258.0,1000000,USD,2025,1673,10-K,2026-07-15,https://www.sec.gov/Archives/edgar/data/320187/000032018726000088/nke-20260531.htm
NKE,balance,2025-05-31,instant,Capital in excess of stated value,1,14195.0,1000000,USD,2025,1672,10-K,2026-07-15,https://www.sec.gov/Archives/edgar/data/320187/000032018726000088/nke-20260531.htm
NKE,balance,2025-05-31,instant,Cash and equivalents,1,7464.0,1000000,USD,2025,1643,10-K,2026-07-15,https://www.sec.gov/Archives/edgar/data/320187/000032018726000088/nke-20260531.htm
NKE,balance,2025-05-31,instant,"Class B — 1,186 and 1,205 shares outstanding",1,3.0,1000000,USD,"MAY 31, — 2025",1716,10-K,2025-07-17,https://www.sec.gov/Archives/edgar/data/320187/000032018725000047/nke-20250531.htm
NKE,balance,2025-05-31,instant,"Class B — 1,202 and 1,186 shares outstanding",1,3.0,1000000,USD,2025,1671,10-K,2026-07-15,https://www.sec.gov/Archives/edgar/data/320187/000032018726000088/nke-20260531.htm
NKE,balance,2025-05-31,instant,Current portion of operating lease liabilities,1,502.0,1000000,USD,2025,1659,10-K,2026-07-15,https://www.sec.gov/Archives/edgar/data/320187/000032018726000088/nke-20260531.htm
NKE,balance,2025-05-31,instant,Deferred income taxes and other assets,1,5178.0,1000000,USD,2025,1653,10-K,2026-07-15,https://www.sec.gov/Archives/edgar/data/320187/000032018726000088/nke-20260531.htm
NKE,balance,2025-05-31,instant,Deferred income taxes and other liabilities,1,2289.0,1000000,USD,2025,1665,10-K,2026-07-15,https://www.sec.gov/Archives/edgar/data/320187/000032018726000088/nke-20260531.htm
NKE,balance,2025-05-31,instant,Goodwill,1,240.0,1000000,USD,2025,1652,10-K,2026-07-15,https://www.sec.gov/Archives/edgar/data/320187/000032018726000088/nke-20260531.htm
NKE,balance,2025-05-31,instant,"Identifiable intangible assets, net",1,259.0,1000000,USD,2025,1651,10-K,2026-07-15,https://www.sec.gov/Archives/edgar/data/320187/000032018726000088/nke-20260531.htm
NKE,balance,2025-05-31,instant,Income taxes payable,1,669.0,1000000,USD,2025,1661,10-K,2026-07-15,https://www.sec.gov/Archives/edgar/data/320187/000032018726000088/nke-20260531.htm
NKE,balance,2025-05-31,instant,Inventories,1,7489.0,1000000,USD,2025,1646,10-K,2026-07-15,https://www.sec.gov/Archives/edgar/data/320187/000032018726000088/nke-20260531.htm
NKE,balance,2025-05-31,instant,Long-term debt,1,7961.0,1000000,USD,2025,1663,10-K,2026-07-15,https://www.sec.gov/Archives/edgar/data/320187/000032018726000088/nke-20260531.htm
NKE,balance,2025-05-31,instant,Notes payable,1,5.0,1000000,USD,"MAY 31, — 2025",1702,10-K,2025-07-17,https://www.sec.gov/Archives/edgar/data/320187/000032018725000047/nke-20250531.htm
NKE,balance,2025-05-31,instant,Operating lease liabilities,1,2550.0,1000000,USD,2025,1664,10-K,2026-07-15,https://www.sec.gov/Archives/edgar/data/320187/000032018726000088/nke-20260531.htm
NKE,balance,2025-05-31,instant,"Operating lease right-of-use assets, net",1,2712.0,1000000,USD,2025,1650,10-K,2026-07-15,https://www.sec.gov/Archives/edgar/data/320187/000032018726000088/nke-20260531.htm
NKE,balance,2025-05-31,instant,Prepaid expenses and other current assets,1,2005.0,1000000,USD,2025,1647,10-K,2026-07-15,https://www.sec.gov/Archives/edgar/data/320187/000032018726000088/nke-20260531.htm
NKE,balance,2025-05-31,instant,"Property, plant and equipment, net",1,4828.0,1000000,USD,2025,1649,10-K,2026-07-15,https://www.sec.gov/Archives/edgar/data/320187/000032018726000088/nke-20260531.htm
NKE,balance,2025-05-31,instant,Retained earnings (deficit),1,-727.0,1000000,USD,2025,1674,10-K,2026-07-15,https://www.sec.gov/Archives/edgar/data/320187/000032018726000088/nke-20260531.htm
NKE,balance,2025-05-31,instant,Short-term investments,1,1687.0,1000000,USD,2025,1644,10-K,2026-07-15,https://www.sec.gov/Archives/edgar/data/320187/000032018726000088/nke-20260531.htm
NKE,balance,2025-05-31,instant,TOTAL ASSETS,1,36579.0,1000000,USD,2025,1654,10-K,2026-07-15,https://www.sec.gov/Archives/edgar/data/320187/000032018726000088/nke-20260531.htm
NKE,balance,2025-05-31,instant,TOTAL LIABILITIES AND SHAREHOLDERS' EQUITY,1,36579.0,1000000,USD,2025,1676,10-K,2026-07-15,https://www.sec.gov/Archives/edgar/data/320187/000032018726000088/nke-20260531.htm
NKE,balance,2025-05-31,instant,Total current assets,1,23362.0,1000000,USD,2025,1648,10-K,2026-07-15,https://www.sec.gov/Archives/edgar/data/320187/000032018726000088/nke-20260531.htm
NKE,balance,2025-05-31,instant,Total current liabilities,1,10566.0,1000000,USD,2025,1662,10-K,2026-07-15,https://www.sec.gov/Archives/edgar/data/320187/000032018726000088/nke-20260531.htm
NKE,balance,2025-05-31,instant,Total shareholders' equity,1,13213.0,1000000,USD,2025,1675,10-K,2026-07-15,https://www.sec.gov/Archives/edgar/data/320187/000032018726000088/nke-20260531.htm
NKE,cash_flow,2025-05-31,annual,(Increase) decrease in accounts receivable,1,-257.0,1000000,USD,2025,1697,10-K,2026-07-15,https://www.sec.gov/Archives/edgar/data/320187/000032018726000088/nke-20260531.htm
NKE,cash_flow,2025-05-31,annual,(Increase) decrease in inventories,1,120.0,1000000,USD,2025,1698,10-K,2026-07-15,https://www.sec.gov/Archives/edgar/data/320187/000032018726000088/nke-20260531.htm
NKE,cash_flow,2025-05-31,annual,"(Increase) decrease in prepaid expenses, operating lease right-of-use assets and other current and non-current assets",1,-224.0,1000000,USD,2025,1699,10-K,2026-07-15,https://www.sec.gov/Archives/edgar/data/320187/000032018726000088/nke-20260531.htm
NKE,cash_flow,2025-05-31,annual,"Additions to property, plant and equipment",1,-430.0,1000000,USD,2025,1706,10-K,2026-07-15,https://www.sec.gov/Archives/edgar/data/320187/000032018726000088/nke-20260531.htm
NKE,cash_flow,2025-05-31,annual,"CASH AND EQUIVALENTS, END OF YEAR",1,7464.0,1000000,USD,2025,1719,10-K,2026-07-15,https://www.sec.gov/Archives/edgar/data/320187/000032018726000088/nke-20260531.htm
NKE,cash_flow,2025-05-31,annual,"Cash and equivalents, beginning of year",1,9860.0,1000000,USD,2025,1718,10-K,2026-07-15,https://www.sec.gov/Archives/edgar/data/320187/000032018726000088/nke-20260531.htm
NKE,cash_flow,2025-05-31,annual,Cash provided (used) by financing activities,1,-5820.0,1000000,USD,2025,1715,10-K,2026-07-15,https://www.sec.gov/Archives/edgar/data/320187/000032018726000088/nke-20260531.htm
NKE,cash_flow,2025-05-31,annual,Cash provided (used) by investing activities,1,-275.0,1000000,USD,2025,1708,10-K,2026-07-15,https://www.sec.gov/Archives/edgar/data/320187/000032018726000088/nke-20260531.htm
NKE,cash_flow,2025-05-31,annual,Cash provided (used) by operations,1,3698.0,1000000,USD,2025,1701,10-K,2026-07-15,https://www.sec.gov/Archives/edgar/data/320187/000032018726000088/nke-20260531.htm
NKE,cash_flow,2025-05-31,annual,Deferred income taxes,1,-288.0,1000000,USD,2025,1692,10-K,2026-07-15,https://www.sec.gov/Archives/edgar/data/320187/000032018726000088/nke-20260531.htm
NKE,cash_flow,2025-05-31,annual,Depreciation and amortization,1,775.0,1000000,USD,2025,1691,10-K,2026-07-15,https://www.sec.gov/Archives/edgar/data/320187/000032018726000088/nke-20260531.htm
NKE,cash_flow,2025-05-31,annual,Dividends declared and not paid,1,593.0,1000000,USD,2025,1724,10-K,2026-07-15,https://www.sec.gov/Archives/edgar/data/320187/000032018726000088/nke-20260531.htm
NKE,cash_flow,2025-05-31,annual,Dividends — common and preferred,1,-2300.0,1000000,USD,2025,1713,10-K,2026-07-15,https://www.sec.gov/Archives/edgar/data/320187/000032018726000088/nke-20260531.htm
NKE,cash_flow,2025-05-31,annual,Effect of exchange rate changes on cash and equivalents,1,1.0,1000000,USD,2025,1716,10-K,2026-07-15,https://www.sec.gov/Archives/edgar/data/320187/000032018726000088/nke-20260531.htm
NKE,cash_flow,2025-05-31,annual,Impairment and other,1,33.0,1000000,USD,2025,1694,10-K,2026-07-15,https://www.sec.gov/Archives/edgar/data/320187/000032018726000088/nke-20260531.htm
NKE,cash_flow,2025-05-31,annual,Income taxes,1,1226.0,1000000,USD,"YEAR ENDED MAY 31, — 2025",1769,10-K,2025-07-17,https://www.sec.gov/Archives/edgar/data/320187/000032018725000047/nke-20250531.htm
NKE,cash_flow,2025-05-31,annual,"Increase (decrease) in accounts payable, accrued liabilities, operating lease liabilities and other current and non-current liabilities",1,-426.0,1000000,USD,2025,1700,10-K,2026-07-15,https://www.sec.gov/Archives/edgar/data/320187/000032018726000088/nke-20260531.htm
NKE,cash_flow,2025-05-31,annual,"Increase (decrease) in notes payable, net",1,-1.0,1000000,USD,"YEAR ENDED MAY 31, — 2025",1755,10-K,2025-07-17,https://www.sec.gov/Archives/edgar/data/320187/000032018725000047/nke-20250531.htm
NKE,cash_flow,2025-05-31,annual,"Interest, net of capitalized interest",1,389.0,1000000,USD,2025,1722,10-K,2026-07-15,https://www.sec.gov/Archives/edgar/data/320187/000032018726000088/nke-20260531.htm
NKE,cash_flow,2025-05-31,annual,Maturities of short-term investments,1,319.0,1000000,USD,2025,1704,10-K,2026-07-15,https://www.sec.gov/Archives/edgar/data/320187/000032018726000088/nke-20260531.htm
NKE,cash_flow,2025-05-31,annual,Net foreign currency adjustments,1,37.0,1000000,USD,2025,1695,10-K,2026-07-15,https://www.sec.gov/Archives/edgar/data/320187/000032018726000088/nke-20260531.htm
NKE,cash_flow,2025-05-31,annual,Net income,1,3219.0,1000000,USD,2025,1689,10-K,2026-07-15,https://www.sec.gov/Archives/edgar/data/320187/000032018726000088/nke-20260531.htm
NKE,cash_flow,2025-05-31,annual,Net increase (decrease) in cash and equivalents,1,-2396.0,1000000,USD,2025,1717,10-K,2026-07-15,https://www.sec.gov/Archives/edgar/data/320187/000032018726000088/nke-20260531.htm
NKE,cash_flow,2025-05-31,annual,"Non-cash additions to property, plant and equipment",1,184.0,1000000,USD,2025,1723,10-K,2026-07-15,https://www.sec.gov/Archives/edgar/data/320187/000032018726000088/nke-20260531.htm
NKE,cash_flow,2025-05-31,annual,Other financing activities,1,-86.0,1000000,USD,2025,1714,10-K,2026-07-15,https://www.sec.gov/Archives/edgar/data/320187/000032018726000088/nke-20260531.htm
NKE,cash_flow,2025-05-31,annual,Other investing activities,1,8.0,1000000,USD,2025,1707,10-K,2026-07-15,https://www.sec.gov/Archives/edgar/data/320187/000032018726000088/nke-20260531.htm
NKE,cash_flow,2025-05-31,annual,Proceeds from exercise of stock options and other stock issuances,1,551.0,1000000,USD,2025,1711,10-K,2026-07-15,https://www.sec.gov/Archives/edgar/data/320187/000032018726000088/nke-20260531.htm
NKE,cash_flow,2025-05-31,annual,Purchases of short-term investments,1,-3234.0,1000000,USD,2025,1703,10-K,2026-07-15,https://www.sec.gov/Archives/edgar/data/320187/000032018726000088/nke-20260531.htm
NKE,cash_flow,2025-05-31,annual,Repayment of borrowings,1,-1000.0,1000000,USD,2025,1710,10-K,2026-07-15,https://www.sec.gov/Archives/edgar/data/320187/000032018726000088/nke-20260531.htm
NKE,cash_flow,2025-05-31,annual,Repurchase of common stock,1,-2985.0,1000000,USD,2025,1712,10-K,2026-07-15,https://www.sec.gov/Archives/edgar/data/320187/000032018726000088/nke-20260531.htm
NKE,cash_flow,2025-05-31,annual,Sales of short-term investments,1,3062.0,1000000,USD,2025,1705,10-K,2026-07-15,https://www.sec.gov/Archives/edgar/data/320187/000032018726000088/nke-20260531.htm
NKE,cash_flow,2025-05-31,annual,Stock-based compensation,1,709.0,1000000,USD,2025,1693,10-K,2026-07-15,https://www.sec.gov/Archives/edgar/data/320187/000032018726000088/nke-20260531.htm
NKE,income,2025-05-31,annual,Basic,1,2.17,1000000,USD,2025,1607,10-K,2026-07-15,https://www.sec.gov/Archives/edgar/data/320187/000032018726000088/nke-20260531.htm
NKE,income,2025-05-31,annual,Basic,2,1484.9,1000000,USD,2025,1610,10-K,2026-07-15,https://www.sec.gov/Archives/edgar/data/320187/000032018726000088/nke-20260531.htm
NKE,income,2025-05-31,annual,Cost of sales,1,26519.0,1000000,USD,2025,1596,10-K,2026-07-15,https://www.sec.gov/Archives/edgar/data/320187/000032018726000088/nke-20260531.htm
NKE,income,2025-05-31,annual,Demand creation expense,1,4689.0,1000000,USD,2025,1598,10-K,2026-07-15,https://www.sec.gov/Archives/edgar/data/320187/000032018726000088/nke-20260531.htm
NKE,income,2025-05-31,annual,Diluted,1,2.16,1000000,USD,2025,1608,10-K,2026-07-15,https://www.sec.gov/Archives/edgar/data/320187/000032018726000088/nke-20260531.htm
NKE,income,2025-05-31,annual,Diluted,2,1487.6,1000000,USD,2025,1611,10-K,2026-07-15,https://www.sec.gov/Archives/edgar/data/320187/000032018726000088/nke-20260531.htm
NKE,income,2025-05-31,annual,Gross profit,1,19790.0,1000000,USD,2025,1597,10-K,2026-07-15,https://www.sec.gov/Archives/edgar/data/320187/000032018726000088/nke-20260531.htm
NKE,income,2025-05-31,annual,Income before income taxes,1,3885.0,1000000,USD,2025,1603,10-K,2026-07-15,https://www.sec.gov/Archives/edgar/data/320187/000032018726000088/nke-20260531.htm
NKE,income,2025-05-31,annual,Income tax expense,1,666.0,1000000,USD,2025,1604,10-K,2026-07-15,https://www.sec.gov/Archives/edgar/data/320187/000032018726000088/nke-20260531.htm
NKE,income,2025-05-31,annual,"Interest (income) expense, net",1,-107.0,1000000,USD,2025,1601,10-K,2026-07-15,https://www.sec.gov/Archives/edgar/data/320187/000032018726000088/nke-20260531.htm
NKE,income,2025-05-31,annual,"Interest expense (income), net",1,-107.0,1000000,USD,"YEAR ENDED MAY 31, — 2025",1645,10-K,2025-07-17,https://www.sec.gov/Archives/edgar/data/320187/000032018725000047/nke-20250531.htm
NKE,income,2025-05-31,annual,NET INCOME,1,3219.0,1000000,USD,2025,1605,10-K,2026-07-15,https://www.sec.gov/Archives/edgar/data/320187/000032018726000088/nke-20260531.htm
NKE,income,2025-05-31,annual,Operating overhead expense,1,11399.0,1000000,USD,2025,1599,10-K,2026-07-15,https://www.sec.gov/Archives/edgar/data/320187/000032018726000088/nke-20260531.htm
NKE,income,2025-05-31,annual,"Other (income) expense, net",1,-76.0,1000000,USD,2025,1602,10-K,2026-07-15,https://www.sec.gov/Archives/edgar/data/320187/000032018726000088/nke-20260531.htm
NKE,income,2025-05-31,annual,Revenues,1,46309.0,1000000,USD,2025,1595,10-K,2026-07-15,https://www.sec.gov/Archives/edgar/data/320187/000032018726000088/nke-20260531.htm
NKE,income,2025-05-31,annual,Total selling and administrative expense,1,16088.0,1000000,USD,2025,1600,10-K,2026-07-15,https://www.sec.gov/Archives/edgar/data/320187/000032018726000088/nke-20260531.htm
NKE,shares,2025-05-31,instant,Class A shares outstanding,1,290.0,1000000,shares,2025,1670,10-K,2026-07-15,https://www.sec.gov/Archives/edgar/data/320187/000032018726000088/nke-20260531.htm
NKE,shares,2025-05-31,instant,Class B shares outstanding,1,1186.0,1000000,shares,2025,1671,10-K,2026-07-15,https://www.sec.gov/Archives/edgar/data/320187/000032018726000088/nke-20260531.htm
NKE,balance,2026-05-31,instant,Accounts payable,1,3600.0,1000000,USD,"MAY 31, — 2026",1658,10-K,2026-07-15,https://www.sec.gov/Archives/edgar/data/320187/000032018726000088/nke-20260531.htm
NKE,balance,2026-05-31,instant,"Accounts receivable, net",1,5931.0,1000000,USD,"MAY 31, — 2026",1645,10-K,2026-07-15,https://www.sec.gov/Archives/edgar/data/320187/000032018726000088/nke-20260531.htm
NKE,balance,2026-05-31,instant,Accrued liabilities,1,6092.0,1000000,USD,"MAY 31, — 2026",1660,10-K,2026-07-15,https://www.sec.gov/Archives/edgar/data/320187/000032018726000088/nke-20260531.htm
NKE,balance,2026-05-31,instant,Accumulated other comprehensive income (loss),1,-141.0,1000000,USD,"MAY 31, — 2026",1673,10-K,2026-07-15,https://www.sec.gov/Archives/edgar/data/320187/000032018726000088/nke-20260531.htm
NKE,balance,2026-05-31,instant,Capital in excess of stated value,1,15158.0,1000000,USD,"MAY 31, — 2026",1672,10-K,2026-07-15,https://www.sec.gov/Archives/edgar/data/320187/000032018726000088/nke-20260531.htm
NKE,balance,2026-05-31,instant,Cash and equivalents,1,7563.0,1000000,USD,"MAY 31, — 2026",1643,10-K,2026-07-15,https://www.sec.gov/Archives/edgar/data/320187/000032018726000088/nke-20260531.htm
NKE,balance,2026-05-31,instant,"Class B — 1,202 and 1,186 shares outstanding",1,3.0,1000000,USD,"MAY 31, — 2026",1671,10-K,2026-07-15,https://www.sec.gov/Archives/edgar/data/320187/000032018726000088/nke-20260531.htm
NKE,balance,2026-05-31,instant,Current portion of long-term debt,1,2000.0,1000000,USD,"MAY 31, — 2026",1657,10-K,2026-07-15,https://www.sec.gov/Archives/edgar/data/320187/000032018726000088/nke-20260531.htm
NKE,balance,2026-05-31,instant,Current portion of operating lease liabilities,1,478.0,1000000,USD,"MAY 31, — 2026",1659,10-K,2026-07-15,https://www.sec.gov/Archives/edgar/data/320187/000032018726000088/nke-20260531.htm
NKE,balance,2026-05-31,instant,Deferred income taxes and other assets,1,5674.0,1000000,USD,"MAY 31, — 2026",1653,10-K,2026-07-15,https://www.sec.gov/Archives/edgar/data/320187/000032018726000088/nke-20260531.htm
NKE,balance,2026-05-31,instant,Deferred income taxes and other liabilities,1,2443.0,1000000,USD,"MAY 31, — 2026",1665,10-K,2026-07-15,https://www.sec.gov/Archives/edgar/data/320187/000032018726000088/nke-20260531.htm
NKE,balance,2026-05-31,instant,Goodwill,1,240.0,1000000,USD,"MAY 31, — 2026",1652,10-K,2026-07-15,https://www.sec.gov/Archives/edgar/data/320187/000032018726000088/nke-20260531.htm
NKE,balance,2026-05-31,instant,"Identifiable intangible assets, net",1,259.0,1000000,USD,"MAY 31, — 2026",1651,10-K,2026-07-15,https://www.sec.gov/Archives/edgar/data/320187/000032018726000088/nke-20260531.htm
NKE,balance,2026-05-31,instant,Income taxes payable,1,377.0,1000000,USD,"MAY 31, — 2026",1661,10-K,2026-07-15,https://www.sec.gov/Archives/edgar/data/320187/000032018726000088/nke-20260531.htm
NKE,balance,2026-05-31,instant,Inventories,1,7501.0,1000000,USD,"MAY 31, — 2026",1646,10-K,2026-07-15,https://www.sec.gov/Archives/edgar/data/320187/000032018726000088/nke-20260531.htm
NKE,balance,2026-05-31,instant,Long-term debt,1,5942.0,1000000,USD,"MAY 31, — 2026",1663,10-K,2026-07-15,https://www.sec.gov/Archives/edgar/data/320187/000032018726000088/nke-20260531.htm
NKE,balance,2026-05-31,instant,Operating lease liabilities,1,2613.0,1000000,USD,"MAY 31, — 2026",1664,10-K,2026-07-15,https://www.sec.gov/Archives/edgar/data/320187/000032018726000088/nke-20260531.htm
NKE,balance,2026-05-31,instant,"Operating lease right-of-use assets, net",1,2838.0,1000000,USD,"MAY 31, — 2026",1650,10-K,2026-07-15,https://www.sec.gov/Archives/edgar/data/320187/000032018726000088/nke-20260531.htm
NKE,balance,2026-05-31,instant,Prepaid expenses and other current assets,1,2144.0,1000000,USD,"MAY 31, — 2026",1647,10-K,2026-07-15,https://www.sec.gov/Archives/edgar/data/320187/000032018726000088/nke-20260531.htm
NKE,balance,2026-05-31,instant,"Property, plant and equipment, net",1,4796.0,1000000,USD,"MAY 31, — 2026",1649,10-K,2026-07-15,https://www.sec.gov/Archives/edgar/data/320187/000032018726000088/nke-20260531.htm
NKE,balance,2026-05-31,instant,Retained earnings (deficit),1,-155.0,1000000,USD,"MAY 31, — 2026",1674,10-K,2026-07-15,https://www.sec.gov/Archives/edgar/data/320187/000032018726000088/nke-20260531.htm
NKE,balance,2026-05-31,instant,Short-term investments,1,1464.0,1000000,USD,"MAY 31, — 2026",1644,10-K,2026-07-15,https://www.sec.gov/Archives/edgar/data/320187/000032018726000088/nke-20260531.htm
NKE,balance,2026-05-31,instant,TOTAL ASSETS,1,38410.0,1000000,USD,"MAY 31, — 2026",1654,10-K,2026-07-15,https://www.sec.gov/Archives/edgar/data/320187/000032018726000088/nke-20260531.htm
NKE,balance,2026-05-31,instant,TOTAL LIABILITIES AND SHAREHOLDERS' EQUITY,1,38410.0,1000000,USD,"MAY 31, — 2026",1676,10-K,2026-07-15,https://www.sec.gov/Archives/edgar/data/320187/000032018726000088/nke-20260531.htm
NKE,balance,2026-05-31,instant,Total current assets,1,24603.0,1000000,USD,"MAY 31, — 2026",1648,10-K,2026-07-15,https://www.sec.gov/Archives/edgar/data/320187/000032018726000088/nke-20260531.htm
NKE,balance,2026-05-31,instant,Total current liabilities,1,12547.0,1000000,USD,"MAY 31, — 2026",1662,10-K,2026-07-15,https://www.sec.gov/Archives/edgar/data/320187/000032018726000088/nke-20260531.htm
NKE,balance,2026-05-31,instant,Total shareholders' equity,1,14865.0,1000000,USD,"MAY 31, — 2026",1675,10-K,2026-07-15,https://www.sec.gov/Archives/edgar/data/320187/000032018726000088/nke-20260531.htm
NKE,cash_flow,2026-05-31,annual,(Increase) decrease in accounts receivable,1,-1207.0,1000000,USD,"YEAR ENDED MAY 31, — 2026",1697,10-K,2026-07-15,https://www.sec.gov/Archives/edgar/data/320187/000032018726000088/nke-20260531.htm
NKE,cash_flow,2026-05-31,annual,(Increase) decrease in inventories,1,-31.0,1000000,USD,"YEAR ENDED MAY 31, — 2026",1698,10-K,2026-07-15,https://www.sec.gov/Archives/edgar/data/320187/000032018726000088/nke-20260531.htm
NKE,cash_flow,2026-05-31,annual,"(Increase) decrease in prepaid expenses, operating lease right-of-use assets and other current and non-current assets",1,519.0,1000000,USD,"YEAR ENDED MAY 31, — 2026",1699,10-K,2026-07-15,https://www.sec.gov/Archives/edgar/data/320187/000032018726000088/nke-20260531.htm
NKE,cash_flow,2026-05-31,annual,"Additions to property, plant and equipment",1,-684.0,1000000,USD,"YEAR ENDED MAY 31, — 2026",1706,10-K,2026-07-15,https://www.sec.gov/Archives/edgar/data/320187/000032018726000088/nke-20260531.htm
NKE,cash_flow,2026-05-31,annual,"CASH AND EQUIVALENTS, END OF YEAR",1,7563.0,1000000,USD,"YEAR ENDED MAY 31, — 2026",1719,10-K,2026-07-15,https://www.sec.gov/Archives/edgar/data/320187/000032018726000088/nke-20260531.htm
NKE,cash_flow,2026-05-31,annual,"Cash and equivalents, beginning of year",1,7464.0,1000000,USD,"YEAR ENDED MAY 31, — 2026",1718,10-K,2026-07-15,https://www.sec.gov/Archives/edgar/data/320187/000032018726000088/nke-20260531.htm
NKE,cash_flow,2026-05-31,annual,Cash provided (used) by financing activities,1,-2292.0,1000000,USD,"YEAR ENDED MAY 31, — 2026",1715,10-K,2026-07-15,https://www.sec.gov/Archives/edgar/data/320187/000032018726000088/nke-20260531.htm
NKE,cash_flow,2026-05-31,annual,Cash provided (used) by investing activities,1,-488.0,1000000,USD,"YEAR ENDED MAY 31, — 2026",1708,10-K,2026-07-15,https://www.sec.gov/Archives/edgar/data/320187/000032018726000088/nke-20260531.htm
NKE,cash_flow,2026-05-31,annual,Cash provided (used) by operations,1,2868.0,1000000,USD,"YEAR ENDED MAY 31, — 2026",1701,10-K,2026-07-15,https://www.sec.gov/Archives/edgar/data/320187/000032018726000088/nke-20260531.htm
NKE,cash_flow,2026-05-31,annual,Deferred income taxes,1,-96.0,1000000,USD,"YEAR ENDED MAY 31, — 2026",1692,10-K,2026-07-15,https://www.sec.gov/Archives/edgar/data/320187/000032018726000088/nke-20260531.htm
NKE,cash_flow,2026-05-31,annual,Depreciation and amortization,1,747.0,1000000,USD,"YEAR ENDED MAY 31, — 2026",1691,10-K,2026-07-15,https://www.sec.gov/Archives/edgar/data/320187/000032018726000088/nke-20260531.htm
NKE,cash_flow,2026-05-31,annual,Dividends declared and not paid,1,614.0,1000000,USD,"YEAR ENDED MAY 31, — 2026",1724,10-K,2026-07-15,https://www.sec.gov/Archives/edgar/data/320187/000032018726000088/nke-20260531.htm
NKE,cash_flow,2026-05-31,annual,Dividends — common and preferred,1,-2407.0,1000000,USD,"YEAR ENDED MAY 31, — 2026",1713,10-K,2026-07-15,https://www.sec.gov/Archives/edgar/data/320187/000032018726000088/nke-20260531.htm
NKE,cash_flow,2026-05-31,annual,Effect of exchange rate changes on cash and equivalents,1,11.0,1000000,USD,"YEAR ENDED MAY 31, — 2026",1716,10-K,2026-07-15,https://www.sec.gov/Archives/edgar/data/320187/000032018726000088/nke-20260531.htm
NKE,cash_flow,2026-05-31,annual,Impairment and other,1,50.0,1000000,USD,"YEAR ENDED MAY 31, — 2026",1694,10-K,2026-07-15,https://www.sec.gov/Archives/edgar/data/320187/000032018726000088/nke-20260531.htm
NKE,cash_flow,2026-05-31,annual,"Increase (decrease) in accounts payable, accrued liabilities, operating lease liabilities and other current and non-current liabilities",1,-959.0,1000000,USD,"YEAR ENDED MAY 31, — 2026",1700,10-K,2026-07-15,https://www.sec.gov/Archives/edgar/data/320187/000032018726000088/nke-20260531.htm
NKE,cash_flow,2026-05-31,annual,"Interest, net of capitalized interest",1,323.0,1000000,USD,"YEAR ENDED MAY 31, — 2026",1722,10-K,2026-07-15,https://www.sec.gov/Archives/edgar/data/320187/000032018726000088/nke-20260531.htm
NKE,cash_flow,2026-05-31,annual,Maturities of short-term investments,1,556.0,1000000,USD,"YEAR ENDED MAY 31, — 2026",1704,10-K,2026-07-15,https://www.sec.gov/Archives/edgar/data/320187/000032018726000088/nke-20260531.htm
NKE,cash_flow,2026-05-31,annual,Net foreign currency adjustments,1,22.0,1000000,USD,"YEAR ENDED MAY 31, — 2026",1695,10-K,2026-07-15,https://www.sec.gov/Archives/edgar/data/320187/000032018726000088/nke-20260531.htm
NKE,cash_flow,2026-05-31,annual,Net income,1,3108.0,1000000,USD,"YEAR ENDED MAY 31, — 2026",1689,10-K,2026-07-15,https://www.sec.gov/Archives/edgar/data/320187/000032018726000088/nke-20260531.htm
NKE,cash_flow,2026-05-31,annual,Net increase (decrease) in cash and equivalents,1,99.0,1000000,USD,"YEAR ENDED MAY 31, — 2026",1717,10-K,2026-07-15,https://www.sec.gov/Archives/edgar/data/320187/000032018726000088/nke-20260531.htm
NKE,cash_flow,2026-05-31,annual,"Non-cash additions to property, plant and equipment",1,174.0,1000000,USD,"YEAR ENDED MAY 31, — 2026",1723,10-K,2026-07-15,https://www.sec.gov/Archives/edgar/data/320187/000032018726000088/nke-20260531.htm
NKE,cash_flow,2026-05-31,annual,Other financing activities,1,-93.0,1000000,USD,"YEAR ENDED MAY 31, — 2026",1714,10-K,2026-07-15,https://www.sec.gov/Archives/edgar/data/320187/000032018726000088/nke-20260531.htm
NKE,cash_flow,2026-05-31,annual,Other investing activities,1,-65.0,1000000,USD,"YEAR ENDED MAY 31, — 2026",1707,10-K,2026-07-15,https://www.sec.gov/Archives/edgar/data/320187/000032018726000088/nke-20260531.htm
NKE,cash_flow,2026-05-31,annual,Proceeds from exercise of stock options and other stock issuances,1,354.0,1000000,USD,"YEAR ENDED MAY 31, — 2026",1711,10-K,2026-07-15,https://www.sec.gov/Archives/edgar/data/320187/000032018726000088/nke-20260531.htm
NKE,cash_flow,2026-05-31,annual,Purchases of short-term investments,1,-1316.0,1000000,USD,"YEAR ENDED MAY 31, — 2026",1703,10-K,2026-07-15,https://www.sec.gov/Archives/edgar/data/320187/000032018726000088/nke-20260531.htm
NKE,cash_flow,2026-05-31,annual,Repurchase of common stock,1,-146.0,1000000,USD,"YEAR ENDED MAY 31, — 2026",1712,10-K,2026-07-15,https://www.sec.gov/Archives/edgar/data/320187/000032018726000088/nke-20260531.htm
NKE,cash_flow,2026-05-31,annual,Sales of short-term investments,1,1021.0,1000000,USD,"YEAR ENDED MAY 31, — 2026",1705,10-K,2026-07-15,https://www.sec.gov/Archives/edgar/data/320187/000032018726000088/nke-20260531.htm
NKE,cash_flow,2026-05-31,annual,Stock-based compensation,1,715.0,1000000,USD,"YEAR ENDED MAY 31, — 2026",1693,10-K,2026-07-15,https://www.sec.gov/Archives/edgar/data/320187/000032018726000088/nke-20260531.htm
NKE,income,2026-05-31,annual,Basic,1,2.1,1000000,USD,"YEAR ENDED MAY 31, — 2026",1607,10-K,2026-07-15,https://www.sec.gov/Archives/edgar/data/320187/000032018726000088/nke-20260531.htm
NKE,income,2026-05-31,annual,Basic,2,1479.8,1000000,USD,"YEAR ENDED MAY 31, — 2026",1610,10-K,2026-07-15,https://www.sec.gov/Archives/edgar/data/320187/000032018726000088/nke-20260531.htm
NKE,income,2026-05-31,annual,Cost of sales,1,26487.0,1000000,USD,"YEAR ENDED MAY 31, — 2026",1596,10-K,2026-07-15,https://www.sec.gov/Archives/edgar/data/320187/000032018726000088/nke-20260531.htm
NKE,income,2026-05-31,annual,Demand creation expense,1,4754.0,1000000,USD,"YEAR ENDED MAY 31, — 2026",1598,10-K,2026-07-15,https://www.sec.gov/Archives/edgar/data/320187/000032018726000088/nke-20260531.htm
NKE,income,2026-05-31,annual,Diluted,1,2.1,1000000,USD,"YEAR ENDED MAY 31, — 2026",1608,10-K,2026-07-15,https://www.sec.gov/Archives/edgar/data/320187/000032018726000088/nke-20260531.htm
NKE,income,2026-05-31,annual,Diluted,2,1481.0,1000000,USD,"YEAR ENDED MAY 31, — 2026",1611,10-K,2026-07-15,https://www.sec.gov/Archives/edgar/data/320187/000032018726000088/nke-20260531.htm
NKE,income,2026-05-31,annual,Gross profit,1,19911.0,1000000,USD,"YEAR ENDED MAY 31, — 2026",1597,10-K,2026-07-15,https://www.sec.gov/Archives/edgar/data/320187/000032018726000088/nke-20260531.htm
NKE,income,2026-05-31,annual,Income before income taxes,1,3900.0,1000000,USD,"YEAR ENDED MAY 31, — 2026",1603,10-K,2026-07-15,https://www.sec.gov/Archives/edgar/data/320187/000032018726000088/nke-20260531.htm
NKE,income,2026-05-31,annual,Income tax expense,1,792.0,1000000,USD,"YEAR ENDED MAY 31, — 2026",1604,10-K,2026-07-15,https://www.sec.gov/Archives/edgar/data/320187/000032018726000088/nke-20260531.htm
NKE,income,2026-05-31,annual,"Interest (income) expense, net",1,-50.0,1000000,USD,"YEAR ENDED MAY 31, — 2026",1601,10-K,2026-07-15,https://www.sec.gov/Archives/edgar/data/320187/000032018726000088/nke-20260531.htm
NKE,income,2026-05-31,annual,NET INCOME,1,3108.0,1000000,USD,"YEAR ENDED MAY 31, — 2026",1605,10-K,2026-07-15,https://www.sec.gov/Archives/edgar/data/320187/000032018726000088/nke-20260531.htm
NKE,income,2026-05-31,annual,Operating overhead expense,1,11360.0,1000000,USD,"YEAR ENDED MAY 31, — 2026",1599,10-K,2026-07-15,https://www.sec.gov/Archives/edgar/data/320187/000032018726000088/nke-20260531.htm
NKE,income,2026-05-31,annual,"Other (income) expense, net",1,-53.0,1000000,USD,"YEAR ENDED MAY 31, — 2026",1602,10-K,2026-07-15,https://www.sec.gov/Archives/edgar/data/320187/000032018726000088/nke-20260531.htm
NKE,income,2026-05-31,annual,Revenues,1,46398.0,1000000,USD,"YEAR ENDED MAY 31, — 2026",1595,10-K,2026-07-15,https://www.sec.gov/Archives/edgar/data/320187/000032018726000088/nke-20260531.htm
NKE,income,2026-05-31,annual,Total selling and administrative expense,1,16114.0,1000000,USD,"YEAR ENDED MAY 31, — 2026",1600,10-K,2026-07-15,https://www.sec.gov/Archives/edgar/data/320187/000032018726000088/nke-20260531.htm
NKE,shares,2026-05-31,instant,Class A shares outstanding,1,281.0,1000000,shares,"MAY 31, — 2026",1670,10-K,2026-07-15,https://www.sec.gov/Archives/edgar/data/320187/000032018726000088/nke-20260531.htm
NKE,shares,2026-05-31,instant,Class B shares outstanding,1,1202.0,1000000,shares,"MAY 31, — 2026",1671,10-K,2026-07-15,https://www.sec.gov/Archives/edgar/data/320187/000032018726000088/nke-20260531.htm
ONON,cash_flow,2019-12-31,annual,Cash (outflow) from investing activities,1,-9538.0,1000,CHF,2019,3507,20-F,2022-03-18,https://www.sec.gov/Archives/edgar/data/1858985/000185898522000006/onholdingag-20211231.htm
ONON,cash_flow,2019-12-31,annual,Cash inflow / (outflow) from financing activities,1,-690.0,1000,CHF,2019,3516,20-F,2022-03-18,https://www.sec.gov/Archives/edgar/data/1858985/000185898522000006/onholdingag-20211231.htm
ONON,cash_flow,2019-12-31,annual,Cash inflow / (outflow) from operating activities,1,-5218.0,1000,CHF,2019,3502,20-F,2022-03-18,https://www.sec.gov/Archives/edgar/data/1858985/000185898522000006/onholdingag-20211231.htm
ONON,cash_flow,2019-12-31,annual,Change in net cash and cash equivalents,1,-15447.0,1000,CHF,2019,3517,20-F,2022-03-18,https://www.sec.gov/Archives/edgar/data/1858985/000185898522000006/onholdingag-20211231.htm
ONON,cash_flow,2019-12-31,annual,Change in other current operating assets / liabilities,1,-2677.0,1000,CHF,2019,3500,20-F,2022-03-18,https://www.sec.gov/Archives/edgar/data/1858985/000185898522000006/onholdingag-20211231.htm
ONON,cash_flow,2019-12-31,annual,Change in provisions,1,1099.0,1000,CHF,2019,3495,20-F,2022-03-18,https://www.sec.gov/Archives/edgar/data/1858985/000185898522000006/onholdingag-20211231.htm
ONON,cash_flow,2019-12-31,annual,Depreciation and amortization,1,5342.0,1000,CHF,2019,3491,20-F,2022-03-18,https://www.sec.gov/Archives/edgar/data/1858985/000185898522000006/onholdingag-20211231.htm
ONON,cash_flow,2019-12-31,annual,Employee benefit expenses,1,-143.0,1000,CHF,2019,3490,20-F,2022-03-18,https://www.sec.gov/Archives/edgar/data/1858985/000185898522000006/onholdingag-20211231.htm
ONON,cash_flow,2019-12-31,annual,Income taxes,1,4620.0,1000,CHF,2019,3494,20-F,2022-03-18,https://www.sec.gov/Archives/edgar/data/1858985/000185898522000006/onholdingag-20211231.htm
ONON,cash_flow,2019-12-31,annual,Income taxes paid,1,-2163.0,1000,CHF,2019,3501,20-F,2022-03-18,https://www.sec.gov/Archives/edgar/data/1858985/000185898522000006/onholdingag-20211231.htm
ONON,cash_flow,2019-12-31,annual,Interest income and expenses,1,502.0,1000,CHF,2019,3492,20-F,2022-03-18,https://www.sec.gov/Archives/edgar/data/1858985/000185898522000006/onholdingag-20211231.htm
ONON,cash_flow,2019-12-31,annual,Interests paid,1,-491.0,1000,CHF,2019,3515,20-F,2022-03-18,https://www.sec.gov/Archives/edgar/data/1858985/000185898522000006/onholdingag-20211231.htm
ONON,cash_flow,2019-12-31,annual,Inventories,1,-12353.0,1000,CHF,2019,3498,20-F,2022-03-18,https://www.sec.gov/Archives/edgar/data/1858985/000185898522000006/onholdingag-20211231.htm
ONON,cash_flow,2019-12-31,annual,"Investment in subsidiary, net of cash acquired",1,-321.0,1000,CHF,2019,3505,20-F,2022-03-18,https://www.sec.gov/Archives/edgar/data/1858985/000185898522000006/onholdingag-20211231.htm
ONON,cash_flow,2019-12-31,annual,Net cash and cash equivalents at December 31,1,120.0,1000,CHF,2019,3520,20-F,2022-03-18,https://www.sec.gov/Archives/edgar/data/1858985/000185898522000006/onholdingag-20211231.htm
ONON,cash_flow,2019-12-31,annual,Net cash and cash equivalents at January 1,1,15762.0,1000,CHF,2019,3518,20-F,2022-03-18,https://www.sec.gov/Archives/edgar/data/1858985/000185898522000006/onholdingag-20211231.htm
ONON,cash_flow,2019-12-31,annual,Net exchange differences,1,1518.0,1000,CHF,2019,3493,20-F,2022-03-18,https://www.sec.gov/Archives/edgar/data/1858985/000185898522000006/onholdingag-20211231.htm
ONON,cash_flow,2019-12-31,annual,Net impact of foreign exchange rate differences,1,-195.0,1000,CHF,2019,3519,20-F,2022-03-18,https://www.sec.gov/Archives/edgar/data/1858985/000185898522000006/onholdingag-20211231.htm
ONON,cash_flow,2019-12-31,annual,Net loss,1,-1473.0,1000,CHF,2019,3488,20-F,2022-03-18,https://www.sec.gov/Archives/edgar/data/1858985/000185898522000006/onholdingag-20211231.htm
ONON,cash_flow,2019-12-31,annual,Payments of lease liabilities,1,-2000.0,1000,CHF,2019,3510,20-F,2022-03-18,https://www.sec.gov/Archives/edgar/data/1858985/000185898522000006/onholdingag-20211231.htm
ONON,cash_flow,2019-12-31,annual,Proceeds from financial liabilities,1,3000.0,1000,CHF,2019,3508,20-F,2022-03-18,https://www.sec.gov/Archives/edgar/data/1858985/000185898522000006/onholdingag-20211231.htm
ONON,cash_flow,2019-12-31,annual,Purchase of intangible assets,1,-1785.0,1000,CHF,2019,3504,20-F,2022-03-18,https://www.sec.gov/Archives/edgar/data/1858985/000185898522000006/onholdingag-20211231.htm
ONON,cash_flow,2019-12-31,annual,Purchase of tangible assets,1,-7432.0,1000,CHF,2019,3503,20-F,2022-03-18,https://www.sec.gov/Archives/edgar/data/1858985/000185898522000006/onholdingag-20211231.htm
ONON,cash_flow,2019-12-31,annual,Repayments of financial liabilities,1,-1200.0,1000,CHF,2019,3509,20-F,2022-03-18,https://www.sec.gov/Archives/edgar/data/1858985/000185898522000006/onholdingag-20211231.htm
ONON,cash_flow,2019-12-31,annual,Share-based compensation,1,18838.0,1000,CHF,2019,3489,20-F,2022-03-18,https://www.sec.gov/Archives/edgar/data/1858985/000185898522000006/onholdingag-20211231.htm
ONON,cash_flow,2019-12-31,annual,Trade payables,1,3154.0,1000,CHF,2019,3499,20-F,2022-03-18,https://www.sec.gov/Archives/edgar/data/1858985/000185898522000006/onholdingag-20211231.htm
ONON,cash_flow,2019-12-31,annual,Trade receivables,1,-21481.0,1000,CHF,2019,3497,20-F,2022-03-18,https://www.sec.gov/Archives/edgar/data/1858985/000185898522000006/onholdingag-20211231.htm
ONON,income,2019-12-31,annual,Basic EPS Class A (CHF),1,-0.01,1000,CHF,2019,3425,20-F,2022-03-18,https://www.sec.gov/Archives/edgar/data/1858985/000185898522000006/onholdingag-20211231.htm
ONON,income,2019-12-31,annual,Cost of sales,1,-124003.0,1000,CHF,2019,3414,20-F,2022-03-18,https://www.sec.gov/Archives/edgar/data/1858985/000185898522000006/onholdingag-20211231.htm
ONON,income,2019-12-31,annual,Diluted EPS Class A (CHF),1,-0.01,1000,CHF,2019,3427,20-F,2022-03-18,https://www.sec.gov/Archives/edgar/data/1858985/000185898522000006/onholdingag-20211231.htm
ONON,income,2019-12-31,annual,Financial expenses,1,-697.0,1000,CHF,2019,3419,20-F,2022-03-18,https://www.sec.gov/Archives/edgar/data/1858985/000185898522000006/onholdingag-20211231.htm
ONON,income,2019-12-31,annual,Financial income,1,47.0,1000,CHF,2019,3418,20-F,2022-03-18,https://www.sec.gov/Archives/edgar/data/1858985/000185898522000006/onholdingag-20211231.htm
ONON,income,2019-12-31,annual,Foreign exchange result,1,-1893.0,1000,CHF,2019,3420,20-F,2022-03-18,https://www.sec.gov/Archives/edgar/data/1858985/000185898522000006/onholdingag-20211231.htm
ONON,income,2019-12-31,annual,Gross profit,1,143117.0,1000,CHF,2019,3415,20-F,2022-03-18,https://www.sec.gov/Archives/edgar/data/1858985/000185898522000006/onholdingag-20211231.htm
ONON,income,2019-12-31,annual,Income / (loss) before taxes,1,3147.0,1000,CHF,2019,3421,20-F,2022-03-18,https://www.sec.gov/Archives/edgar/data/1858985/000185898522000006/onholdingag-20211231.htm
ONON,income,2019-12-31,annual,Income taxes,1,-4620.0,1000,CHF,2019,3422,20-F,2022-03-18,https://www.sec.gov/Archives/edgar/data/1858985/000185898522000006/onholdingag-20211231.htm
ONON,income,2019-12-31,annual,Net loss,1,-1473.0,1000,CHF,2019,3423,20-F,2022-03-18,https://www.sec.gov/Archives/edgar/data/1858985/000185898522000006/onholdingag-20211231.htm
ONON,income,2019-12-31,annual,Net sales,1,267120.0,1000,CHF,2019,3413,20-F,2022-03-18,https://www.sec.gov/Archives/edgar/data/1858985/000185898522000006/onholdingag-20211231.htm
ONON,income,2019-12-31,annual,Operating result,1,5689.0,1000,CHF,2019,3417,20-F,2022-03-18,https://www.sec.gov/Archives/edgar/data/1858985/000185898522000006/onholdingag-20211231.htm
ONON,income,2019-12-31,annual,"Selling, general and administrative expenses",1,-137428.0,1000,CHF,2019,3416,20-F,2022-03-18,https://www.sec.gov/Archives/edgar/data/1858985/000185898522000006/onholdingag-20211231.htm
ONON,balance,2020-12-31,instant,Accumulated losses,1,-30377.0,1000,CHF,12/31/2020,3478,20-F,2022-03-18,https://www.sec.gov/Archives/edgar/data/1858985/000185898522000006/onholdingag-20211231.htm
ONON,balance,2020-12-31,instant,Assets,1,382569.0,1000,CHF,12/31/2020,3462,20-F,2022-03-18,https://www.sec.gov/Archives/edgar/data/1858985/000185898522000006/onholdingag-20211231.htm
ONON,balance,2020-12-31,instant,Capital reserves,1,276408.0,1000,CHF,12/31/2020,3476,20-F,2022-03-18,https://www.sec.gov/Archives/edgar/data/1858985/000185898522000006/onholdingag-20211231.htm
ONON,balance,2020-12-31,instant,Cash and cash equivalents,1,90642.0,1000,CHF,12/31/2020,3451,20-F,2022-03-18,https://www.sec.gov/Archives/edgar/data/1858985/000185898522000006/onholdingag-20211231.htm
ONON,balance,2020-12-31,instant,Current assets,1,282264.0,1000,CHF,12/31/2020,3456,20-F,2022-03-18,https://www.sec.gov/Archives/edgar/data/1858985/000185898522000006/onholdingag-20211231.htm
ONON,balance,2020-12-31,instant,Current liabilities,1,86363.0,1000,CHF,12/31/2020,3468,20-F,2022-03-18,https://www.sec.gov/Archives/edgar/data/1858985/000185898522000006/onholdingag-20211231.htm
ONON,balance,2020-12-31,instant,Current provisions,1,376.0,1000,CHF,12/31/2020,3466,20-F,2022-03-18,https://www.sec.gov/Archives/edgar/data/1858985/000185898522000006/onholdingag-20211231.htm
ONON,balance,2020-12-31,instant,Deferred tax assets,1,5915.0,1000,CHF,12/31/2020,3460,20-F,2022-03-18,https://www.sec.gov/Archives/edgar/data/1858985/000185898522000006/onholdingag-20211231.htm
ONON,balance,2020-12-31,instant,Deferred tax liabilities,1,5664.0,1000,CHF,12/31/2020,3472,20-F,2022-03-18,https://www.sec.gov/Archives/edgar/data/1858985/000185898522000006/onholdingag-20211231.htm
ONON,balance,2020-12-31,instant,Employee benefit obligations,1,5630.0,1000,CHF,12/31/2020,3469,20-F,2022-03-18,https://www.sec.gov/Archives/edgar/data/1858985/000185898522000006/onholdingag-20211231.htm
ONON,balance,2020-12-31,instant,Equity,1,245093.0,1000,CHF,12/31/2020,3479,20-F,2022-03-18,https://www.sec.gov/Archives/edgar/data/1858985/000185898522000006/onholdingag-20211231.htm
ONON,balance,2020-12-31,instant,Equity and liabilities,1,382569.0,1000,CHF,12/31/2020,3480,20-F,2022-03-18,https://www.sec.gov/Archives/edgar/data/1858985/000185898522000006/onholdingag-20211231.htm
ONON,balance,2020-12-31,instant,Income tax liabilities,1,1054.0,1000,CHF,12/31/2020,3467,20-F,2022-03-18,https://www.sec.gov/Archives/edgar/data/1858985/000185898522000006/onholdingag-20211231.htm
ONON,balance,2020-12-31,instant,Intangible assets,1,54667.0,1000,CHF,12/31/2020,3459,20-F,2022-03-18,https://www.sec.gov/Archives/edgar/data/1858985/000185898522000006/onholdingag-20211231.htm
ONON,balance,2020-12-31,instant,Inventories,1,102878.0,1000,CHF,12/31/2020,3453,20-F,2022-03-18,https://www.sec.gov/Archives/edgar/data/1858985/000185898522000006/onholdingag-20211231.htm
ONON,balance,2020-12-31,instant,Non-current assets,1,100305.0,1000,CHF,12/31/2020,3461,20-F,2022-03-18,https://www.sec.gov/Archives/edgar/data/1858985/000185898522000006/onholdingag-20211231.htm
ONON,balance,2020-12-31,instant,Non-current liabilities,1,51114.0,1000,CHF,12/31/2020,3473,20-F,2022-03-18,https://www.sec.gov/Archives/edgar/data/1858985/000185898522000006/onholdingag-20211231.htm
ONON,balance,2020-12-31,instant,Non-current provisions,1,20645.0,1000,CHF,12/31/2020,3470,20-F,2022-03-18,https://www.sec.gov/Archives/edgar/data/1858985/000185898522000006/onholdingag-20211231.htm
ONON,balance,2020-12-31,instant,Other current financial assets,1,17135.0,1000,CHF,12/31/2020,3454,20-F,2022-03-18,https://www.sec.gov/Archives/edgar/data/1858985/000185898522000006/onholdingag-20211231.htm
ONON,balance,2020-12-31,instant,Other current financial liabilities,1,7276.0,1000,CHF,12/31/2020,3464,20-F,2022-03-18,https://www.sec.gov/Archives/edgar/data/1858985/000185898522000006/onholdingag-20211231.htm
ONON,balance,2020-12-31,instant,Other current operating assets,1,19979.0,1000,CHF,12/31/2020,3455,20-F,2022-03-18,https://www.sec.gov/Archives/edgar/data/1858985/000185898522000006/onholdingag-20211231.htm
ONON,balance,2020-12-31,instant,Other current operating liabilities,1,36113.0,1000,CHF,12/31/2020,3465,20-F,2022-03-18,https://www.sec.gov/Archives/edgar/data/1858985/000185898522000006/onholdingag-20211231.htm
ONON,balance,2020-12-31,instant,Other non-current financial liabilities,1,19174.0,1000,CHF,12/31/2020,3471,20-F,2022-03-18,https://www.sec.gov/Archives/edgar/data/1858985/000185898522000006/onholdingag-20211231.htm
ONON,balance,2020-12-31,instant,Other reserves,1,-3110.0,1000,CHF,12/31/2020,3477,20-F,2022-03-18,https://www.sec.gov/Archives/edgar/data/1858985/000185898522000006/onholdingag-20211231.htm
ONON,balance,2020-12-31,instant,"Property, plant and equipment",1,17004.0,1000,CHF,12/31/2020,3457,20-F,2022-03-18,https://www.sec.gov/Archives/edgar/data/1858985/000185898522000006/onholdingag-20211231.htm
ONON,balance,2020-12-31,instant,Right-of-use assets,1,22719.0,1000,CHF,12/31/2020,3458,20-F,2022-03-18,https://www.sec.gov/Archives/edgar/data/1858985/000185898522000006/onholdingag-20211231.htm
ONON,balance,2020-12-31,instant,Share capital,1,2172.0,1000,CHF,12/31/2020,3474,20-F,2022-03-18,https://www.sec.gov/Archives/edgar/data/1858985/000185898522000006/onholdingag-20211231.htm
ONON,balance,2020-12-31,instant,Trade payables,1,41543.0,1000,CHF,12/31/2020,3463,20-F,2022-03-18,https://www.sec.gov/Archives/edgar/data/1858985/000185898522000006/onholdingag-20211231.htm
ONON,balance,2020-12-31,instant,Trade receivables,1,51631.0,1000,CHF,12/31/2020,3452,20-F,2022-03-18,https://www.sec.gov/Archives/edgar/data/1858985/000185898522000006/onholdingag-20211231.htm
ONON,cash_flow,2020-12-31,annual,Cash (outflow) from investing activities,1,-18.6,1000000,CHF,2020,3707,20-F,2023-03-21,https://www.sec.gov/Archives/edgar/data/1858985/000185898523000011/onholdingag-20221231.htm
ONON,cash_flow,2020-12-31,annual,Cash inflow / (outflow) from financing activities,1,124796.0,1000,CHF,2020,3516,20-F,2022-03-18,https://www.sec.gov/Archives/edgar/data/1858985/000185898522000006/onholdingag-20211231.htm
ONON,cash_flow,2020-12-31,annual,Cash inflow / (outflow) from operating activities,1,-14.7,1000000,CHF,2020,3703,20-F,2023-03-21,https://www.sec.gov/Archives/edgar/data/1858985/000185898523000011/onholdingag-20221231.htm
ONON,cash_flow,2020-12-31,annual,Cash inflow from financing activities,1,124.8,1000000,CHF,2020,3715,20-F,2023-03-21,https://www.sec.gov/Archives/edgar/data/1858985/000185898523000011/onholdingag-20221231.htm
ONON,cash_flow,2020-12-31,annual,Change in net cash and cash equivalents,1,91.4,1000000,CHF,2020,3716,20-F,2023-03-21,https://www.sec.gov/Archives/edgar/data/1858985/000185898523000011/onholdingag-20221231.htm
ONON,cash_flow,2020-12-31,annual,Change in other current assets / liabilities,1,-6.5,1000000,CHF,2020,3700,20-F,2023-03-21,https://www.sec.gov/Archives/edgar/data/1858985/000185898523000011/onholdingag-20221231.htm
ONON,cash_flow,2020-12-31,annual,Change in other current operating assets / liabilities,1,-6511.0,1000,CHF,2020,3500,20-F,2022-03-18,https://www.sec.gov/Archives/edgar/data/1858985/000185898522000006/onholdingag-20211231.htm
ONON,cash_flow,2020-12-31,annual,Change in provisions,1,1.7,1000000,CHF,2020,3695,20-F,2023-03-21,https://www.sec.gov/Archives/edgar/data/1858985/000185898523000011/onholdingag-20221231.htm
ONON,cash_flow,2020-12-31,annual,Change in working capital,1,-49.2,1000000,CHF,2020,3696,20-F,2023-03-21,https://www.sec.gov/Archives/edgar/data/1858985/000185898523000011/onholdingag-20221231.htm
ONON,cash_flow,2020-12-31,annual,Depreciation and amortization,1,12.1,1000000,CHF,2020,3690,20-F,2023-03-21,https://www.sec.gov/Archives/edgar/data/1858985/000185898523000011/onholdingag-20221231.htm
ONON,cash_flow,2020-12-31,annual,Employee benefit expenses,1,1.0,1000000,CHF,2020,3689,20-F,2023-03-21,https://www.sec.gov/Archives/edgar/data/1858985/000185898523000011/onholdingag-20221231.htm
ONON,cash_flow,2020-12-31,annual,Equity transaction costs,1,-1.5,1000000,CHF,2020,3712,20-F,2023-03-21,https://www.sec.gov/Archives/edgar/data/1858985/000185898523000011/onholdingag-20221231.htm
ONON,cash_flow,2020-12-31,annual,Income taxes,1,3.1,1000000,CHF,2020,3694,20-F,2023-03-21,https://www.sec.gov/Archives/edgar/data/1858985/000185898523000011/onholdingag-20221231.htm
ONON,cash_flow,2020-12-31,annual,Income taxes paid,1,-5.2,1000000,CHF,2020,3702,20-F,2023-03-21,https://www.sec.gov/Archives/edgar/data/1858985/000185898523000011/onholdingag-20221231.htm
ONON,cash_flow,2020-12-31,annual,Interest income and expenses,1,0.6,1000000,CHF,2020,3692,20-F,2023-03-21,https://www.sec.gov/Archives/edgar/data/1858985/000185898523000011/onholdingag-20221231.htm
ONON,cash_flow,2020-12-31,annual,Interests paid,1,-0.6,1000000,CHF,2020,3714,20-F,2023-03-21,https://www.sec.gov/Archives/edgar/data/1858985/000185898523000011/onholdingag-20221231.htm
ONON,cash_flow,2020-12-31,annual,Inventories,1,-61.3,1000000,CHF,2020,3698,20-F,2023-03-21,https://www.sec.gov/Archives/edgar/data/1858985/000185898523000011/onholdingag-20221231.htm
ONON,cash_flow,2020-12-31,annual,Net cash and cash equivalents at December 31,1,90.6,1000000,CHF,2020,3719,20-F,2023-03-21,https://www.sec.gov/Archives/edgar/data/1858985/000185898523000011/onholdingag-20221231.htm
ONON,cash_flow,2020-12-31,annual,Net cash and cash equivalents at January 1,1,0.1,1000000,CHF,2020,3717,20-F,2023-03-21,https://www.sec.gov/Archives/edgar/data/1858985/000185898523000011/onholdingag-20221231.htm
ONON,cash_flow,2020-12-31,annual,Net exchange differences,1,6.7,1000000,CHF,2020,3693,20-F,2023-03-21,https://www.sec.gov/Archives/edgar/data/1858985/000185898523000011/onholdingag-20221231.htm
ONON,cash_flow,2020-12-31,annual,Net impact of foreign exchange rate differences,1,-1.0,1000000,CHF,2020,3718,20-F,2023-03-21,https://www.sec.gov/Archives/edgar/data/1858985/000185898523000011/onholdingag-20221231.htm
ONON,cash_flow,2020-12-31,annual,Net income / (loss),1,-27.5,1000000,CHF,2020,3687,20-F,2023-03-21,https://www.sec.gov/Archives/edgar/data/1858985/000185898523000011/onholdingag-20221231.htm
ONON,cash_flow,2020-12-31,annual,Net loss,1,-27524.0,1000,CHF,2020,3488,20-F,2022-03-18,https://www.sec.gov/Archives/edgar/data/1858985/000185898522000006/onholdingag-20211231.htm
ONON,cash_flow,2020-12-31,annual,Payment of contingent considerations,1,-26.0,1000,CHF,2020,3506,20-F,2022-03-18,https://www.sec.gov/Archives/edgar/data/1858985/000185898522000006/onholdingag-20211231.htm
ONON,cash_flow,2020-12-31,annual,Payments of lease liabilities,1,-3.4,1000000,CHF,2020,3709,20-F,2023-03-21,https://www.sec.gov/Archives/edgar/data/1858985/000185898523000011/onholdingag-20221231.htm
ONON,cash_flow,2020-12-31,annual,Proceeds from issue of shares,1,133.3,1000000,CHF,2020,3710,20-F,2023-03-21,https://www.sec.gov/Archives/edgar/data/1858985/000185898523000011/onholdingag-20221231.htm
ONON,cash_flow,2020-12-31,annual,Purchase of intangible assets,1,-7.6,1000000,CHF,2020,3705,20-F,2023-03-21,https://www.sec.gov/Archives/edgar/data/1858985/000185898523000011/onholdingag-20221231.htm
ONON,cash_flow,2020-12-31,annual,Purchase of tangible assets,1,-11.0,1000000,CHF,2020,3704,20-F,2023-03-21,https://www.sec.gov/Archives/edgar/data/1858985/000185898523000011/onholdingag-20221231.htm
ONON,cash_flow,2020-12-31,annual,Repayments of financial liabilities,1,-3.0,1000000,CHF,2020,3708,20-F,2023-03-21,https://www.sec.gov/Archives/edgar/data/1858985/000185898523000011/onholdingag-20221231.htm
ONON,cash_flow,2020-12-31,annual,Share-based compensation,1,48.6,1000000,CHF,2020,3688,20-F,2023-03-21,https://www.sec.gov/Archives/edgar/data/1858985/000185898523000011/onholdingag-20221231.htm
ONON,cash_flow,2020-12-31,annual,Trade payables,1,25.6,1000000,CHF,2020,3699,20-F,2023-03-21,https://www.sec.gov/Archives/edgar/data/1858985/000185898523000011/onholdingag-20221231.htm
ONON,cash_flow,2020-12-31,annual,Trade receivables,1,-13.5,1000000,CHF,2020,3697,20-F,2023-03-21,https://www.sec.gov/Archives/edgar/data/1858985/000185898523000011/onholdingag-20221231.htm
ONON,income,2020-12-31,annual,Basic EPS Class A (CHF),1,-0.1,1000000,CHF,2020,3624,20-F,2023-03-21,https://www.sec.gov/Archives/edgar/data/1858985/000185898523000011/onholdingag-20221231.htm
ONON,income,2020-12-31,annual,Cost of sales,1,-194.2,1000000,CHF,2020,3613,20-F,2023-03-21,https://www.sec.gov/Archives/edgar/data/1858985/000185898523000011/onholdingag-20221231.htm
ONON,income,2020-12-31,annual,Diluted EPS Class A (CHF),1,-0.1,1000000,CHF,2020,3626,20-F,2023-03-21,https://www.sec.gov/Archives/edgar/data/1858985/000185898523000011/onholdingag-20221231.htm
ONON,income,2020-12-31,annual,Financial expenses,1,-0.9,1000000,CHF,2020,3618,20-F,2023-03-21,https://www.sec.gov/Archives/edgar/data/1858985/000185898523000011/onholdingag-20221231.htm
ONON,income,2020-12-31,annual,Financial income,1,27.0,1000,CHF,2020,3418,20-F,2022-03-18,https://www.sec.gov/Archives/edgar/data/1858985/000185898522000006/onholdingag-20211231.htm
ONON,income,2020-12-31,annual,Foreign exchange result,1,-6.4,1000000,CHF,2020,3619,20-F,2023-03-21,https://www.sec.gov/Archives/edgar/data/1858985/000185898523000011/onholdingag-20221231.htm
ONON,income,2020-12-31,annual,Gross profit,1,231.1,1000000,CHF,2020,3614,20-F,2023-03-21,https://www.sec.gov/Archives/edgar/data/1858985/000185898523000011/onholdingag-20221231.htm
ONON,income,2020-12-31,annual,Income / (loss) before taxes,1,-24.4,1000000,CHF,2020,3620,20-F,2023-03-21,https://www.sec.gov/Archives/edgar/data/1858985/000185898523000011/onholdingag-20221231.htm
ONON,income,2020-12-31,annual,Income taxes,1,-3.1,1000000,CHF,2020,3621,20-F,2023-03-21,https://www.sec.gov/Archives/edgar/data/1858985/000185898523000011/onholdingag-20221231.htm
ONON,income,2020-12-31,annual,Net income / (loss),1,-27.5,1000000,CHF,2020,3622,20-F,2023-03-21,https://www.sec.gov/Archives/edgar/data/1858985/000185898523000011/onholdingag-20221231.htm
ONON,income,2020-12-31,annual,Net loss,1,-27524.0,1000,CHF,2020,3423,20-F,2022-03-18,https://www.sec.gov/Archives/edgar/data/1858985/000185898522000006/onholdingag-20211231.htm
ONON,income,2020-12-31,annual,Net sales,1,425.3,1000000,CHF,2020,3612,20-F,2023-03-21,https://www.sec.gov/Archives/edgar/data/1858985/000185898523000011/onholdingag-20221231.htm
ONON,income,2020-12-31,annual,Operating result,1,-17.1,1000000,CHF,2020,3616,20-F,2023-03-21,https://www.sec.gov/Archives/edgar/data/1858985/000185898523000011/onholdingag-20221231.htm
ONON,income,2020-12-31,annual,"Selling, general and administrative expenses",1,-248.2,1000000,CHF,2020,3615,20-F,2023-03-21,https://www.sec.gov/Archives/edgar/data/1858985/000185898523000011/onholdingag-20221231.htm
ONON,balance,2021-12-31,instant,Accumulated losses,1,-200.6,1000000,CHF,12/31/2021,3677,20-F,2023-03-21,https://www.sec.gov/Archives/edgar/data/1858985/000185898523000011/onholdingag-20221231.htm
ONON,balance,2021-12-31,instant,Assets,1,1236.5,1000000,CHF,12/31/2021,3661,20-F,2023-03-21,https://www.sec.gov/Archives/edgar/data/1858985/000185898523000011/onholdingag-20221231.htm
ONON,balance,2021-12-31,instant,Capital reserves,1,1044.0,1000000,CHF,12/31/2021,3675,20-F,2023-03-21,https://www.sec.gov/Archives/edgar/data/1858985/000185898523000011/onholdingag-20221231.htm
ONON,balance,2021-12-31,instant,Cash and cash equivalents,1,653.1,1000000,CHF,12/31/2021,3650,20-F,2023-03-21,https://www.sec.gov/Archives/edgar/data/1858985/000185898523000011/onholdingag-20221231.htm
ONON,balance,2021-12-31,instant,Current assets,1,964.6,1000000,CHF,12/31/2021,3655,20-F,2023-03-21,https://www.sec.gov/Archives/edgar/data/1858985/000185898523000011/onholdingag-20221231.htm
ONON,balance,2021-12-31,instant,Current liabilities,1,205.0,1000000,CHF,12/31/2021,3667,20-F,2023-03-21,https://www.sec.gov/Archives/edgar/data/1858985/000185898523000011/onholdingag-20221231.htm
ONON,balance,2021-12-31,instant,Current provisions,1,14.9,1000000,CHF,12/31/2021,3665,20-F,2023-03-21,https://www.sec.gov/Archives/edgar/data/1858985/000185898523000011/onholdingag-20221231.htm
ONON,balance,2021-12-31,instant,Deferred tax assets,1,2.2,1000000,CHF,12/31/2021,3659,20-F,2023-03-21,https://www.sec.gov/Archives/edgar/data/1858985/000185898523000011/onholdingag-20221231.htm
ONON,balance,2021-12-31,instant,Deferred tax liabilities,1,5.6,1000000,CHF,12/31/2021,3671,20-F,2023-03-21,https://www.sec.gov/Archives/edgar/data/1858985/000185898523000011/onholdingag-20221231.htm
ONON,balance,2021-12-31,instant,Employee benefit obligations,1,5.9,1000000,CHF,12/31/2021,3668,20-F,2023-03-21,https://www.sec.gov/Archives/edgar/data/1858985/000185898523000011/onholdingag-20221231.htm
ONON,balance,2021-12-31,instant,Equity,1,848.4,1000000,CHF,12/31/2021,3678,20-F,2023-03-21,https://www.sec.gov/Archives/edgar/data/1858985/000185898523000011/onholdingag-20221231.htm
ONON,balance,2021-12-31,instant,Equity and liabilities,1,1236.5,1000000,CHF,12/31/2021,3679,20-F,2023-03-21,https://www.sec.gov/Archives/edgar/data/1858985/000185898523000011/onholdingag-20221231.htm
ONON,balance,2021-12-31,instant,Income tax liabilities,1,2.4,1000000,CHF,12/31/2021,3666,20-F,2023-03-21,https://www.sec.gov/Archives/edgar/data/1858985/000185898523000011/onholdingag-20221231.htm
ONON,balance,2021-12-31,instant,Intangible assets,1,57.5,1000000,CHF,12/31/2021,3658,20-F,2023-03-21,https://www.sec.gov/Archives/edgar/data/1858985/000185898523000011/onholdingag-20221231.htm
ONON,balance,2021-12-31,instant,Inventories,1,134.2,1000000,CHF,12/31/2021,3652,20-F,2023-03-21,https://www.sec.gov/Archives/edgar/data/1858985/000185898523000011/onholdingag-20221231.htm
ONON,balance,2021-12-31,instant,Non-current assets,1,271.9,1000000,CHF,12/31/2021,3660,20-F,2023-03-21,https://www.sec.gov/Archives/edgar/data/1858985/000185898523000011/onholdingag-20221231.htm
ONON,balance,2021-12-31,instant,Non-current liabilities,1,183.1,1000000,CHF,12/31/2021,3672,20-F,2023-03-21,https://www.sec.gov/Archives/edgar/data/1858985/000185898523000011/onholdingag-20221231.htm
ONON,balance,2021-12-31,instant,Non-current provisions,1,4.4,1000000,CHF,12/31/2021,3669,20-F,2023-03-21,https://www.sec.gov/Archives/edgar/data/1858985/000185898523000011/onholdingag-20221231.htm
ONON,balance,2021-12-31,instant,Other current financial assets,1,30.1,1000000,CHF,12/31/2021,3653,20-F,2023-03-21,https://www.sec.gov/Archives/edgar/data/1858985/000185898523000011/onholdingag-20221231.htm
ONON,balance,2021-12-31,instant,Other current financial liabilities,1,20.1,1000000,CHF,12/31/2021,3663,20-F,2023-03-21,https://www.sec.gov/Archives/edgar/data/1858985/000185898523000011/onholdingag-20221231.htm
ONON,balance,2021-12-31,instant,Other current operating assets,1,48.0,1000000,CHF,12/31/2021,3654,20-F,2023-03-21,https://www.sec.gov/Archives/edgar/data/1858985/000185898523000011/onholdingag-20221231.htm
ONON,balance,2021-12-31,instant,Other current operating liabilities,1,121.7,1000000,CHF,12/31/2021,3664,20-F,2023-03-21,https://www.sec.gov/Archives/edgar/data/1858985/000185898523000011/onholdingag-20221231.htm
ONON,balance,2021-12-31,instant,Other non-current financial liabilities,1,167.2,1000000,CHF,12/31/2021,3670,20-F,2023-03-21,https://www.sec.gov/Archives/edgar/data/1858985/000185898523000011/onholdingag-20221231.htm
ONON,balance,2021-12-31,instant,Other reserves,1,-3.4,1000000,CHF,12/31/2021,3676,20-F,2023-03-21,https://www.sec.gov/Archives/edgar/data/1858985/000185898523000011/onholdingag-20221231.htm
ONON,balance,2021-12-31,instant,"Property, plant and equipment",1,34.4,1000000,CHF,12/31/2021,3656,20-F,2023-03-21,https://www.sec.gov/Archives/edgar/data/1858985/000185898523000011/onholdingag-20221231.htm
ONON,balance,2021-12-31,instant,Right-of-use assets,1,177.9,1000000,CHF,12/31/2021,3657,20-F,2023-03-21,https://www.sec.gov/Archives/edgar/data/1858985/000185898523000011/onholdingag-20221231.htm
ONON,balance,2021-12-31,instant,Share capital,1,33.5,1000000,CHF,12/31/2021,3673,20-F,2023-03-21,https://www.sec.gov/Archives/edgar/data/1858985/000185898523000011/onholdingag-20221231.htm
ONON,balance,2021-12-31,instant,Trade payables,1,45.9,1000000,CHF,12/31/2021,3662,20-F,2023-03-21,https://www.sec.gov/Archives/edgar/data/1858985/000185898523000011/onholdingag-20221231.htm
ONON,balance,2021-12-31,instant,Trade receivables,1,99.3,1000000,CHF,12/31/2021,3651,20-F,2023-03-21,https://www.sec.gov/Archives/edgar/data/1858985/000185898523000011/onholdingag-20221231.htm
ONON,balance,2021-12-31,instant,Treasury shares,1,-25.0,1000000,CHF,12/31/2021,3674,20-F,2023-03-21,https://www.sec.gov/Archives/edgar/data/1858985/000185898523000011/onholdingag-20221231.htm
ONON,cash_flow,2021-12-31,annual,Cash (outflow) from investing activities,1,-36.4,1000000,CHF,2021,3614,20-F,2024-03-12,https://www.sec.gov/Archives/edgar/data/1858985/000185898524000012/onholdingag-20231231.htm
ONON,cash_flow,2021-12-31,annual,Cash inflow / (outflow) from financing activities,1,595.9,1000000,CHF,2021,3621,20-F,2024-03-12,https://www.sec.gov/Archives/edgar/data/1858985/000185898524000012/onholdingag-20231231.htm
ONON,cash_flow,2021-12-31,annual,Cash inflow / (outflow) from operating activities,1,16.9,1000000,CHF,2021,3610,20-F,2024-03-12,https://www.sec.gov/Archives/edgar/data/1858985/000185898524000012/onholdingag-20231231.htm
ONON,cash_flow,2021-12-31,annual,Cash inflow from financing activities,1,595.9,1000000,CHF,2021,3715,20-F,2023-03-21,https://www.sec.gov/Archives/edgar/data/1858985/000185898523000011/onholdingag-20221231.htm
ONON,cash_flow,2021-12-31,annual,Change in net cash and cash equivalents,1,576.4,1000000,CHF,2021,3622,20-F,2024-03-12,https://www.sec.gov/Archives/edgar/data/1858985/000185898524000012/onholdingag-20231231.htm
ONON,cash_flow,2021-12-31,annual,Change in other current assets / liabilities,1,8.1,1000000,CHF,2021,3607,20-F,2024-03-12,https://www.sec.gov/Archives/edgar/data/1858985/000185898524000012/onholdingag-20231231.htm
ONON,cash_flow,2021-12-31,annual,Change in other current operating assets / liabilities,1,8095.0,1000,CHF,"Year ended December 31, — 2021",3500,20-F,2022-03-18,https://www.sec.gov/Archives/edgar/data/1858985/000185898522000006/onholdingag-20211231.htm
ONON,cash_flow,2021-12-31,annual,Change in provisions,1,4.4,1000000,CHF,2021,3602,20-F,2024-03-12,https://www.sec.gov/Archives/edgar/data/1858985/000185898524000012/onholdingag-20231231.htm
ONON,cash_flow,2021-12-31,annual,Change in working capital,1,-74.4,1000000,CHF,2021,3603,20-F,2024-03-12,https://www.sec.gov/Archives/edgar/data/1858985/000185898524000012/onholdingag-20231231.htm
ONON,cash_flow,2021-12-31,annual,Depreciation and amortization,1,31.4,1000000,CHF,2021,3597,20-F,2024-03-12,https://www.sec.gov/Archives/edgar/data/1858985/000185898524000012/onholdingag-20231231.htm
ONON,cash_flow,2021-12-31,annual,Employee benefit expenses,1,1.1,1000000,CHF,2021,3596,20-F,2024-03-12,https://www.sec.gov/Archives/edgar/data/1858985/000185898524000012/onholdingag-20231231.htm
ONON,cash_flow,2021-12-31,annual,Equity transaction costs,1,-6.8,1000000,CHF,2021,3618,20-F,2024-03-12,https://www.sec.gov/Archives/edgar/data/1858985/000185898524000012/onholdingag-20231231.htm
ONON,cash_flow,2021-12-31,annual,Income taxes,1,10.6,1000000,CHF,2021,3601,20-F,2024-03-12,https://www.sec.gov/Archives/edgar/data/1858985/000185898524000012/onholdingag-20231231.htm
ONON,cash_flow,2021-12-31,annual,Income taxes paid,1,-4.4,1000000,CHF,2021,3609,20-F,2024-03-12,https://www.sec.gov/Archives/edgar/data/1858985/000185898524000012/onholdingag-20231231.htm
ONON,cash_flow,2021-12-31,annual,Interest income and expenses,1,2.8,1000000,CHF,2021,3599,20-F,2024-03-12,https://www.sec.gov/Archives/edgar/data/1858985/000185898524000012/onholdingag-20231231.htm
ONON,cash_flow,2021-12-31,annual,Interest paid,1,-2.8,1000000,CHF,2021,3620,20-F,2024-03-12,https://www.sec.gov/Archives/edgar/data/1858985/000185898524000012/onholdingag-20231231.htm
ONON,cash_flow,2021-12-31,annual,Interests paid,1,-2.8,1000000,CHF,2021,3714,20-F,2023-03-21,https://www.sec.gov/Archives/edgar/data/1858985/000185898523000011/onholdingag-20221231.htm
ONON,cash_flow,2021-12-31,annual,Inventories,1,-31.8,1000000,CHF,2021,3605,20-F,2024-03-12,https://www.sec.gov/Archives/edgar/data/1858985/000185898524000012/onholdingag-20231231.htm
ONON,cash_flow,2021-12-31,annual,Net cash and cash equivalents at December 31,1,653.1,1000000,CHF,2021,3625,20-F,2024-03-12,https://www.sec.gov/Archives/edgar/data/1858985/000185898524000012/onholdingag-20231231.htm
ONON,cash_flow,2021-12-31,annual,Net cash and cash equivalents at January 1,1,90.6,1000000,CHF,2021,3623,20-F,2024-03-12,https://www.sec.gov/Archives/edgar/data/1858985/000185898524000012/onholdingag-20231231.htm
ONON,cash_flow,2021-12-31,annual,Net exchange differences,1,15.2,1000000,CHF,2021,3600,20-F,2024-03-12,https://www.sec.gov/Archives/edgar/data/1858985/000185898524000012/onholdingag-20231231.htm
ONON,cash_flow,2021-12-31,annual,Net impact of foreign exchange rate differences,1,-13.9,1000000,CHF,2021,3624,20-F,2024-03-12,https://www.sec.gov/Archives/edgar/data/1858985/000185898524000012/onholdingag-20231231.htm
ONON,cash_flow,2021-12-31,annual,Net income / (loss),1,-170.2,1000000,CHF,2021,3594,20-F,2024-03-12,https://www.sec.gov/Archives/edgar/data/1858985/000185898524000012/onholdingag-20231231.htm
ONON,cash_flow,2021-12-31,annual,Net loss,1,-170228.0,1000,CHF,"Year ended December 31, — 2021",3488,20-F,2022-03-18,https://www.sec.gov/Archives/edgar/data/1858985/000185898522000006/onholdingag-20211231.htm
ONON,cash_flow,2021-12-31,annual,Net proceeds from the IPO,1,618.2,1000000,CHF,2021,3617,20-F,2024-03-12,https://www.sec.gov/Archives/edgar/data/1858985/000185898524000012/onholdingag-20231231.htm
ONON,cash_flow,2021-12-31,annual,Payment of contingent considerations,1,-0.2,1000000,CHF,2021,3613,20-F,2024-03-12,https://www.sec.gov/Archives/edgar/data/1858985/000185898524000012/onholdingag-20231231.htm
ONON,cash_flow,2021-12-31,annual,Payments of lease liabilities,1,-13.3,1000000,CHF,2021,3615,20-F,2024-03-12,https://www.sec.gov/Archives/edgar/data/1858985/000185898524000012/onholdingag-20231231.htm
ONON,cash_flow,2021-12-31,annual,Proceeds from issue of shares,1,0.1,1000000,CHF,2021,3616,20-F,2024-03-12,https://www.sec.gov/Archives/edgar/data/1858985/000185898524000012/onholdingag-20231231.htm
ONON,cash_flow,2021-12-31,annual,Proceeds on sale of treasury shares related to share-based compensation,1,0.5,1000000,CHF,2021,3619,20-F,2024-03-12,https://www.sec.gov/Archives/edgar/data/1858985/000185898524000012/onholdingag-20231231.htm
ONON,cash_flow,2021-12-31,annual,Purchase of intangible assets,1,-11.6,1000000,CHF,2021,3612,20-F,2024-03-12,https://www.sec.gov/Archives/edgar/data/1858985/000185898524000012/onholdingag-20231231.htm
ONON,cash_flow,2021-12-31,annual,Purchase of tangible assets,1,-24.6,1000000,CHF,2021,3611,20-F,2024-03-12,https://www.sec.gov/Archives/edgar/data/1858985/000185898524000012/onholdingag-20231231.htm
ONON,cash_flow,2021-12-31,annual,Sale of treasury shares related to share-based compensation,1,0.5,1000000,CHF,2021,3713,20-F,2023-03-21,https://www.sec.gov/Archives/edgar/data/1858985/000185898523000011/onholdingag-20221231.htm
ONON,cash_flow,2021-12-31,annual,Share-based compensation,1,192.4,1000000,CHF,2021,3595,20-F,2024-03-12,https://www.sec.gov/Archives/edgar/data/1858985/000185898524000012/onholdingag-20231231.htm
ONON,cash_flow,2021-12-31,annual,Trade payables,1,4.3,1000000,CHF,2021,3606,20-F,2024-03-12,https://www.sec.gov/Archives/edgar/data/1858985/000185898524000012/onholdingag-20231231.htm
ONON,cash_flow,2021-12-31,annual,Trade receivables,1,-47.0,1000000,CHF,2021,3604,20-F,2024-03-12,https://www.sec.gov/Archives/edgar/data/1858985/000185898524000012/onholdingag-20231231.htm
ONON,income,2021-12-31,annual,Basic EPS Class A (CHF),1,-0.59,1000000,CHF,2021,3531,20-F,2024-03-12,https://www.sec.gov/Archives/edgar/data/1858985/000185898524000012/onholdingag-20231231.htm
ONON,income,2021-12-31,annual,Basic EPS Class B (CHF),1,-0.06,1000000,CHF,2021,3532,20-F,2024-03-12,https://www.sec.gov/Archives/edgar/data/1858985/000185898524000012/onholdingag-20231231.htm
ONON,income,2021-12-31,annual,Cost of sales,1,-294.3,1000000,CHF,2021,3520,20-F,2024-03-12,https://www.sec.gov/Archives/edgar/data/1858985/000185898524000012/onholdingag-20231231.htm
ONON,income,2021-12-31,annual,Diluted EPS Class A (CHF),1,-0.59,1000000,CHF,2021,3533,20-F,2024-03-12,https://www.sec.gov/Archives/edgar/data/1858985/000185898524000012/onholdingag-20231231.htm
ONON,income,2021-12-31,annual,Diluted EPS Class B (CHF),1,-0.06,1000000,CHF,2021,3534,20-F,2024-03-12,https://www.sec.gov/Archives/edgar/data/1858985/000185898524000012/onholdingag-20231231.htm
ONON,income,2021-12-31,annual,Financial expenses,1,-3.6,1000000,CHF,2021,3525,20-F,2024-03-12,https://www.sec.gov/Archives/edgar/data/1858985/000185898524000012/onholdingag-20231231.htm
ONON,income,2021-12-31,annual,Financial income,1,25.0,1000,CHF,"Year ended December 31, — 2021",3418,20-F,2022-03-18,https://www.sec.gov/Archives/edgar/data/1858985/000185898522000006/onholdingag-20211231.htm
ONON,income,2021-12-31,annual,Foreign exchange result,1,-14.9,1000000,CHF,2021,3526,20-F,2024-03-12,https://www.sec.gov/Archives/edgar/data/1858985/000185898524000012/onholdingag-20231231.htm
ONON,income,2021-12-31,annual,Gross profit,1,430.3,1000000,CHF,2021,3521,20-F,2024-03-12,https://www.sec.gov/Archives/edgar/data/1858985/000185898524000012/onholdingag-20231231.htm
ONON,income,2021-12-31,annual,Income / (loss) before taxes,1,-159.6,1000000,CHF,2021,3527,20-F,2024-03-12,https://www.sec.gov/Archives/edgar/data/1858985/000185898524000012/onholdingag-20231231.htm
ONON,income,2021-12-31,annual,Income tax benefit / (expense),1,-10.6,1000000,CHF,2021,3528,20-F,2024-03-12,https://www.sec.gov/Archives/edgar/data/1858985/000185898524000012/onholdingag-20231231.htm
ONON,income,2021-12-31,annual,Income taxes,1,-10.6,1000000,CHF,2021,3621,20-F,2023-03-21,https://www.sec.gov/Archives/edgar/data/1858985/000185898523000011/onholdingag-20221231.htm
ONON,income,2021-12-31,annual,Net income / (loss),1,-170.2,1000000,CHF,2021,3529,20-F,2024-03-12,https://www.sec.gov/Archives/edgar/data/1858985/000185898524000012/onholdingag-20231231.htm
ONON,income,2021-12-31,annual,Net loss,1,-170228.0,1000,CHF,"Year ended December 31, — 2021",3423,20-F,2022-03-18,https://www.sec.gov/Archives/edgar/data/1858985/000185898522000006/onholdingag-20211231.htm
ONON,income,2021-12-31,annual,Net sales,1,724.6,1000000,CHF,2021,3519,20-F,2024-03-12,https://www.sec.gov/Archives/edgar/data/1858985/000185898524000012/onholdingag-20231231.htm
ONON,income,2021-12-31,annual,Operating result,1,-141.1,1000000,CHF,2021,3523,20-F,2024-03-12,https://www.sec.gov/Archives/edgar/data/1858985/000185898524000012/onholdingag-20231231.htm
ONON,income,2021-12-31,annual,"Selling, general and administrative expenses",1,-571.4,1000000,CHF,2021,3522,20-F,2024-03-12,https://www.sec.gov/Archives/edgar/data/1858985/000185898524000012/onholdingag-20231231.htm
ONON,balance,2022-12-31,instant,Accumulated losses,1,-142.9,1000000,CHF,12/31/2022,3584,20-F,2024-03-12,https://www.sec.gov/Archives/edgar/data/1858985/000185898524000012/onholdingag-20231231.htm
ONON,balance,2022-12-31,instant,Assets,1,1382.4,1000000,CHF,12/31/2022,3568,20-F,2024-03-12,https://www.sec.gov/Archives/edgar/data/1858985/000185898524000012/onholdingag-20231231.htm
ONON,balance,2022-12-31,instant,Capital reserves,1,1105.1,1000000,CHF,12/31/2022,3582,20-F,2024-03-12,https://www.sec.gov/Archives/edgar/data/1858985/000185898524000012/onholdingag-20231231.htm
ONON,balance,2022-12-31,instant,Cash and cash equivalents,1,371.0,1000000,CHF,12/31/2022,3557,20-F,2024-03-12,https://www.sec.gov/Archives/edgar/data/1858985/000185898524000012/onholdingag-20231231.htm
ONON,balance,2022-12-31,instant,Current assets,1,1051.5,1000000,CHF,12/31/2022,3562,20-F,2024-03-12,https://www.sec.gov/Archives/edgar/data/1858985/000185898524000012/onholdingag-20231231.htm
ONON,balance,2022-12-31,instant,Current liabilities,1,242.7,1000000,CHF,12/31/2022,3574,20-F,2024-03-12,https://www.sec.gov/Archives/edgar/data/1858985/000185898524000012/onholdingag-20231231.htm
ONON,balance,2022-12-31,instant,Current provisions,1,5.0,1000000,CHF,12/31/2022,3572,20-F,2024-03-12,https://www.sec.gov/Archives/edgar/data/1858985/000185898524000012/onholdingag-20231231.htm
ONON,balance,2022-12-31,instant,Deferred tax assets,1,31.7,1000000,CHF,12/31/2022,3566,20-F,2024-03-12,https://www.sec.gov/Archives/edgar/data/1858985/000185898524000012/onholdingag-20231231.htm
ONON,balance,2022-12-31,instant,Deferred tax liabilities,1,17.9,1000000,CHF,12/31/2022,3578,20-F,2024-03-12,https://www.sec.gov/Archives/edgar/data/1858985/000185898524000012/onholdingag-20231231.htm
ONON,balance,2022-12-31,instant,Employee benefit obligations,1,6.3,1000000,CHF,12/31/2022,3575,20-F,2024-03-12,https://www.sec.gov/Archives/edgar/data/1858985/000185898524000012/onholdingag-20231231.htm
ONON,balance,2022-12-31,instant,Equity,1,969.5,1000000,CHF,12/31/2022,3585,20-F,2024-03-12,https://www.sec.gov/Archives/edgar/data/1858985/000185898524000012/onholdingag-20231231.htm
ONON,balance,2022-12-31,instant,Equity and liabilities,1,1382.4,1000000,CHF,12/31/2022,3586,20-F,2024-03-12,https://www.sec.gov/Archives/edgar/data/1858985/000185898524000012/onholdingag-20231231.htm
ONON,balance,2022-12-31,instant,Income tax liabilities,1,13.9,1000000,CHF,12/31/2022,3573,20-F,2024-03-12,https://www.sec.gov/Archives/edgar/data/1858985/000185898524000012/onholdingag-20231231.htm
ONON,balance,2022-12-31,instant,Intangible assets,1,70.3,1000000,CHF,12/31/2022,3565,20-F,2024-03-12,https://www.sec.gov/Archives/edgar/data/1858985/000185898524000012/onholdingag-20231231.htm
ONON,balance,2022-12-31,instant,Inventories,1,395.6,1000000,CHF,12/31/2022,3559,20-F,2024-03-12,https://www.sec.gov/Archives/edgar/data/1858985/000185898524000012/onholdingag-20231231.htm
ONON,balance,2022-12-31,instant,Non-current assets,1,330.9,1000000,CHF,12/31/2022,3567,20-F,2024-03-12,https://www.sec.gov/Archives/edgar/data/1858985/000185898524000012/onholdingag-20231231.htm
ONON,balance,2022-12-31,instant,Non-current liabilities,1,170.2,1000000,CHF,12/31/2022,3579,20-F,2024-03-12,https://www.sec.gov/Archives/edgar/data/1858985/000185898524000012/onholdingag-20231231.htm
ONON,balance,2022-12-31,instant,Non-current provisions,1,7.2,1000000,CHF,12/31/2022,3576,20-F,2024-03-12,https://www.sec.gov/Archives/edgar/data/1858985/000185898524000012/onholdingag-20231231.htm
ONON,balance,2022-12-31,instant,Other current financial assets,1,33.2,1000000,CHF,12/31/2022,3560,20-F,2024-03-12,https://www.sec.gov/Archives/edgar/data/1858985/000185898524000012/onholdingag-20231231.htm
ONON,balance,2022-12-31,instant,Other current financial liabilities,1,31.2,1000000,CHF,12/31/2022,3570,20-F,2024-03-12,https://www.sec.gov/Archives/edgar/data/1858985/000185898524000012/onholdingag-20231231.htm
ONON,balance,2022-12-31,instant,Other current operating assets,1,77.0,1000000,CHF,12/31/2022,3561,20-F,2024-03-12,https://www.sec.gov/Archives/edgar/data/1858985/000185898524000012/onholdingag-20231231.htm
ONON,balance,2022-12-31,instant,Other current operating liabilities,1,81.7,1000000,CHF,12/31/2022,3571,20-F,2024-03-12,https://www.sec.gov/Archives/edgar/data/1858985/000185898524000012/onholdingag-20231231.htm
ONON,balance,2022-12-31,instant,Other non-current financial liabilities,1,138.8,1000000,CHF,12/31/2022,3577,20-F,2024-03-12,https://www.sec.gov/Archives/edgar/data/1858985/000185898524000012/onholdingag-20231231.htm
ONON,balance,2022-12-31,instant,"Property, plant and equipment",1,77.2,1000000,CHF,12/31/2022,3563,20-F,2024-03-12,https://www.sec.gov/Archives/edgar/data/1858985/000185898524000012/onholdingag-20231231.htm
ONON,balance,2022-12-31,instant,Right-of-use assets,1,151.6,1000000,CHF,12/31/2022,3564,20-F,2024-03-12,https://www.sec.gov/Archives/edgar/data/1858985/000185898524000012/onholdingag-20231231.htm
ONON,balance,2022-12-31,instant,Share capital,1,33.5,1000000,CHF,12/31/2022,3580,20-F,2024-03-12,https://www.sec.gov/Archives/edgar/data/1858985/000185898524000012/onholdingag-20231231.htm
ONON,balance,2022-12-31,instant,Trade payables,1,111.0,1000000,CHF,12/31/2022,3569,20-F,2024-03-12,https://www.sec.gov/Archives/edgar/data/1858985/000185898524000012/onholdingag-20231231.htm
ONON,balance,2022-12-31,instant,Trade receivables,1,174.6,1000000,CHF,12/31/2022,3558,20-F,2024-03-12,https://www.sec.gov/Archives/edgar/data/1858985/000185898524000012/onholdingag-20231231.htm
ONON,balance,2022-12-31,instant,Treasury shares,1,-26.1,1000000,CHF,12/31/2022,3581,20-F,2024-03-12,https://www.sec.gov/Archives/edgar/data/1858985/000185898524000012/onholdingag-20231231.htm
ONON,cash_flow,2022-12-31,annual,Cash (outflow) from investing activities,1,-82.9,1000000,CHF,2022,3598,20-F,2025-03-04,https://www.sec.gov/Archives/edgar/data/1858985/000185898525000003/onholdingag-20241231.htm
ONON,cash_flow,2022-12-31,annual,Cash inflow / (outflow) from financing activities,1,6.3,1000000,CHF,2022,3603,20-F,2025-03-04,https://www.sec.gov/Archives/edgar/data/1858985/000185898525000003/onholdingag-20241231.htm
ONON,cash_flow,2022-12-31,annual,Cash inflow / (outflow) from operating activities,1,-227.0,1000000,CHF,2022,3594,20-F,2025-03-04,https://www.sec.gov/Archives/edgar/data/1858985/000185898525000003/onholdingag-20241231.htm
ONON,cash_flow,2022-12-31,annual,Cash inflow from financing activities,1,6.3,1000000,CHF,"Year ended December 31, — 2022",3715,20-F,2023-03-21,https://www.sec.gov/Archives/edgar/data/1858985/000185898523000011/onholdingag-20221231.htm
ONON,cash_flow,2022-12-31,annual,Change in net cash and cash equivalents,1,-303.6,1000000,CHF,2022,3604,20-F,2025-03-04,https://www.sec.gov/Archives/edgar/data/1858985/000185898525000003/onholdingag-20241231.htm
ONON,cash_flow,2022-12-31,annual,Change in other current assets / liabilities,1,-67.6,1000000,CHF,2022,3590,20-F,2025-03-04,https://www.sec.gov/Archives/edgar/data/1858985/000185898525000003/onholdingag-20241231.htm
ONON,cash_flow,2022-12-31,annual,Change in provisions,1,-7.4,1000000,CHF,2022,3591,20-F,2025-03-04,https://www.sec.gov/Archives/edgar/data/1858985/000185898525000003/onholdingag-20241231.htm
ONON,cash_flow,2022-12-31,annual,Change in working capital,1,-285.8,1000000,CHF,2022,3586,20-F,2025-03-04,https://www.sec.gov/Archives/edgar/data/1858985/000185898525000003/onholdingag-20241231.htm
ONON,cash_flow,2022-12-31,annual,Depreciation and amortization,1,46.4,1000000,CHF,2022,3581,20-F,2025-03-04,https://www.sec.gov/Archives/edgar/data/1858985/000185898525000003/onholdingag-20241231.htm
ONON,cash_flow,2022-12-31,annual,Employee benefit expenses,1,4.8,1000000,CHF,2022,3580,20-F,2025-03-04,https://www.sec.gov/Archives/edgar/data/1858985/000185898525000003/onholdingag-20241231.htm
ONON,cash_flow,2022-12-31,annual,Income taxes,1,20.2,1000000,CHF,2022,3585,20-F,2025-03-04,https://www.sec.gov/Archives/edgar/data/1858985/000185898525000003/onholdingag-20241231.htm
ONON,cash_flow,2022-12-31,annual,Income taxes paid,1,-31.0,1000000,CHF,2022,3593,20-F,2025-03-04,https://www.sec.gov/Archives/edgar/data/1858985/000185898525000003/onholdingag-20241231.htm
ONON,cash_flow,2022-12-31,annual,Interest income and expenses,1,-0.8,1000000,CHF,2022,3583,20-F,2025-03-04,https://www.sec.gov/Archives/edgar/data/1858985/000185898525000003/onholdingag-20241231.htm
ONON,cash_flow,2022-12-31,annual,Interest paid,1,-4.7,1000000,CHF,2022,3602,20-F,2025-03-04,https://www.sec.gov/Archives/edgar/data/1858985/000185898525000003/onholdingag-20241231.htm
ONON,cash_flow,2022-12-31,annual,Interest received,1,5.6,1000000,CHF,2022,3592,20-F,2025-03-04,https://www.sec.gov/Archives/edgar/data/1858985/000185898525000003/onholdingag-20241231.htm
ONON,cash_flow,2022-12-31,annual,Interests paid,1,-4.7,1000000,CHF,"Year ended December 31, — 2022",3714,20-F,2023-03-21,https://www.sec.gov/Archives/edgar/data/1858985/000185898523000011/onholdingag-20221231.htm
ONON,cash_flow,2022-12-31,annual,Inventories,1,-273.0,1000000,CHF,2022,3588,20-F,2025-03-04,https://www.sec.gov/Archives/edgar/data/1858985/000185898525000003/onholdingag-20241231.htm
ONON,cash_flow,2022-12-31,annual,Loss / (gain) on disposal of assets,1,0.9,1000000,CHF,2022,3598,20-F,2024-03-12,https://www.sec.gov/Archives/edgar/data/1858985/000185898524000012/onholdingag-20231231.htm
ONON,cash_flow,2022-12-31,annual,Loss on disposal of assets,1,0.9,1000000,CHF,2022,3582,20-F,2025-03-04,https://www.sec.gov/Archives/edgar/data/1858985/000185898525000003/onholdingag-20241231.htm
ONON,cash_flow,2022-12-31,annual,Net cash and cash equivalents as of December 31,1,371.0,1000000,CHF,2022,3607,20-F,2025-03-04,https://www.sec.gov/Archives/edgar/data/1858985/000185898525000003/onholdingag-20241231.htm
ONON,cash_flow,2022-12-31,annual,Net cash and cash equivalents as of January 1,1,653.1,1000000,CHF,2022,3605,20-F,2025-03-04,https://www.sec.gov/Archives/edgar/data/1858985/000185898525000003/onholdingag-20241231.htm
ONON,cash_flow,2022-12-31,annual,Net cash and cash equivalents at December 31,1,371.0,1000000,CHF,2022,3625,20-F,2024-03-12,https://www.sec.gov/Archives/edgar/data/1858985/000185898524000012/onholdingag-20231231.htm
ONON,cash_flow,2022-12-31,annual,Net cash and cash equivalents at January 1,1,653.1,1000000,CHF,2022,3623,20-F,2024-03-12,https://www.sec.gov/Archives/edgar/data/1858985/000185898524000012/onholdingag-20231231.htm
ONON,cash_flow,2022-12-31,annual,Net exchange differences,1,-8.3,1000000,CHF,2022,3584,20-F,2025-03-04,https://www.sec.gov/Archives/edgar/data/1858985/000185898525000003/onholdingag-20241231.htm
ONON,cash_flow,2022-12-31,annual,Net impact of foreign exchange rate differences,1,21.5,1000000,CHF,2022,3606,20-F,2025-03-04,https://www.sec.gov/Archives/edgar/data/1858985/000185898525000003/onholdingag-20241231.htm
ONON,cash_flow,2022-12-31,annual,Net income,1,57.7,1000000,CHF,2022,3577,20-F,2025-03-04,https://www.sec.gov/Archives/edgar/data/1858985/000185898525000003/onholdingag-20241231.htm
ONON,cash_flow,2022-12-31,annual,Net income / (loss),1,57.7,1000000,CHF,2022,3594,20-F,2024-03-12,https://www.sec.gov/Archives/edgar/data/1858985/000185898524000012/onholdingag-20231231.htm
ONON,cash_flow,2022-12-31,annual,Payments of lease liabilities,1,-15.4,1000000,CHF,2022,3599,20-F,2025-03-04,https://www.sec.gov/Archives/edgar/data/1858985/000185898525000003/onholdingag-20241231.htm
ONON,cash_flow,2022-12-31,annual,Proceeds on sale of treasury shares related to share-based compensation,1,26.4,1000000,CHF,2022,3601,20-F,2025-03-04,https://www.sec.gov/Archives/edgar/data/1858985/000185898525000003/onholdingag-20241231.htm
ONON,cash_flow,2022-12-31,annual,Purchase of intangible assets,1,-22.7,1000000,CHF,2022,3597,20-F,2025-03-04,https://www.sec.gov/Archives/edgar/data/1858985/000185898525000003/onholdingag-20241231.htm
ONON,cash_flow,2022-12-31,annual,"Purchase of property, plant and equipment",1,-60.3,1000000,CHF,2022,3595,20-F,2025-03-04,https://www.sec.gov/Archives/edgar/data/1858985/000185898525000003/onholdingag-20241231.htm
ONON,cash_flow,2022-12-31,annual,Purchase of tangible assets,1,-60.3,1000000,CHF,2022,3611,20-F,2024-03-12,https://www.sec.gov/Archives/edgar/data/1858985/000185898524000012/onholdingag-20231231.htm
ONON,cash_flow,2022-12-31,annual,Sale of treasury shares related to share-based compensation,1,26.4,1000000,CHF,"Year ended December 31, — 2022",3713,20-F,2023-03-21,https://www.sec.gov/Archives/edgar/data/1858985/000185898523000011/onholdingag-20221231.htm
ONON,cash_flow,2022-12-31,annual,Share-based compensation,1,38.3,1000000,CHF,2022,3579,20-F,2025-03-04,https://www.sec.gov/Archives/edgar/data/1858985/000185898525000003/onholdingag-20241231.htm
ONON,cash_flow,2022-12-31,annual,Trade payables,1,65.8,1000000,CHF,2022,3589,20-F,2025-03-04,https://www.sec.gov/Archives/edgar/data/1858985/000185898525000003/onholdingag-20241231.htm
ONON,cash_flow,2022-12-31,annual,Trade receivables,1,-78.6,1000000,CHF,2022,3587,20-F,2025-03-04,https://www.sec.gov/Archives/edgar/data/1858985/000185898525000003/onholdingag-20241231.htm
ONON,income,2022-12-31,annual,Basic EPS Class A (CHF),1,0.18,1000000,CHF,2022,3511,20-F,2025-03-04,https://www.sec.gov/Archives/edgar/data/1858985/000185898525000003/onholdingag-20241231.htm
ONON,income,2022-12-31,annual,Basic EPS Class B (CHF),1,0.02,1000000,CHF,2022,3512,20-F,2025-03-04,https://www.sec.gov/Archives/edgar/data/1858985/000185898525000003/onholdingag-20241231.htm
ONON,income,2022-12-31,annual,Cost of sales,1,-537.2,1000000,CHF,2022,3500,20-F,2025-03-04,https://www.sec.gov/Archives/edgar/data/1858985/000185898525000003/onholdingag-20241231.htm
ONON,income,2022-12-31,annual,Current service cost,1,-3.4,1000000,CHF,2022,4520,20-F,2025-03-04,https://www.sec.gov/Archives/edgar/data/1858985/000185898525000003/onholdingag-20241231.htm
ONON,income,2022-12-31,annual,Diluted EPS Class A (CHF),1,0.18,1000000,CHF,2022,3513,20-F,2025-03-04,https://www.sec.gov/Archives/edgar/data/1858985/000185898525000003/onholdingag-20241231.htm
ONON,income,2022-12-31,annual,Diluted EPS Class B (CHF),1,0.02,1000000,CHF,2022,3514,20-F,2025-03-04,https://www.sec.gov/Archives/edgar/data/1858985/000185898525000003/onholdingag-20241231.htm
ONON,income,2022-12-31,annual,Employee benefit expenses,1,-3.1,1000000,CHF,2022,4522,20-F,2025-03-04,https://www.sec.gov/Archives/edgar/data/1858985/000185898525000003/onholdingag-20241231.htm
ONON,income,2022-12-31,annual,Financial expenses,1,-6.4,1000000,CHF,2022,3505,20-F,2025-03-04,https://www.sec.gov/Archives/edgar/data/1858985/000185898525000003/onholdingag-20241231.htm
ONON,income,2022-12-31,annual,Financial income,1,5.7,1000000,CHF,2022,3504,20-F,2025-03-04,https://www.sec.gov/Archives/edgar/data/1858985/000185898525000003/onholdingag-20241231.htm
ONON,income,2022-12-31,annual,Foreign exchange gain / (loss),1,-6.5,1000000,CHF,2022,3506,20-F,2025-03-04,https://www.sec.gov/Archives/edgar/data/1858985/000185898525000003/onholdingag-20241231.htm
ONON,income,2022-12-31,annual,Foreign exchange result,1,-6.5,1000000,CHF,2022,3526,20-F,2024-03-12,https://www.sec.gov/Archives/edgar/data/1858985/000185898524000012/onholdingag-20231231.htm
ONON,income,2022-12-31,annual,Gross profit,1,684.9,1000000,CHF,2022,3501,20-F,2025-03-04,https://www.sec.gov/Archives/edgar/data/1858985/000185898525000003/onholdingag-20241231.htm
ONON,income,2022-12-31,annual,Income / (loss) before taxes,1,77.9,1000000,CHF,2022,3527,20-F,2024-03-12,https://www.sec.gov/Archives/edgar/data/1858985/000185898524000012/onholdingag-20231231.htm
ONON,income,2022-12-31,annual,Income before taxes,1,77.9,1000000,CHF,2022,3507,20-F,2025-03-04,https://www.sec.gov/Archives/edgar/data/1858985/000185898525000003/onholdingag-20241231.htm
ONON,income,2022-12-31,annual,Income tax benefit / (expense),1,-20.2,1000000,CHF,2022,3508,20-F,2025-03-04,https://www.sec.gov/Archives/edgar/data/1858985/000185898525000003/onholdingag-20241231.htm
ONON,income,2022-12-31,annual,Income taxes,1,-20.2,1000000,CHF,"Year ended December 31, — 2022",3621,20-F,2023-03-21,https://www.sec.gov/Archives/edgar/data/1858985/000185898523000011/onholdingag-20221231.htm
ONON,income,2022-12-31,annual,Net income,1,57.7,1000000,CHF,2022,3509,20-F,2025-03-04,https://www.sec.gov/Archives/edgar/data/1858985/000185898525000003/onholdingag-20241231.htm
ONON,income,2022-12-31,annual,Net income / (loss),1,57.7,1000000,CHF,2022,3529,20-F,2024-03-12,https://www.sec.gov/Archives/edgar/data/1858985/000185898524000012/onholdingag-20231231.htm
ONON,income,2022-12-31,annual,Net sales,1,1222.1,1000000,CHF,2022,3499,20-F,2025-03-04,https://www.sec.gov/Archives/edgar/data/1858985/000185898525000003/onholdingag-20241231.htm
ONON,income,2022-12-31,annual,Operating result,1,85.1,1000000,CHF,2022,3503,20-F,2025-03-04,https://www.sec.gov/Archives/edgar/data/1858985/000185898525000003/onholdingag-20241231.htm
ONON,income,2022-12-31,annual,Past service cost,1,0.3,1000000,CHF,2022,4521,20-F,2025-03-04,https://www.sec.gov/Archives/edgar/data/1858985/000185898525000003/onholdingag-20241231.htm
ONON,income,2022-12-31,annual,"Selling, general and administrative expenses",1,-599.8,1000000,CHF,2022,3502,20-F,2025-03-04,https://www.sec.gov/Archives/edgar/data/1858985/000185898525000003/onholdingag-20241231.htm
ONON,balance,2023-12-31,instant,Accumulated losses,1,-63.3,1000000,CHF,12/31/2023,3584,20-F,2024-03-12,https://www.sec.gov/Archives/edgar/data/1858985/000185898524000012/onholdingag-20231231.htm
ONON,balance,2023-12-31,instant,Assets,1,1593.0,1000000,CHF,12/31/2023,3549,20-F,2025-03-04,https://www.sec.gov/Archives/edgar/data/1858985/000185898525000003/onholdingag-20241231.htm
ONON,balance,2023-12-31,instant,Capital reserves,1,1140.8,1000000,CHF,12/31/2023,3565,20-F,2025-03-04,https://www.sec.gov/Archives/edgar/data/1858985/000185898525000003/onholdingag-20241231.htm
ONON,balance,2023-12-31,instant,Cash and cash equivalents,1,494.6,1000000,CHF,12/31/2023,3538,20-F,2025-03-04,https://www.sec.gov/Archives/edgar/data/1858985/000185898525000003/onholdingag-20241231.htm
ONON,balance,2023-12-31,instant,Current assets,1,1151.3,1000000,CHF,12/31/2023,3543,20-F,2025-03-04,https://www.sec.gov/Archives/edgar/data/1858985/000185898525000003/onholdingag-20241231.htm
ONON,balance,2023-12-31,instant,Current lease liabilities,1,38.7,1000000,CHF,12/31/2023,3551,20-F,2025-03-04,https://www.sec.gov/Archives/edgar/data/1858985/000185898525000003/onholdingag-20241231.htm
ONON,balance,2023-12-31,instant,Current liabilities,1,305.6,1000000,CHF,12/31/2023,3556,20-F,2025-03-04,https://www.sec.gov/Archives/edgar/data/1858985/000185898525000003/onholdingag-20241231.htm
ONON,balance,2023-12-31,instant,Current provisions,1,7.1,1000000,CHF,12/31/2023,3554,20-F,2025-03-04,https://www.sec.gov/Archives/edgar/data/1858985/000185898525000003/onholdingag-20241231.htm
ONON,balance,2023-12-31,instant,Deferred tax assets,1,69.5,1000000,CHF,12/31/2023,3547,20-F,2025-03-04,https://www.sec.gov/Archives/edgar/data/1858985/000185898525000003/onholdingag-20241231.htm
ONON,balance,2023-12-31,instant,Deferred tax liabilities,1,10.5,1000000,CHF,12/31/2023,3561,20-F,2025-03-04,https://www.sec.gov/Archives/edgar/data/1858985/000185898525000003/onholdingag-20241231.htm
ONON,balance,2023-12-31,instant,Employee benefit obligations,1,2.2,1000000,CHF,12/31/2023,3557,20-F,2025-03-04,https://www.sec.gov/Archives/edgar/data/1858985/000185898525000003/onholdingag-20241231.htm
ONON,balance,2023-12-31,instant,Equity,1,1074.5,1000000,CHF,12/31/2023,3568,20-F,2025-03-04,https://www.sec.gov/Archives/edgar/data/1858985/000185898525000003/onholdingag-20241231.htm
ONON,balance,2023-12-31,instant,Equity and liabilities,1,1593.0,1000000,CHF,12/31/2023,3569,20-F,2025-03-04,https://www.sec.gov/Archives/edgar/data/1858985/000185898525000003/onholdingag-20241231.htm
ONON,balance,2023-12-31,instant,Fair value of plan assets,1,33.1,1000000,CHF,"December 31, 2023",4501,20-F,2025-03-04,https://www.sec.gov/Archives/edgar/data/1858985/000185898525000003/onholdingag-20241231.htm
ONON,balance,2023-12-31,instant,Income tax liabilities,1,23.5,1000000,CHF,12/31/2023,3555,20-F,2025-03-04,https://www.sec.gov/Archives/edgar/data/1858985/000185898525000003/onholdingag-20241231.htm
ONON,balance,2023-12-31,instant,Intangible assets,1,64.6,1000000,CHF,12/31/2023,3546,20-F,2025-03-04,https://www.sec.gov/Archives/edgar/data/1858985/000185898525000003/onholdingag-20241231.htm
ONON,balance,2023-12-31,instant,Inventories,1,356.5,1000000,CHF,12/31/2023,3540,20-F,2025-03-04,https://www.sec.gov/Archives/edgar/data/1858985/000185898525000003/onholdingag-20241231.htm
ONON,balance,2023-12-31,instant,Non-current assets,1,441.7,1000000,CHF,12/31/2023,3548,20-F,2025-03-04,https://www.sec.gov/Archives/edgar/data/1858985/000185898525000003/onholdingag-20241231.htm
ONON,balance,2023-12-31,instant,Non-current lease liabilities,1,190.3,1000000,CHF,12/31/2023,3559,20-F,2025-03-04,https://www.sec.gov/Archives/edgar/data/1858985/000185898525000003/onholdingag-20241231.htm
ONON,balance,2023-12-31,instant,Non-current liabilities,1,212.9,1000000,CHF,12/31/2023,3562,20-F,2025-03-04,https://www.sec.gov/Archives/edgar/data/1858985/000185898525000003/onholdingag-20241231.htm
ONON,balance,2023-12-31,instant,Non-current provisions,1,10.0,1000000,CHF,12/31/2023,3558,20-F,2025-03-04,https://www.sec.gov/Archives/edgar/data/1858985/000185898525000003/onholdingag-20241231.htm
ONON,balance,2023-12-31,instant,Other current financial assets,1,34.2,1000000,CHF,12/31/2023,3541,20-F,2025-03-04,https://www.sec.gov/Archives/edgar/data/1858985/000185898525000003/onholdingag-20241231.htm
ONON,balance,2023-12-31,instant,Other current financial liabilities,1,14.8,1000000,CHF,12/31/2023,3552,20-F,2025-03-04,https://www.sec.gov/Archives/edgar/data/1858985/000185898525000003/onholdingag-20241231.htm
ONON,balance,2023-12-31,instant,Other current operating assets,1,61.2,1000000,CHF,12/31/2023,3542,20-F,2025-03-04,https://www.sec.gov/Archives/edgar/data/1858985/000185898525000003/onholdingag-20241231.htm
ONON,balance,2023-12-31,instant,Other current operating liabilities,1,156.4,1000000,CHF,12/31/2023,3553,20-F,2025-03-04,https://www.sec.gov/Archives/edgar/data/1858985/000185898525000003/onholdingag-20241231.htm
ONON,balance,2023-12-31,instant,Other non-current financial liabilities,1,190.3,1000000,CHF,12/31/2023,3577,20-F,2024-03-12,https://www.sec.gov/Archives/edgar/data/1858985/000185898524000012/onholdingag-20231231.htm
ONON,balance,2023-12-31,instant,Other reserves,1,-9.8,1000000,CHF,12/31/2023,3566,20-F,2025-03-04,https://www.sec.gov/Archives/edgar/data/1858985/000185898525000003/onholdingag-20241231.htm
ONON,balance,2023-12-31,instant,Present value of defined benefit obligation,1,-35.3,1000000,CHF,"December 31, 2023",4500,20-F,2025-03-04,https://www.sec.gov/Archives/edgar/data/1858985/000185898525000003/onholdingag-20241231.htm
ONON,balance,2023-12-31,instant,"Property, plant and equipment",1,93.6,1000000,CHF,12/31/2023,3544,20-F,2025-03-04,https://www.sec.gov/Archives/edgar/data/1858985/000185898525000003/onholdingag-20241231.htm
ONON,balance,2023-12-31,instant,Retained earnings / (losses),1,-63.3,1000000,CHF,12/31/2023,3567,20-F,2025-03-04,https://www.sec.gov/Archives/edgar/data/1858985/000185898525000003/onholdingag-20241231.htm
ONON,balance,2023-12-31,instant,Right-of-use assets,1,214.0,1000000,CHF,12/31/2023,3545,20-F,2025-03-04,https://www.sec.gov/Archives/edgar/data/1858985/000185898525000003/onholdingag-20241231.htm
ONON,balance,2023-12-31,instant,Share capital,1,33.5,1000000,CHF,12/31/2023,3563,20-F,2025-03-04,https://www.sec.gov/Archives/edgar/data/1858985/000185898525000003/onholdingag-20241231.htm
ONON,balance,2023-12-31,instant,Trade payables,1,65.1,1000000,CHF,12/31/2023,3550,20-F,2025-03-04,https://www.sec.gov/Archives/edgar/data/1858985/000185898525000003/onholdingag-20241231.htm
ONON,balance,2023-12-31,instant,Trade receivables,1,204.8,1000000,CHF,12/31/2023,3539,20-F,2025-03-04,https://www.sec.gov/Archives/edgar/data/1858985/000185898525000003/onholdingag-20241231.htm
ONON,balance,2023-12-31,instant,Treasury shares,1,-26.7,1000000,CHF,12/31/2023,3564,20-F,2025-03-04,https://www.sec.gov/Archives/edgar/data/1858985/000185898525000003/onholdingag-20241231.htm
ONON,cash_flow,2023-12-31,annual,Cash (outflow) from financing activities,1,-21.8,1000000,CHF,2023,3662,20-F,2026-03-03,https://www.sec.gov/Archives/edgar/data/1858985/000185898526000008/onholdingag-20251231.htm
ONON,cash_flow,2023-12-31,annual,Cash (outflow) from investing activities,1,-47.1,1000000,CHF,2023,3657,20-F,2026-03-03,https://www.sec.gov/Archives/edgar/data/1858985/000185898526000008/onholdingag-20251231.htm
ONON,cash_flow,2023-12-31,annual,Cash inflow / (outflow) from financing activities,1,-21.8,1000000,CHF,2023,3603,20-F,2025-03-04,https://www.sec.gov/Archives/edgar/data/1858985/000185898525000003/onholdingag-20241231.htm
ONON,cash_flow,2023-12-31,annual,Cash inflow / (outflow) from operating activities,1,232.1,1000000,CHF,2023,3594,20-F,2025-03-04,https://www.sec.gov/Archives/edgar/data/1858985/000185898525000003/onholdingag-20241231.htm
ONON,cash_flow,2023-12-31,annual,Cash inflow from operating activities,1,232.1,1000000,CHF,2023,3653,20-F,2026-03-03,https://www.sec.gov/Archives/edgar/data/1858985/000185898526000008/onholdingag-20251231.htm
ONON,cash_flow,2023-12-31,annual,Change in net cash and cash equivalents,1,163.2,1000000,CHF,2023,3663,20-F,2026-03-03,https://www.sec.gov/Archives/edgar/data/1858985/000185898526000008/onholdingag-20251231.htm
ONON,cash_flow,2023-12-31,annual,Change in other current assets / liabilities,1,93.4,1000000,CHF,2023,3649,20-F,2026-03-03,https://www.sec.gov/Archives/edgar/data/1858985/000185898526000008/onholdingag-20251231.htm
ONON,cash_flow,2023-12-31,annual,Change in provisions,1,4.8,1000000,CHF,2023,3650,20-F,2026-03-03,https://www.sec.gov/Archives/edgar/data/1858985/000185898526000008/onholdingag-20251231.htm
ONON,cash_flow,2023-12-31,annual,Change in working capital,1,-101.2,1000000,CHF,2023,3645,20-F,2026-03-03,https://www.sec.gov/Archives/edgar/data/1858985/000185898526000008/onholdingag-20251231.htm
ONON,cash_flow,2023-12-31,annual,Depreciation and amortization,1,64.9,1000000,CHF,2023,3640,20-F,2026-03-03,https://www.sec.gov/Archives/edgar/data/1858985/000185898526000008/onholdingag-20251231.htm
ONON,cash_flow,2023-12-31,annual,Employee benefit expenses,1,-7.5,1000000,CHF,2023,3639,20-F,2026-03-03,https://www.sec.gov/Archives/edgar/data/1858985/000185898526000008/onholdingag-20251231.htm
ONON,cash_flow,2023-12-31,annual,Income taxes,1,-10.5,1000000,CHF,2023,3644,20-F,2026-03-03,https://www.sec.gov/Archives/edgar/data/1858985/000185898526000008/onholdingag-20251231.htm
ONON,cash_flow,2023-12-31,annual,Income taxes paid,1,-28.6,1000000,CHF,2023,3652,20-F,2026-03-03,https://www.sec.gov/Archives/edgar/data/1858985/000185898526000008/onholdingag-20251231.htm
ONON,cash_flow,2023-12-31,annual,Interest income and expenses,1,-4.5,1000000,CHF,2023,3642,20-F,2026-03-03,https://www.sec.gov/Archives/edgar/data/1858985/000185898526000008/onholdingag-20251231.htm
ONON,cash_flow,2023-12-31,annual,Interest paid,1,-6.5,1000000,CHF,2023,3661,20-F,2026-03-03,https://www.sec.gov/Archives/edgar/data/1858985/000185898526000008/onholdingag-20251231.htm
ONON,cash_flow,2023-12-31,annual,Interest received,1,11.0,1000000,CHF,2023,3651,20-F,2026-03-03,https://www.sec.gov/Archives/edgar/data/1858985/000185898526000008/onholdingag-20251231.htm
ONON,cash_flow,2023-12-31,annual,Inventories,1,-10.0,1000000,CHF,2023,3647,20-F,2026-03-03,https://www.sec.gov/Archives/edgar/data/1858985/000185898526000008/onholdingag-20251231.htm
ONON,cash_flow,2023-12-31,annual,Loss / (gain) on disposal of assets,1,0.6,1000000,CHF,"Year ended December 31, — 2023",3598,20-F,2024-03-12,https://www.sec.gov/Archives/edgar/data/1858985/000185898524000012/onholdingag-20231231.htm
ONON,cash_flow,2023-12-31,annual,Loss on disposal of assets,1,0.6,1000000,CHF,2023,3582,20-F,2025-03-04,https://www.sec.gov/Archives/edgar/data/1858985/000185898525000003/onholdingag-20241231.htm
ONON,cash_flow,2023-12-31,annual,Loss on disposal of assets and impairment,1,0.6,1000000,CHF,2023,3641,20-F,2026-03-03,https://www.sec.gov/Archives/edgar/data/1858985/000185898526000008/onholdingag-20251231.htm
ONON,cash_flow,2023-12-31,annual,Net cash and cash equivalents as of December 31,1,494.6,1000000,CHF,2023,3666,20-F,2026-03-03,https://www.sec.gov/Archives/edgar/data/1858985/000185898526000008/onholdingag-20251231.htm
ONON,cash_flow,2023-12-31,annual,Net cash and cash equivalents as of January 1,1,371.0,1000000,CHF,2023,3664,20-F,2026-03-03,https://www.sec.gov/Archives/edgar/data/1858985/000185898526000008/onholdingag-20251231.htm
ONON,cash_flow,2023-12-31,annual,Net cash and cash equivalents at December 31,1,494.6,1000000,CHF,"Year ended December 31, — 2023",3625,20-F,2024-03-12,https://www.sec.gov/Archives/edgar/data/1858985/000185898524000012/onholdingag-20231231.htm
ONON,cash_flow,2023-12-31,annual,Net cash and cash equivalents at January 1,1,371.0,1000000,CHF,"Year ended December 31, — 2023",3623,20-F,2024-03-12,https://www.sec.gov/Archives/edgar/data/1858985/000185898524000012/onholdingag-20231231.htm
ONON,cash_flow,2023-12-31,annual,Net exchange differences,1,102.9,1000000,CHF,2023,3643,20-F,2026-03-03,https://www.sec.gov/Archives/edgar/data/1858985/000185898526000008/onholdingag-20251231.htm
ONON,cash_flow,2023-12-31,annual,Net impact of foreign exchange rate differences,1,-39.6,1000000,CHF,2023,3665,20-F,2026-03-03,https://www.sec.gov/Archives/edgar/data/1858985/000185898526000008/onholdingag-20251231.htm
ONON,cash_flow,2023-12-31,annual,Net income,1,79.6,1000000,CHF,2023,3636,20-F,2026-03-03,https://www.sec.gov/Archives/edgar/data/1858985/000185898526000008/onholdingag-20251231.htm
ONON,cash_flow,2023-12-31,annual,Net income / (loss),1,79.6,1000000,CHF,"Year ended December 31, — 2023",3594,20-F,2024-03-12,https://www.sec.gov/Archives/edgar/data/1858985/000185898524000012/onholdingag-20231231.htm
ONON,cash_flow,2023-12-31,annual,Payments of lease liabilities,1,-25.5,1000000,CHF,2023,3658,20-F,2026-03-03,https://www.sec.gov/Archives/edgar/data/1858985/000185898526000008/onholdingag-20251231.htm
ONON,cash_flow,2023-12-31,annual,Proceeds on sale of treasury shares related to share-based compensation,1,10.1,1000000,CHF,2023,3660,20-F,2026-03-03,https://www.sec.gov/Archives/edgar/data/1858985/000185898526000008/onholdingag-20251231.htm
ONON,cash_flow,2023-12-31,annual,Purchase of intangible assets,1,-4.4,1000000,CHF,2023,3656,20-F,2026-03-03,https://www.sec.gov/Archives/edgar/data/1858985/000185898526000008/onholdingag-20251231.htm
ONON,cash_flow,2023-12-31,annual,"Purchase of property, plant and equipment",1,-42.8,1000000,CHF,2023,3654,20-F,2026-03-03,https://www.sec.gov/Archives/edgar/data/1858985/000185898526000008/onholdingag-20251231.htm
ONON,cash_flow,2023-12-31,annual,Purchase of tangible assets,1,-42.8,1000000,CHF,"Year ended December 31, — 2023",3611,20-F,2024-03-12,https://www.sec.gov/Archives/edgar/data/1858985/000185898524000012/onholdingag-20231231.htm
ONON,cash_flow,2023-12-31,annual,Share-based compensation,1,27.3,1000000,CHF,2023,3638,20-F,2026-03-03,https://www.sec.gov/Archives/edgar/data/1858985/000185898526000008/onholdingag-20251231.htm
ONON,cash_flow,2023-12-31,annual,Trade payables,1,-44.3,1000000,CHF,2023,3648,20-F,2026-03-03,https://www.sec.gov/Archives/edgar/data/1858985/000185898526000008/onholdingag-20251231.htm
ONON,cash_flow,2023-12-31,annual,Trade receivables,1,-46.9,1000000,CHF,2023,3646,20-F,2026-03-03,https://www.sec.gov/Archives/edgar/data/1858985/000185898526000008/onholdingag-20251231.htm
ONON,income,2023-12-31,annual,Basic EPS Class A (CHF),1,0.25,1000000,CHF,2023,3570,20-F,2026-03-03,https://www.sec.gov/Archives/edgar/data/1858985/000185898526000008/onholdingag-20251231.htm
ONON,income,2023-12-31,annual,Basic EPS Class B (CHF),1,0.02,1000000,CHF,2023,3571,20-F,2026-03-03,https://www.sec.gov/Archives/edgar/data/1858985/000185898526000008/onholdingag-20251231.htm
ONON,income,2023-12-31,annual,Cost of sales,1,-724.8,1000000,CHF,2023,3559,20-F,2026-03-03,https://www.sec.gov/Archives/edgar/data/1858985/000185898526000008/onholdingag-20251231.htm
ONON,income,2023-12-31,annual,Current service cost,1,-3.8,1000000,CHF,2023,4575,20-F,2026-03-03,https://www.sec.gov/Archives/edgar/data/1858985/000185898526000008/onholdingag-20251231.htm
ONON,income,2023-12-31,annual,Diluted EPS Class A (CHF),1,0.25,1000000,CHF,2023,3572,20-F,2026-03-03,https://www.sec.gov/Archives/edgar/data/1858985/000185898526000008/onholdingag-20251231.htm
ONON,income,2023-12-31,annual,Diluted EPS Class B (CHF),1,0.02,1000000,CHF,2023,3573,20-F,2026-03-03,https://www.sec.gov/Archives/edgar/data/1858985/000185898526000008/onholdingag-20251231.htm
ONON,income,2023-12-31,annual,Employee benefit expenses,1,-3.8,1000000,CHF,2023,4577,20-F,2026-03-03,https://www.sec.gov/Archives/edgar/data/1858985/000185898526000008/onholdingag-20251231.htm
ONON,income,2023-12-31,annual,Financial expenses,1,-11.3,1000000,CHF,2023,3564,20-F,2026-03-03,https://www.sec.gov/Archives/edgar/data/1858985/000185898526000008/onholdingag-20251231.htm
ONON,income,2023-12-31,annual,Financial income,1,11.5,1000000,CHF,2023,3563,20-F,2026-03-03,https://www.sec.gov/Archives/edgar/data/1858985/000185898526000008/onholdingag-20251231.htm
ONON,income,2023-12-31,annual,Foreign exchange gain / (loss),1,-111.4,1000000,CHF,2023,3565,20-F,2026-03-03,https://www.sec.gov/Archives/edgar/data/1858985/000185898526000008/onholdingag-20251231.htm
ONON,income,2023-12-31,annual,Foreign exchange result,1,-111.4,1000000,CHF,"Year ended December 31, — 2023",3526,20-F,2024-03-12,https://www.sec.gov/Archives/edgar/data/1858985/000185898524000012/onholdingag-20231231.htm
ONON,income,2023-12-31,annual,Gross profit,1,1067.2,1000000,CHF,2023,3560,20-F,2026-03-03,https://www.sec.gov/Archives/edgar/data/1858985/000185898526000008/onholdingag-20251231.htm
ONON,income,2023-12-31,annual,Income / (loss) before taxes,1,69.1,1000000,CHF,"Year ended December 31, — 2023",3527,20-F,2024-03-12,https://www.sec.gov/Archives/edgar/data/1858985/000185898524000012/onholdingag-20231231.htm
ONON,income,2023-12-31,annual,Income before taxes,1,69.1,1000000,CHF,2023,3566,20-F,2026-03-03,https://www.sec.gov/Archives/edgar/data/1858985/000185898526000008/onholdingag-20251231.htm
ONON,income,2023-12-31,annual,Income tax benefit / (expense),1,10.5,1000000,CHF,2023,3567,20-F,2026-03-03,https://www.sec.gov/Archives/edgar/data/1858985/000185898526000008/onholdingag-20251231.htm
ONON,income,2023-12-31,annual,Net income,1,79.6,1000000,CHF,2023,3568,20-F,2026-03-03,https://www.sec.gov/Archives/edgar/data/1858985/000185898526000008/onholdingag-20251231.htm
ONON,income,2023-12-31,annual,Net income / (loss),1,79.6,1000000,CHF,"Year ended December 31, — 2023",3529,20-F,2024-03-12,https://www.sec.gov/Archives/edgar/data/1858985/000185898524000012/onholdingag-20231231.htm
ONON,income,2023-12-31,annual,Net sales,1,1792.1,1000000,CHF,2023,3558,20-F,2026-03-03,https://www.sec.gov/Archives/edgar/data/1858985/000185898526000008/onholdingag-20251231.htm
ONON,income,2023-12-31,annual,Operating result,1,180.2,1000000,CHF,2023,3562,20-F,2026-03-03,https://www.sec.gov/Archives/edgar/data/1858985/000185898526000008/onholdingag-20251231.htm
ONON,income,2023-12-31,annual,"Selling, general and administrative expenses",1,-887.0,1000000,CHF,2023,3561,20-F,2026-03-03,https://www.sec.gov/Archives/edgar/data/1858985/000185898526000008/onholdingag-20251231.htm
ONON,balance,2024-12-31,instant,Assets,1,2376.7,1000000,CHF,12/31/2024,3608,20-F,2026-03-03,https://www.sec.gov/Archives/edgar/data/1858985/000185898526000008/onholdingag-20251231.htm
ONON,balance,2024-12-31,instant,Capital reserves,1,1210.0,1000000,CHF,12/31/2024,3624,20-F,2026-03-03,https://www.sec.gov/Archives/edgar/data/1858985/000185898526000008/onholdingag-20251231.htm
ONON,balance,2024-12-31,instant,Cash and cash equivalents,1,924.3,1000000,CHF,12/31/2024,3597,20-F,2026-03-03,https://www.sec.gov/Archives/edgar/data/1858985/000185898526000008/onholdingag-20251231.htm
ONON,balance,2024-12-31,instant,Current assets,1,1759.7,1000000,CHF,12/31/2024,3602,20-F,2026-03-03,https://www.sec.gov/Archives/edgar/data/1858985/000185898526000008/onholdingag-20251231.htm
ONON,balance,2024-12-31,instant,Current lease liabilities,1,59.1,1000000,CHF,12/31/2024,3610,20-F,2026-03-03,https://www.sec.gov/Archives/edgar/data/1858985/000185898526000008/onholdingag-20251231.htm
ONON,balance,2024-12-31,instant,Current liabilities,1,660.4,1000000,CHF,12/31/2024,3615,20-F,2026-03-03,https://www.sec.gov/Archives/edgar/data/1858985/000185898526000008/onholdingag-20251231.htm
ONON,balance,2024-12-31,instant,Current provisions,1,21.7,1000000,CHF,12/31/2024,3613,20-F,2026-03-03,https://www.sec.gov/Archives/edgar/data/1858985/000185898526000008/onholdingag-20251231.htm
ONON,balance,2024-12-31,instant,Deferred tax assets,1,107.8,1000000,CHF,12/31/2024,3606,20-F,2026-03-03,https://www.sec.gov/Archives/edgar/data/1858985/000185898526000008/onholdingag-20251231.htm
ONON,balance,2024-12-31,instant,Deferred tax liabilities,1,10.8,1000000,CHF,12/31/2024,3620,20-F,2026-03-03,https://www.sec.gov/Archives/edgar/data/1858985/000185898526000008/onholdingag-20251231.htm
ONON,balance,2024-12-31,instant,Employee benefit obligations,1,8.6,1000000,CHF,12/31/2024,3616,20-F,2026-03-03,https://www.sec.gov/Archives/edgar/data/1858985/000185898526000008/onholdingag-20251231.htm
ONON,balance,2024-12-31,instant,Equity,1,1391.8,1000000,CHF,12/31/2024,3627,20-F,2026-03-03,https://www.sec.gov/Archives/edgar/data/1858985/000185898526000008/onholdingag-20251231.htm
ONON,balance,2024-12-31,instant,Equity and liabilities,1,2376.7,1000000,CHF,12/31/2024,3628,20-F,2026-03-03,https://www.sec.gov/Archives/edgar/data/1858985/000185898526000008/onholdingag-20251231.htm
ONON,balance,2024-12-31,instant,Fair value of plan assets,1,44.3,1000000,CHF,"December 31, 2024",4556,20-F,2026-03-03,https://www.sec.gov/Archives/edgar/data/1858985/000185898526000008/onholdingag-20251231.htm
ONON,balance,2024-12-31,instant,Income tax liabilities,1,62.5,1000000,CHF,12/31/2024,3614,20-F,2026-03-03,https://www.sec.gov/Archives/edgar/data/1858985/000185898526000008/onholdingag-20251231.htm
ONON,balance,2024-12-31,instant,Intangible assets,1,58.3,1000000,CHF,12/31/2024,3605,20-F,2026-03-03,https://www.sec.gov/Archives/edgar/data/1858985/000185898526000008/onholdingag-20251231.htm
ONON,balance,2024-12-31,instant,Inventories,1,419.2,1000000,CHF,12/31/2024,3599,20-F,2026-03-03,https://www.sec.gov/Archives/edgar/data/1858985/000185898526000008/onholdingag-20251231.htm
ONON,balance,2024-12-31,instant,Non-current assets,1,617.0,1000000,CHF,12/31/2024,3607,20-F,2026-03-03,https://www.sec.gov/Archives/edgar/data/1858985/000185898526000008/onholdingag-20251231.htm
ONON,balance,2024-12-31,instant,Non-current lease liabilities,1,288.5,1000000,CHF,12/31/2024,3618,20-F,2026-03-03,https://www.sec.gov/Archives/edgar/data/1858985/000185898526000008/onholdingag-20251231.htm
ONON,balance,2024-12-31,instant,Non-current liabilities,1,324.5,1000000,CHF,12/31/2024,3621,20-F,2026-03-03,https://www.sec.gov/Archives/edgar/data/1858985/000185898526000008/onholdingag-20251231.htm
ONON,balance,2024-12-31,instant,Non-current provisions,1,14.9,1000000,CHF,12/31/2024,3617,20-F,2026-03-03,https://www.sec.gov/Archives/edgar/data/1858985/000185898526000008/onholdingag-20251231.htm
ONON,balance,2024-12-31,instant,Other current financial assets,1,56.4,1000000,CHF,12/31/2024,3600,20-F,2026-03-03,https://www.sec.gov/Archives/edgar/data/1858985/000185898526000008/onholdingag-20251231.htm
ONON,balance,2024-12-31,instant,Other current financial liabilities,1,51.3,1000000,CHF,12/31/2024,3611,20-F,2026-03-03,https://www.sec.gov/Archives/edgar/data/1858985/000185898526000008/onholdingag-20251231.htm
ONON,balance,2024-12-31,instant,Other current operating assets,1,113.7,1000000,CHF,12/31/2024,3601,20-F,2026-03-03,https://www.sec.gov/Archives/edgar/data/1858985/000185898526000008/onholdingag-20251231.htm
ONON,balance,2024-12-31,instant,Other current operating liabilities,1,299.3,1000000,CHF,12/31/2024,3612,20-F,2026-03-03,https://www.sec.gov/Archives/edgar/data/1858985/000185898526000008/onholdingag-20251231.htm
ONON,balance,2024-12-31,instant,Other non-current financial liabilities,1,1.7,1000000,CHF,12/31/2024,3619,20-F,2026-03-03,https://www.sec.gov/Archives/edgar/data/1858985/000185898526000008/onholdingag-20251231.htm
ONON,balance,2024-12-31,instant,Other reserves,1,-4.0,1000000,CHF,12/31/2024,3625,20-F,2026-03-03,https://www.sec.gov/Archives/edgar/data/1858985/000185898526000008/onholdingag-20251231.htm
ONON,balance,2024-12-31,instant,Present value of defined benefit obligation,1,-52.9,1000000,CHF,"December 31, 2024",4555,20-F,2026-03-03,https://www.sec.gov/Archives/edgar/data/1858985/000185898526000008/onholdingag-20251231.htm
ONON,balance,2024-12-31,instant,"Property, plant and equipment",1,127.2,1000000,CHF,12/31/2024,3603,20-F,2026-03-03,https://www.sec.gov/Archives/edgar/data/1858985/000185898526000008/onholdingag-20251231.htm
ONON,balance,2024-12-31,instant,Retained earnings,1,178.9,1000000,CHF,12/31/2024,3626,20-F,2026-03-03,https://www.sec.gov/Archives/edgar/data/1858985/000185898526000008/onholdingag-20251231.htm
ONON,balance,2024-12-31,instant,Retained earnings / (losses),1,178.9,1000000,CHF,12/31/2024,3567,20-F,2025-03-04,https://www.sec.gov/Archives/edgar/data/1858985/000185898525000003/onholdingag-20241231.htm
ONON,balance,2024-12-31,instant,Right-of-use assets,1,323.6,1000000,CHF,12/31/2024,3604,20-F,2026-03-03,https://www.sec.gov/Archives/edgar/data/1858985/000185898526000008/onholdingag-20251231.htm
ONON,balance,2024-12-31,instant,Share capital,1,33.7,1000000,CHF,12/31/2024,3622,20-F,2026-03-03,https://www.sec.gov/Archives/edgar/data/1858985/000185898526000008/onholdingag-20251231.htm
ONON,balance,2024-12-31,instant,Trade payables,1,166.5,1000000,CHF,12/31/2024,3609,20-F,2026-03-03,https://www.sec.gov/Archives/edgar/data/1858985/000185898526000008/onholdingag-20251231.htm
ONON,balance,2024-12-31,instant,Trade receivables,1,246.1,1000000,CHF,12/31/2024,3598,20-F,2026-03-03,https://www.sec.gov/Archives/edgar/data/1858985/000185898526000008/onholdingag-20251231.htm
ONON,balance,2024-12-31,instant,Treasury shares,1,-26.8,1000000,CHF,12/31/2024,3623,20-F,2026-03-03,https://www.sec.gov/Archives/edgar/data/1858985/000185898526000008/onholdingag-20251231.htm
ONON,cash_flow,2024-12-31,annual,Cash (outflow) from financing activities,1,-55.4,1000000,CHF,2024,3662,20-F,2026-03-03,https://www.sec.gov/Archives/edgar/data/1858985/000185898526000008/onholdingag-20251231.htm
ONON,cash_flow,2024-12-31,annual,Cash (outflow) from investing activities,1,-64.9,1000000,CHF,2024,3657,20-F,2026-03-03,https://www.sec.gov/Archives/edgar/data/1858985/000185898526000008/onholdingag-20251231.htm
ONON,cash_flow,2024-12-31,annual,Cash inflow / (outflow) from financing activities,1,-55.4,1000000,CHF,"Year ended December 31, — 2024",3603,20-F,2025-03-04,https://www.sec.gov/Archives/edgar/data/1858985/000185898525000003/onholdingag-20241231.htm
ONON,cash_flow,2024-12-31,annual,Cash inflow / (outflow) from operating activities,1,510.6,1000000,CHF,"Year ended December 31, — 2024",3594,20-F,2025-03-04,https://www.sec.gov/Archives/edgar/data/1858985/000185898525000003/onholdingag-20241231.htm
ONON,cash_flow,2024-12-31,annual,Cash inflow from operating activities,1,510.6,1000000,CHF,2024,3653,20-F,2026-03-03,https://www.sec.gov/Archives/edgar/data/1858985/000185898526000008/onholdingag-20251231.htm
ONON,cash_flow,2024-12-31,annual,Change in net cash and cash equivalents,1,390.4,1000000,CHF,2024,3663,20-F,2026-03-03,https://www.sec.gov/Archives/edgar/data/1858985/000185898526000008/onholdingag-20251231.htm
ONON,cash_flow,2024-12-31,annual,Change in other current assets / liabilities,1,95.7,1000000,CHF,2024,3649,20-F,2026-03-03,https://www.sec.gov/Archives/edgar/data/1858985/000185898526000008/onholdingag-20251231.htm
ONON,cash_flow,2024-12-31,annual,Change in provisions,1,18.0,1000000,CHF,2024,3650,20-F,2026-03-03,https://www.sec.gov/Archives/edgar/data/1858985/000185898526000008/onholdingag-20251231.htm
ONON,cash_flow,2024-12-31,annual,Change in working capital,1,46.1,1000000,CHF,2024,3645,20-F,2026-03-03,https://www.sec.gov/Archives/edgar/data/1858985/000185898526000008/onholdingag-20251231.htm
ONON,cash_flow,2024-12-31,annual,Depreciation and amortization,1,104.6,1000000,CHF,2024,3640,20-F,2026-03-03,https://www.sec.gov/Archives/edgar/data/1858985/000185898526000008/onholdingag-20251231.htm
ONON,cash_flow,2024-12-31,annual,Employee benefit expenses,1,5.2,1000000,CHF,2024,3639,20-F,2026-03-03,https://www.sec.gov/Archives/edgar/data/1858985/000185898526000008/onholdingag-20251231.htm
ONON,cash_flow,2024-12-31,annual,Income taxes,1,37.4,1000000,CHF,2024,3644,20-F,2026-03-03,https://www.sec.gov/Archives/edgar/data/1858985/000185898526000008/onholdingag-20251231.htm
ONON,cash_flow,2024-12-31,annual,Income taxes paid,1,-41.2,1000000,CHF,2024,3652,20-F,2026-03-03,https://www.sec.gov/Archives/edgar/data/1858985/000185898526000008/onholdingag-20251231.htm
ONON,cash_flow,2024-12-31,annual,Interest income and expenses,1,-7.2,1000000,CHF,2024,3642,20-F,2026-03-03,https://www.sec.gov/Archives/edgar/data/1858985/000185898526000008/onholdingag-20251231.htm
ONON,cash_flow,2024-12-31,annual,Interest paid,1,-15.3,1000000,CHF,2024,3661,20-F,2026-03-03,https://www.sec.gov/Archives/edgar/data/1858985/000185898526000008/onholdingag-20251231.htm
ONON,cash_flow,2024-12-31,annual,Interest received,1,22.5,1000000,CHF,2024,3651,20-F,2026-03-03,https://www.sec.gov/Archives/edgar/data/1858985/000185898526000008/onholdingag-20251231.htm
ONON,cash_flow,2024-12-31,annual,Inventories,1,-27.8,1000000,CHF,2024,3647,20-F,2026-03-03,https://www.sec.gov/Archives/edgar/data/1858985/000185898526000008/onholdingag-20251231.htm
ONON,cash_flow,2024-12-31,annual,Loss on disposal of assets,1,0.7,1000000,CHF,"Year ended December 31, — 2024",3582,20-F,2025-03-04,https://www.sec.gov/Archives/edgar/data/1858985/000185898525000003/onholdingag-20241231.htm
ONON,cash_flow,2024-12-31,annual,Loss on disposal of assets and impairment,1,0.7,1000000,CHF,2024,3641,20-F,2026-03-03,https://www.sec.gov/Archives/edgar/data/1858985/000185898526000008/onholdingag-20251231.htm
ONON,cash_flow,2024-12-31,annual,Net cash and cash equivalents as of December 31,1,924.3,1000000,CHF,2024,3666,20-F,2026-03-03,https://www.sec.gov/Archives/edgar/data/1858985/000185898526000008/onholdingag-20251231.htm
ONON,cash_flow,2024-12-31,annual,Net cash and cash equivalents as of January 1,1,494.6,1000000,CHF,2024,3664,20-F,2026-03-03,https://www.sec.gov/Archives/edgar/data/1858985/000185898526000008/onholdingag-20251231.htm
ONON,cash_flow,2024-12-31,annual,Net exchange differences,1,-70.9,1000000,CHF,2024,3643,20-F,2026-03-03,https://www.sec.gov/Archives/edgar/data/1858985/000185898526000008/onholdingag-20251231.htm
ONON,cash_flow,2024-12-31,annual,Net impact of foreign exchange rate differences,1,39.4,1000000,CHF,2024,3665,20-F,2026-03-03,https://www.sec.gov/Archives/edgar/data/1858985/000185898526000008/onholdingag-20251231.htm
ONON,cash_flow,2024-12-31,annual,Net income,1,242.3,1000000,CHF,2024,3636,20-F,2026-03-03,https://www.sec.gov/Archives/edgar/data/1858985/000185898526000008/onholdingag-20251231.htm
ONON,cash_flow,2024-12-31,annual,Payments of lease liabilities,1,-51.3,1000000,CHF,2024,3658,20-F,2026-03-03,https://www.sec.gov/Archives/edgar/data/1858985/000185898526000008/onholdingag-20251231.htm
ONON,cash_flow,2024-12-31,annual,Proceeds from disposal of tangible assets,1,0.1,1000000,CHF,2024,3655,20-F,2026-03-03,https://www.sec.gov/Archives/edgar/data/1858985/000185898526000008/onholdingag-20251231.htm
ONON,cash_flow,2024-12-31,annual,Proceeds from issuance of shares,1,0.2,1000000,CHF,2024,3659,20-F,2026-03-03,https://www.sec.gov/Archives/edgar/data/1858985/000185898526000008/onholdingag-20251231.htm
ONON,cash_flow,2024-12-31,annual,Proceeds on sale of treasury shares related to share-based compensation,1,10.9,1000000,CHF,2024,3660,20-F,2026-03-03,https://www.sec.gov/Archives/edgar/data/1858985/000185898526000008/onholdingag-20251231.htm
ONON,cash_flow,2024-12-31,annual,Purchase of intangible assets,1,-4.5,1000000,CHF,2024,3656,20-F,2026-03-03,https://www.sec.gov/Archives/edgar/data/1858985/000185898526000008/onholdingag-20251231.htm
ONON,cash_flow,2024-12-31,annual,"Purchase of property, plant and equipment",1,-60.5,1000000,CHF,2024,3654,20-F,2026-03-03,https://www.sec.gov/Archives/edgar/data/1858985/000185898526000008/onholdingag-20251231.htm
ONON,cash_flow,2024-12-31,annual,Share-based compensation,1,57.5,1000000,CHF,2024,3638,20-F,2026-03-03,https://www.sec.gov/Archives/edgar/data/1858985/000185898526000008/onholdingag-20251231.htm
ONON,cash_flow,2024-12-31,annual,Trade payables,1,104.0,1000000,CHF,2024,3648,20-F,2026-03-03,https://www.sec.gov/Archives/edgar/data/1858985/000185898526000008/onholdingag-20251231.htm
ONON,cash_flow,2024-12-31,annual,Trade receivables,1,-30.1,1000000,CHF,2024,3646,20-F,2026-03-03,https://www.sec.gov/Archives/edgar/data/1858985/000185898526000008/onholdingag-20251231.htm
ONON,income,2024-12-31,annual,Basic EPS Class A (CHF),1,0.75,1000000,CHF,2024,3570,20-F,2026-03-03,https://www.sec.gov/Archives/edgar/data/1858985/000185898526000008/onholdingag-20251231.htm
ONON,income,2024-12-31,annual,Basic EPS Class B (CHF),1,0.07,1000000,CHF,2024,3571,20-F,2026-03-03,https://www.sec.gov/Archives/edgar/data/1858985/000185898526000008/onholdingag-20251231.htm
ONON,income,2024-12-31,annual,Cost of sales,1,-912.6,1000000,CHF,2024,3559,20-F,2026-03-03,https://www.sec.gov/Archives/edgar/data/1858985/000185898526000008/onholdingag-20251231.htm
ONON,income,2024-12-31,annual,Current service cost,1,-5.3,1000000,CHF,2024,4575,20-F,2026-03-03,https://www.sec.gov/Archives/edgar/data/1858985/000185898526000008/onholdingag-20251231.htm
ONON,income,2024-12-31,annual,Diluted EPS Class A (CHF),1,0.74,1000000,CHF,2024,3572,20-F,2026-03-03,https://www.sec.gov/Archives/edgar/data/1858985/000185898526000008/onholdingag-20251231.htm
ONON,income,2024-12-31,annual,Diluted EPS Class B (CHF),1,0.07,1000000,CHF,2024,3573,20-F,2026-03-03,https://www.sec.gov/Archives/edgar/data/1858985/000185898526000008/onholdingag-20251231.htm
ONON,income,2024-12-31,annual,Employee benefit expenses,1,-5.3,1000000,CHF,2024,4577,20-F,2026-03-03,https://www.sec.gov/Archives/edgar/data/1858985/000185898526000008/onholdingag-20251231.htm
ONON,income,2024-12-31,annual,Financial expenses,1,-23.1,1000000,CHF,2024,3564,20-F,2026-03-03,https://www.sec.gov/Archives/edgar/data/1858985/000185898526000008/onholdingag-20251231.htm
ONON,income,2024-12-31,annual,Financial income,1,23.5,1000000,CHF,2024,3563,20-F,2026-03-03,https://www.sec.gov/Archives/edgar/data/1858985/000185898526000008/onholdingag-20251231.htm
ONON,income,2024-12-31,annual,Foreign exchange gain / (loss),1,67.7,1000000,CHF,2024,3565,20-F,2026-03-03,https://www.sec.gov/Archives/edgar/data/1858985/000185898526000008/onholdingag-20251231.htm
ONON,income,2024-12-31,annual,Gross profit,1,1405.7,1000000,CHF,2024,3560,20-F,2026-03-03,https://www.sec.gov/Archives/edgar/data/1858985/000185898526000008/onholdingag-20251231.htm
ONON,income,2024-12-31,annual,Income before taxes,1,279.6,1000000,CHF,2024,3566,20-F,2026-03-03,https://www.sec.gov/Archives/edgar/data/1858985/000185898526000008/onholdingag-20251231.htm
ONON,income,2024-12-31,annual,Income tax benefit / (expense),1,-37.4,1000000,CHF,2024,3567,20-F,2026-03-03,https://www.sec.gov/Archives/edgar/data/1858985/000185898526000008/onholdingag-20251231.htm
ONON,income,2024-12-31,annual,Net income,1,242.3,1000000,CHF,2024,3568,20-F,2026-03-03,https://www.sec.gov/Archives/edgar/data/1858985/000185898526000008/onholdingag-20251231.htm
ONON,income,2024-12-31,annual,Net sales,1,2318.3,1000000,CHF,2024,3558,20-F,2026-03-03,https://www.sec.gov/Archives/edgar/data/1858985/000185898526000008/onholdingag-20251231.htm
ONON,income,2024-12-31,annual,Operating result,1,211.6,1000000,CHF,2024,3562,20-F,2026-03-03,https://www.sec.gov/Archives/edgar/data/1858985/000185898526000008/onholdingag-20251231.htm
ONON,income,2024-12-31,annual,"Selling, general and administrative expenses",1,-1194.2,1000000,CHF,2024,3561,20-F,2026-03-03,https://www.sec.gov/Archives/edgar/data/1858985/000185898526000008/onholdingag-20251231.htm
ONON,cash_flow,2025-06-30,6_months,Cash (outflow) from financing activities,1,-37.0,1000000,CHF,2025,124,6-K,2026-08-11,https://www.sec.gov/Archives/edgar/data/1858985/000185898526000018/onholdingag-20260630_d2.htm
ONON,cash_flow,2025-06-30,6_months,Cash (outflow) from investing activities,1,-29.4,1000000,CHF,2025,120,6-K,2026-08-11,https://www.sec.gov/Archives/edgar/data/1858985/000185898526000018/onholdingag-20260630_d2.htm
ONON,cash_flow,2025-06-30,6_months,Cash inflow from operating activities,1,89.1,1000000,CHF,2025,116,6-K,2026-08-11,https://www.sec.gov/Archives/edgar/data/1858985/000185898526000018/onholdingag-20260630_d2.htm
ONON,cash_flow,2025-06-30,6_months,Change in net cash and cash equivalents,1,22.6,1000000,CHF,2025,125,6-K,2026-08-11,https://www.sec.gov/Archives/edgar/data/1858985/000185898526000018/onholdingag-20260630_d2.htm
ONON,cash_flow,2025-06-30,6_months,Change in other current assets / liabilities,1,10.6,1000000,CHF,2025,112,6-K,2026-08-11,https://www.sec.gov/Archives/edgar/data/1858985/000185898526000018/onholdingag-20260630_d2.htm
ONON,cash_flow,2025-06-30,6_months,Change in provisions,1,-4.6,1000000,CHF,2025,113,6-K,2026-08-11,https://www.sec.gov/Archives/edgar/data/1858985/000185898526000018/onholdingag-20260630_d2.htm
ONON,cash_flow,2025-06-30,6_months,Change in working capital,1,-144.1,1000000,CHF,2025,108,6-K,2026-08-11,https://www.sec.gov/Archives/edgar/data/1858985/000185898526000018/onholdingag-20260630_d2.htm
ONON,cash_flow,2025-06-30,6_months,Depreciation and amortization,1,60.7,1000000,CHF,2025,103,6-K,2026-08-11,https://www.sec.gov/Archives/edgar/data/1858985/000185898526000018/onholdingag-20260630_d2.htm
ONON,cash_flow,2025-06-30,6_months,Employee benefit expenses,1,1.8,1000000,CHF,2025,102,6-K,2026-08-11,https://www.sec.gov/Archives/edgar/data/1858985/000185898526000018/onholdingag-20260630_d2.htm
ONON,cash_flow,2025-06-30,6_months,Income taxes,1,0.8,1000000,CHF,2025,107,6-K,2026-08-11,https://www.sec.gov/Archives/edgar/data/1858985/000185898526000018/onholdingag-20260630_d2.htm
ONON,cash_flow,2025-06-30,6_months,Income taxes paid,1,-46.5,1000000,CHF,2025,115,6-K,2026-08-11,https://www.sec.gov/Archives/edgar/data/1858985/000185898526000018/onholdingag-20260630_d2.htm
ONON,cash_flow,2025-06-30,6_months,Interest income and expenses,1,-4.6,1000000,CHF,2025,105,6-K,2026-08-11,https://www.sec.gov/Archives/edgar/data/1858985/000185898526000018/onholdingag-20260630_d2.htm
ONON,cash_flow,2025-06-30,6_months,Interest paid,1,-9.9,1000000,CHF,2025,123,6-K,2026-08-11,https://www.sec.gov/Archives/edgar/data/1858985/000185898526000018/onholdingag-20260630_d2.htm
ONON,cash_flow,2025-06-30,6_months,Interest received,1,14.5,1000000,CHF,2025,114,6-K,2026-08-11,https://www.sec.gov/Archives/edgar/data/1858985/000185898526000018/onholdingag-20260630_d2.htm
ONON,cash_flow,2025-06-30,6_months,Inventories,1,-17.8,1000000,CHF,2025,110,6-K,2026-08-11,https://www.sec.gov/Archives/edgar/data/1858985/000185898526000018/onholdingag-20260630_d2.htm
ONON,cash_flow,2025-06-30,6_months,Loss on disposal of assets,1,0.2,1000000,CHF,2025,104,6-K,2026-08-11,https://www.sec.gov/Archives/edgar/data/1858985/000185898526000018/onholdingag-20260630_d2.htm
ONON,cash_flow,2025-06-30,6_months,Net cash and cash equivalents at January 1,1,924.3,1000000,CHF,2025,126,6-K,2026-08-11,https://www.sec.gov/Archives/edgar/data/1858985/000185898526000018/onholdingag-20260630_d2.htm
ONON,cash_flow,2025-06-30,6_months,Net cash and cash equivalents at June 30,1,846.6,1000000,CHF,2025,128,6-K,2026-08-11,https://www.sec.gov/Archives/edgar/data/1858985/000185898526000018/onholdingag-20260630_d2.htm
ONON,cash_flow,2025-06-30,6_months,Net exchange differences,1,159.2,1000000,CHF,2025,106,6-K,2026-08-11,https://www.sec.gov/Archives/edgar/data/1858985/000185898526000018/onholdingag-20260630_d2.htm
ONON,cash_flow,2025-06-30,6_months,Net impact of foreign exchange rate differences,1,-100.3,1000000,CHF,2025,127,6-K,2026-08-11,https://www.sec.gov/Archives/edgar/data/1858985/000185898526000018/onholdingag-20260630_d2.htm
ONON,cash_flow,2025-06-30,6_months,Net income,1,15.8,1000000,CHF,2025,99,6-K,2026-08-11,https://www.sec.gov/Archives/edgar/data/1858985/000185898526000018/onholdingag-20260630_d2.htm
ONON,cash_flow,2025-06-30,6_months,Payments of lease liabilities,1,-34.7,1000000,CHF,2025,121,6-K,2026-08-11,https://www.sec.gov/Archives/edgar/data/1858985/000185898526000018/onholdingag-20260630_d2.htm
ONON,cash_flow,2025-06-30,6_months,Proceeds from disposal of tangible assets,1,0.1,1000000,CHF,2025,118,6-K,2026-08-11,https://www.sec.gov/Archives/edgar/data/1858985/000185898526000018/onholdingag-20260630_d2.htm
ONON,cash_flow,2025-06-30,6_months,Proceeds on sale of treasury shares related to share-based compensation,1,7.7,1000000,CHF,2025,122,6-K,2026-08-11,https://www.sec.gov/Archives/edgar/data/1858985/000185898526000018/onholdingag-20260630_d2.htm
ONON,cash_flow,2025-06-30,6_months,Purchase of intangible assets,1,-2.2,1000000,CHF,2025,119,6-K,2026-08-11,https://www.sec.gov/Archives/edgar/data/1858985/000185898526000018/onholdingag-20260630_d2.htm
ONON,cash_flow,2025-06-30,6_months,"Purchase of property, plant and equipment",1,-27.3,1000000,CHF,2025,117,6-K,2026-08-11,https://www.sec.gov/Archives/edgar/data/1858985/000185898526000018/onholdingag-20260630_d2.htm
ONON,cash_flow,2025-06-30,6_months,Share-based compensation,1,25.2,1000000,CHF,2025,101,6-K,2026-08-11,https://www.sec.gov/Archives/edgar/data/1858985/000185898526000018/onholdingag-20260630_d2.htm
ONON,cash_flow,2025-06-30,6_months,Trade payables,1,-3.5,1000000,CHF,2025,111,6-K,2026-08-11,https://www.sec.gov/Archives/edgar/data/1858985/000185898526000018/onholdingag-20260630_d2.htm
ONON,cash_flow,2025-06-30,6_months,Trade receivables,1,-122.7,1000000,CHF,2025,109,6-K,2026-08-11,https://www.sec.gov/Archives/edgar/data/1858985/000185898526000018/onholdingag-20260630_d2.htm
ONON,income,2025-06-30,3_months,Basic EPS Class A (CHF),1,-0.12,1000000,CHF,2025,39,6-K,2026-08-11,https://www.sec.gov/Archives/edgar/data/1858985/000185898526000018/onholdingag-20260630_d2.htm
ONON,income,2025-06-30,6_months,Basic EPS Class A (CHF),1,0.05,1000000,CHF,2025,39,6-K,2026-08-11,https://www.sec.gov/Archives/edgar/data/1858985/000185898526000018/onholdingag-20260630_d2.htm
ONON,income,2025-06-30,3_months,Basic EPS Class B (CHF),1,-0.01,1000000,CHF,2025,40,6-K,2026-08-11,https://www.sec.gov/Archives/edgar/data/1858985/000185898526000018/onholdingag-20260630_d2.htm
ONON,income,2025-06-30,3_months,Cost of sales,1,-288.4,1000000,CHF,2025,28,6-K,2026-08-11,https://www.sec.gov/Archives/edgar/data/1858985/000185898526000018/onholdingag-20260630_d2.htm
ONON,income,2025-06-30,6_months,Cost of sales,1,-579.7,1000000,CHF,2025,28,6-K,2026-08-11,https://www.sec.gov/Archives/edgar/data/1858985/000185898526000018/onholdingag-20260630_d2.htm
ONON,income,2025-06-30,3_months,Diluted EPS Class A (CHF),1,-0.12,1000000,CHF,2025,41,6-K,2026-08-11,https://www.sec.gov/Archives/edgar/data/1858985/000185898526000018/onholdingag-20260630_d2.htm
ONON,income,2025-06-30,6_months,Diluted EPS Class A (CHF),1,0.05,1000000,CHF,2025,41,6-K,2026-08-11,https://www.sec.gov/Archives/edgar/data/1858985/000185898526000018/onholdingag-20260630_d2.htm
ONON,income,2025-06-30,3_months,Diluted EPS Class B (CHF),1,-0.01,1000000,CHF,2025,42,6-K,2026-08-11,https://www.sec.gov/Archives/edgar/data/1858985/000185898526000018/onholdingag-20260630_d2.htm
ONON,income,2025-06-30,3_months,Financial expenses,1,-7.7,1000000,CHF,2025,33,6-K,2026-08-11,https://www.sec.gov/Archives/edgar/data/1858985/000185898526000018/onholdingag-20260630_d2.htm
ONON,income,2025-06-30,6_months,Financial expenses,1,-13.6,1000000,CHF,2025,33,6-K,2026-08-11,https://www.sec.gov/Archives/edgar/data/1858985/000185898526000018/onholdingag-20260630_d2.htm
ONON,income,2025-06-30,3_months,Financial income,1,7.5,1000000,CHF,2025,32,6-K,2026-08-11,https://www.sec.gov/Archives/edgar/data/1858985/000185898526000018/onholdingag-20260630_d2.htm
ONON,income,2025-06-30,6_months,Financial income,1,14.8,1000000,CHF,2025,32,6-K,2026-08-11,https://www.sec.gov/Archives/edgar/data/1858985/000185898526000018/onholdingag-20260630_d2.htm
ONON,income,2025-06-30,3_months,Foreign exchange gain / (loss),1,-139.9,1000000,CHF,2025,34,6-K,2026-08-11,https://www.sec.gov/Archives/edgar/data/1858985/000185898526000018/onholdingag-20260630_d2.htm
ONON,income,2025-06-30,6_months,Foreign exchange gain / (loss),1,-154.4,1000000,CHF,2025,34,6-K,2026-08-11,https://www.sec.gov/Archives/edgar/data/1858985/000185898526000018/onholdingag-20260630_d2.htm
ONON,income,2025-06-30,3_months,Gross profit,1,460.8,1000000,CHF,2025,29,6-K,2026-08-11,https://www.sec.gov/Archives/edgar/data/1858985/000185898526000018/onholdingag-20260630_d2.htm
ONON,income,2025-06-30,6_months,Gross profit,1,896.1,1000000,CHF,2025,29,6-K,2026-08-11,https://www.sec.gov/Archives/edgar/data/1858985/000185898526000018/onholdingag-20260630_d2.htm
ONON,income,2025-06-30,3_months,Income / (loss) before taxes,1,-47.3,1000000,CHF,2025,35,6-K,2026-08-11,https://www.sec.gov/Archives/edgar/data/1858985/000185898526000018/onholdingag-20260630_d2.htm
ONON,income,2025-06-30,6_months,Income / (loss) before taxes,1,16.6,1000000,CHF,2025,35,6-K,2026-08-11,https://www.sec.gov/Archives/edgar/data/1858985/000185898526000018/onholdingag-20260630_d2.htm
ONON,income,2025-06-30,3_months,Income tax benefit / (expense),1,6.4,1000000,CHF,2025,36,6-K,2026-08-11,https://www.sec.gov/Archives/edgar/data/1858985/000185898526000018/onholdingag-20260630_d2.htm
ONON,income,2025-06-30,6_months,Income tax benefit / (expense),1,-0.8,1000000,CHF,2025,36,6-K,2026-08-11,https://www.sec.gov/Archives/edgar/data/1858985/000185898526000018/onholdingag-20260630_d2.htm
ONON,income,2025-06-30,3_months,Net income / (loss),1,-40.9,1000000,CHF,2025,37,6-K,2026-08-11,https://www.sec.gov/Archives/edgar/data/1858985/000185898526000018/onholdingag-20260630_d2.htm
ONON,income,2025-06-30,6_months,Net income / (loss),1,15.8,1000000,CHF,2025,37,6-K,2026-08-11,https://www.sec.gov/Archives/edgar/data/1858985/000185898526000018/onholdingag-20260630_d2.htm
ONON,income,2025-06-30,3_months,Net sales,1,749.2,1000000,CHF,2025,27,6-K,2026-08-11,https://www.sec.gov/Archives/edgar/data/1858985/000185898526000018/onholdingag-20260630_d2.htm
ONON,income,2025-06-30,6_months,Net sales,1,1475.8,1000000,CHF,2025,27,6-K,2026-08-11,https://www.sec.gov/Archives/edgar/data/1858985/000185898526000018/onholdingag-20260630_d2.htm
ONON,income,2025-06-30,3_months,Operating result,1,92.8,1000000,CHF,2025,31,6-K,2026-08-11,https://www.sec.gov/Archives/edgar/data/1858985/000185898526000018/onholdingag-20260630_d2.htm
ONON,income,2025-06-30,6_months,Operating result,1,169.8,1000000,CHF,2025,31,6-K,2026-08-11,https://www.sec.gov/Archives/edgar/data/1858985/000185898526000018/onholdingag-20260630_d2.htm
ONON,income,2025-06-30,3_months,"Selling, general and administrative expenses",1,-368.0,1000000,CHF,2025,30,6-K,2026-08-11,https://www.sec.gov/Archives/edgar/data/1858985/000185898526000018/onholdingag-20260630_d2.htm
ONON,income,2025-06-30,6_months,"Selling, general and administrative expenses",1,-726.3,1000000,CHF,2025,30,6-K,2026-08-11,https://www.sec.gov/Archives/edgar/data/1858985/000185898526000018/onholdingag-20260630_d2.htm
ONON,balance,2025-12-31,instant,Assets,1,2835.4,1000000,CHF,12/31/2025,73,6-K,2026-08-11,https://www.sec.gov/Archives/edgar/data/1858985/000185898526000018/onholdingag-20260630_d2.htm
ONON,balance,2025-12-31,instant,Capital reserves,1,1289.0,1000000,CHF,12/31/2025,89,6-K,2026-08-11,https://www.sec.gov/Archives/edgar/data/1858985/000185898526000018/onholdingag-20260630_d2.htm
ONON,balance,2025-12-31,instant,Cash and cash equivalents,1,1019.9,1000000,CHF,12/31/2025,62,6-K,2026-08-11,https://www.sec.gov/Archives/edgar/data/1858985/000185898526000018/onholdingag-20260630_d2.htm
ONON,balance,2025-12-31,instant,Current assets,1,1962.4,1000000,CHF,12/31/2025,67,6-K,2026-08-11,https://www.sec.gov/Archives/edgar/data/1858985/000185898526000018/onholdingag-20260630_d2.htm
ONON,balance,2025-12-31,instant,Current lease liabilities,1,81.2,1000000,CHF,12/31/2025,75,6-K,2026-08-11,https://www.sec.gov/Archives/edgar/data/1858985/000185898526000018/onholdingag-20260630_d2.htm
ONON,balance,2025-12-31,instant,Current liabilities,1,724.4,1000000,CHF,12/31/2025,80,6-K,2026-08-11,https://www.sec.gov/Archives/edgar/data/1858985/000185898526000018/onholdingag-20260630_d2.htm
ONON,balance,2025-12-31,instant,Current provisions,1,13.0,1000000,CHF,12/31/2025,78,6-K,2026-08-11,https://www.sec.gov/Archives/edgar/data/1858985/000185898526000018/onholdingag-20260630_d2.htm
ONON,balance,2025-12-31,instant,Deferred tax assets,1,175.9,1000000,CHF,12/31/2025,71,6-K,2026-08-11,https://www.sec.gov/Archives/edgar/data/1858985/000185898526000018/onholdingag-20260630_d2.htm
ONON,balance,2025-12-31,instant,Deferred tax liabilities,1,9.3,1000000,CHF,12/31/2025,85,6-K,2026-08-11,https://www.sec.gov/Archives/edgar/data/1858985/000185898526000018/onholdingag-20260630_d2.htm
ONON,balance,2025-12-31,instant,Employee benefit obligations,1,5.5,1000000,CHF,12/31/2025,81,6-K,2026-08-11,https://www.sec.gov/Archives/edgar/data/1858985/000185898526000018/onholdingag-20260630_d2.htm
ONON,balance,2025-12-31,instant,Equity,1,1632.4,1000000,CHF,12/31/2025,92,6-K,2026-08-11,https://www.sec.gov/Archives/edgar/data/1858985/000185898526000018/onholdingag-20260630_d2.htm
ONON,balance,2025-12-31,instant,Equity and liabilities,1,2835.4,1000000,CHF,12/31/2025,93,6-K,2026-08-11,https://www.sec.gov/Archives/edgar/data/1858985/000185898526000018/onholdingag-20260630_d2.htm
ONON,balance,2025-12-31,instant,Fair value of plan assets,1,59.9,1000000,CHF,"December 31, 2025",4556,20-F,2026-03-03,https://www.sec.gov/Archives/edgar/data/1858985/000185898526000008/onholdingag-20251231.htm
ONON,balance,2025-12-31,instant,Income tax liabilities,1,63.2,1000000,CHF,12/31/2025,79,6-K,2026-08-11,https://www.sec.gov/Archives/edgar/data/1858985/000185898526000018/onholdingag-20260630_d2.htm
ONON,balance,2025-12-31,instant,Intangible assets,1,54.2,1000000,CHF,12/31/2025,70,6-K,2026-08-11,https://www.sec.gov/Archives/edgar/data/1858985/000185898526000018/onholdingag-20260630_d2.htm
ONON,balance,2025-12-31,instant,Inventories,1,419.8,1000000,CHF,12/31/2025,64,6-K,2026-08-11,https://www.sec.gov/Archives/edgar/data/1858985/000185898526000018/onholdingag-20260630_d2.htm
ONON,balance,2025-12-31,instant,Non-current assets,1,873.0,1000000,CHF,12/31/2025,72,6-K,2026-08-11,https://www.sec.gov/Archives/edgar/data/1858985/000185898526000018/onholdingag-20260630_d2.htm
ONON,balance,2025-12-31,instant,Non-current lease liabilities,1,440.3,1000000,CHF,12/31/2025,83,6-K,2026-08-11,https://www.sec.gov/Archives/edgar/data/1858985/000185898526000018/onholdingag-20260630_d2.htm
ONON,balance,2025-12-31,instant,Non-current liabilities,1,478.6,1000000,CHF,12/31/2025,86,6-K,2026-08-11,https://www.sec.gov/Archives/edgar/data/1858985/000185898526000018/onholdingag-20260630_d2.htm
ONON,balance,2025-12-31,instant,Non-current provisions,1,20.7,1000000,CHF,12/31/2025,82,6-K,2026-08-11,https://www.sec.gov/Archives/edgar/data/1858985/000185898526000018/onholdingag-20260630_d2.htm
ONON,balance,2025-12-31,instant,Other current financial assets,1,59.2,1000000,CHF,12/31/2025,65,6-K,2026-08-11,https://www.sec.gov/Archives/edgar/data/1858985/000185898526000018/onholdingag-20260630_d2.htm
ONON,balance,2025-12-31,instant,Other current financial liabilities,1,56.7,1000000,CHF,12/31/2025,76,6-K,2026-08-11,https://www.sec.gov/Archives/edgar/data/1858985/000185898526000018/onholdingag-20260630_d2.htm
ONON,balance,2025-12-31,instant,Other current operating assets,1,158.2,1000000,CHF,12/31/2025,66,6-K,2026-08-11,https://www.sec.gov/Archives/edgar/data/1858985/000185898526000018/onholdingag-20260630_d2.htm
ONON,balance,2025-12-31,instant,Other current operating liabilities,1,355.4,1000000,CHF,12/31/2025,77,6-K,2026-08-11,https://www.sec.gov/Archives/edgar/data/1858985/000185898526000018/onholdingag-20260630_d2.htm
ONON,balance,2025-12-31,instant,Other non-current financial liabilities,1,2.8,1000000,CHF,12/31/2025,84,6-K,2026-08-11,https://www.sec.gov/Archives/edgar/data/1858985/000185898526000018/onholdingag-20260630_d2.htm
ONON,balance,2025-12-31,instant,Other reserves,1,-46.6,1000000,CHF,12/31/2025,90,6-K,2026-08-11,https://www.sec.gov/Archives/edgar/data/1858985/000185898526000018/onholdingag-20260630_d2.htm
ONON,balance,2025-12-31,instant,Present value of defined benefit obligation,1,-65.4,1000000,CHF,"December 31, 2025",4555,20-F,2026-03-03,https://www.sec.gov/Archives/edgar/data/1858985/000185898526000008/onholdingag-20251231.htm
ONON,balance,2025-12-31,instant,"Property, plant and equipment",1,148.8,1000000,CHF,12/31/2025,68,6-K,2026-08-11,https://www.sec.gov/Archives/edgar/data/1858985/000185898526000018/onholdingag-20260630_d2.htm
ONON,balance,2025-12-31,instant,Retained earnings,1,382.6,1000000,CHF,12/31/2025,91,6-K,2026-08-11,https://www.sec.gov/Archives/edgar/data/1858985/000185898526000018/onholdingag-20260630_d2.htm
ONON,balance,2025-12-31,instant,Right-of-use assets,1,494.1,1000000,CHF,12/31/2025,69,6-K,2026-08-11,https://www.sec.gov/Archives/edgar/data/1858985/000185898526000018/onholdingag-20260630_d2.htm
ONON,balance,2025-12-31,instant,Share capital,1,34.1,1000000,CHF,12/31/2025,87,6-K,2026-08-11,https://www.sec.gov/Archives/edgar/data/1858985/000185898526000018/onholdingag-20260630_d2.htm
ONON,balance,2025-12-31,instant,Trade payables,1,154.8,1000000,CHF,12/31/2025,74,6-K,2026-08-11,https://www.sec.gov/Archives/edgar/data/1858985/000185898526000018/onholdingag-20260630_d2.htm
ONON,balance,2025-12-31,instant,Trade receivables,1,305.4,1000000,CHF,12/31/2025,63,6-K,2026-08-11,https://www.sec.gov/Archives/edgar/data/1858985/000185898526000018/onholdingag-20260630_d2.htm
ONON,balance,2025-12-31,instant,Treasury shares,1,-26.7,1000000,CHF,12/31/2025,88,6-K,2026-08-11,https://www.sec.gov/Archives/edgar/data/1858985/000185898526000018/onholdingag-20260630_d2.htm
ONON,cash_flow,2025-12-31,annual,Cash (outflow) from financing activities,1,-78.5,1000000,CHF,"Year ended December 31, — 2025",3662,20-F,2026-03-03,https://www.sec.gov/Archives/edgar/data/1858985/000185898526000008/onholdingag-20251231.htm
ONON,cash_flow,2025-12-31,annual,Cash (outflow) from investing activities,1,-78.6,1000000,CHF,"Year ended December 31, — 2025",3657,20-F,2026-03-03,https://www.sec.gov/Archives/edgar/data/1858985/000185898526000008/onholdingag-20251231.htm
ONON,cash_flow,2025-12-31,annual,Cash inflow from operating activities,1,359.5,1000000,CHF,"Year ended December 31, — 2025",3653,20-F,2026-03-03,https://www.sec.gov/Archives/edgar/data/1858985/000185898526000008/onholdingag-20251231.htm
ONON,cash_flow,2025-12-31,annual,Change in net cash and cash equivalents,1,202.2,1000000,CHF,"Year ended December 31, — 2025",3663,20-F,2026-03-03,https://www.sec.gov/Archives/edgar/data/1858985/000185898526000008/onholdingag-20251231.htm
ONON,cash_flow,2025-12-31,annual,Change in other current assets / liabilities,1,25.0,1000000,CHF,"Year ended December 31, — 2025",3649,20-F,2026-03-03,https://www.sec.gov/Archives/edgar/data/1858985/000185898526000008/onholdingag-20251231.htm
ONON,cash_flow,2025-12-31,annual,Change in provisions,1,-7.8,1000000,CHF,"Year ended December 31, — 2025",3650,20-F,2026-03-03,https://www.sec.gov/Archives/edgar/data/1858985/000185898526000008/onholdingag-20251231.htm
ONON,cash_flow,2025-12-31,annual,Change in working capital,1,-187.7,1000000,CHF,"Year ended December 31, — 2025",3645,20-F,2026-03-03,https://www.sec.gov/Archives/edgar/data/1858985/000185898526000008/onholdingag-20251231.htm
ONON,cash_flow,2025-12-31,annual,Depreciation and amortization,1,127.4,1000000,CHF,"Year ended December 31, — 2025",3640,20-F,2026-03-03,https://www.sec.gov/Archives/edgar/data/1858985/000185898526000008/onholdingag-20251231.htm
ONON,cash_flow,2025-12-31,annual,Employee benefit expenses,1,4.0,1000000,CHF,"Year ended December 31, — 2025",3639,20-F,2026-03-03,https://www.sec.gov/Archives/edgar/data/1858985/000185898526000008/onholdingag-20251231.htm
ONON,cash_flow,2025-12-31,annual,Income taxes,1,1.5,1000000,CHF,"Year ended December 31, — 2025",3644,20-F,2026-03-03,https://www.sec.gov/Archives/edgar/data/1858985/000185898526000008/onholdingag-20251231.htm
ONON,cash_flow,2025-12-31,annual,Income taxes paid,1,-64.0,1000000,CHF,"Year ended December 31, — 2025",3652,20-F,2026-03-03,https://www.sec.gov/Archives/edgar/data/1858985/000185898526000008/onholdingag-20251231.htm
ONON,cash_flow,2025-12-31,annual,Interest income and expenses,1,-8.5,1000000,CHF,"Year ended December 31, — 2025",3642,20-F,2026-03-03,https://www.sec.gov/Archives/edgar/data/1858985/000185898526000008/onholdingag-20251231.htm
ONON,cash_flow,2025-12-31,annual,Interest paid,1,-21.5,1000000,CHF,"Year ended December 31, — 2025",3661,20-F,2026-03-03,https://www.sec.gov/Archives/edgar/data/1858985/000185898526000008/onholdingag-20251231.htm
ONON,cash_flow,2025-12-31,annual,Interest received,1,30.1,1000000,CHF,"Year ended December 31, — 2025",3651,20-F,2026-03-03,https://www.sec.gov/Archives/edgar/data/1858985/000185898526000008/onholdingag-20251231.htm
ONON,cash_flow,2025-12-31,annual,Inventories,1,-82.4,1000000,CHF,"Year ended December 31, — 2025",3647,20-F,2026-03-03,https://www.sec.gov/Archives/edgar/data/1858985/000185898526000008/onholdingag-20251231.htm
ONON,cash_flow,2025-12-31,annual,Loss on disposal of assets and impairment,1,3.7,1000000,CHF,"Year ended December 31, — 2025",3641,20-F,2026-03-03,https://www.sec.gov/Archives/edgar/data/1858985/000185898526000008/onholdingag-20251231.htm
ONON,cash_flow,2025-12-31,annual,Net cash and cash equivalents as of December 31,1,1019.9,1000000,CHF,"Year ended December 31, — 2025",3666,20-F,2026-03-03,https://www.sec.gov/Archives/edgar/data/1858985/000185898526000008/onholdingag-20251231.htm
ONON,cash_flow,2025-12-31,annual,Net cash and cash equivalents as of January 1,1,924.3,1000000,CHF,"Year ended December 31, — 2025",3664,20-F,2026-03-03,https://www.sec.gov/Archives/edgar/data/1858985/000185898526000008/onholdingag-20251231.htm
ONON,cash_flow,2025-12-31,annual,Net exchange differences,1,165.6,1000000,CHF,"Year ended December 31, — 2025",3643,20-F,2026-03-03,https://www.sec.gov/Archives/edgar/data/1858985/000185898526000008/onholdingag-20251231.htm
ONON,cash_flow,2025-12-31,annual,Net impact of foreign exchange rate differences,1,-106.7,1000000,CHF,"Year ended December 31, — 2025",3665,20-F,2026-03-03,https://www.sec.gov/Archives/edgar/data/1858985/000185898526000008/onholdingag-20251231.htm
ONON,cash_flow,2025-12-31,annual,Net income,1,203.7,1000000,CHF,"Year ended December 31, — 2025",3636,20-F,2026-03-03,https://www.sec.gov/Archives/edgar/data/1858985/000185898526000008/onholdingag-20251231.htm
ONON,cash_flow,2025-12-31,annual,Payments of lease liabilities,1,-69.9,1000000,CHF,"Year ended December 31, — 2025",3658,20-F,2026-03-03,https://www.sec.gov/Archives/edgar/data/1858985/000185898526000008/onholdingag-20251231.htm
ONON,cash_flow,2025-12-31,annual,Proceeds from issuance of shares,1,4.3,1000000,CHF,"Year ended December 31, — 2025",3659,20-F,2026-03-03,https://www.sec.gov/Archives/edgar/data/1858985/000185898526000008/onholdingag-20251231.htm
ONON,cash_flow,2025-12-31,annual,Proceeds on sale of treasury shares related to share-based compensation,1,8.6,1000000,CHF,"Year ended December 31, — 2025",3660,20-F,2026-03-03,https://www.sec.gov/Archives/edgar/data/1858985/000185898526000008/onholdingag-20251231.htm
ONON,cash_flow,2025-12-31,annual,Purchase of intangible assets,1,-5.7,1000000,CHF,"Year ended December 31, — 2025",3656,20-F,2026-03-03,https://www.sec.gov/Archives/edgar/data/1858985/000185898526000008/onholdingag-20251231.htm
ONON,cash_flow,2025-12-31,annual,"Purchase of property, plant and equipment",1,-72.9,1000000,CHF,"Year ended December 31, — 2025",3654,20-F,2026-03-03,https://www.sec.gov/Archives/edgar/data/1858985/000185898526000008/onholdingag-20251231.htm
ONON,cash_flow,2025-12-31,annual,Share-based compensation,1,66.6,1000000,CHF,"Year ended December 31, — 2025",3638,20-F,2026-03-03,https://www.sec.gov/Archives/edgar/data/1858985/000185898526000008/onholdingag-20251231.htm
ONON,cash_flow,2025-12-31,annual,Trade payables,1,-9.2,1000000,CHF,"Year ended December 31, — 2025",3648,20-F,2026-03-03,https://www.sec.gov/Archives/edgar/data/1858985/000185898526000008/onholdingag-20251231.htm
ONON,cash_flow,2025-12-31,annual,Trade receivables,1,-96.1,1000000,CHF,"Year ended December 31, — 2025",3646,20-F,2026-03-03,https://www.sec.gov/Archives/edgar/data/1858985/000185898526000008/onholdingag-20251231.htm
ONON,income,2025-12-31,annual,Basic EPS Class A (CHF),1,0.62,1000000,CHF,"Year ended December 31, — 2025",3570,20-F,2026-03-03,https://www.sec.gov/Archives/edgar/data/1858985/000185898526000008/onholdingag-20251231.htm
ONON,income,2025-12-31,annual,Basic EPS Class B (CHF),1,0.06,1000000,CHF,"Year ended December 31, — 2025",3571,20-F,2026-03-03,https://www.sec.gov/Archives/edgar/data/1858985/000185898526000008/onholdingag-20251231.htm
ONON,income,2025-12-31,annual,Cost of sales,1,-1120.3,1000000,CHF,"Year ended December 31, — 2025",3559,20-F,2026-03-03,https://www.sec.gov/Archives/edgar/data/1858985/000185898526000008/onholdingag-20251231.htm
ONON,income,2025-12-31,annual,Current service cost,1,-8.6,1000000,CHF,2025,4575,20-F,2026-03-03,https://www.sec.gov/Archives/edgar/data/1858985/000185898526000008/onholdingag-20251231.htm
ONON,income,2025-12-31,annual,Diluted EPS Class A (CHF),1,0.61,1000000,CHF,"Year ended December 31, — 2025",3572,20-F,2026-03-03,https://www.sec.gov/Archives/edgar/data/1858985/000185898526000008/onholdingag-20251231.htm
ONON,income,2025-12-31,annual,Diluted EPS Class B (CHF),1,0.06,1000000,CHF,"Year ended December 31, — 2025",3573,20-F,2026-03-03,https://www.sec.gov/Archives/edgar/data/1858985/000185898526000008/onholdingag-20251231.htm
ONON,income,2025-12-31,annual,Employee benefit expenses,1,-8.3,1000000,CHF,2025,4577,20-F,2026-03-03,https://www.sec.gov/Archives/edgar/data/1858985/000185898526000008/onholdingag-20251231.htm
ONON,income,2025-12-31,annual,Financial expenses,1,-29.6,1000000,CHF,"Year ended December 31, — 2025",3564,20-F,2026-03-03,https://www.sec.gov/Archives/edgar/data/1858985/000185898526000008/onholdingag-20251231.htm
ONON,income,2025-12-31,annual,Financial income,1,30.9,1000000,CHF,"Year ended December 31, — 2025",3563,20-F,2026-03-03,https://www.sec.gov/Archives/edgar/data/1858985/000185898526000008/onholdingag-20251231.htm
ONON,income,2025-12-31,annual,Foreign exchange gain / (loss),1,-173.2,1000000,CHF,"Year ended December 31, — 2025",3565,20-F,2026-03-03,https://www.sec.gov/Archives/edgar/data/1858985/000185898526000008/onholdingag-20251231.htm
ONON,income,2025-12-31,annual,Gross profit,1,1893.6,1000000,CHF,"Year ended December 31, — 2025",3560,20-F,2026-03-03,https://www.sec.gov/Archives/edgar/data/1858985/000185898526000008/onholdingag-20251231.htm
ONON,income,2025-12-31,annual,Income before taxes,1,205.2,1000000,CHF,"Year ended December 31, — 2025",3566,20-F,2026-03-03,https://www.sec.gov/Archives/edgar/data/1858985/000185898526000008/onholdingag-20251231.htm
ONON,income,2025-12-31,annual,Income tax benefit / (expense),1,-1.5,1000000,CHF,"Year ended December 31, — 2025",3567,20-F,2026-03-03,https://www.sec.gov/Archives/edgar/data/1858985/000185898526000008/onholdingag-20251231.htm
ONON,income,2025-12-31,annual,Net income,1,203.7,1000000,CHF,"Year ended December 31, — 2025",3568,20-F,2026-03-03,https://www.sec.gov/Archives/edgar/data/1858985/000185898526000008/onholdingag-20251231.htm
ONON,income,2025-12-31,annual,Net sales,1,3014.0,1000000,CHF,"Year ended December 31, — 2025",3558,20-F,2026-03-03,https://www.sec.gov/Archives/edgar/data/1858985/000185898526000008/onholdingag-20251231.htm
ONON,income,2025-12-31,annual,Operating result,1,377.0,1000000,CHF,"Year ended December 31, — 2025",3562,20-F,2026-03-03,https://www.sec.gov/Archives/edgar/data/1858985/000185898526000008/onholdingag-20251231.htm
ONON,income,2025-12-31,annual,Past service cost,1,0.3,1000000,CHF,2025,4576,20-F,2026-03-03,https://www.sec.gov/Archives/edgar/data/1858985/000185898526000008/onholdingag-20251231.htm
ONON,income,2025-12-31,annual,"Selling, general and administrative expenses",1,-1516.6,1000000,CHF,"Year ended December 31, — 2025",3561,20-F,2026-03-03,https://www.sec.gov/Archives/edgar/data/1858985/000185898526000008/onholdingag-20251231.htm
ONON,balance,2026-06-30,instant,Assets,1,3242.9,1000000,CHF,6/30/2026,73,6-K,2026-08-11,https://www.sec.gov/Archives/edgar/data/1858985/000185898526000018/onholdingag-20260630_d2.htm
ONON,balance,2026-06-30,instant,Capital reserves,1,1324.7,1000000,CHF,6/30/2026,89,6-K,2026-08-11,https://www.sec.gov/Archives/edgar/data/1858985/000185898526000018/onholdingag-20260630_d2.htm
ONON,balance,2026-06-30,instant,Cash and cash equivalents,1,1205.6,1000000,CHF,6/30/2026,62,6-K,2026-08-11,https://www.sec.gov/Archives/edgar/data/1858985/000185898526000018/onholdingag-20260630_d2.htm
ONON,balance,2026-06-30,instant,Current assets,1,2293.0,1000000,CHF,6/30/2026,67,6-K,2026-08-11,https://www.sec.gov/Archives/edgar/data/1858985/000185898526000018/onholdingag-20260630_d2.htm
ONON,balance,2026-06-30,instant,Current lease liabilities,1,87.9,1000000,CHF,6/30/2026,75,6-K,2026-08-11,https://www.sec.gov/Archives/edgar/data/1858985/000185898526000018/onholdingag-20260630_d2.htm
ONON,balance,2026-06-30,instant,Current liabilities,1,810.0,1000000,CHF,6/30/2026,80,6-K,2026-08-11,https://www.sec.gov/Archives/edgar/data/1858985/000185898526000018/onholdingag-20260630_d2.htm
ONON,balance,2026-06-30,instant,Current provisions,1,12.0,1000000,CHF,6/30/2026,78,6-K,2026-08-11,https://www.sec.gov/Archives/edgar/data/1858985/000185898526000018/onholdingag-20260630_d2.htm
ONON,balance,2026-06-30,instant,Deferred tax assets,1,187.8,1000000,CHF,6/30/2026,71,6-K,2026-08-11,https://www.sec.gov/Archives/edgar/data/1858985/000185898526000018/onholdingag-20260630_d2.htm
ONON,balance,2026-06-30,instant,Deferred tax liabilities,1,5.5,1000000,CHF,6/30/2026,85,6-K,2026-08-11,https://www.sec.gov/Archives/edgar/data/1858985/000185898526000018/onholdingag-20260630_d2.htm
ONON,balance,2026-06-30,instant,Employee benefit obligations,1,8.1,1000000,CHF,6/30/2026,81,6-K,2026-08-11,https://www.sec.gov/Archives/edgar/data/1858985/000185898526000018/onholdingag-20260630_d2.htm
ONON,balance,2026-06-30,instant,Equity,1,1911.4,1000000,CHF,6/30/2026,92,6-K,2026-08-11,https://www.sec.gov/Archives/edgar/data/1858985/000185898526000018/onholdingag-20260630_d2.htm
ONON,balance,2026-06-30,instant,Equity and liabilities,1,3242.9,1000000,CHF,6/30/2026,93,6-K,2026-08-11,https://www.sec.gov/Archives/edgar/data/1858985/000185898526000018/onholdingag-20260630_d2.htm
ONON,balance,2026-06-30,instant,Income tax liabilities,1,81.4,1000000,CHF,6/30/2026,79,6-K,2026-08-11,https://www.sec.gov/Archives/edgar/data/1858985/000185898526000018/onholdingag-20260630_d2.htm
ONON,balance,2026-06-30,instant,Intangible assets,1,55.8,1000000,CHF,6/30/2026,70,6-K,2026-08-11,https://www.sec.gov/Archives/edgar/data/1858985/000185898526000018/onholdingag-20260630_d2.htm
ONON,balance,2026-06-30,instant,Inventories,1,472.9,1000000,CHF,6/30/2026,64,6-K,2026-08-11,https://www.sec.gov/Archives/edgar/data/1858985/000185898526000018/onholdingag-20260630_d2.htm
ONON,balance,2026-06-30,instant,Non-current assets,1,949.9,1000000,CHF,6/30/2026,72,6-K,2026-08-11,https://www.sec.gov/Archives/edgar/data/1858985/000185898526000018/onholdingag-20260630_d2.htm
ONON,balance,2026-06-30,instant,Non-current lease liabilities,1,474.6,1000000,CHF,6/30/2026,83,6-K,2026-08-11,https://www.sec.gov/Archives/edgar/data/1858985/000185898526000018/onholdingag-20260630_d2.htm
ONON,balance,2026-06-30,instant,Non-current liabilities,1,521.5,1000000,CHF,6/30/2026,86,6-K,2026-08-11,https://www.sec.gov/Archives/edgar/data/1858985/000185898526000018/onholdingag-20260630_d2.htm
ONON,balance,2026-06-30,instant,Non-current provisions,1,27.6,1000000,CHF,6/30/2026,82,6-K,2026-08-11,https://www.sec.gov/Archives/edgar/data/1858985/000185898526000018/onholdingag-20260630_d2.htm
ONON,balance,2026-06-30,instant,Other current financial assets,1,78.1,1000000,CHF,6/30/2026,65,6-K,2026-08-11,https://www.sec.gov/Archives/edgar/data/1858985/000185898526000018/onholdingag-20260630_d2.htm
ONON,balance,2026-06-30,instant,Other current financial liabilities,1,46.3,1000000,CHF,6/30/2026,76,6-K,2026-08-11,https://www.sec.gov/Archives/edgar/data/1858985/000185898526000018/onholdingag-20260630_d2.htm
ONON,balance,2026-06-30,instant,Other current operating assets,1,162.4,1000000,CHF,6/30/2026,66,6-K,2026-08-11,https://www.sec.gov/Archives/edgar/data/1858985/000185898526000018/onholdingag-20260630_d2.htm
ONON,balance,2026-06-30,instant,Other current operating liabilities,1,371.3,1000000,CHF,6/30/2026,77,6-K,2026-08-11,https://www.sec.gov/Archives/edgar/data/1858985/000185898526000018/onholdingag-20260630_d2.htm
ONON,balance,2026-06-30,instant,Other non-current financial liabilities,1,5.6,1000000,CHF,6/30/2026,84,6-K,2026-08-11,https://www.sec.gov/Archives/edgar/data/1858985/000185898526000018/onholdingag-20260630_d2.htm
ONON,balance,2026-06-30,instant,Other reserves,1,-12.0,1000000,CHF,6/30/2026,90,6-K,2026-08-11,https://www.sec.gov/Archives/edgar/data/1858985/000185898526000018/onholdingag-20260630_d2.htm
ONON,balance,2026-06-30,instant,"Property, plant and equipment",1,175.5,1000000,CHF,6/30/2026,68,6-K,2026-08-11,https://www.sec.gov/Archives/edgar/data/1858985/000185898526000018/onholdingag-20260630_d2.htm
ONON,balance,2026-06-30,instant,Retained earnings,1,590.9,1000000,CHF,6/30/2026,91,6-K,2026-08-11,https://www.sec.gov/Archives/edgar/data/1858985/000185898526000018/onholdingag-20260630_d2.htm
ONON,balance,2026-06-30,instant,Right-of-use assets,1,530.7,1000000,CHF,6/30/2026,69,6-K,2026-08-11,https://www.sec.gov/Archives/edgar/data/1858985/000185898526000018/onholdingag-20260630_d2.htm
ONON,balance,2026-06-30,instant,Share capital,1,34.1,1000000,CHF,6/30/2026,87,6-K,2026-08-11,https://www.sec.gov/Archives/edgar/data/1858985/000185898526000018/onholdingag-20260630_d2.htm
ONON,balance,2026-06-30,instant,Trade payables,1,211.0,1000000,CHF,6/30/2026,74,6-K,2026-08-11,https://www.sec.gov/Archives/edgar/data/1858985/000185898526000018/onholdingag-20260630_d2.htm
ONON,balance,2026-06-30,instant,Trade receivables,1,374.0,1000000,CHF,6/30/2026,63,6-K,2026-08-11,https://www.sec.gov/Archives/edgar/data/1858985/000185898526000018/onholdingag-20260630_d2.htm
ONON,balance,2026-06-30,instant,Treasury shares,1,-26.4,1000000,CHF,6/30/2026,88,6-K,2026-08-11,https://www.sec.gov/Archives/edgar/data/1858985/000185898526000018/onholdingag-20260630_d2.htm
ONON,cash_flow,2026-06-30,6_months,Cash (outflow) from financing activities,1,-43.3,1000000,CHF,"Six-month period ended June 30, — 2026",124,6-K,2026-08-11,https://www.sec.gov/Archives/edgar/data/1858985/000185898526000018/onholdingag-20260630_d2.htm
ONON,cash_flow,2026-06-30,6_months,Cash (outflow) from investing activities,1,-47.2,1000000,CHF,"Six-month period ended June 30, — 2026",120,6-K,2026-08-11,https://www.sec.gov/Archives/edgar/data/1858985/000185898526000018/onholdingag-20260630_d2.htm
ONON,cash_flow,2026-06-30,6_months,Cash inflow from operating activities,1,255.0,1000000,CHF,"Six-month period ended June 30, — 2026",116,6-K,2026-08-11,https://www.sec.gov/Archives/edgar/data/1858985/000185898526000018/onholdingag-20260630_d2.htm
ONON,cash_flow,2026-06-30,6_months,Change in net cash and cash equivalents,1,164.6,1000000,CHF,"Six-month period ended June 30, — 2026",125,6-K,2026-08-11,https://www.sec.gov/Archives/edgar/data/1858985/000185898526000018/onholdingag-20260630_d2.htm
ONON,cash_flow,2026-06-30,6_months,Change in other current assets / liabilities,1,-9.7,1000000,CHF,"Six-month period ended June 30, — 2026",112,6-K,2026-08-11,https://www.sec.gov/Archives/edgar/data/1858985/000185898526000018/onholdingag-20260630_d2.htm
ONON,cash_flow,2026-06-30,6_months,Change in provisions,1,1.8,1000000,CHF,"Six-month period ended June 30, — 2026",113,6-K,2026-08-11,https://www.sec.gov/Archives/edgar/data/1858985/000185898526000018/onholdingag-20260630_d2.htm
ONON,cash_flow,2026-06-30,6_months,Change in working capital,1,-49.5,1000000,CHF,"Six-month period ended June 30, — 2026",108,6-K,2026-08-11,https://www.sec.gov/Archives/edgar/data/1858985/000185898526000018/onholdingag-20260630_d2.htm
ONON,cash_flow,2026-06-30,6_months,Depreciation and amortization,1,72.1,1000000,CHF,"Six-month period ended June 30, — 2026",103,6-K,2026-08-11,https://www.sec.gov/Archives/edgar/data/1858985/000185898526000018/onholdingag-20260630_d2.htm
ONON,cash_flow,2026-06-30,6_months,Employee benefit expenses,1,2.0,1000000,CHF,"Six-month period ended June 30, — 2026",102,6-K,2026-08-11,https://www.sec.gov/Archives/edgar/data/1858985/000185898526000018/onholdingag-20260630_d2.htm
ONON,cash_flow,2026-06-30,6_months,Income taxes,1,33.5,1000000,CHF,"Six-month period ended June 30, — 2026",107,6-K,2026-08-11,https://www.sec.gov/Archives/edgar/data/1858985/000185898526000018/onholdingag-20260630_d2.htm
ONON,cash_flow,2026-06-30,6_months,Income taxes paid,1,-40.1,1000000,CHF,"Six-month period ended June 30, — 2026",115,6-K,2026-08-11,https://www.sec.gov/Archives/edgar/data/1858985/000185898526000018/onholdingag-20260630_d2.htm
ONON,cash_flow,2026-06-30,6_months,Interest income and expenses,1,-4.8,1000000,CHF,"Six-month period ended June 30, — 2026",105,6-K,2026-08-11,https://www.sec.gov/Archives/edgar/data/1858985/000185898526000018/onholdingag-20260630_d2.htm
ONON,cash_flow,2026-06-30,6_months,Interest paid,1,-12.5,1000000,CHF,"Six-month period ended June 30, — 2026",123,6-K,2026-08-11,https://www.sec.gov/Archives/edgar/data/1858985/000185898526000018/onholdingag-20260630_d2.htm
ONON,cash_flow,2026-06-30,6_months,Interest received,1,17.3,1000000,CHF,"Six-month period ended June 30, — 2026",114,6-K,2026-08-11,https://www.sec.gov/Archives/edgar/data/1858985/000185898526000018/onholdingag-20260630_d2.htm
ONON,cash_flow,2026-06-30,6_months,Inventories,1,-37.4,1000000,CHF,"Six-month period ended June 30, — 2026",110,6-K,2026-08-11,https://www.sec.gov/Archives/edgar/data/1858985/000185898526000018/onholdingag-20260630_d2.htm
ONON,cash_flow,2026-06-30,6_months,Loss on disposal of assets,1,0.1,1000000,CHF,"Six-month period ended June 30, — 2026",104,6-K,2026-08-11,https://www.sec.gov/Archives/edgar/data/1858985/000185898526000018/onholdingag-20260630_d2.htm
ONON,cash_flow,2026-06-30,6_months,Net cash and cash equivalents at January 1,1,1019.9,1000000,CHF,"Six-month period ended June 30, — 2026",126,6-K,2026-08-11,https://www.sec.gov/Archives/edgar/data/1858985/000185898526000018/onholdingag-20260630_d2.htm
ONON,cash_flow,2026-06-30,6_months,Net cash and cash equivalents at June 30,1,1205.6,1000000,CHF,"Six-month period ended June 30, — 2026",128,6-K,2026-08-11,https://www.sec.gov/Archives/edgar/data/1858985/000185898526000018/onholdingag-20260630_d2.htm
ONON,cash_flow,2026-06-30,6_months,Net exchange differences,1,-6.8,1000000,CHF,"Six-month period ended June 30, — 2026",106,6-K,2026-08-11,https://www.sec.gov/Archives/edgar/data/1858985/000185898526000018/onholdingag-20260630_d2.htm
ONON,cash_flow,2026-06-30,6_months,Net impact of foreign exchange rate differences,1,21.1,1000000,CHF,"Six-month period ended June 30, — 2026",127,6-K,2026-08-11,https://www.sec.gov/Archives/edgar/data/1858985/000185898526000018/onholdingag-20260630_d2.htm
ONON,cash_flow,2026-06-30,6_months,Net income,1,208.3,1000000,CHF,"Six-month period ended June 30, — 2026",99,6-K,2026-08-11,https://www.sec.gov/Archives/edgar/data/1858985/000185898526000018/onholdingag-20260630_d2.htm
ONON,cash_flow,2026-06-30,6_months,Payments of lease liabilities,1,-35.8,1000000,CHF,"Six-month period ended June 30, — 2026",121,6-K,2026-08-11,https://www.sec.gov/Archives/edgar/data/1858985/000185898526000018/onholdingag-20260630_d2.htm
ONON,cash_flow,2026-06-30,6_months,Proceeds on sale of treasury shares related to share-based compensation,1,5.0,1000000,CHF,"Six-month period ended June 30, — 2026",122,6-K,2026-08-11,https://www.sec.gov/Archives/edgar/data/1858985/000185898526000018/onholdingag-20260630_d2.htm
ONON,cash_flow,2026-06-30,6_months,Purchase of intangible assets,1,-5.3,1000000,CHF,"Six-month period ended June 30, — 2026",119,6-K,2026-08-11,https://www.sec.gov/Archives/edgar/data/1858985/000185898526000018/onholdingag-20260630_d2.htm
ONON,cash_flow,2026-06-30,6_months,"Purchase of property, plant and equipment",1,-41.9,1000000,CHF,"Six-month period ended June 30, — 2026",117,6-K,2026-08-11,https://www.sec.gov/Archives/edgar/data/1858985/000185898526000018/onholdingag-20260630_d2.htm
ONON,cash_flow,2026-06-30,6_months,Share-based compensation,1,30.9,1000000,CHF,"Six-month period ended June 30, — 2026",101,6-K,2026-08-11,https://www.sec.gov/Archives/edgar/data/1858985/000185898526000018/onholdingag-20260630_d2.htm
ONON,cash_flow,2026-06-30,6_months,Trade payables,1,49.2,1000000,CHF,"Six-month period ended June 30, — 2026",111,6-K,2026-08-11,https://www.sec.gov/Archives/edgar/data/1858985/000185898526000018/onholdingag-20260630_d2.htm
ONON,cash_flow,2026-06-30,6_months,Trade receivables,1,-61.3,1000000,CHF,"Six-month period ended June 30, — 2026",109,6-K,2026-08-11,https://www.sec.gov/Archives/edgar/data/1858985/000185898526000018/onholdingag-20260630_d2.htm
ONON,income,2026-06-30,3_months,Basic EPS Class A (CHF),1,0.31,1000000,CHF,"Three-month period ended June 30, — 2026",39,6-K,2026-08-11,https://www.sec.gov/Archives/edgar/data/1858985/000185898526000018/onholdingag-20260630_d2.htm
ONON,income,2026-06-30,6_months,Basic EPS Class A (CHF),1,0.63,1000000,CHF,"Six-month period ended June 30, — 2026",39,6-K,2026-08-11,https://www.sec.gov/Archives/edgar/data/1858985/000185898526000018/onholdingag-20260630_d2.htm
ONON,income,2026-06-30,3_months,Basic EPS Class B (CHF),1,0.03,1000000,CHF,"Three-month period ended June 30, — 2026",40,6-K,2026-08-11,https://www.sec.gov/Archives/edgar/data/1858985/000185898526000018/onholdingag-20260630_d2.htm
ONON,income,2026-06-30,6_months,Basic EPS Class B (CHF),1,0.06,1000000,CHF,"Six-month period ended June 30, — 2026",40,6-K,2026-08-11,https://www.sec.gov/Archives/edgar/data/1858985/000185898526000018/onholdingag-20260630_d2.htm
ONON,income,2026-06-30,3_months,Cost of sales,1,-294.6,1000000,CHF,"Three-month period ended June 30, — 2026",28,6-K,2026-08-11,https://www.sec.gov/Archives/edgar/data/1858985/000185898526000018/onholdingag-20260630_d2.htm
ONON,income,2026-06-30,6_months,Cost of sales,1,-592.2,1000000,CHF,"Six-month period ended June 30, — 2026",28,6-K,2026-08-11,https://www.sec.gov/Archives/edgar/data/1858985/000185898526000018/onholdingag-20260630_d2.htm
ONON,income,2026-06-30,3_months,Diluted EPS Class A (CHF),1,0.31,1000000,CHF,"Three-month period ended June 30, — 2026",41,6-K,2026-08-11,https://www.sec.gov/Archives/edgar/data/1858985/000185898526000018/onholdingag-20260630_d2.htm
ONON,income,2026-06-30,6_months,Diluted EPS Class A (CHF),1,0.62,1000000,CHF,"Six-month period ended June 30, — 2026",41,6-K,2026-08-11,https://www.sec.gov/Archives/edgar/data/1858985/000185898526000018/onholdingag-20260630_d2.htm
ONON,income,2026-06-30,3_months,Diluted EPS Class B (CHF),1,0.03,1000000,CHF,"Three-month period ended June 30, — 2026",42,6-K,2026-08-11,https://www.sec.gov/Archives/edgar/data/1858985/000185898526000018/onholdingag-20260630_d2.htm
ONON,income,2026-06-30,6_months,Diluted EPS Class B (CHF),1,0.06,1000000,CHF,"Six-month period ended June 30, — 2026",42,6-K,2026-08-11,https://www.sec.gov/Archives/edgar/data/1858985/000185898526000018/onholdingag-20260630_d2.htm
ONON,income,2026-06-30,3_months,Financial expenses,1,-8.3,1000000,CHF,"Three-month period ended June 30, — 2026",33,6-K,2026-08-11,https://www.sec.gov/Archives/edgar/data/1858985/000185898526000018/onholdingag-20260630_d2.htm
ONON,income,2026-06-30,6_months,Financial expenses,1,-16.3,1000000,CHF,"Six-month period ended June 30, — 2026",33,6-K,2026-08-11,https://www.sec.gov/Archives/edgar/data/1858985/000185898526000018/onholdingag-20260630_d2.htm
ONON,income,2026-06-30,3_months,Financial income,1,11.3,1000000,CHF,"Three-month period ended June 30, — 2026",32,6-K,2026-08-11,https://www.sec.gov/Archives/edgar/data/1858985/000185898526000018/onholdingag-20260630_d2.htm
ONON,income,2026-06-30,6_months,Financial income,1,18.3,1000000,CHF,"Six-month period ended June 30, — 2026",32,6-K,2026-08-11,https://www.sec.gov/Archives/edgar/data/1858985/000185898526000018/onholdingag-20260630_d2.htm
ONON,income,2026-06-30,3_months,Foreign exchange gain / (loss),1,3.3,1000000,CHF,"Three-month period ended June 30, — 2026",34,6-K,2026-08-11,https://www.sec.gov/Archives/edgar/data/1858985/000185898526000018/onholdingag-20260630_d2.htm
ONON,income,2026-06-30,6_months,Foreign exchange gain / (loss),1,2.9,1000000,CHF,"Six-month period ended June 30, — 2026",34,6-K,2026-08-11,https://www.sec.gov/Archives/edgar/data/1858985/000185898526000018/onholdingag-20260630_d2.htm
ONON,income,2026-06-30,3_months,Gross profit,1,555.7,1000000,CHF,"Three-month period ended June 30, — 2026",29,6-K,2026-08-11,https://www.sec.gov/Archives/edgar/data/1858985/000185898526000018/onholdingag-20260630_d2.htm
ONON,income,2026-06-30,6_months,Gross profit,1,1090.0,1000000,CHF,"Six-month period ended June 30, — 2026",29,6-K,2026-08-11,https://www.sec.gov/Archives/edgar/data/1858985/000185898526000018/onholdingag-20260630_d2.htm
ONON,income,2026-06-30,3_months,Income / (loss) before taxes,1,125.7,1000000,CHF,"Three-month period ended June 30, — 2026",35,6-K,2026-08-11,https://www.sec.gov/Archives/edgar/data/1858985/000185898526000018/onholdingag-20260630_d2.htm
ONON,income,2026-06-30,6_months,Income / (loss) before taxes,1,241.8,1000000,CHF,"Six-month period ended June 30, — 2026",35,6-K,2026-08-11,https://www.sec.gov/Archives/edgar/data/1858985/000185898526000018/onholdingag-20260630_d2.htm
ONON,income,2026-06-30,3_months,Income tax benefit / (expense),1,-20.7,1000000,CHF,"Three-month period ended June 30, — 2026",36,6-K,2026-08-11,https://www.sec.gov/Archives/edgar/data/1858985/000185898526000018/onholdingag-20260630_d2.htm
ONON,income,2026-06-30,6_months,Income tax benefit / (expense),1,-33.5,1000000,CHF,"Six-month period ended June 30, — 2026",36,6-K,2026-08-11,https://www.sec.gov/Archives/edgar/data/1858985/000185898526000018/onholdingag-20260630_d2.htm
ONON,income,2026-06-30,3_months,Net income / (loss),1,105.0,1000000,CHF,"Three-month period ended June 30, — 2026",37,6-K,2026-08-11,https://www.sec.gov/Archives/edgar/data/1858985/000185898526000018/onholdingag-20260630_d2.htm
ONON,income,2026-06-30,6_months,Net income / (loss),1,208.3,1000000,CHF,"Six-month period ended June 30, — 2026",37,6-K,2026-08-11,https://www.sec.gov/Archives/edgar/data/1858985/000185898526000018/onholdingag-20260630_d2.htm
ONON,income,2026-06-30,3_months,Net sales,1,850.3,1000000,CHF,"Three-month period ended June 30, — 2026",27,6-K,2026-08-11,https://www.sec.gov/Archives/edgar/data/1858985/000185898526000018/onholdingag-20260630_d2.htm
ONON,income,2026-06-30,6_months,Net sales,1,1682.2,1000000,CHF,"Six-month period ended June 30, — 2026",27,6-K,2026-08-11,https://www.sec.gov/Archives/edgar/data/1858985/000185898526000018/onholdingag-20260630_d2.htm
ONON,income,2026-06-30,3_months,Operating result,1,119.4,1000000,CHF,"Three-month period ended June 30, — 2026",31,6-K,2026-08-11,https://www.sec.gov/Archives/edgar/data/1858985/000185898526000018/onholdingag-20260630_d2.htm
ONON,income,2026-06-30,6_months,Operating result,1,236.9,1000000,CHF,"Six-month period ended June 30, — 2026",31,6-K,2026-08-11,https://www.sec.gov/Archives/edgar/data/1858985/000185898526000018/onholdingag-20260630_d2.htm
ONON,income,2026-06-30,3_months,"Selling, general and administrative expenses",1,-436.3,1000000,CHF,"Three-month period ended June 30, — 2026",30,6-K,2026-08-11,https://www.sec.gov/Archives/edgar/data/1858985/000185898526000018/onholdingag-20260630_d2.htm
ONON,income,2026-06-30,6_months,"Selling, general and administrative expenses",1,-853.2,1000000,CHF,"Six-month period ended June 30, — 2026",30,6-K,2026-08-11,https://www.sec.gov/Archives/edgar/data/1858985/000185898526000018/onholdingag-20260630_d2.htm
