date,open,high,low,close,adj_close,volume,ticker
2019-01-02,20.998332977294922,22.030000686645508,20.741666793823242,21.573333740234375,21.573333740234375,5590200,DECK
2019-01-03,21.43000030517578,21.579999923706055,20.88833236694336,20.968332290649414,20.968332290649414,4199400,DECK
2019-01-04,21.22833251953125,21.30500030517578,20.206666946411133,20.29833221435547,20.29833221435547,6042000,DECK
2019-01-07,20.34000015258789,21.248332977294922,20.023332595825195,20.850000381469727,20.850000381469727,5070000,DECK
2019-01-08,21.059999465942383,21.211666107177734,20.413333892822266,21.003332138061523,21.003332138061523,2508600,DECK
2019-01-09,21.09833335876465,21.378332138061523,20.851667404174805,21.10333251953125,21.10333251953125,3670200,DECK
2019-01-10,20.768333435058594,20.97166633605957,18.774999618530273,18.934999465942383,18.934999465942383,7984800,DECK
2019-01-11,18.933332443237305,19.209999084472656,18.47833251953125,18.883333206176758,18.883333206176758,4501800,DECK
2019-01-14,18.844999313354492,19.323333740234375,18.77833366394043,18.959999084472656,18.959999084472656,3388800,DECK
2019-01-15,19.049999237060547,19.196666717529297,18.766666412353516,18.97833251953125,18.97833251953125,3562200,DECK
2019-01-16,18.96500015258789,19.183332443237305,18.773332595825195,19.143333435058594,19.143333435058594,3109800,DECK
2019-01-17,19.136667251586914,19.774999618530273,19.010000228881836,19.594999313354492,19.594999313354492,3576600,DECK
2019-01-18,19.81999969482422,19.963333129882812,19.373332977294922,19.81166648864746,19.81166648864746,3195000,DECK
2019-01-22,19.791667938232422,20.426666259765625,19.59166717529297,20.18000030517578,20.18000030517578,4156200,DECK
2019-01-23,20.241666793823242,20.77166748046875,20.241666793823242,20.59166717529297,20.59166717529297,4728600,DECK
2019-01-24,20.50666618347168,20.52833366394043,19.96666717529297,20.488332748413086,20.488332748413086,3273600,DECK
2019-01-25,20.746667861938477,21.141666412353516,20.663333892822266,20.893333435058594,20.893333435058594,3862200,DECK
2019-01-28,20.6200008392334,21.241666793823242,20.6200008392334,20.998332977294922,20.998332977294922,3255000,DECK
2019-01-29,21.079999923706055,21.191667556762695,20.75666618347168,20.836666107177734,20.836666107177734,2759400,DECK
2019-01-30,20.946666717529297,21.225000381469727,20.796667098999023,21.18833351135254,21.18833351135254,2541600,DECK
2019-01-31,21.204999923706055,21.416667938232422,20.899999618530273,21.40833282470703,21.40833282470703,6586200,DECK
2019-02-01,24.166667938232422,24.483333587646484,23.094999313354492,23.64666748046875,23.64666748046875,22660200,DECK
2019-02-04,23.65999984741211,23.854999542236328,23.191667556762695,23.2549991607666,23.2549991607666,5938800,DECK
2019-02-05,23.391666412353516,23.579999923706055,23.148332595825195,23.225000381469727,23.225000381469727,3428400,DECK
2019-02-06,23.219999313354492,23.56166648864746,22.780000686645508,23.551666259765625,23.551666259765625,4500000,DECK
2019-02-07,23.393333435058594,23.81999969482422,23.133333206176758,23.45166778564453,23.45166778564453,4840800,DECK
2019-02-08,23.428333282470703,23.80666732788086,23.334999084472656,23.510000228881836,23.510000228881836,3259800,DECK
2019-02-11,23.718332290649414,24.06166648864746,23.54833221435547,23.976667404174805,23.976667404174805,3632400,DECK
2019-02-12,23.961666107177734,24.448333740234375,23.831666946411133,24.010000228881836,24.010000228881836,2635200,DECK
2019-02-13,23.946666717529297,24.376667022705078,23.88833236694336,23.963333129882812,23.963333129882812,3285600,DECK
2019-02-14,23.803333282470703,24.02666664123535,23.235000610351562,23.77666664123535,23.77666664123535,3001800,DECK
2019-02-15,23.924999237060547,24.38833236694336,23.833332061767578,24.38166618347168,24.38166618347168,3508200,DECK
2019-02-19,24.3700008392334,24.426666259765625,24.184999465942383,24.268333435058594,24.268333435058594,3167400,DECK
2019-02-20,24.198333740234375,24.198333740234375,23.746667861938477,23.961666107177734,23.961666107177734,2785200,DECK
2019-02-21,23.871667861938477,24.02666664123535,23.57666778564453,23.876667022705078,23.876667022705078,1876800,DECK
2019-02-22,23.985000610351562,24.22333335876465,23.834999084472656,24.15166664123535,24.15166664123535,1876200,DECK
2019-02-25,24.21500015258789,24.96666717529297,24.18666648864746,24.65999984741211,24.65999984741211,4102200,DECK
2019-02-26,24.621667861938477,24.898332595825195,24.446666717529297,24.764999389648438,24.764999389648438,2518800,DECK
2019-02-27,24.418333053588867,24.886667251586914,24.416667938232422,24.75666618347168,24.75666618347168,2562000,DECK
2019-02-28,24.671667098999023,24.90833282470703,24.453332901000977,24.65833282470703,24.65833282470703,2965200,DECK
2019-03-01,24.988332748413086,25.549999237060547,24.558332443237305,24.645000457763672,24.645000457763672,3325200,DECK
2019-03-04,24.696666717529297,24.825000762939453,24.125,24.161666870117188,24.161666870117188,2856600,DECK
2019-03-05,24.128332138061523,24.25666618347168,23.959999084472656,24.121667861938477,24.121667861938477,2218200,DECK
2019-03-06,24.229999542236328,24.281667709350586,23.68166732788086,23.84666633605957,23.84666633605957,2204400,DECK
2019-03-07,23.791667938232422,23.93000030517578,23.543333053588867,23.65999984741211,23.65999984741211,3920400,DECK
2019-03-08,23.59833335876465,23.791667938232422,23.251667022705078,23.501667022705078,23.501667022705078,2288400,DECK
2019-03-11,23.593332290649414,23.93666648864746,23.56333351135254,23.786666870117188,23.786666870117188,3336000,DECK
2019-03-12,23.786666870117188,23.8799991607666,23.301666259765625,23.63166618347168,23.63166618347168,2441400,DECK
2019-03-13,23.68666648864746,23.953332901000977,23.588333129882812,23.708332061767578,23.708332061767578,3288600,DECK
2019-03-14,23.676666259765625,23.883333206176758,23.418333053588867,23.780000686645508,23.780000686645508,1894200,DECK
2019-03-15,23.850000381469727,23.991666793823242,23.606666564941406,23.628332138061523,23.628332138061523,3112800,DECK
2019-03-18,23.633333206176758,24.183332443237305,23.481666564941406,24.100000381469727,24.100000381469727,2426400,DECK
2019-03-19,24.106666564941406,24.588333129882812,24.088333129882812,24.28333282470703,24.28333282470703,2977800,DECK
2019-03-20,24.233333587646484,24.350000381469727,23.81333351135254,24.06833267211914,24.06833267211914,1667400,DECK
2019-03-21,24.05666732788086,24.420000076293945,23.823333740234375,24.36833381652832,24.36833381652832,1776000,DECK
2019-03-22,24.15999984741211,24.34833335876465,23.316667556762695,23.418333053588867,23.418333053588867,2295600,DECK
2019-03-25,23.418333053588867,24.010000228881836,23.163333892822266,23.850000381469727,23.850000381469727,1761000,DECK
2019-03-26,24.0,24.09833335876465,23.748332977294922,23.893333435058594,23.893333435058594,1559400,DECK
2019-03-27,23.921667098999023,24.184999465942383,23.781667709350586,24.079999923706055,24.079999923706055,2016600,DECK
2019-03-28,24.416667938232422,24.735000610351562,24.31999969482422,24.496667861938477,24.496667861938477,2433600,DECK
2019-03-29,24.63166618347168,24.698333740234375,24.264999389648438,24.498332977294922,24.498332977294922,2294400,DECK
2019-04-01,24.626667022705078,24.795000076293945,24.2549991607666,24.47333335876465,24.47333335876465,3334800,DECK
2019-04-02,24.540000915527344,24.540000915527344,23.799999237060547,23.871667861938477,23.871667861938477,3563400,DECK
2019-04-03,24.011667251586914,24.011667251586914,23.696666717529297,23.899999618530273,23.899999618530273,3315600,DECK
2019-04-04,23.948333740234375,24.225000381469727,23.713333129882812,24.18833351135254,24.18833351135254,1887600,DECK
2019-04-05,24.31833267211914,24.7549991607666,24.258333206176758,24.48666763305664,24.48666763305664,2811000,DECK
2019-04-08,24.3799991607666,24.559999465942383,24.163333892822266,24.171667098999023,24.171667098999023,2066400,DECK
2019-04-09,24.046667098999023,24.354999542236328,23.93666648864746,24.308332443237305,24.308332443237305,2730000,DECK
2019-04-10,24.34833335876465,24.731666564941406,24.34833335876465,24.703332901000977,24.703332901000977,1695600,DECK
2019-04-11,24.774999618530273,25.135000228881836,24.68166732788086,24.991666793823242,24.991666793823242,2887800,DECK
2019-04-12,25.15333366394043,25.356666564941406,24.893333435058594,25.270000457763672,25.270000457763672,2038200,DECK
2019-04-15,25.264999389648438,25.5,25.235000610351562,25.40833282470703,25.40833282470703,3069000,DECK
2019-04-16,25.40333366394043,25.773332595825195,25.166667938232422,25.213333129882812,25.213333129882812,2752800,DECK
2019-04-17,25.371667861938477,25.68000030517578,25.13833236694336,25.453332901000977,25.453332901000977,2764800,DECK
2019-04-18,25.389999389648438,25.764999389648438,25.235000610351562,25.566667556762695,25.566667556762695,2190000,DECK
2019-04-22,25.43166732788086,25.524999618530273,24.959999084472656,24.97833251953125,24.97833251953125,1921200,DECK
2019-04-23,25.038333892822266,25.328332901000977,24.93000030517578,25.328332901000977,25.328332901000977,2138400,DECK
2019-04-24,25.34000015258789,25.90333366394043,25.196666717529297,25.791667938232422,25.791667938232422,1666800,DECK
2019-04-25,25.791667938232422,25.985000610351562,25.52833366394043,25.766666412353516,25.766666412353516,1927800,DECK
2019-04-26,25.791667938232422,25.924999237060547,25.549999237060547,25.86166763305664,25.86166763305664,1252200,DECK
2019-04-29,25.891666412353516,26.308332443237305,25.773332595825195,26.27166748046875,26.27166748046875,2648400,DECK
2019-04-30,26.308332443237305,26.531667709350586,26.041667938232422,26.36833381652832,26.36833381652832,3463200,DECK
2019-05-01,26.358333587646484,26.40333366394043,26.041667938232422,26.093332290649414,26.093332290649414,2608800,DECK
2019-05-02,26.196666717529297,26.518333435058594,26.073333740234375,26.3700008392334,26.3700008392334,2020200,DECK
2019-05-03,26.40166664123535,26.625,26.128332138061523,26.483333587646484,26.483333587646484,2673000,DECK
2019-05-06,26.11166763305664,26.45166778564453,25.934999465942383,26.28499984741211,26.28499984741211,2280600,DECK
2019-05-07,26.13833236694336,26.229999542236328,25.09000015258789,25.258333206176758,25.258333206176758,2818200,DECK
2019-05-08,25.248332977294922,25.376667022705078,24.956666946411133,25.10333251953125,25.10333251953125,2274000,DECK
2019-05-09,24.981666564941406,25.0049991607666,24.38166618347168,24.815000534057617,24.815000534057617,2459400,DECK
2019-05-10,24.683332443237305,24.791667938232422,23.671667098999023,24.35333251953125,24.35333251953125,3033600,DECK
2019-05-13,23.78499984741211,23.816667556762695,22.866666793823242,23.058332443237305,23.058332443237305,3307800,DECK
2019-05-14,23.753332138061523,24.21500015258789,23.28499984741211,24.13833236694336,24.13833236694336,4618800,DECK
2019-05-15,23.99333381652832,24.22833251953125,23.610000610351562,23.873332977294922,23.873332977294922,3484200,DECK
2019-05-16,23.996667861938477,24.34166717529297,23.948333740234375,24.083332061767578,24.083332061767578,2167200,DECK
2019-05-17,23.871667861938477,24.171667098999023,23.668333053588867,23.768333435058594,23.768333435058594,2040000,DECK
2019-05-20,23.616666793823242,23.989999771118164,23.53333282470703,23.790000915527344,23.790000915527344,2546400,DECK
2019-05-21,24.299999237060547,24.844999313354492,24.03333282470703,24.77833366394043,24.77833366394043,5389800,DECK
2019-05-22,24.538333892822266,25.191667556762695,24.416667938232422,25.014999389648438,25.014999389648438,4998600,DECK
2019-05-23,24.781667709350586,25.238332748413086,24.421667098999023,24.56833267211914,24.56833267211914,8583000,DECK
2019-05-24,26.479999542236328,26.5,25.336666107177734,25.57666778564453,25.57666778564453,7281600,DECK
2019-05-28,25.49333381652832,25.661666870117188,25.10333251953125,25.143333435058594,25.143333435058594,4482600,DECK
2019-05-29,24.916667938232422,25.333332061767578,24.441667556762695,25.208332061767578,25.208332061767578,5526600,DECK
2019-05-30,25.170000076293945,25.748332977294922,24.941667556762695,25.288333892822266,25.288333892822266,3055800,DECK
2019-05-31,25.003332138061523,25.43833351135254,24.850000381469727,25.350000381469727,25.350000381469727,2892000,DECK
2019-06-03,25.183332443237305,25.976667404174805,25.148332595825195,25.703332901000977,25.703332901000977,4657200,DECK
2019-06-04,26.018333435058594,26.61833381652832,25.77833366394043,25.863332748413086,25.863332748413086,4684200,DECK
2019-06-05,26.094999313354492,26.166667938232422,25.78333282470703,25.96500015258789,25.96500015258789,3051000,DECK
2019-06-06,25.926666259765625,26.06833267211914,25.468332290649414,25.93833351135254,25.93833351135254,2590800,DECK
2019-06-07,26.101667404174805,26.809999465942383,26.101667404174805,26.72166633605957,26.72166633605957,2656800,DECK
2019-06-10,26.75,27.481666564941406,26.75,27.34833335876465,27.34833335876465,2721600,DECK
2019-06-11,27.65166664123535,28.084999084472656,27.481666564941406,27.953332901000977,27.953332901000977,3396000,DECK
2019-06-12,28.0,28.739999771118164,27.88833236694336,28.71666717529297,28.71666717529297,3606000,DECK
2019-06-13,28.958332061767578,29.46666717529297,28.8799991607666,29.364999771118164,29.364999771118164,3772800,DECK
2019-06-14,29.415000915527344,29.454999923706055,28.96500015258789,29.06166648864746,29.06166648864746,2633400,DECK
2019-06-17,29.079999923706055,29.143333435058594,28.796667098999023,28.858333587646484,28.858333587646484,1961400,DECK
2019-06-18,28.9950008392334,29.35333251953125,28.906667709350586,29.136667251586914,29.136667251586914,1720200,DECK
2019-06-19,29.108333587646484,29.163333892822266,28.770000457763672,29.066667556762695,29.066667556762695,1800600,DECK
2019-06-20,29.338333129882812,29.40166664123535,28.78333282470703,29.008333206176758,29.008333206176758,2436000,DECK
2019-06-21,28.81999969482422,29.30500030517578,28.768333435058594,29.25,29.25,3048000,DECK
2019-06-24,29.270000457763672,29.441667556762695,28.836666107177734,28.899999618530273,28.899999618530273,2226600,DECK
2019-06-25,29.023332595825195,29.166667938232422,28.628332138061523,28.655000686645508,28.655000686645508,2295600,DECK
2019-06-26,28.796667098999023,29.268333435058594,28.796667098999023,28.948333740234375,28.948333740234375,2127600,DECK
2019-06-27,28.97166633605957,29.229999542236328,28.873332977294922,29.206666946411133,29.206666946411133,2080800,DECK
2019-06-28,29.260000228881836,29.44333267211914,28.976667404174805,29.328332901000977,29.328332901000977,3865800,DECK
2019-07-01,29.621667861938477,30.126667022705078,29.135000228881836,29.29833221435547,29.29833221435547,2400600,DECK
2019-07-02,29.28499984741211,29.28499984741211,28.65166664123535,28.90166664123535,28.90166664123535,2697000,DECK
2019-07-03,29.031667709350586,29.389999389648438,28.683332443237305,29.34666633605957,29.34666633605957,1339200,DECK
2019-07-05,29.260000228881836,29.546667098999023,29.1299991607666,29.48666763305664,29.48666763305664,1297200,DECK
2019-07-08,29.36166763305664,29.65999984741211,29.315000534057617,29.65333366394043,29.65333366394043,2071800,DECK
2019-07-09,29.433332443237305,29.606666564941406,28.961666107177734,29.031667709350586,29.031667709350586,2492400,DECK
2019-07-10,29.166667938232422,29.329999923706055,29.010000228881836,29.268333435058594,29.268333435058594,1911000,DECK
2019-07-11,29.40999984741211,29.40999984741211,28.708332061767578,28.831666946411133,28.831666946411133,2410800,DECK
2019-07-12,28.97333335876465,29.911666870117188,28.97333335876465,29.748332977294922,29.748332977294922,2008200,DECK
2019-07-15,29.670000076293945,29.796667098999023,29.125,29.393333435058594,29.393333435058594,1616400,DECK
2019-07-16,29.391666412353516,29.578332901000977,29.145000457763672,29.399999618530273,29.399999618530273,1891200,DECK
2019-07-17,29.428333282470703,29.428333282470703,28.668333053588867,29.190000534057617,29.190000534057617,2094000,DECK
2019-07-18,29.19499969482422,29.491666793823242,29.073333740234375,29.39666748046875,29.39666748046875,1614000,DECK
2019-07-19,29.543333053588867,29.584999084472656,29.001667022705078,29.040000915527344,29.040000915527344,1767000,DECK
2019-07-22,29.219999313354492,29.608333587646484,29.038333892822266,29.25666618347168,29.25666618347168,2914200,DECK
2019-07-23,29.366666793823242,29.781667709350586,29.18000030517578,29.690000534057617,29.690000534057617,1927200,DECK
2019-07-24,29.75,29.94333267211914,29.45166778564453,29.843332290649414,29.843332290649414,1776600,DECK
2019-07-25,29.829999923706055,29.941667556762695,29.433332443237305,29.59666633605957,29.59666633605957,2350200,DECK
2019-07-26,29.116666793823242,29.583332061767578,25.454999923706055,26.586666107177734,26.586666107177734,10737600,DECK
2019-07-29,26.656667709350586,26.77666664123535,26.031667709350586,26.559999465942383,26.559999465942383,4795200,DECK
2019-07-30,26.459999084472656,26.479999542236328,25.586666107177734,25.933332443237305,25.933332443237305,4264200,DECK
2019-07-31,25.94499969482422,26.281667709350586,25.69499969482422,26.046667098999023,26.046667098999023,3705000,DECK
2019-08-01,26.049999237060547,26.238332748413086,24.72166633605957,24.941667556762695,24.941667556762695,4188000,DECK
2019-08-02,24.770000457763672,24.828332901000977,24.148332595825195,24.47166633605957,24.47166633605957,3228000,DECK
2019-08-05,24.038333892822266,24.46500015258789,23.75,24.264999389648438,24.264999389648438,3793800,DECK
2019-08-06,24.376667022705078,24.905000686645508,24.206666946411133,24.84833335876465,24.84833335876465,3419400,DECK
2019-08-07,24.64666748046875,24.96666717529297,24.433332443237305,24.683332443237305,24.683332443237305,3555600,DECK
2019-08-08,24.803333282470703,25.083332061767578,24.678333282470703,24.84666633605957,24.84666633605957,5194800,DECK
2019-08-09,24.773332595825195,24.850000381469727,24.09000015258789,24.155000686645508,24.155000686645508,2983200,DECK
2019-08-12,23.90833282470703,23.996667861938477,23.38833236694336,23.844999313354492,23.844999313354492,3654000,DECK
2019-08-13,23.704999923706055,24.856666564941406,23.571666717529297,24.356666564941406,24.356666564941406,3978000,DECK
2019-08-14,23.698333740234375,23.719999313354492,22.878332138061523,22.898332595825195,22.898332595825195,3613800,DECK
2019-08-15,22.916667938232422,22.968332290649414,22.143333435058594,22.156667709350586,22.156667709350586,4356600,DECK
2019-08-16,22.25666618347168,22.968332290649414,22.086666107177734,22.38166618347168,22.38166618347168,2208600,DECK
2019-08-19,22.95166778564453,23.496667861938477,22.866666793823242,22.956666946411133,22.956666946411133,3121800,DECK
2019-08-20,22.799999237060547,23.083332061767578,22.68166732788086,22.905000686645508,22.905000686645508,2329800,DECK
2019-08-21,23.165000915527344,23.448333740234375,23.003332138061523,23.373332977294922,23.373332977294922,1968600,DECK
2019-08-22,23.395000457763672,23.843332290649414,23.260000228881836,23.670000076293945,23.670000076293945,3025800,DECK
2019-08-23,23.371667861938477,23.68166732788086,22.636667251586914,22.711666107177734,22.711666107177734,2986800,DECK
2019-08-26,22.84000015258789,23.166667938232422,22.69499969482422,23.09000015258789,23.09000015258789,2106600,DECK
2019-08-27,23.260000228881836,23.761667251586914,23.110000610351562,23.441667556762695,23.441667556762695,3035400,DECK
2019-08-28,23.360000610351562,24.046667098999023,23.266666412353516,23.82666778564453,23.82666778564453,2026800,DECK
2019-08-29,24.125,24.476667404174805,24.125,24.413333892822266,24.413333892822266,2058000,DECK
2019-08-30,24.553333282470703,24.711666107177734,24.415000915527344,24.575000762939453,24.575000762939453,2334000,DECK
2019-09-03,24.31333351135254,24.476667404174805,24.020000457763672,24.24333381652832,24.24333381652832,3083400,DECK
2019-09-04,24.55500030517578,24.739999771118164,24.366666793823242,24.489999771118164,24.489999771118164,2573400,DECK
2019-09-05,24.748332977294922,25.738332748413086,24.670000076293945,25.643333435058594,25.643333435058594,3301200,DECK
2019-09-06,25.71666717529297,25.913333892822266,25.441667556762695,25.46500015258789,25.46500015258789,1965600,DECK
2019-09-09,25.583332061767578,25.968332290649414,25.510000228881836,25.850000381469727,25.850000381469727,3115800,DECK
2019-09-10,25.706666946411133,25.790000915527344,25.008333206176758,25.229999542236328,25.229999542236328,3040200,DECK
2019-09-11,25.22333335876465,25.235000610351562,24.68166732788086,24.956666946411133,24.956666946411133,2298600,DECK
2019-09-12,25.038333892822266,25.456666946411133,24.76333236694336,25.121667861938477,25.121667861938477,2219400,DECK
2019-09-13,25.183332443237305,25.488332748413086,24.538333892822266,24.649999618530273,24.649999618530273,2158200,DECK
2019-09-16,24.448333740234375,24.860000610351562,24.081666946411133,24.17333221435547,24.17333221435547,2088000,DECK
2019-09-17,24.101667404174805,24.22833251953125,23.7549991607666,23.834999084472656,23.834999084472656,2398800,DECK
2019-09-18,23.816667556762695,23.834999084472656,22.959999084472656,23.301666259765625,23.301666259765625,2672400,DECK
2019-09-19,23.18833351135254,23.34833335876465,22.71666717529297,23.010000228881836,23.010000228881836,3106200,DECK
2019-09-20,22.989999771118164,23.56166648864746,22.70166778564453,22.708332061767578,22.708332061767578,3704400,DECK
2019-09-23,22.81166648864746,23.204999923706055,22.623332977294922,22.64666748046875,22.64666748046875,2744400,DECK
2019-09-24,22.641666412353516,22.706666946411133,21.698333740234375,22.170000076293945,22.170000076293945,4111200,DECK
2019-09-25,22.338333129882812,22.656667709350586,21.954999923706055,22.399999618530273,22.399999618530273,2858400,DECK
2019-09-26,22.488332748413086,23.496667861938477,22.485000610351562,23.40166664123535,23.40166664123535,4714800,DECK
2019-09-27,23.55500030517578,24.114999771118164,23.545000076293945,23.854999542236328,23.854999542236328,5426400,DECK
2019-09-30,23.906667709350586,24.854999542236328,23.906667709350586,24.559999465942383,24.559999465942383,5561400,DECK
2019-10-01,24.579999923706055,24.98666763305664,24.31333351135254,24.405000686645508,24.405000686645508,3844800,DECK
2019-10-02,24.135000228881836,24.261667251586914,23.530000686645508,24.036666870117188,24.036666870117188,3310200,DECK
2019-10-03,24.010000228881836,24.36166763305664,23.485000610351562,24.333332061767578,24.333332061767578,2380800,DECK
2019-10-04,24.328332901000977,24.469999313354492,23.816667556762695,24.39666748046875,24.39666748046875,1857000,DECK
2019-10-07,24.260000228881836,24.421667098999023,23.795000076293945,23.985000610351562,23.985000610351562,2796600,DECK
2019-10-08,23.604999542236328,23.854999542236328,23.09166717529297,23.74333381652832,23.74333381652832,2763000,DECK
2019-10-09,24.024999618530273,24.059999465942383,23.50666618347168,24.0049991607666,24.0049991607666,2401200,DECK
2019-10-10,24.02833366394043,24.196666717529297,23.815000534057617,23.954999923706055,23.954999923706055,1876200,DECK
2019-10-11,25.123332977294922,26.088333129882812,25.0,25.68000030517578,25.68000030517578,4001400,DECK
2019-10-14,25.514999389648438,25.773332595825195,25.204999923706055,25.565000534057617,25.565000534057617,1906200,DECK
2019-10-15,25.541667938232422,25.834999084472656,25.35333251953125,25.593332290649414,25.593332290649414,2090400,DECK
2019-10-16,25.549999237060547,25.86166763305664,25.358333587646484,25.613332748413086,25.613332748413086,1802400,DECK
2019-10-17,25.905000686645508,26.378332138061523,25.791667938232422,26.34833335876465,26.34833335876465,2508600,DECK
2019-10-18,26.02666664123535,26.31333351135254,25.698333740234375,26.15166664123535,26.15166664123535,2162400,DECK
2019-10-21,26.34000015258789,26.6200008392334,26.251667022705078,26.38833236694336,26.38833236694336,1710000,DECK
2019-10-22,26.46500015258789,26.52666664123535,26.078332901000977,26.338333129882812,26.338333129882812,1921800,DECK
2019-10-23,26.178333282470703,26.226667404174805,25.616666793823242,25.71500015258789,25.71500015258789,1984800,DECK
2019-10-24,25.885000228881836,26.003332138061523,25.50666618347168,26.003332138061523,26.003332138061523,3124200,DECK
2019-10-25,25.856666564941406,25.856666564941406,24.218332290649414,25.14666748046875,25.14666748046875,5967600,DECK
2019-10-28,25.325000762939453,25.325000762939453,24.68166732788086,24.68833351135254,24.68833351135254,3351000,DECK
2019-10-29,24.739999771118164,25.049999237060547,24.516666412353516,24.97166633605957,24.97166633605957,3029400,DECK
2019-10-30,24.834999084472656,25.209999084472656,24.781667709350586,25.19499969482422,25.19499969482422,2707800,DECK
2019-10-31,25.27666664123535,25.543333053588867,24.988332748413086,25.483333587646484,25.483333587646484,3618600,DECK
2019-11-01,25.69499969482422,26.31166648864746,25.485000610351562,25.858333587646484,25.858333587646484,4509600,DECK
2019-11-04,26.093332290649414,26.751667022705078,25.90333366394043,26.676666259765625,26.676666259765625,3209400,DECK
2019-11-05,26.941667556762695,27.47333335876465,26.80500030517578,27.136667251586914,27.136667251586914,3700800,DECK
2019-11-06,27.17333221435547,27.461666107177734,26.78333282470703,27.165000915527344,27.165000915527344,3117600,DECK
2019-11-07,27.34833335876465,27.856666564941406,26.803333282470703,27.010000228881836,27.010000228881836,3467400,DECK
2019-11-08,26.9950008392334,27.264999389648438,26.68833351135254,27.235000610351562,27.235000610351562,2058600,DECK
2019-11-11,27.15333366394043,27.541667938232422,26.99333381652832,27.411666870117188,27.411666870117188,2020800,DECK
2019-11-12,27.43666648864746,27.616666793823242,27.268333435058594,27.364999771118164,27.364999771118164,1730400,DECK
2019-11-13,27.200000762939453,27.52166748046875,26.96666717529297,27.446666717529297,27.446666717529297,1530000,DECK
2019-11-14,27.481666564941406,27.625,27.176666259765625,27.516666412353516,27.516666412353516,1922400,DECK
2019-11-15,27.746667861938477,28.06833267211914,27.641666412353516,27.90166664123535,27.90166664123535,2524800,DECK
2019-11-18,28.016666412353516,28.084999084472656,27.588333129882812,27.81999969482422,27.81999969482422,1983600,DECK
2019-11-19,27.739999771118164,27.81833267211914,27.315000534057617,27.36166763305664,27.36166763305664,2616600,DECK
2019-11-20,27.36833381652832,27.36833381652832,26.540000915527344,26.708332061767578,26.708332061767578,3331200,DECK
2019-11-21,26.8799991607666,27.0,26.18833351135254,26.213333129882812,26.213333129882812,2866200,DECK
2019-11-22,26.51333236694336,26.65999984741211,26.171667098999023,26.59166717529297,26.59166717529297,1716600,DECK
2019-11-25,27.0,27.498332977294922,26.829999923706055,27.420000076293945,27.420000076293945,4065600,DECK
2019-11-26,27.916667938232422,28.030000686645508,27.538333892822266,27.93000030517578,27.93000030517578,3181200,DECK
2019-11-27,28.038333892822266,28.260000228881836,27.670000076293945,28.145000457763672,28.145000457763672,2425200,DECK
2019-11-29,28.13833236694336,28.226667404174805,27.844999313354492,28.030000686645508,28.030000686645508,1275000,DECK
2019-12-02,28.065000534057617,28.165000915527344,27.053333282470703,27.126667022705078,27.126667022705078,3429000,DECK
2019-12-03,26.735000610351562,27.023332595825195,26.479999542236328,26.48666763305664,26.48666763305664,2823000,DECK
2019-12-04,26.668333053588867,27.093332290649414,26.49333381652832,26.926666259765625,26.926666259765625,2250000,DECK
2019-12-05,27.084999084472656,27.47333335876465,27.008333206176758,27.399999618530273,27.399999618530273,2076600,DECK
2019-12-06,27.793333053588867,27.895000457763672,26.94333267211914,27.06333351135254,27.06333351135254,3229800,DECK
2019-12-09,27.051666259765625,27.56999969482422,27.020000457763672,27.22166633605957,27.22166633605957,2310600,DECK
2019-12-10,27.268333435058594,27.546667098999023,26.90833282470703,26.95166778564453,26.95166778564453,1745400,DECK
2019-12-11,26.983333587646484,27.06999969482422,26.733333587646484,26.84166717529297,26.84166717529297,1764000,DECK
2019-12-12,26.92333221435547,27.233333587646484,26.635000228881836,26.96500015258789,26.96500015258789,2334600,DECK
2019-12-13,26.94333267211914,27.34166717529297,26.70166778564453,27.088333129882812,27.088333129882812,1795800,DECK
2019-12-16,27.200000762939453,27.540000915527344,27.078332901000977,27.266666412353516,27.266666412353516,1693800,DECK
2019-12-17,27.260000228881836,27.375,27.183332443237305,27.290000915527344,27.290000915527344,1792800,DECK
2019-12-18,27.393333435058594,27.821666717529297,27.321666717529297,27.708332061767578,27.708332061767578,2166600,DECK
2019-12-19,27.69333267211914,27.81333351135254,27.184999465942383,27.264999389648438,27.264999389648438,2312400,DECK
2019-12-20,27.378332138061523,27.996667861938477,27.328332901000977,27.906667709350586,27.906667709350586,4697400,DECK
2019-12-23,27.969999313354492,27.989999771118164,27.325000762939453,27.411666870117188,27.411666870117188,2335800,DECK
2019-12-24,27.44333267211914,27.61166763305664,27.363332748413086,27.416667938232422,27.416667938232422,838200,DECK
2019-12-26,27.503332138061523,27.8700008392334,27.453332901000977,27.866666793823242,27.866666793823242,1519800,DECK
2019-12-27,27.893333435058594,28.045000076293945,27.656667709350586,27.90833282470703,27.90833282470703,1466400,DECK
2019-12-30,27.90333366394043,28.426666259765625,27.726667404174805,28.143333435058594,28.143333435058594,1444200,DECK
2019-12-31,28.100000381469727,28.496667861938477,28.086666107177734,28.143333435058594,28.143333435058594,1722600,DECK
2020-01-02,28.288333892822266,28.70166778564453,28.15833282470703,28.69499969482422,28.69499969482422,1627200,DECK
2020-01-03,28.260000228881836,28.94499969482422,28.13166618347168,28.90999984741211,28.90999984741211,1890600,DECK
2020-01-06,28.690000534057617,29.123332977294922,28.656667709350586,29.083332061767578,29.083332061767578,1774800,DECK
2020-01-07,29.083332061767578,29.501667022705078,28.825000762939453,28.858333587646484,28.858333587646484,2517600,DECK
2020-01-08,28.895000457763672,29.0,28.071666717529297,28.13833236694336,28.13833236694336,3392400,DECK
2020-01-09,28.128332138061523,28.30500030517578,27.899999618530273,28.21500015258789,28.21500015258789,3331800,DECK
2020-01-10,28.270000457763672,28.331666946411133,27.433332443237305,27.5049991607666,27.5049991607666,1674000,DECK
2020-01-13,27.584999084472656,27.97166633605957,27.421667098999023,27.96500015258789,27.96500015258789,2226600,DECK
2020-01-14,28.031667709350586,28.440000534057617,27.860000610351562,28.081666946411133,28.081666946411133,2347200,DECK
2020-01-15,28.024999618530273,28.176666259765625,27.921667098999023,28.136667251586914,28.136667251586914,2440800,DECK
2020-01-16,28.32666778564453,29.163333892822266,28.281667709350586,28.77666664123535,28.77666664123535,2889000,DECK
2020-01-17,28.875,28.99333381652832,28.5,28.920000076293945,28.920000076293945,3081000,DECK
2020-01-21,28.803333282470703,29.38166618347168,28.53499984741211,29.165000915527344,29.165000915527344,4034400,DECK
2020-01-22,29.364999771118164,29.68000030517578,28.961666107177734,29.22166633605957,29.22166633605957,3262200,DECK
2020-01-23,29.011667251586914,29.30666732788086,28.503332138061523,29.168333053588867,29.168333053588867,3202200,DECK
2020-01-24,30.0,30.0,29.274999618530273,29.610000610351562,29.610000610351562,3453000,DECK
2020-01-27,29.020000457763672,29.376667022705078,28.871667861938477,29.21666717529297,29.21666717529297,2399400,DECK
2020-01-28,29.323333740234375,29.38166618347168,28.520000457763672,29.174999237060547,29.174999237060547,3721800,DECK
2020-01-29,29.35333251953125,29.670000076293945,29.079999923706055,29.433332443237305,29.433332443237305,2845800,DECK
2020-01-30,29.18166732788086,29.65833282470703,29.066667556762695,29.56333351135254,29.56333351135254,4557000,DECK
2020-01-31,30.93000030517578,33.21833419799805,30.93000030517578,31.81833267211914,31.81833267211914,15122400,DECK
2020-02-03,32.0099983215332,32.29666519165039,31.121667861938477,31.268333435058594,31.268333435058594,5688600,DECK
2020-02-04,31.46500015258789,31.94499969482422,31.418333053588867,31.613332748413086,31.613332748413086,2991000,DECK
2020-02-05,31.684999465942383,32.209999084472656,31.27833366394043,32.13999938964844,32.13999938964844,3743400,DECK
2020-02-06,32.26333236694336,32.27333450317383,31.746667861938477,32.008331298828125,32.008331298828125,3111600,DECK
2020-02-07,31.93666648864746,32.28499984741211,31.729999542236328,31.89666748046875,31.89666748046875,2611800,DECK
2020-02-10,31.893333435058594,32.27166748046875,31.678333282470703,32.17499923706055,32.17499923706055,2040600,DECK
2020-02-11,32.08000183105469,32.356666564941406,31.829999923706055,32.21833419799805,32.21833419799805,3504000,DECK
2020-02-12,32.45500183105469,33.349998474121094,32.23833465576172,33.231666564941406,33.231666564941406,2766000,DECK
2020-02-13,33.133331298828125,33.52166748046875,33.02333450317383,33.42499923706055,33.42499923706055,2275200,DECK
2020-02-14,33.52000045776367,33.86166763305664,33.2400016784668,33.426666259765625,33.426666259765625,2121000,DECK
2020-02-18,33.246665954589844,33.8650016784668,33.0716667175293,33.529998779296875,33.529998779296875,1941000,DECK
2020-02-19,33.66666793823242,33.86000061035156,33.46500015258789,33.52000045776367,33.52000045776367,2647800,DECK
2020-02-20,33.45333480834961,33.61833190917969,32.80833435058594,33.1783332824707,33.1783332824707,2578800,DECK
2020-02-21,33.09333419799805,33.1150016784668,32.313331604003906,32.426666259765625,32.426666259765625,2818800,DECK
2020-02-24,31.461666107177734,31.81166648864746,31.183332443237305,31.246667861938477,31.246667861938477,2471400,DECK
2020-02-25,31.391666412353516,31.583332061767578,30.2450008392334,30.360000610351562,30.360000610351562,3031200,DECK
2020-02-26,30.600000381469727,31.108333587646484,30.229999542236328,30.24333381652832,30.24333381652832,2672400,DECK
2020-02-27,29.523332595825195,30.296667098999023,28.985000610351562,28.98666763305664,28.98666763305664,2933400,DECK
2020-02-28,28.333332061767578,29.27666664123535,28.133333206176758,28.96666717529297,28.96666717529297,4446600,DECK
2020-03-02,29.049999237060547,29.891666412353516,28.208332061767578,29.823333740234375,29.823333740234375,4108800,DECK
2020-03-03,29.833332061767578,30.84833335876465,28.77833366394043,29.15166664123535,29.15166664123535,2466600,DECK
2020-03-04,29.531667709350586,30.036666870117188,29.083332061767578,29.985000610351562,29.985000610351562,1922400,DECK
2020-03-05,29.233333587646484,29.520000457763672,28.656667709350586,28.786666870117188,28.786666870117188,2880600,DECK
2020-03-06,28.030000686645508,28.93000030517578,27.891666412353516,28.77166748046875,28.77166748046875,2667000,DECK
2020-03-09,26.921667098999023,28.051666259765625,25.226667404174805,27.001667022705078,27.001667022705078,3463200,DECK
2020-03-10,27.829999923706055,28.133333206176758,26.22166633605957,27.808332443237305,27.808332443237305,3745800,DECK
2020-03-11,27.125,27.55666732788086,25.47333335876465,25.56166648864746,25.56166648864746,4161000,DECK
2020-03-12,23.78499984741211,23.795000076293945,21.788333892822266,21.850000381469727,21.850000381469727,4550400,DECK
2020-03-13,23.00666618347168,23.296667098999023,20.190000534057617,21.604999542236328,21.604999542236328,6027000,DECK
2020-03-16,18.833332061767578,19.536666870117188,17.963333129882812,18.55666732788086,18.55666732788086,4598400,DECK
2020-03-17,18.836666107177734,19.18166732788086,16.511667251586914,18.454999923706055,18.454999923706055,4985400,DECK
2020-03-18,17.219999313354492,17.4950008392334,13.116666793823242,15.19333267211914,15.19333267211914,5517000,DECK
2020-03-19,15.213333129882812,17.584999084472656,13.708333015441895,17.293333053588867,17.293333053588867,5856600,DECK
2020-03-20,17.291667938232422,18.700000762939453,16.918333053588867,17.316667556762695,17.316667556762695,5621400,DECK
2020-03-23,17.43166732788086,19.316667556762695,16.665000915527344,18.948333740234375,18.948333740234375,5557800,DECK
2020-03-24,20.280000686645508,22.32666778564453,19.985000610351562,22.238332748413086,22.238332748413086,4591800,DECK
2020-03-25,22.38833236694336,22.928333282470703,21.25,21.59166717529297,21.59166717529297,5472600,DECK
2020-03-26,21.97833251953125,23.459999084472656,21.293333053588867,23.428333282470703,23.428333282470703,3493800,DECK
2020-03-27,22.726667404174805,22.746667861938477,21.56833267211914,22.18166732788086,22.18166732788086,2764200,DECK
2020-03-30,21.606666564941406,23.416667938232422,21.606666564941406,23.18833351135254,23.18833351135254,2195400,DECK
2020-03-31,22.921667098999023,23.43000030517578,22.121667861938477,22.333332061767578,22.333332061767578,2499600,DECK
2020-04-01,21.36166763305664,21.475000381469727,20.309999465942383,20.625,20.625,2845800,DECK
2020-04-02,20.661666870117188,21.520000457763672,20.315000534057617,21.114999771118164,21.114999771118164,2123400,DECK
2020-04-03,20.899999618530273,21.003332138061523,19.739999771118164,20.351667404174805,20.351667404174805,2179800,DECK
2020-04-06,21.696666717529297,23.123332977294922,21.36166763305664,23.059999465942383,23.059999465942383,3002400,DECK
2020-04-07,24.229999542236328,25.02166748046875,23.338333129882812,23.52833366394043,23.52833366394043,2720400,DECK
2020-04-08,23.843332290649414,24.483333587646484,23.541667938232422,24.18000030517578,24.18000030517578,1794000,DECK
2020-04-09,24.905000686645508,25.27166748046875,24.104999542236328,24.81333351135254,24.81333351135254,2538000,DECK
2020-04-13,24.47166633605957,24.59166717529297,23.458332061767578,23.891666412353516,23.891666412353516,1960200,DECK
2020-04-14,24.69499969482422,24.979999542236328,24.110000610351562,24.248332977294922,24.248332977294922,1260600,DECK
2020-04-15,23.40999984741211,23.80666732788086,22.93000030517578,23.155000686645508,23.155000686645508,2709600,DECK
2020-04-16,23.149999618530273,23.4950008392334,22.68833351135254,23.209999084472656,23.209999084472656,1548600,DECK
2020-04-17,24.09000015258789,24.863332748413086,23.8799991607666,24.274999618530273,24.274999618530273,2193000,DECK
2020-04-20,23.774999618530273,24.418333053588867,23.29833221435547,23.44333267211914,23.44333267211914,1593600,DECK
2020-04-21,22.760000228881836,23.059999465942383,21.958332061767578,21.9950008392334,21.9950008392334,2233800,DECK
2020-04-22,22.84000015258789,22.863332748413086,22.116666793823242,22.128332138061523,22.128332138061523,2710200,DECK
2020-04-23,22.088333129882812,22.851667404174805,21.773332595825195,22.125,22.125,2124600,DECK
2020-04-24,22.191667556762695,23.171667098999023,21.916667938232422,22.90333366394043,22.90333366394043,2445600,DECK
2020-04-27,23.241666793823242,24.551666259765625,22.7450008392334,24.399999618530273,24.399999618530273,3025200,DECK
2020-04-28,25.274999618530273,26.218332290649414,24.588333129882812,24.65333366394043,24.65333366394043,1729200,DECK
2020-04-29,25.80500030517578,26.516666412353516,25.001667022705078,25.93000030517578,25.93000030517578,1780800,DECK
2020-04-30,25.415000915527344,25.52833366394043,24.666667938232422,24.793333053588867,24.793333053588867,2014200,DECK
2020-05-01,24.65333366394043,24.834999084472656,23.690000534057617,23.88166618347168,23.88166618347168,1801800,DECK
2020-05-04,23.389999389648438,24.148332595825195,23.101667404174805,23.375,23.375,3001800,DECK
2020-05-05,23.89666748046875,24.704999923706055,23.65999984741211,23.933332443237305,23.933332443237305,2443200,DECK
2020-05-06,23.983333587646484,24.21500015258789,23.288333892822266,23.773332595825195,23.773332595825195,2439000,DECK
2020-05-07,24.163333892822266,24.788333892822266,24.036666870117188,24.093332290649414,24.093332290649414,1501200,DECK
2020-05-08,24.656667709350586,25.06333351135254,24.183332443237305,24.863332748413086,24.863332748413086,1321800,DECK
2020-05-11,24.55500030517578,24.661666870117188,23.833332061767578,24.558332443237305,24.558332443237305,2636400,DECK
2020-05-12,24.57666778564453,24.648332595825195,23.051666259765625,23.084999084472656,23.084999084472656,2020800,DECK
2020-05-13,22.833332061767578,23.02833366394043,21.793333053588867,22.578332901000977,22.578332901000977,2697000,DECK
2020-05-14,22.023332595825195,23.286666870117188,21.48666763305664,23.253332138061523,23.253332138061523,2266800,DECK
2020-05-15,23.079999923706055,23.626667022705078,22.583332061767578,23.47166633605957,23.47166633605957,2040600,DECK
2020-05-18,24.67333221435547,26.14666748046875,24.67333221435547,25.4950008392334,25.4950008392334,3540600,DECK
2020-05-19,25.383333206176758,26.106666564941406,25.09833335876465,25.751667022705078,25.751667022705078,2685000,DECK
2020-05-20,26.10333251953125,27.371667861938477,26.10333251953125,27.084999084472656,27.084999084472656,3528000,DECK
2020-05-21,27.031667709350586,28.065000534057617,26.510000228881836,28.0049991607666,28.0049991607666,4320000,DECK
2020-05-22,29.803333282470703,31.601667404174805,28.333332061767578,29.873332977294922,29.873332977294922,6521400,DECK
2020-05-26,31.206666946411133,31.426666259765625,29.90166664123535,30.008333206176758,30.008333206176758,3921600,DECK
2020-05-27,30.663333892822266,32.66666793823242,30.476667404174805,32.54666519165039,32.54666519165039,4317600,DECK
2020-05-28,32.83833312988281,32.83833312988281,30.926666259765625,31.065000534057617,31.065000534057617,3209400,DECK
2020-05-29,30.77166748046875,31.094999313354492,30.218332290649414,30.421667098999023,30.421667098999023,3145200,DECK
2020-06-01,30.536666870117188,32.845001220703125,30.536666870117188,32.63666534423828,32.63666534423828,4923000,DECK
2020-06-02,32.801666259765625,34.016666412353516,32.584999084472656,33.994998931884766,33.994998931884766,4696200,DECK
2020-06-03,34.723331451416016,35.67333221435547,34.2400016784668,35.43000030517578,35.43000030517578,4502400,DECK
2020-06-04,35.378334045410156,35.50666809082031,33.334999084472656,34.0,34.0,4264800,DECK
2020-06-05,35.57666778564453,36.3650016784668,34.029998779296875,34.176666259765625,34.176666259765625,4382400,DECK
2020-06-08,34.246665954589844,34.404998779296875,33.2216682434082,33.40833282470703,33.40833282470703,2855400,DECK
2020-06-09,32.92499923706055,33.27166748046875,32.426666259765625,32.573333740234375,32.573333740234375,2713800,DECK
2020-06-10,32.676666259765625,33.706668853759766,32.288333892822266,33.025001525878906,33.025001525878906,2704200,DECK
2020-06-11,31.666667938232422,32.40999984741211,31.116666793823242,31.836666107177734,31.836666107177734,3018000,DECK
2020-06-12,33.04166793823242,33.09166717529297,31.61833381652832,32.68166732788086,32.68166732788086,2440800,DECK
2020-06-15,31.73666763305664,32.28333282470703,31.13166618347168,32.18333435058594,32.18333435058594,2248200,DECK
2020-06-16,33.4900016784668,33.4900016784668,31.65166664123535,32.813331604003906,32.813331604003906,2070600,DECK
2020-06-17,33.03666687011719,33.32500076293945,32.279998779296875,33.064998626708984,33.064998626708984,2887200,DECK
2020-06-18,32.996665954589844,34.22666549682617,32.6349983215332,33.40833282470703,33.40833282470703,3881400,DECK
2020-06-19,33.834999084472656,34.345001220703125,32.378334045410156,32.668331146240234,32.668331146240234,3540000,DECK
2020-06-22,32.668331146240234,33.53166580200195,32.348331451416016,33.45500183105469,33.45500183105469,1778400,DECK
2020-06-23,33.95333480834961,34.029998779296875,33.05666732788086,33.689998626708984,33.689998626708984,1917000,DECK
2020-06-24,33.584999084472656,34.168331146240234,32.209999084472656,32.41999816894531,32.41999816894531,2988600,DECK
2020-06-25,32.11166763305664,32.813331604003906,31.906667709350586,32.176666259765625,32.176666259765625,1796400,DECK
2020-06-26,31.89666748046875,32.09333419799805,30.77166748046875,31.018333435058594,31.018333435058594,2649600,DECK
2020-06-29,31.31166648864746,32.77333450317383,31.05500030517578,32.44499969482422,32.44499969482422,2221800,DECK
2020-06-30,32.268333435058594,32.983333587646484,32.168331146240234,32.731666564941406,32.731666564941406,1714800,DECK
2020-07-01,32.86333465576172,33.2400016784668,32.108333587646484,32.391666412353516,32.391666412353516,2030400,DECK
2020-07-02,33.1150016784668,33.503334045410156,32.19499969482422,32.366668701171875,32.366668701171875,1338000,DECK
2020-07-06,33.165000915527344,33.18000030517578,32.143333435058594,32.483333587646484,32.483333587646484,1849800,DECK
2020-07-07,32.081668853759766,32.35499954223633,31.43666648864746,31.516666412353516,31.516666412353516,1813200,DECK
2020-07-08,31.610000610351562,32.24333190917969,31.549999237060547,32.22666549682617,32.22666549682617,1479600,DECK
2020-07-09,32.57500076293945,32.76499938964844,30.70166778564453,31.670000076293945,31.670000076293945,2688600,DECK
2020-07-10,31.883333206176758,32.706668853759766,31.614999771118164,32.67333221435547,32.67333221435547,1560600,DECK
2020-07-13,33.005001068115234,33.358333587646484,32.0,32.290000915527344,32.290000915527344,1740000,DECK
2020-07-14,32.1150016784668,33.11833190917969,31.468332290649414,33.0716667175293,33.0716667175293,1954200,DECK
2020-07-15,34.03166580200195,34.641666412353516,33.22666549682617,33.65833282470703,33.65833282470703,2594400,DECK
2020-07-16,33.66666793823242,33.915000915527344,33.36000061035156,33.779998779296875,33.779998779296875,1966800,DECK
2020-07-17,33.78666687011719,33.99833297729492,33.11166763305664,33.55833435058594,33.55833435058594,1433400,DECK
2020-07-20,33.348331451416016,33.57666778564453,32.3849983215332,32.711666107177734,32.711666107177734,1611600,DECK
2020-07-21,33.064998626708984,33.8216667175293,32.89833450317383,33.54999923706055,33.54999923706055,1896600,DECK
2020-07-22,34.16166687011719,34.810001373291016,33.823333740234375,34.40666580200195,34.40666580200195,2767200,DECK
2020-07-23,34.09333419799805,35.06666564941406,34.06666564941406,34.40833282470703,34.40833282470703,2458200,DECK
2020-07-24,34.45500183105469,34.85333251953125,34.10166549682617,34.29666519165039,34.29666519165039,1729800,DECK
2020-07-27,34.35333251953125,35.58333206176758,34.3216667175293,35.186668395996094,35.186668395996094,2818200,DECK
2020-07-28,35.005001068115234,35.6349983215332,34.80833435058594,35.10333251953125,35.10333251953125,2104800,DECK
2020-07-29,35.3650016784668,36.72666549682617,35.24333190917969,36.4716682434082,36.4716682434082,2434200,DECK
2020-07-30,35.880001068115234,36.6349983215332,35.461666107177734,35.69166564941406,35.69166564941406,2728200,DECK
2020-07-31,33.038333892822266,35.849998474121094,32.70166778564453,34.875,34.875,3558600,DECK
2020-08-03,35.13166809082031,35.13166809082031,34.07500076293945,34.436668395996094,34.436668395996094,2371800,DECK
2020-08-04,34.21833419799805,34.51499938964844,33.80666732788086,34.24333190917969,34.24333190917969,3538800,DECK
2020-08-05,34.494998931884766,35.7216682434082,34.268333435058594,35.24333190917969,35.24333190917969,1688400,DECK
2020-08-06,35.081668853759766,35.081668853759766,34.00166702270508,34.418331146240234,34.418331146240234,1630800,DECK
2020-08-07,34.33333206176758,35.10499954223633,34.00166702270508,35.09333419799805,35.09333419799805,1303200,DECK
2020-08-10,35.331668853759766,36.8650016784668,35.244998931884766,36.41666793823242,36.41666793823242,2639400,DECK
2020-08-11,36.79666519165039,37.616668701171875,36.686668395996094,37.220001220703125,37.220001220703125,2445000,DECK
2020-08-12,37.474998474121094,37.5533332824707,36.79833221435547,36.811668395996094,36.811668395996094,2333400,DECK
2020-08-13,36.540000915527344,36.663333892822266,35.97999954223633,36.31666564941406,36.31666564941406,1176000,DECK
2020-08-14,36.11833190917969,36.46333312988281,35.89500045776367,35.95166778564453,35.95166778564453,1428000,DECK
2020-08-17,36.231666564941406,36.231666564941406,35.063331604003906,35.36000061035156,35.36000061035156,2463600,DECK
2020-08-18,35.45833206176758,35.56999969482422,34.810001373291016,35.13833236694336,35.13833236694336,2167200,DECK
2020-08-19,35.18000030517578,35.323333740234375,34.55833435058594,34.616668701171875,34.616668701171875,1488600,DECK
2020-08-20,34.288333892822266,35.20000076293945,33.97999954223633,34.62666702270508,34.62666702270508,1345200,DECK
2020-08-21,34.676666259765625,35.005001068115234,34.28333282470703,34.89833450317383,34.89833450317383,903000,DECK
2020-08-24,34.97666549682617,35.369998931884766,34.55500030517578,34.880001068115234,34.880001068115234,1720800,DECK
2020-08-25,35.03499984741211,35.220001220703125,34.348331451416016,34.956668853759766,34.956668853759766,2579400,DECK
2020-08-26,34.956668853759766,35.369998931884766,34.83000183105469,35.26499938964844,35.26499938964844,1444800,DECK
2020-08-27,35.54166793823242,35.848331451416016,35.04999923706055,35.13666534423828,35.13666534423828,1097400,DECK
2020-08-28,35.51166534423828,35.51166534423828,34.57833480834961,35.064998626708984,35.064998626708984,1075800,DECK
2020-08-31,35.08333206176758,35.08333206176758,33.9033317565918,33.97833251953125,33.97833251953125,1863600,DECK
2020-09-01,33.9900016784668,35.01333236694336,33.71333312988281,34.994998931884766,34.994998931884766,1641000,DECK
2020-09-02,35.415000915527344,35.41666793823242,34.279998779296875,34.60499954223633,34.60499954223633,1506600,DECK
2020-09-03,34.586666107177734,34.586666107177734,32.793331146240234,33.040000915527344,33.040000915527344,1805400,DECK
2020-09-04,33.383331298828125,33.5533332824707,32.30500030517578,32.8466682434082,32.8466682434082,1853400,DECK
2020-09-08,32.36833190917969,33.97999954223633,32.0966682434082,33.314998626708984,33.314998626708984,2058600,DECK
2020-09-09,33.63166809082031,34.005001068115234,33.1783332824707,33.82833480834961,33.82833480834961,1596600,DECK
2020-09-10,34.073333740234375,34.29666519165039,32.95000076293945,33.04833221435547,33.04833221435547,1902000,DECK
2020-09-11,33.540000915527344,33.99333190917969,33.099998474121094,33.86833190917969,33.86833190917969,2305200,DECK
2020-09-14,34.18000030517578,34.82833480834961,34.07666778564453,34.698333740234375,34.698333740234375,1419600,DECK
2020-09-15,34.89500045776367,35.776668548583984,34.75,35.73833465576172,35.73833465576172,2415000,DECK
2020-09-16,36.13999938964844,37.13666534423828,35.900001525878906,36.564998626708984,36.564998626708984,2772600,DECK
2020-09-17,35.89833450317383,36.418331146240234,35.356666564941406,35.55500030517578,35.55500030517578,2244000,DECK
2020-09-18,35.915000915527344,35.915000915527344,34.25666809082031,34.81833267211914,34.81833267211914,2788800,DECK
2020-09-21,34.106666564941406,34.53666687011719,33.69499969482422,34.508331298828125,34.508331298828125,1750200,DECK
2020-09-22,34.69333267211914,35.66666793823242,34.48500061035156,35.61166763305664,35.61166763305664,1732800,DECK
2020-09-23,35.78666687011719,37.206668853759766,35.61833190917969,35.75166702270508,35.75166702270508,3654600,DECK
2020-09-24,35.71833419799805,36.633331298828125,34.983333587646484,36.275001525878906,36.275001525878906,1575600,DECK
2020-09-25,36.003334045410156,36.34000015258789,35.518333435058594,35.86833190917969,35.86833190917969,1524000,DECK
2020-09-28,36.20500183105469,36.961666107177734,36.20500183105469,36.54499816894531,36.54499816894531,1416000,DECK
2020-09-29,36.380001068115234,36.606666564941406,35.70000076293945,36.31833267211914,36.31833267211914,1439400,DECK
2020-09-30,36.43000030517578,36.938331604003906,36.25666809082031,36.668331146240234,36.668331146240234,1993200,DECK
2020-10-01,37.108333587646484,39.66666793823242,36.9900016784668,39.266666412353516,39.266666412353516,4817400,DECK
2020-10-02,38.293331146240234,39.744998931884766,38.293331146240234,39.563331604003906,39.563331604003906,1845000,DECK
2020-10-05,39.698333740234375,39.93166732788086,38.801666259765625,39.75,39.75,1423800,DECK
2020-10-06,40.018333435058594,40.0533332824707,38.973331451416016,39.16166687011719,39.16166687011719,2073600,DECK
2020-10-07,39.84166717529297,40.401668548583984,39.64500045776367,40.05666732788086,40.05666732788086,1836600,DECK
2020-10-08,40.55500030517578,41.17166519165039,40.1150016784668,40.87666702270508,40.87666702270508,1803600,DECK
2020-10-09,41.29999923706055,41.91999816894531,40.88166809082031,41.86833190917969,41.86833190917969,1950600,DECK
2020-10-12,42.741668701171875,42.97999954223633,41.996665954589844,42.223331451416016,42.223331451416016,2071200,DECK
2020-10-13,41.74833297729492,42.35499954223633,41.33333206176758,42.27166748046875,42.27166748046875,2440200,DECK
2020-10-14,42.35333251953125,42.92333221435547,42.323333740234375,42.68333435058594,42.68333435058594,2020200,DECK
2020-10-15,42.334999084472656,43.80833435058594,41.891666412353516,43.68333435058594,43.68333435058594,1764000,DECK
2020-10-16,43.64666748046875,44.4466667175293,43.310001373291016,43.720001220703125,43.720001220703125,3505200,DECK
2020-10-19,43.96666717529297,44.516666412353516,41.168331146240234,42.16666793823242,42.16666793823242,4461600,DECK
2020-10-20,42.3033332824707,42.71333312988281,41.560001373291016,41.586666107177734,41.586666107177734,2035200,DECK
2020-10-21,41.918331146240234,42.081668853759766,40.90666580200195,41.27333450317383,41.27333450317383,1803600,DECK
2020-10-22,41.871665954589844,41.871665954589844,40.66666793823242,41.28666687011719,41.28666687011719,2015400,DECK
2020-10-23,41.323333740234375,42.74833297729492,40.71333312988281,42.53499984741211,42.53499984741211,2694000,DECK
2020-10-26,42.5,43.663333892822266,42.18166732788086,43.633331298828125,43.633331298828125,2091000,DECK
2020-10-27,43.651668548583984,43.98500061035156,42.95166778564453,43.67166519165039,43.67166519165039,2695200,DECK
2020-10-28,42.66666793823242,43.064998626708984,41.14500045776367,41.70166778564453,41.70166778564453,2177400,DECK
2020-10-29,41.561668395996094,43.151668548583984,41.448333740234375,42.961666107177734,42.961666107177734,2767800,DECK
2020-10-30,43.641666412353516,43.698333740234375,41.13666534423828,42.22833251953125,42.22833251953125,3873600,DECK
2020-11-02,42.258331298828125,42.7783317565918,41.83833312988281,42.483333587646484,42.483333587646484,2281200,DECK
2020-11-03,43.13833236694336,43.13833236694336,41.44166564941406,41.93166732788086,41.93166732788086,2445000,DECK
2020-11-04,41.79833221435547,43.543331146240234,41.69333267211914,43.5099983215332,43.5099983215332,1973400,DECK
2020-11-05,43.810001373291016,46.79999923706055,43.75166702270508,46.4283332824707,46.4283332824707,3746400,DECK
2020-11-06,46.70000076293945,46.70000076293945,44.90999984741211,45.04833221435547,45.04833221435547,2911800,DECK
2020-11-09,47.09166717529297,47.54666519165039,42.334999084472656,42.459999084472656,42.459999084472656,3937800,DECK
2020-11-10,42.6150016784668,42.92333221435547,40.143333435058594,41.92166519165039,41.92166519165039,4056600,DECK
2020-11-11,42.19166564941406,43.483333587646484,41.72833251953125,42.27000045776367,42.27000045776367,1939800,DECK
2020-11-12,42.23666763305664,42.57500076293945,40.65999984741211,41.375,41.375,2802000,DECK
2020-11-13,41.86833190917969,42.45833206176758,41.3849983215332,41.849998474121094,41.849998474121094,2140800,DECK
2020-11-16,42.16666793823242,42.23833465576172,40.404998779296875,41.643333435058594,41.643333435058594,3703200,DECK
2020-11-17,41.755001068115234,42.75666809082031,41.27000045776367,42.38666534423828,42.38666534423828,1713600,DECK
2020-11-18,42.4033317565918,43.038333892822266,41.836666107177734,41.98666763305664,41.98666763305664,1671600,DECK
2020-11-19,42.043331146240234,42.20833206176758,40.9466667175293,41.45000076293945,41.45000076293945,1884600,DECK
2020-11-20,41.275001525878906,41.459999084472656,40.206668853759766,41.20166778564453,41.20166778564453,2157600,DECK
2020-11-23,41.61333465576172,43.133331298828125,41.290000915527344,42.9033317565918,42.9033317565918,2275800,DECK
2020-11-24,43.393333435058594,43.96666717529297,42.83333206176758,43.24833297729492,43.24833297729492,1652400,DECK
2020-11-25,43.383331298828125,44.56999969482422,42.768333435058594,44.081668853759766,44.081668853759766,1558200,DECK
2020-11-27,43.981666564941406,44.34333419799805,42.918331146240234,43.36166763305664,43.36166763305664,853800,DECK
2020-11-30,43.241668701171875,43.38166809082031,42.141666412353516,42.43166732788086,42.43166732788086,2161800,DECK
2020-12-01,43.08333206176758,44.29499816894531,42.709999084472656,44.07500076293945,44.07500076293945,3225600,DECK
2020-12-02,44.03333282470703,44.891666412353516,43.483333587646484,44.8650016784668,44.8650016784668,2140800,DECK
2020-12-03,45.16666793823242,46.84166717529297,44.970001220703125,46.676666259765625,46.676666259765625,3295200,DECK
2020-12-04,46.67499923706055,48.186668395996094,46.141666412353516,48.10333251953125,48.10333251953125,2970000,DECK
2020-12-07,47.65999984741211,48.268333435058594,46.94333267211914,48.16666793823242,48.16666793823242,2101200,DECK
2020-12-08,48.65666580200195,49.858333587646484,47.849998474121094,49.19333267211914,49.19333267211914,2510400,DECK
2020-12-09,49.48833465576172,50.323333740234375,48.983333587646484,49.543331146240234,49.543331146240234,1973400,DECK
2020-12-10,49.32666778564453,50.29499816894531,48.11833190917969,48.606666564941406,48.606666564941406,1825200,DECK
2020-12-11,48.08000183105469,48.961666107177734,47.9033317565918,48.651668548583984,48.651668548583984,1679400,DECK
2020-12-14,48.961666107177734,49.981666564941406,48.95000076293945,49.150001525878906,49.150001525878906,2375400,DECK
2020-12-15,49.30500030517578,50.72999954223633,49.21500015258789,50.711666107177734,50.711666107177734,1648800,DECK
2020-12-16,51.290000915527344,51.301666259765625,49.311668395996094,50.03166580200195,50.03166580200195,1831800,DECK
2020-12-17,50.323333740234375,50.508331298828125,49.49333190917969,50.15999984741211,50.15999984741211,1616400,DECK
2020-12-18,50.404998779296875,50.404998779296875,48.60333251953125,49.119998931884766,49.119998931884766,3077400,DECK
2020-12-21,48.345001220703125,50.04833221435547,48.043331146240234,50.003334045410156,50.003334045410156,1829400,DECK
2020-12-22,49.758331298828125,50.21666717529297,48.599998474121094,48.99333190917969,48.99333190917969,1635000,DECK
2020-12-23,49.40666580200195,49.503334045410156,48.633331298828125,49.258331298828125,49.258331298828125,1572000,DECK
2020-12-24,49.4716682434082,49.491668701171875,48.64833450317383,48.790000915527344,48.790000915527344,438600,DECK
2020-12-28,49.008331298828125,49.185001373291016,48.33333206176758,48.48833465576172,48.48833465576172,1318200,DECK
2020-12-29,48.58333206176758,48.8216667175293,47.00166702270508,47.90833282470703,47.90833282470703,1451400,DECK
2020-12-30,47.85499954223633,48.19499969482422,47.55500030517578,47.66666793823242,47.66666793823242,1227600,DECK
2020-12-31,47.80666732788086,48.2400016784668,47.27333450317383,47.79666519165039,47.79666519165039,1310400,DECK
2021-01-04,48.288333892822266,48.36166763305664,46.560001373291016,47.241668701171875,47.241668701171875,2990400,DECK
2021-01-05,47.189998626708984,49.17166519165039,47.189998626708984,48.996665954589844,48.996665954589844,1633800,DECK
2021-01-06,49.21500015258789,52.37666702270508,49.21500015258789,52.061668395996094,52.061668395996094,2913000,DECK
2021-01-07,52.209999084472656,52.97666549682617,51.67333221435547,52.810001373291016,52.810001373291016,1621200,DECK
2021-01-08,53.04666519165039,53.383331298828125,51.845001220703125,52.404998779296875,52.404998779296875,2640600,DECK
2021-01-11,51.94166564941406,55.099998474121094,51.78166580200195,54.48666763305664,54.48666763305664,2092800,DECK
2021-01-12,55.0,56.01333236694336,54.258331298828125,55.436668395996094,55.436668395996094,2110800,DECK
2021-01-13,55.901668548583984,56.0533332824707,53.45833206176758,54.05666732788086,54.05666732788086,2216400,DECK
2021-01-14,54.418331146240234,55.18000030517578,53.790000915527344,53.97666549682617,53.97666549682617,2348400,DECK
2021-01-15,53.43333435058594,54.61000061035156,52.58833312988281,54.33333206176758,54.33333206176758,1731600,DECK
2021-01-19,54.858333587646484,54.858333587646484,53.016666412353516,53.849998474121094,53.849998474121094,2311800,DECK
2021-01-20,54.48833465576172,55.35166549682617,53.758331298828125,55.15666580200195,55.15666580200195,2325600,DECK
2021-01-21,55.823333740234375,55.823333740234375,53.810001373291016,53.83333206176758,53.83333206176758,1856400,DECK
2021-01-22,53.483333587646484,54.02166748046875,52.723331451416016,53.313331604003906,53.313331604003906,1503000,DECK
2021-01-25,53.206668853759766,54.25666809082031,51.73833465576172,52.39500045776367,52.39500045776367,1920600,DECK
2021-01-26,52.8849983215332,52.98666763305664,50.35499954223633,50.70500183105469,50.70500183105469,1824000,DECK
2021-01-27,49.67333221435547,49.83833312988281,46.116668701171875,46.435001373291016,46.435001373291016,4952400,DECK
2021-01-28,47.4033317565918,48.82666778564453,46.60166549682617,48.44166564941406,48.44166564941406,4090800,DECK
2021-01-29,48.246665954589844,49.404998779296875,47.6349983215332,48.663333892822266,48.663333892822266,1986600,DECK
2021-02-01,49.0283317565918,49.99333190917969,48.64833450317383,49.88999938964844,49.88999938964844,1525200,DECK
2021-02-02,51.0,52.74833297729492,50.76499938964844,52.00166702270508,52.00166702270508,2009400,DECK
2021-02-03,52.45166778564453,52.75166702270508,51.185001373291016,51.595001220703125,51.595001220703125,1303800,DECK
2021-02-04,51.98500061035156,54.099998474121094,51.90666580200195,52.813331604003906,52.813331604003906,2373000,DECK
2021-02-05,53.505001068115234,55.27000045776367,51.66666793823242,52.788333892822266,52.788333892822266,3031200,DECK
2021-02-08,52.956668853759766,53.67499923706055,52.36166763305664,53.366668701171875,53.366668701171875,2089200,DECK
2021-02-09,53.29666519165039,54.41666793823242,53.29666519165039,54.25,54.25,1762800,DECK
2021-02-10,54.82666778564453,54.89500045776367,53.19166564941406,53.46833419799805,53.46833419799805,1975200,DECK
2021-02-11,54.14666748046875,54.14666748046875,52.59333419799805,53.2400016784668,53.2400016784668,1801200,DECK
2021-02-12,52.956668853759766,53.90833282470703,52.7400016784668,53.88666534423828,53.88666534423828,1315800,DECK
2021-02-16,54.4283332824707,54.49833297729492,53.064998626708984,53.96833419799805,53.96833419799805,2278200,DECK
2021-02-17,53.508331298828125,54.32500076293945,52.88999938964844,53.94333267211914,53.94333267211914,1656000,DECK
2021-02-18,53.625,54.21500015258789,53.038333892822266,53.871665954589844,53.871665954589844,1461600,DECK
2021-02-19,53.73833465576172,55.253334045410156,53.57833480834961,55.19333267211914,55.19333267211914,2356800,DECK
2021-02-22,54.91666793823242,56.76333236694336,54.383331298828125,54.67333221435547,54.67333221435547,1855800,DECK
2021-02-23,53.918331146240234,54.311668395996094,51.891666412353516,54.05833435058594,54.05833435058594,2560200,DECK
2021-02-24,54.151668548583984,55.801666259765625,54.128334045410156,55.246665954589844,55.246665954589844,1815000,DECK
2021-02-25,55.540000915527344,55.57666778564453,52.86333465576172,53.176666259765625,53.176666259765625,1677600,DECK
2021-02-26,53.93333435058594,55.276668548583984,53.76499938964844,54.35166549682617,54.35166549682617,2821800,DECK
2021-03-01,55.165000915527344,56.336666107177734,54.948333740234375,55.255001068115234,55.255001068115234,2161200,DECK
2021-03-02,55.33833312988281,55.79166793823242,54.16666793823242,54.28166580200195,54.28166580200195,1350000,DECK
2021-03-03,54.436668395996094,55.2599983215332,53.34166717529297,53.494998931884766,53.494998931884766,1884600,DECK
2021-03-04,53.064998626708984,53.8466682434082,50.76333236694336,51.733333587646484,51.733333587646484,2014800,DECK
2021-03-05,52.55666732788086,52.848331451416016,50.54666519165039,52.731666564941406,52.731666564941406,2197800,DECK
2021-03-08,52.97833251953125,54.901668548583984,52.68000030517578,52.82833480834961,52.82833480834961,2180400,DECK
2021-03-09,53.788333892822266,54.46666717529297,53.09333419799805,53.77166748046875,53.77166748046875,2072400,DECK
2021-03-10,54.404998779296875,54.69333267211914,52.438331604003906,52.65666580200195,52.65666580200195,1710600,DECK
2021-03-11,53.3033332824707,54.616668701171875,52.34000015258789,54.52333450317383,54.52333450317383,2152800,DECK
2021-03-12,54.331668853759766,55.38666534423828,54.016666412353516,54.709999084472656,54.709999084472656,1233000,DECK
2021-03-15,54.75,57.30833435058594,54.75,57.224998474121094,57.224998474121094,1359600,DECK
2021-03-16,57.5,57.5,55.78333282470703,56.45000076293945,56.45000076293945,1035600,DECK
2021-03-17,56.34000015258789,57.35499954223633,55.474998474121094,57.35499954223633,57.35499954223633,1294200,DECK
2021-03-18,57.064998626708984,57.25166702270508,54.813331604003906,55.15999984741211,55.15999984741211,1237800,DECK
2021-03-19,55.709999084472656,57.06999969482422,54.586666107177734,56.45000076293945,56.45000076293945,3454800,DECK
2021-03-22,57.025001525878906,57.04666519165039,54.891666412353516,55.46666717529297,55.46666717529297,2359800,DECK
2021-03-23,55.21333312988281,56.05666732788086,52.38833236694336,53.10499954223633,53.10499954223633,2236800,DECK
2021-03-24,53.540000915527344,53.970001220703125,51.845001220703125,51.95500183105469,51.95500183105469,1969800,DECK
2021-03-25,51.186668395996094,53.904998779296875,50.845001220703125,53.625,53.625,1195800,DECK
2021-03-26,53.89833450317383,55.65666580200195,53.633331298828125,55.63999938964844,55.63999938964844,1249800,DECK
2021-03-29,55.608333587646484,55.961666107177734,53.106666564941406,53.38833236694336,53.38833236694336,1770600,DECK
2021-03-30,53.461666107177734,54.606666564941406,53.25,54.279998779296875,54.279998779296875,1248000,DECK
2021-03-31,54.939998626708984,55.508331298828125,54.503334045410156,55.06999969482422,55.06999969482422,981600,DECK
2021-04-01,55.766666412353516,55.98500061035156,54.686668395996094,55.086666107177734,55.086666107177734,1677600,DECK
2021-04-05,55.625,55.625,54.16666793823242,55.16666793823242,55.16666793823242,1584000,DECK
2021-04-06,55.57500076293945,57.883331298828125,55.4716682434082,56.494998931884766,56.494998931884766,1811400,DECK
2021-04-07,56.543331146240234,56.96666717529297,55.891666412353516,56.5533332824707,56.5533332824707,1123200,DECK
2021-04-08,57.09166717529297,57.09166717529297,55.73833465576172,56.0966682434082,56.0966682434082,961200,DECK
2021-04-09,56.05500030517578,57.224998474121094,56.04666519165039,57.06666564941406,57.06666564941406,784200,DECK
2021-04-12,56.86000061035156,58.038333892822266,56.470001220703125,57.65666580200195,57.65666580200195,1473000,DECK
2021-04-13,57.55500030517578,57.663333892822266,55.78499984741211,55.96666717529297,55.96666717529297,949200,DECK
2021-04-14,55.779998779296875,56.73666763305664,55.29666519165039,56.02333450317383,56.02333450317383,928200,DECK
2021-04-15,56.54666519165039,56.66666793823242,55.4283332824707,56.58833312988281,56.58833312988281,945600,DECK
2021-04-16,57.130001068115234,57.5,56.529998779296875,56.84333419799805,56.84333419799805,901200,DECK
2021-04-19,56.525001525878906,56.581668853759766,55.518333435058594,56.209999084472656,56.209999084472656,1185000,DECK
2021-04-20,55.8033332824707,55.96500015258789,53.79499816894531,54.641666412353516,54.641666412353516,1159200,DECK
2021-04-21,54.6349983215332,55.8650016784668,54.26333236694336,55.494998931884766,55.494998931884766,1021200,DECK
2021-04-22,55.5,56.711666107177734,55.35166549682617,55.77000045776367,55.77000045776367,970200,DECK
2021-04-23,56.334999084472656,57.779998779296875,55.91999816894531,57.29499816894531,57.29499816894531,1395000,DECK
2021-04-26,57.586666107177734,58.25,56.125,56.496665954589844,56.496665954589844,1497600,DECK
2021-04-27,56.95000076293945,58.2783317565918,56.793331146240234,57.78166580200195,57.78166580200195,1435200,DECK
2021-04-28,57.723331451416016,58.628334045410156,57.26333236694336,58.26333236694336,58.26333236694336,1392600,DECK
2021-04-29,58.72999954223633,58.95000076293945,58.095001220703125,58.55666732788086,58.55666732788086,1211400,DECK
2021-04-30,58.1349983215332,58.81666564941406,56.22999954223633,56.366668701171875,56.366668701171875,1370400,DECK
2021-05-03,56.654998779296875,58.060001373291016,56.53499984741211,57.768333435058594,57.768333435058594,1300200,DECK
2021-05-04,57.401668548583984,58.369998931884766,56.63833236694336,58.30500030517578,58.30500030517578,1133400,DECK
2021-05-05,58.866668701171875,58.95166778564453,57.108333587646484,57.456668853759766,57.456668853759766,1015800,DECK
2021-05-06,57.688331604003906,57.688331604003906,55.956668853759766,56.73666763305664,56.73666763305664,1363200,DECK
2021-05-07,56.94166564941406,57.54833221435547,56.58833312988281,56.88166809082031,56.88166809082031,962400,DECK
2021-05-10,56.57500076293945,56.75666809082031,54.358333587646484,55.00166702270508,55.00166702270508,2217000,DECK
2021-05-11,54.32666778564453,54.871665954589844,53.34000015258789,53.94499969482422,53.94499969482422,2098800,DECK
2021-05-12,53.436668395996094,54.53499984741211,52.188331604003906,52.336666107177734,52.336666107177734,1429800,DECK
2021-05-13,52.8650016784668,54.994998931884766,52.8650016784668,53.88833236694336,53.88833236694336,1418400,DECK
2021-05-14,54.3033332824707,55.973331451416016,53.72833251953125,55.95833206176758,55.95833206176758,1426200,DECK
2021-05-17,55.90833282470703,56.961666107177734,55.415000915527344,56.87333297729492,56.87333297729492,1417200,DECK
2021-05-18,56.788333892822266,57.040000915527344,55.38999938964844,55.41999816894531,55.41999816894531,1624200,DECK
2021-05-19,54.345001220703125,54.42333221435547,53.05666732788086,53.86000061035156,53.86000061035156,1683600,DECK
2021-05-20,53.83333206176758,53.86000061035156,51.0,51.869998931884766,51.869998931884766,3589800,DECK
2021-05-21,55.45000076293945,57.53499984741211,54.0,55.959999084472656,55.959999084472656,6767400,DECK
2021-05-24,56.711666107177734,57.81666564941406,56.391666412353516,56.44333267211914,56.44333267211914,2238600,DECK
2021-05-25,56.59333419799805,56.981666564941406,55.55666732788086,55.92166519165039,55.92166519165039,1633200,DECK
2021-05-26,56.241668701171875,57.6349983215332,55.901668548583984,57.038333892822266,57.038333892822266,1426800,DECK
2021-05-27,57.20000076293945,58.095001220703125,56.518333435058594,56.518333435058594,56.518333435058594,2214600,DECK
2021-05-28,56.40833282470703,56.70333480834961,55.0283317565918,55.90666580200195,55.90666580200195,1566000,DECK
2021-06-01,56.45333480834961,56.99833297729492,56.0,56.973331451416016,56.973331451416016,1444800,DECK
2021-06-02,57.198333740234375,57.198333740234375,53.87666702270508,55.15999984741211,55.15999984741211,2917200,DECK
2021-06-03,54.621665954589844,55.43166732788086,53.50166702270508,54.80666732788086,54.80666732788086,1743600,DECK
2021-06-04,55.1783332824707,55.369998931884766,53.598331451416016,53.996665954589844,53.996665954589844,2226600,DECK
2021-06-07,53.85499954223633,54.938331604003906,53.61333465576172,54.133331298828125,54.133331298828125,1599000,DECK
2021-06-08,54.38666534423828,54.529998779296875,53.51333236694336,54.25,54.25,1407600,DECK
2021-06-09,54.348331451416016,54.47999954223633,53.78333282470703,53.96833419799805,53.96833419799805,1975200,DECK
2021-06-10,54.06833267211914,54.83000183105469,53.689998626708984,54.16666793823242,54.16666793823242,1765800,DECK
2021-06-11,54.48500061035156,55.85166549682617,54.48500061035156,55.741668701171875,55.741668701171875,1230600,DECK
2021-06-14,55.82500076293945,56.380001068115234,55.45333480834961,55.76333236694336,55.76333236694336,1351200,DECK
2021-06-15,55.793331146240234,56.029998779296875,54.86333465576172,55.654998779296875,55.654998779296875,1871400,DECK
2021-06-16,55.42333221435547,55.560001373291016,54.16666793823242,54.508331298828125,54.508331298828125,2085000,DECK
2021-06-17,54.24333190917969,54.836666107177734,53.57666778564453,54.268333435058594,54.268333435058594,2674200,DECK
2021-06-18,53.595001220703125,55.741668701171875,53.595001220703125,54.22833251953125,54.22833251953125,3768000,DECK
2021-06-21,54.45500183105469,56.4033317565918,54.356666564941406,56.119998931884766,56.119998931884766,1780800,DECK
2021-06-22,55.90999984741211,58.03499984741211,55.3466682434082,58.025001525878906,58.025001525878906,1881000,DECK
2021-06-23,58.435001373291016,58.9466667175293,57.849998474121094,58.70000076293945,58.70000076293945,1899000,DECK
2021-06-24,59.20833206176758,59.5,57.869998931884766,59.313331604003906,59.313331604003906,2037000,DECK
2021-06-25,60.27333450317383,64.1050033569336,60.0,63.44333267211914,63.44333267211914,24804000,DECK
2021-06-28,63.73666763305664,63.92166519165039,62.9033317565918,63.72833251953125,63.72833251953125,3484800,DECK
2021-06-29,64.01000213623047,64.5999984741211,63.33333206176758,63.79999923706055,63.79999923706055,2842800,DECK
2021-06-30,63.689998626708984,64.288330078125,63.086666107177734,64.01166534423828,64.01166534423828,2826000,DECK
2021-07-01,64.4316635131836,66.03666687011719,64.32833099365234,64.97666931152344,64.97666931152344,2737800,DECK
2021-07-02,64.89833068847656,65.4749984741211,64.23332977294922,65.4383316040039,65.4383316040039,2026800,DECK
2021-07-06,65.83999633789062,66.038330078125,63.75666809082031,64.55833435058594,64.55833435058594,2701200,DECK
2021-07-07,64.33000183105469,65.61833190917969,63.99333190917969,65.0999984741211,65.0999984741211,1791000,DECK
2021-07-08,63.68166732788086,64.78500366210938,62.81833267211914,63.95333480834961,63.95333480834961,1839000,DECK
2021-07-09,64.61333465576172,65.24666595458984,63.95333480834961,65.0,65.0,1185600,DECK
2021-07-12,65.0,65.94499969482422,64.4366683959961,65.65666961669922,65.65666961669922,1970400,DECK
2021-07-13,64.93000030517578,65.5183334350586,64.59833526611328,64.83499908447266,64.83499908447266,1331400,DECK
2021-07-14,65.21666717529297,65.5,64.288330078125,64.32167053222656,64.32167053222656,1504800,DECK
2021-07-15,64.11499786376953,64.31999969482422,62.871665954589844,63.47666549682617,63.47666549682617,2706600,DECK
2021-07-16,63.891666412353516,64.14833068847656,62.3033332824707,62.46500015258789,62.46500015258789,1136400,DECK
2021-07-19,61.39500045776367,63.80500030517578,61.39500045776367,62.4716682434082,62.4716682434082,1480200,DECK
2021-07-20,62.95000076293945,64.82666778564453,62.38666534423828,64.30833435058594,64.30833435058594,1369200,DECK
2021-07-21,64.58499908447266,65.44166564941406,64.20833587646484,64.5,64.5,1177800,DECK
2021-07-22,65.66666412353516,66.12166595458984,64.62833404541016,66.11166381835938,66.11166381835938,1638600,DECK
2021-07-23,66.66666412353516,68.5199966430664,66.53333282470703,67.65333557128906,67.65333557128906,2295600,DECK
2021-07-26,67.57666778564453,69.09166717529297,67.28166961669922,68.48332977294922,68.48332977294922,1857600,DECK
2021-07-27,68.38999938964844,68.38999938964844,65.51000213623047,66.36333465576172,66.36333465576172,1906800,DECK
2021-07-28,66.36499786376953,67.71333312988281,65.04833221435547,67.40833282470703,67.40833282470703,2050800,DECK
2021-07-29,67.86499786376953,68.36666870117188,67.413330078125,67.78166961669922,67.78166961669922,1964400,DECK
2021-07-30,66.74166870117188,69.23833465576172,66.125,68.4749984741211,68.4749984741211,2291400,DECK
2021-08-02,69.10333251953125,71.22333526611328,68.82333374023438,70.74666595458984,70.74666595458984,3798600,DECK
2021-08-03,70.8066635131836,72.19499969482422,70.09666442871094,71.73999786376953,71.73999786376953,2145000,DECK
2021-08-04,71.52166748046875,73.17500305175781,71.10832977294922,72.76166534423828,72.76166534423828,2185200,DECK
2021-08-05,72.42500305175781,74.08000183105469,72.0,72.50166320800781,72.50166320800781,2548800,DECK
2021-08-06,73.1866683959961,73.73332977294922,72.24166870117188,72.44999694824219,72.44999694824219,1059000,DECK
2021-08-09,72.04666900634766,72.52999877929688,71.48332977294922,72.16500091552734,72.16500091552734,1573800,DECK
2021-08-10,72.461669921875,73.5,71.7683334350586,71.84166717529297,71.84166717529297,1384800,DECK
2021-08-11,71.7066650390625,72.76667022705078,71.54499816894531,72.34333038330078,72.34333038330078,1030800,DECK
2021-08-12,72.6816635131836,73.12833404541016,71.67832946777344,71.69499969482422,71.69499969482422,1653600,DECK
2021-08-13,71.76166534423828,72.5,71.375,72.40833282470703,72.40833282470703,1570800,DECK
2021-08-16,72.15666961669922,72.4816665649414,71.36833190917969,72.38166809082031,72.38166809082031,1963800,DECK
2021-08-17,72.0566635131836,73.28666687011719,69.35832977294922,70.34833526611328,70.34833526611328,3173400,DECK
2021-08-18,70.04499816894531,71.82833099365234,70.04499816894531,71.3566665649414,71.3566665649414,2074200,DECK
2021-08-19,70.26000213623047,71.65666961669922,70.1866683959961,71.27166748046875,71.27166748046875,1663200,DECK
2021-08-20,71.66666412353516,72.48999786376953,71.336669921875,72.42333221435547,72.42333221435547,1296600,DECK
2021-08-23,72.51166534423828,73.0433349609375,72.09500122070312,72.25,72.25,785400,DECK
2021-08-24,72.66666412353516,73.33333587646484,72.50666809082031,72.538330078125,72.538330078125,1300200,DECK
2021-08-25,73.05500030517578,73.163330078125,71.88666534423828,71.97166442871094,71.97166442871094,1124400,DECK
2021-08-26,71.57833099365234,71.57833099365234,70.21499633789062,70.5199966430664,70.5199966430664,1342200,DECK
2021-08-27,70.7316665649414,71.46333312988281,70.26667022705078,70.55833435058594,70.55833435058594,1723800,DECK
2021-08-30,70.66666412353516,71.18333435058594,69.73500061035156,70.27999877929688,70.27999877929688,2103000,DECK
2021-08-31,70.08333587646484,70.49166870117188,69.2300033569336,69.74166870117188,69.74166870117188,1593000,DECK
2021-09-01,70.23833465576172,70.49333190917969,69.12833404541016,69.38500213623047,69.38500213623047,1645200,DECK
2021-09-02,69.40166473388672,69.6816635131836,67.33333587646484,67.77333068847656,67.77333068847656,2466600,DECK
2021-09-03,67.3183364868164,68.40333557128906,66.6050033569336,68.3499984741211,68.3499984741211,1666200,DECK
2021-09-07,68.3499984741211,69.4000015258789,67.2750015258789,68.05500030517578,68.05500030517578,2284800,DECK
2021-09-08,68.10166931152344,68.10166931152344,66.375,66.87999725341797,66.87999725341797,1594200,DECK
2021-09-09,67.36166381835938,69.32499694824219,67.20833587646484,67.79499816894531,67.79499816894531,1707600,DECK
2021-09-10,68.1866683959961,69.83333587646484,67.82167053222656,69.31666564941406,69.31666564941406,1563600,DECK
2021-09-13,69.25333404541016,69.92500305175781,68.37166595458984,69.80500030517578,69.80500030517578,3220200,DECK
2021-09-14,70.05999755859375,73.09500122070312,69.44833374023438,72.77166748046875,72.77166748046875,4686000,DECK
2021-09-15,72.86333465576172,73.0,70.15333557128906,72.70833587646484,72.70833587646484,3039000,DECK
2021-09-16,72.63666534423828,74.62000274658203,72.48332977294922,73.32333374023438,73.32333374023438,3357000,DECK
2021-09-17,73.8316650390625,75.24833679199219,71.86666870117188,72.49833679199219,72.49833679199219,4711800,DECK
2021-09-20,70.98833465576172,71.66500091552734,69.69499969482422,70.98999786376953,70.98999786376953,1797000,DECK
2021-09-21,71.6066665649414,71.88166809082031,70.09166717529297,70.41666412353516,70.41666412353516,1390800,DECK
2021-09-22,70.53500366210938,72.0433349609375,70.53500366210938,70.8116683959961,70.8116683959961,1670400,DECK
2021-09-23,71.54666900634766,72.54833221435547,71.00333404541016,71.16666412353516,71.16666412353516,1473000,DECK
2021-09-24,69.15166473388672,69.55332946777344,64.25333404541016,64.79166412353516,64.79166412353516,6414600,DECK
2021-09-27,64.16666412353516,65.1500015258789,63.313331604003906,63.74833297729492,63.74833297729492,3552000,DECK
2021-09-28,63.0283317565918,63.6533317565918,61.7783317565918,62.57833480834961,62.57833480834961,2449800,DECK
2021-09-29,62.85333251953125,63.13833236694336,61.08000183105469,62.051666259765625,62.051666259765625,2698200,DECK
2021-09-30,62.223331451416016,63.03333282470703,59.83333206176758,60.03333282470703,60.03333282470703,4902000,DECK
2021-10-01,60.121665954589844,62.043331146240234,58.668331146240234,60.91166687011719,60.91166687011719,3584400,DECK
2021-10-04,60.643333435058594,61.51499938964844,60.29499816894531,61.11166763305664,61.11166763305664,2563800,DECK
2021-10-05,60.948333740234375,62.13833236694336,60.31999969482422,60.82666778564453,60.82666778564453,2636400,DECK
2021-10-06,60.15666580200195,61.08333206176758,59.79666519165039,60.64500045776367,60.64500045776367,2464200,DECK
2021-10-07,61.34166717529297,63.31833267211914,61.233333587646484,62.686668395996094,62.686668395996094,2605800,DECK
2021-10-08,62.53333282470703,62.676666259765625,59.875,59.973331451416016,59.973331451416016,1859400,DECK
2021-10-11,59.709999084472656,60.026668548583984,55.064998626708984,55.116668701171875,55.116668701171875,8017800,DECK
2021-10-12,55.746665954589844,56.84333419799805,54.77333450317383,56.48833465576172,56.48833465576172,3630600,DECK
2021-10-13,56.961666107177734,58.37333297729492,56.72833251953125,57.89500045776367,57.89500045776367,3366000,DECK
2021-10-14,58.7400016784668,59.81833267211914,58.33333206176758,58.63666534423828,58.63666534423828,4472400,DECK
2021-10-15,58.89500045776367,60.4033317565918,58.64666748046875,59.711666107177734,59.711666107177734,2984400,DECK
2021-10-18,59.20833206176758,61.52333450317383,57.86000061035156,61.26166534423828,61.26166534423828,3837000,DECK
2021-10-19,61.276668548583984,61.30666732788086,60.108333587646484,60.39833450317383,60.39833450317383,1524000,DECK
2021-10-20,61.244998931884766,61.67166519165039,59.81999969482422,59.878334045410156,59.878334045410156,2006400,DECK
2021-10-21,62.334999084472656,63.53166580200195,61.755001068115234,63.28166580200195,63.28166580200195,3006600,DECK
2021-10-22,63.1150016784668,64.25499725341797,62.991668701171875,63.176666259765625,63.176666259765625,1999800,DECK
2021-10-25,63.470001220703125,65.13833618164062,63.20166778564453,64.29833221435547,64.29833221435547,2380200,DECK
2021-10-26,64.62666320800781,65.8116683959961,62.185001373291016,62.959999084472656,62.959999084472656,3019200,DECK
2021-10-27,62.5716667175293,63.766666412353516,61.25166702270508,62.720001220703125,62.720001220703125,2613600,DECK
2021-10-28,62.60333251953125,64.71666717529297,61.4716682434082,63.391666412353516,63.391666412353516,4348200,DECK
2021-10-29,64.87833404541016,68.33333587646484,62.03499984741211,65.88500213623047,65.88500213623047,7227600,DECK
2021-11-01,65.913330078125,68.58499908447266,65.8949966430664,68.54499816894531,68.54499816894531,4005000,DECK
2021-11-02,68.12999725341797,68.38833618164062,65.62000274658203,65.92832946777344,65.92832946777344,3621000,DECK
2021-11-03,66.40833282470703,69.00666809082031,66.03333282470703,68.03500366210938,68.03500366210938,3406800,DECK
2021-11-04,67.89666748046875,69.6866683959961,67.51166534423828,69.3499984741211,69.3499984741211,3015600,DECK
2021-11-05,69.75666809082031,70.80332946777344,69.5,70.5683364868164,70.5683364868164,2502600,DECK
2021-11-08,70.32833099365234,71.00333404541016,68.35166931152344,69.61166381835938,69.61166381835938,2662200,DECK
2021-11-09,69.5633316040039,70.96833038330078,69.5633316040039,70.86499786376953,70.86499786376953,1673400,DECK
2021-11-10,70.12333679199219,71.07167053222656,69.54000091552734,70.4433364868164,70.4433364868164,1945200,DECK
2021-11-11,71.16666412353516,71.85832977294922,70.30332946777344,70.55500030517578,70.55500030517578,2548800,DECK
2021-11-12,70.94166564941406,72.42832946777344,70.75,71.2249984741211,71.2249984741211,1693200,DECK
2021-11-15,71.83833312988281,72.05833435058594,69.5433349609375,69.61499786376953,69.61499786376953,1883400,DECK
2021-11-16,69.42666625976562,73.27833557128906,69.42666625976562,71.44999694824219,71.44999694824219,2766600,DECK
2021-11-17,71.5183334350586,72.9000015258789,70.79000091552734,72.80833435058594,72.80833435058594,1594800,DECK
2021-11-18,73.52333068847656,74.09166717529297,72.62000274658203,73.05000305175781,73.05000305175781,1495200,DECK
2021-11-19,73.25333404541016,74.01166534423828,72.13999938964844,72.41666412353516,72.41666412353516,1540200,DECK
2021-11-22,72.73332977294922,74.67832946777344,71.4000015258789,71.84333038330078,71.84333038330078,2907000,DECK
2021-11-23,71.0,72.44000244140625,69.66000366210938,70.98332977294922,70.98332977294922,1681800,DECK
2021-11-24,69.33333587646484,71.45999908447266,69.16666412353516,71.00666809082031,71.00666809082031,2319000,DECK
2021-11-26,68.90333557128906,70.70999908447266,68.03666687011719,69.08833312988281,69.08833312988281,1235400,DECK
2021-11-29,69.9366683959961,70.10832977294922,68.07666778564453,69.19999694824219,69.19999694824219,1455000,DECK
2021-11-30,69.26667022705078,69.51333618164062,66.01667022705078,67.56666564941406,67.56666564941406,3087600,DECK
2021-12-01,68.37999725341797,70.75166320800781,66.13166809082031,66.26499938964844,66.26499938964844,2387400,DECK
2021-12-02,66.19999694824219,67.68333435058594,64.87333679199219,67.33833312988281,67.33833312988281,2706600,DECK
2021-12-03,66.94833374023438,67.94999694824219,64.26499938964844,65.01667022705078,65.01667022705078,2261400,DECK
2021-12-06,65.61333465576172,65.85166931152344,64.11499786376953,64.27666473388672,64.27666473388672,1953000,DECK
2021-12-07,65.81500244140625,68.48332977294922,65.37999725341797,67.50166320800781,67.50166320800781,2300400,DECK
2021-12-08,67.42333221435547,68.02833557128906,66.4800033569336,67.61166381835938,67.61166381835938,1193400,DECK
2021-12-09,67.0816650390625,68.20333099365234,65.52666473388672,65.8116683959961,65.8116683959961,1197000,DECK
2021-12-10,65.84166717529297,65.96666717529297,64.31500244140625,64.97166442871094,64.97166442871094,1179600,DECK
2021-12-13,64.98332977294922,64.98332977294922,61.849998474121094,63.05666732788086,63.05666732788086,2321400,DECK
2021-12-14,62.13999938964844,62.426666259765625,60.36333465576172,62.043331146240234,62.043331146240234,2774400,DECK
2021-12-15,62.560001373291016,63.163333892822266,60.698333740234375,63.10499954223633,63.10499954223633,2311200,DECK
2021-12-16,63.1349983215332,63.55500030517578,59.060001373291016,59.391666412353516,59.391666412353516,2565600,DECK
2021-12-17,58.4033317565918,60.005001068115234,58.30833435058594,59.349998474121094,59.349998474121094,2698800,DECK
2021-12-20,58.151668548583984,58.15666580200195,55.60499954223633,56.50666809082031,56.50666809082031,2355600,DECK
2021-12-21,58.03666687011719,58.880001068115234,57.711666107177734,58.48666763305664,58.48666763305664,2623800,DECK
2021-12-22,58.461666107177734,59.415000915527344,57.779998779296875,57.981666564941406,57.981666564941406,1944600,DECK
2021-12-23,58.630001068115234,59.83333206176758,57.54166793823242,59.42166519165039,59.42166519165039,3178200,DECK
2021-12-27,59.741668701171875,60.25166702270508,59.16666793823242,59.76166534423828,59.76166534423828,1416600,DECK
2021-12-28,60.45500183105469,61.08833312988281,59.801666259765625,59.83833312988281,59.83833312988281,898800,DECK
2021-12-29,60.0,61.7783317565918,60.0,60.97666549682617,60.97666549682617,1089600,DECK
2021-12-30,60.76166534423828,62.18333435058594,60.76166534423828,61.31833267211914,61.31833267211914,1300800,DECK
2021-12-31,61.25,62.14666748046875,60.67499923706055,61.051666259765625,61.051666259765625,919200,DECK
2022-01-03,61.206668853759766,62.151668548583984,60.87666702270508,61.323333740234375,61.323333740234375,1482600,DECK
2022-01-04,61.08833312988281,62.23500061035156,59.63999938964844,59.70166778564453,59.70166778564453,1546200,DECK
2022-01-05,58.85333251953125,60.06666564941406,56.94166564941406,57.03333282470703,57.03333282470703,2265000,DECK
2022-01-06,56.651668548583984,58.438331604003906,55.63666534423828,58.13833236694336,58.13833236694336,1670400,DECK
2022-01-07,57.810001373291016,59.13833236694336,56.17166519165039,56.349998474121094,56.349998474121094,1435200,DECK
2022-01-10,54.86166763305664,55.29999923706055,52.723331451416016,55.28499984741211,55.28499984741211,3389400,DECK
2022-01-11,55.84166717529297,56.80666732788086,54.0,56.563331604003906,56.563331604003906,2348400,DECK
2022-01-12,57.15999984741211,58.349998474121094,56.244998931884766,56.86166763305664,56.86166763305664,1693200,DECK
2022-01-13,57.165000915527344,57.63666534423828,55.50666809082031,55.688331604003906,55.688331604003906,1046400,DECK
2022-01-14,54.62666702270508,54.79999923706055,52.60499954223633,53.970001220703125,53.970001220703125,2082000,DECK
2022-01-18,53.63999938964844,54.448333740234375,53.371665954589844,53.79833221435547,53.79833221435547,1868400,DECK
2022-01-19,54.21833419799805,54.90666580200195,52.84333419799805,52.91666793823242,52.91666793823242,2312400,DECK
2022-01-20,53.39500045776367,54.10499954223633,51.76333236694336,52.025001525878906,52.025001525878906,1536000,DECK
2022-01-21,51.706668853759766,53.00666809082031,50.711666107177734,51.94499969482422,51.94499969482422,1918800,DECK
2022-01-24,50.8466682434082,53.55666732788086,49.313331604003906,53.496665954589844,53.496665954589844,2517600,DECK
2022-01-25,52.06999969482422,52.2599983215332,50.79166793823242,51.189998626708984,51.189998626708984,1990800,DECK
2022-01-26,52.81666564941406,53.31833267211914,49.2599983215332,49.811668395996094,49.811668395996094,2466600,DECK
2022-01-27,50.21666717529297,51.25,49.42166519165039,49.80666732788086,49.80666732788086,1392000,DECK
2022-01-28,49.98500061035156,50.8466682434082,48.20500183105469,50.834999084472656,50.834999084472656,2626800,DECK
2022-01-31,51.05666732788086,53.37333297729492,50.866668701171875,53.371665954589844,53.371665954589844,2086800,DECK
2022-02-01,53.720001220703125,55.23666763305664,52.75166702270508,54.87666702270508,54.87666702270508,2656200,DECK
2022-02-02,55.435001373291016,55.6533317565918,53.996665954589844,55.073333740234375,55.073333740234375,2866800,DECK
2022-02-03,53.78333282470703,55.38999938964844,53.5716667175293,53.69166564941406,53.69166564941406,2708400,DECK
2022-02-04,50.83333206176758,52.95000076293945,49.0,50.628334045410156,50.628334045410156,6375000,DECK
2022-02-07,50.51333236694336,51.04499816894531,49.0,49.36166763305664,49.36166763305664,3410400,DECK
2022-02-08,49.0,50.37666702270508,48.37333297729492,50.02166748046875,50.02166748046875,3760200,DECK
2022-02-09,51.211666107177734,52.301666259765625,50.741668701171875,51.56666564941406,51.56666564941406,2598000,DECK
2022-02-10,49.66666793823242,53.16666793823242,49.66666793823242,51.0283317565918,51.0283317565918,2108400,DECK
2022-02-11,51.099998474121094,51.62333297729492,50.133331298828125,50.685001373291016,50.685001373291016,3682200,DECK
2022-02-14,50.34166717529297,51.56833267211914,49.788333892822266,50.1783332824707,50.1783332824707,3299400,DECK
2022-02-15,50.813331604003906,52.4466667175293,50.813331604003906,52.33000183105469,52.33000183105469,2331600,DECK
2022-02-16,52.21666717529297,54.95333480834961,51.3849983215332,54.0966682434082,54.0966682434082,4421400,DECK
2022-02-17,53.526668548583984,54.0283317565918,49.893333435058594,49.96500015258789,49.96500015258789,1952400,DECK
2022-02-18,49.72666549682617,50.47999954223633,49.040000915527344,49.37666702270508,49.37666702270508,1717200,DECK
2022-02-22,48.48500061035156,50.106666564941406,47.23666763305664,47.606666564941406,47.606666564941406,2273400,DECK
2022-02-23,48.13166809082031,48.13166809082031,46.55500030517578,46.63666534423828,46.63666534423828,2733600,DECK
2022-02-24,44.51333236694336,47.73833465576172,44.51333236694336,47.45333480834961,47.45333480834961,3557400,DECK
2022-02-25,47.5,48.25666809082031,46.755001068115234,47.92499923706055,47.92499923706055,2406600,DECK
2022-02-28,47.40999984741211,48.186668395996094,46.82666778564453,48.106666564941406,48.106666564941406,2188800,DECK
2022-03-01,47.64833450317383,48.15833282470703,44.788333892822266,45.23666763305664,45.23666763305664,2774400,DECK
2022-03-02,45.59000015258789,47.33000183105469,45.2599983215332,46.9283332824707,46.9283332824707,2994000,DECK
2022-03-03,47.473331451416016,47.53333282470703,44.52000045776367,44.7216682434082,44.7216682434082,2045400,DECK
2022-03-04,44.56833267211914,44.56833267211914,40.71333312988281,40.926666259765625,40.926666259765625,4740000,DECK
2022-03-07,40.76499938964844,40.8466682434082,38.64666748046875,39.133331298828125,39.133331298828125,5796000,DECK
2022-03-08,39.211666107177734,41.00666809082031,38.983333587646484,40.279998779296875,40.279998779296875,3373200,DECK
2022-03-09,42.07666778564453,43.33833312988281,41.61833190917969,41.92166519165039,41.92166519165039,2207400,DECK
2022-03-10,40.79666519165039,43.581668853759766,40.79666519165039,43.231666564941406,43.231666564941406,4803600,DECK
2022-03-11,43.49833297729492,43.96833419799805,42.56999969482422,42.901668548583984,42.901668548583984,3397800,DECK
2022-03-14,42.70000076293945,43.525001525878906,41.496665954589844,41.79499816894531,41.79499816894531,2212800,DECK
2022-03-15,41.893333435058594,43.543331146240234,41.76333236694336,43.32833480834961,43.32833480834961,2148600,DECK
2022-03-16,43.97666549682617,45.935001373291016,43.7599983215332,45.92333221435547,45.92333221435547,3187200,DECK
2022-03-17,45.47666549682617,46.163333892822266,45.336666107177734,46.07833480834961,46.07833480834961,2439000,DECK
2022-03-18,46.18000030517578,48.59333419799805,45.91999816894531,48.529998779296875,48.529998779296875,5832000,DECK
2022-03-21,48.11833190917969,48.27000045776367,45.866668701171875,46.38166809082031,46.38166809082031,2047800,DECK
2022-03-22,46.849998474121094,47.67333221435547,46.206668853759766,46.709999084472656,46.709999084472656,2953800,DECK
2022-03-23,46.33333206176758,46.836666107177734,44.79999923706055,44.904998779296875,44.904998779296875,4338000,DECK
2022-03-24,45.258331298828125,45.5099983215332,44.314998626708984,45.0099983215332,45.0099983215332,3662400,DECK
2022-03-25,45.10499954223633,45.38833236694336,44.25166702270508,44.78166580200195,44.78166580200195,2218200,DECK
2022-03-28,44.95833206176758,45.948333740234375,44.19499969482422,45.93166732788086,45.93166732788086,1664400,DECK
2022-03-29,46.883331298828125,48.724998474121094,46.880001068115234,48.16666793823242,48.16666793823242,2454600,DECK
2022-03-30,47.775001525878906,47.775001525878906,46.525001525878906,46.89833450317383,46.89833450317383,1978200,DECK
2022-03-31,46.83333206176758,47.061668395996094,45.61000061035156,45.628334045410156,45.628334045410156,2103000,DECK
2022-04-01,45.95500183105469,46.54999923706055,45.66666793823242,46.11166763305664,46.11166763305664,1771200,DECK
2022-04-04,46.2599983215332,47.991668701171875,46.13666534423828,47.79999923706055,47.79999923706055,2440200,DECK
2022-04-05,47.48666763305664,47.543331146240234,45.473331451416016,46.025001525878906,46.025001525878906,2652600,DECK
2022-04-06,45.099998474121094,45.22833251953125,43.55833435058594,44.706668853759766,44.706668853759766,2157600,DECK
2022-04-07,44.313331604003906,45.154998779296875,43.74333190917969,44.65999984741211,44.65999984741211,1986000,DECK
2022-04-08,44.56999969482422,45.14500045776367,43.831668853759766,43.95500183105469,43.95500183105469,1994400,DECK
2022-04-11,42.78166580200195,44.538333892822266,42.78166580200195,43.393333435058594,43.393333435058594,1615200,DECK
2022-04-12,44.07500076293945,45.323333740234375,43.665000915527344,44.224998474121094,44.224998474121094,2265000,DECK
2022-04-13,44.060001373291016,45.651668548583984,44.060001373291016,45.30500030517578,45.30500030517578,1902600,DECK
2022-04-14,45.66166687011719,45.98666763305664,44.788333892822266,45.206668853759766,45.206668853759766,2002800,DECK
2022-04-18,45.0,45.378334045410156,44.133331298828125,45.163333892822266,45.163333892822266,1692600,DECK
2022-04-19,45.4466667175293,48.496665954589844,45.4466667175293,48.393333435058594,48.393333435058594,2102400,DECK
2022-04-20,49.084999084472656,49.82833480834961,48.233333587646484,48.27166748046875,48.27166748046875,2553000,DECK
2022-04-21,49.538333892822266,49.900001525878906,47.586666107177734,48.19166564941406,48.19166564941406,3950400,DECK
2022-04-22,47.709999084472656,47.75,45.59166717529297,45.65999984741211,45.65999984741211,2377800,DECK
2022-04-25,44.98500061035156,46.42166519165039,44.415000915527344,46.41999816894531,46.41999816894531,2910000,DECK
2022-04-26,45.64833450317383,46.404998779296875,43.616668701171875,43.698333740234375,43.698333740234375,1815600,DECK
2022-04-27,43.73666763305664,45.56999969482422,43.633331298828125,44.163333892822266,44.163333892822266,1602000,DECK
2022-04-28,44.61000061035156,45.891666412353516,43.80666732788086,45.5533332824707,45.5533332824707,1450800,DECK
2022-04-29,45.19166564941406,46.349998474121094,44.224998474121094,44.29166793823242,44.29166793823242,1277400,DECK
2022-05-02,43.935001373291016,45.64666748046875,43.68000030517578,45.51333236694336,45.51333236694336,1904400,DECK
2022-05-03,45.23500061035156,45.79833221435547,44.18166732788086,45.241668701171875,45.241668701171875,1392600,DECK
2022-05-04,45.14666748046875,46.621665954589844,43.913333892822266,46.51333236694336,46.51333236694336,1289400,DECK
2022-05-05,45.494998931884766,45.883331298828125,42.483333587646484,43.165000915527344,43.165000915527344,1878600,DECK
2022-05-06,42.55833435058594,42.55833435058594,39.98500061035156,41.108333587646484,41.108333587646484,2442000,DECK
2022-05-09,40.29999923706055,41.76333236694336,39.27166748046875,39.5,39.5,2788800,DECK
2022-05-10,40.481666564941406,40.90833282470703,38.30833435058594,39.418331146240234,39.418331146240234,2299800,DECK
2022-05-11,40.52166748046875,40.904998779296875,38.10166549682617,38.189998626708984,38.189998626708984,2744400,DECK
2022-05-12,37.60333251953125,40.23500061035156,37.60333251953125,39.45000076293945,39.45000076293945,1870200,DECK
2022-05-13,40.45000076293945,41.65666580200195,40.25,41.084999084472656,41.084999084472656,2566200,DECK
2022-05-16,40.7400016784668,41.11833190917969,39.50166702270508,39.83333206176758,39.83333206176758,3289800,DECK
2022-05-17,41.05666732788086,41.37333297729492,39.41166687011719,40.70000076293945,40.70000076293945,2778600,DECK
2022-05-18,39.16666793823242,39.22666549682617,37.16999816894531,37.88166809082031,37.88166809082031,4318200,DECK
2022-05-19,37.393333435058594,38.040000915527344,35.48833465576172,37.79833221435547,37.79833221435547,6525000,DECK
2022-05-20,44.15999984741211,45.375,41.084999084472656,42.54666519165039,42.54666519165039,12616200,DECK
2022-05-23,42.83333206176758,42.83333206176758,40.016666412353516,41.35499954223633,41.35499954223633,4033800,DECK
2022-05-24,40.70500183105469,40.834999084472656,38.84000015258789,40.1533317565918,40.1533317565918,3090000,DECK
2022-05-25,39.345001220703125,41.95500183105469,39.323333740234375,41.26499938964844,41.26499938964844,3102600,DECK
2022-05-26,42.043331146240234,44.313331604003906,41.790000915527344,43.69333267211914,43.69333267211914,2911200,DECK
2022-05-27,43.83833312988281,45.31999969482422,43.83833312988281,45.30833435058594,45.30833435058594,2431200,DECK
2022-05-31,44.84166717529297,45.266666412353516,44.10333251953125,44.7599983215332,44.7599983215332,2470200,DECK
2022-06-01,45.00166702270508,45.311668395996094,43.369998931884766,43.508331298828125,43.508331298828125,2128800,DECK
2022-06-02,43.57666778564453,45.61000061035156,43.57666778564453,45.4466667175293,45.4466667175293,1402200,DECK
2022-06-03,44.60166549682617,45.20500183105469,44.0966682434082,45.095001220703125,45.095001220703125,1764600,DECK
2022-06-06,45.66166687011719,45.97666549682617,44.82666778564453,45.81999969482422,45.81999969482422,1560600,DECK
2022-06-07,44.959999084472656,46.00166702270508,44.586666107177734,45.41166687011719,45.41166687011719,2553600,DECK
2022-06-08,45.4033317565918,46.36166763305664,44.76499938964844,46.026668548583984,46.026668548583984,1729800,DECK
2022-06-09,45.86000061035156,46.22833251953125,45.336666107177734,45.8849983215332,45.8849983215332,1876800,DECK
2022-06-10,45.1349983215332,45.731666564941406,44.496665954589844,44.994998931884766,44.994998931884766,1536600,DECK
2022-06-13,43.33333206176758,43.84333419799805,41.57666778564453,41.810001373291016,41.810001373291016,2585400,DECK
2022-06-14,41.915000915527344,42.415000915527344,41.491668701171875,41.956668853759766,41.956668853759766,1465200,DECK
2022-06-15,42.67333221435547,43.54666519165039,41.81833267211914,42.97833251953125,42.97833251953125,1585200,DECK
2022-06-16,41.516666412353516,41.60333251953125,39.7783317565918,40.27166748046875,40.27166748046875,2355000,DECK
2022-06-17,41.06999969482422,42.15833282470703,40.63999938964844,41.71833419799805,41.71833419799805,1746000,DECK
2022-06-21,43.051666259765625,43.55833435058594,42.663333892822266,43.040000915527344,43.040000915527344,2158800,DECK
2022-06-22,42.29999923706055,43.231666564941406,41.93000030517578,42.505001068115234,42.505001068115234,2466000,DECK
2022-06-23,43.016666412353516,43.709999084472656,42.459999084472656,43.47833251953125,43.47833251953125,2307000,DECK
2022-06-24,44.356666564941406,45.89666748046875,43.9900016784668,45.5533332824707,45.5533332824707,5149200,DECK
2022-06-27,45.5,45.56666564941406,42.88166809082031,44.72666549682617,44.72666549682617,3108000,DECK
2022-06-28,45.025001525878906,45.83333206176758,43.67499923706055,43.915000915527344,43.915000915527344,1971000,DECK
2022-06-29,43.73666763305664,43.959999084472656,42.67166519165039,43.37333297729492,43.37333297729492,1769400,DECK
2022-06-30,42.563331604003906,43.4900016784668,41.33833312988281,42.55833435058594,42.55833435058594,1567200,DECK
2022-07-01,42.49833297729492,42.6349983215332,40.20166778564453,40.7783317565918,40.7783317565918,3109800,DECK
2022-07-05,39.99333190917969,44.08333206176758,39.73833465576172,43.78499984741211,43.78499984741211,2836200,DECK
2022-07-06,43.88999938964844,44.34000015258789,42.81666564941406,43.35166549682617,43.35166549682617,1730400,DECK
2022-07-07,43.93166732788086,45.53666687011719,43.348331451416016,45.366668701171875,45.366668701171875,1914600,DECK
2022-07-08,45.00166702270508,45.6349983215332,44.22833251953125,44.93000030517578,44.93000030517578,1791000,DECK
2022-07-11,44.53499984741211,44.560001373291016,43.415000915527344,43.606666564941406,43.606666564941406,1638000,DECK
2022-07-12,43.848331451416016,45.418331146240234,43.59166717529297,43.96333312988281,43.96333312988281,2373600,DECK
2022-07-13,43.130001068115234,45.52333450317383,42.766666412353516,45.15999984741211,45.15999984741211,2197200,DECK
2022-07-14,44.401668548583984,44.94499969482422,42.858333587646484,44.22833251953125,44.22833251953125,2762400,DECK
2022-07-15,44.915000915527344,45.8466682434082,44.62333297729492,45.12333297729492,45.12333297729492,2544000,DECK
2022-07-18,45.44499969482422,46.96833419799805,45.21833419799805,45.98500061035156,45.98500061035156,4096200,DECK
2022-07-19,46.448333740234375,48.849998474121094,46.18333435058594,48.26166534423828,48.26166534423828,3506400,DECK
2022-07-20,48.5,49.5533332824707,48.314998626708984,49.45500183105469,49.45500183105469,2447400,DECK
2022-07-21,49.86833190917969,50.4466667175293,48.741668701171875,49.77166748046875,49.77166748046875,2547600,DECK
2022-07-22,49.814998626708984,50.20000076293945,48.44499969482422,48.98833465576172,48.98833465576172,1967400,DECK
2022-07-25,49.349998474121094,49.42499923706055,48.02333450317383,48.525001525878906,48.525001525878906,2293800,DECK
2022-07-26,47.313331604003906,47.65666580200195,45.915000915527344,45.996665954589844,45.996665954589844,2326800,DECK
2022-07-27,46.564998626708984,47.13833236694336,45.41999816894531,46.89500045776367,46.89500045776367,3021000,DECK
2022-07-28,47.358333587646484,47.900001525878906,45.84333419799805,47.900001525878906,47.900001525878906,4326000,DECK
2022-07-29,51.518333435058594,52.8650016784668,50.17333221435547,52.20166778564453,52.20166778564453,6613200,DECK
2022-08-01,50.961666107177734,52.991668701171875,50.0,52.334999084472656,52.334999084472656,3951600,DECK
2022-08-02,52.223331451416016,52.246665954589844,51.0099983215332,51.25,51.25,1957200,DECK
2022-08-03,52.01333236694336,53.06999969482422,51.81666564941406,52.69166564941406,52.69166564941406,1927200,DECK
2022-08-04,52.246665954589844,52.598331451416016,51.52333450317383,52.224998474121094,52.224998474121094,1455600,DECK
2022-08-05,51.20333480834961,53.09333419799805,51.20333480834961,52.88666534423828,52.88666534423828,2167200,DECK
2022-08-08,53.43333435058594,54.686668395996094,52.95000076293945,53.36000061035156,53.36000061035156,2209200,DECK
2022-08-09,53.05666732788086,53.32833480834961,51.27333450317383,52.051666259765625,52.051666259765625,1883400,DECK
2022-08-10,53.80666732788086,54.6783332824707,53.4466667175293,54.538333892822266,54.538333892822266,2803800,DECK
2022-08-11,55.32833480834961,56.165000915527344,54.776668548583984,54.84166717529297,54.84166717529297,2158200,DECK
2022-08-12,54.89500045776367,55.586666107177734,54.41666793823242,55.563331604003906,55.563331604003906,1367400,DECK
2022-08-15,55.43333435058594,56.788333892822266,55.404998779296875,56.438331604003906,56.438331604003906,1787400,DECK
2022-08-16,56.474998474121094,57.663333892822266,56.17166519165039,56.94166564941406,56.94166564941406,1507200,DECK
2022-08-17,55.93000030517578,56.86000061035156,55.54833221435547,56.116668701171875,56.116668701171875,1112400,DECK
2022-08-18,55.78499984741211,56.290000915527344,54.73833465576172,56.188331604003906,56.188331604003906,1459200,DECK
2022-08-19,55.79499816894531,56.0283317565918,54.35499954223633,54.551666259765625,54.551666259765625,1585800,DECK
2022-08-22,53.68000030517578,54.9900016784668,53.47833251953125,54.72666549682617,54.72666549682617,1450800,DECK
2022-08-23,55.13999938964844,56.095001220703125,54.35333251953125,54.404998779296875,54.404998779296875,1228200,DECK
2022-08-24,54.21833419799805,55.13999938964844,53.73833465576172,54.04166793823242,54.04166793823242,1279200,DECK
2022-08-25,53.856666564941406,55.53166580200195,53.856666564941406,55.4900016784668,55.4900016784668,1288200,DECK
2022-08-26,55.44499969482422,55.68000030517578,54.0533332824707,54.741668701171875,54.741668701171875,1734600,DECK
2022-08-29,53.779998779296875,55.16666793823242,53.67499923706055,54.650001525878906,54.650001525878906,1563600,DECK
2022-08-30,55.14666748046875,55.66666793823242,53.61333465576172,54.09333419799805,54.09333419799805,1785000,DECK
2022-08-31,54.32500076293945,54.436668395996094,53.11333465576172,53.595001220703125,53.595001220703125,1061400,DECK
2022-09-01,52.91166687011719,53.46333312988281,51.92499923706055,53.311668395996094,53.311668395996094,1624200,DECK
2022-09-02,53.93333435058594,54.14833450317383,52.54833221435547,52.88666534423828,52.88666534423828,1192200,DECK
2022-09-06,53.29833221435547,54.310001373291016,52.223331451416016,54.10333251953125,54.10333251953125,1827000,DECK
2022-09-07,54.038333892822266,56.73833465576172,54.038333892822266,56.56999969482422,56.56999969482422,1812000,DECK
2022-09-08,55.686668395996094,58.55666732788086,55.39666748046875,58.14833450317383,58.14833450317383,2376600,DECK
2022-09-09,58.279998779296875,58.71666717529297,57.64666748046875,58.116668701171875,58.116668701171875,1407000,DECK
2022-09-12,58.25,59.81833267211914,58.25,59.61166763305664,59.61166763305664,2268600,DECK
2022-09-13,57.24333190917969,57.35166549682617,55.28666687011719,55.61333465576172,55.61333465576172,2435400,DECK
2022-09-14,55.75,56.081668853759766,54.891666412353516,55.724998474121094,55.724998474121094,1801200,DECK
2022-09-15,57.13666534423828,58.71500015258789,56.483333587646484,56.54999923706055,56.54999923706055,2626200,DECK
2022-09-16,55.72666549682617,56.24833297729492,54.93000030517578,56.20000076293945,56.20000076293945,3952200,DECK
2022-09-19,55.85333251953125,57.31833267211914,55.85333251953125,57.154998779296875,57.154998779296875,1552200,DECK
2022-09-20,56.150001525878906,56.84333419799805,55.32500076293945,56.1533317565918,56.1533317565918,1680600,DECK
2022-09-21,56.41666793823242,57.04166793823242,54.90833282470703,54.95000076293945,54.95000076293945,1464000,DECK
2022-09-22,54.66666793823242,55.07666778564453,52.77000045776367,53.64666748046875,53.64666748046875,1935600,DECK
2022-09-23,52.8033332824707,53.39666748046875,52.2400016784668,53.33000183105469,53.33000183105469,1978800,DECK
2022-09-26,53.459999084472656,54.345001220703125,52.05833435058594,52.3466682434082,52.3466682434082,2367000,DECK
2022-09-27,53.23666763305664,54.06666564941406,52.663333892822266,53.168331146240234,53.168331146240234,1698000,DECK
2022-09-28,53.470001220703125,55.3216667175293,53.27000045776367,55.02000045776367,55.02000045776367,1862400,DECK
2022-09-29,54.27333450317383,54.42166519165039,53.121665954589844,53.849998474121094,53.849998474121094,1988400,DECK
2022-09-30,50.92499923706055,52.95833206176758,49.768333435058594,52.10166549682617,52.10166549682617,4674600,DECK
2022-10-03,52.540000915527344,54.375,52.11833190917969,53.831668853759766,53.831668853759766,2230200,DECK
2022-10-04,55.241668701171875,56.529998779296875,55.10333251953125,55.67166519165039,55.67166519165039,2187600,DECK
2022-10-05,55.11000061035156,57.165000915527344,54.994998931884766,56.836666107177734,56.836666107177734,1875600,DECK
2022-10-06,56.518333435058594,57.73833465576172,56.37666702270508,56.73833465576172,56.73833465576172,1888800,DECK
2022-10-07,55.616668701171875,55.871665954589844,54.875,55.814998626708984,55.814998626708984,1144200,DECK
2022-10-10,56.11166763305664,56.17333221435547,53.356666564941406,55.20000076293945,55.20000076293945,2320800,DECK
2022-10-11,54.88999938964844,57.03333282470703,54.5099983215332,56.253334045410156,56.253334045410156,1759800,DECK
2022-10-12,56.18000030517578,57.293331146240234,55.436668395996094,56.4033317565918,56.4033317565918,1711800,DECK
2022-10-13,55.09333419799805,57.99833297729492,54.176666259765625,57.198333740234375,57.198333740234375,2234400,DECK
2022-10-14,57.628334045410156,58.621665954589844,56.13833236694336,56.84000015258789,56.84000015258789,2029800,DECK
2022-10-17,57.831668853759766,58.98666763305664,57.461666107177734,58.88666534423828,58.88666534423828,3093000,DECK
2022-10-18,60.616668701171875,60.904998779296875,59.290000915527344,60.1783332824707,60.1783332824707,2767800,DECK
2022-10-19,59.75666809082031,60.143333435058594,58.775001525878906,59.09166717529297,59.09166717529297,2038200,DECK
2022-10-20,59.78166580200195,60.970001220703125,57.58333206176758,57.96666717529297,57.96666717529297,2836800,DECK
2022-10-21,57.688331604003906,60.6150016784668,57.503334045410156,60.54666519165039,60.54666519165039,3130200,DECK
2022-10-24,60.448333740234375,60.64666748046875,58.65999984741211,60.27000045776367,60.27000045776367,2698200,DECK
2022-10-25,60.83333206176758,62.189998626708984,60.66666793823242,61.53166580200195,61.53166580200195,4065000,DECK
2022-10-26,60.81666564941406,61.41666793823242,60.125,60.23500061035156,60.23500061035156,3901800,DECK
2022-10-27,60.52000045776367,61.31666564941406,58.16999816894531,59.98833465576172,59.98833465576172,4287000,DECK
2022-10-28,57.790000915527344,58.87666702270508,56.176666259765625,57.55833435058594,57.55833435058594,5255400,DECK
2022-10-31,58.12333297729492,60.21500015258789,57.913333892822266,58.3216667175293,58.3216667175293,3229800,DECK
2022-11-01,59.16666793823242,61.258331298828125,58.78166580200195,60.496665954589844,60.496665954589844,3116400,DECK
2022-11-02,60.10333251953125,60.64833450317383,57.66666793823242,57.768333435058594,57.768333435058594,3133200,DECK
2022-11-03,57.88833236694336,60.154998779296875,56.74333190917969,59.36166763305664,59.36166763305664,2968200,DECK
2022-11-04,60.87666702270508,60.99833297729492,57.5716667175293,58.939998626708984,58.939998626708984,2946000,DECK
2022-11-07,59.76499938964844,59.76499938964844,56.54499816894531,57.025001525878906,57.025001525878906,2947200,DECK
2022-11-08,57.09333419799805,57.76499938964844,55.186668395996094,55.55833435058594,55.55833435058594,3056400,DECK
2022-11-09,54.883331298828125,56.279998779296875,54.823333740234375,54.95333480834961,54.95333480834961,2700600,DECK
2022-11-10,57.20333480834961,59.25666809082031,57.163333892822266,58.456668853759766,58.456668853759766,3003600,DECK
2022-11-11,58.69333267211914,58.99833297729492,56.279998779296875,57.51333236694336,57.51333236694336,3532800,DECK
2022-11-14,55.95833206176758,57.128334045410156,54.349998474121094,54.371665954589844,54.371665954589844,3831600,DECK
2022-11-15,55.883331298828125,57.92499923706055,54.811668395996094,57.878334045410156,57.878334045410156,3588000,DECK
2022-11-16,56.7599983215332,57.96666717529297,55.70833206176758,57.83333206176758,57.83333206176758,3315000,DECK
2022-11-17,56.73500061035156,59.28499984741211,56.20333480834961,58.82500076293945,58.82500076293945,3534600,DECK
2022-11-18,60.4283332824707,62.72999954223633,60.0,62.56666564941406,62.56666564941406,5220600,DECK
2022-11-21,62.20500183105469,62.904998779296875,60.223331451416016,60.72999954223633,60.72999954223633,2452200,DECK
2022-11-22,61.233333587646484,61.991668701171875,60.40833282470703,61.688331604003906,61.688331604003906,1734600,DECK
2022-11-23,61.80666732788086,63.73666763305664,61.60333251953125,63.130001068115234,63.130001068115234,2318400,DECK
2022-11-25,62.95500183105469,63.64833450317383,62.66666793823242,63.529998779296875,63.529998779296875,645600,DECK
2022-11-28,63.39833450317383,64.90499877929688,63.38166809082031,63.913333892822266,63.913333892822266,2039400,DECK
2022-11-29,64.26333618164062,64.89666748046875,63.8849983215332,64.78500366210938,64.78500366210938,1507800,DECK
2022-11-30,65.40833282470703,66.58999633789062,64.59166717529297,66.4800033569336,66.4800033569336,2572800,DECK
2022-12-01,66.22666931152344,67.05332946777344,64.35166931152344,65.0683364868164,65.0683364868164,2314800,DECK
2022-12-02,64.30999755859375,65.80166625976562,64.30999755859375,64.88666534423828,64.88666534423828,2278800,DECK
2022-12-05,64.38999938964844,65.09666442871094,62.5716667175293,62.849998474121094,62.849998474121094,2489400,DECK
2022-12-06,63.01166534423828,63.01166534423828,61.67333221435547,62.7216682434082,62.7216682434082,2423400,DECK
2022-12-07,62.17166519165039,63.1150016784668,61.63666534423828,62.974998474121094,62.974998474121094,1270200,DECK
2022-12-08,63.383331298828125,64.0633316040039,63.02000045776367,63.46833419799805,63.46833419799805,1212000,DECK
2022-12-09,62.650001525878906,63.5716667175293,61.393333435058594,62.18166732788086,62.18166732788086,2179200,DECK
2022-12-12,62.49833297729492,63.59333419799805,61.75166702270508,63.20333480834961,63.20333480834961,2215800,DECK
2022-12-13,64.67333221435547,64.67333221435547,62.50666809082031,63.36333465576172,63.36333465576172,2605200,DECK
2022-12-14,63.40666580200195,65.4566650390625,63.331668853759766,65.00499725341797,65.00499725341797,2551800,DECK
2022-12-15,63.84166717529297,63.84166717529297,62.616668701171875,62.935001373291016,62.935001373291016,1424400,DECK
2022-12-16,62.22666549682617,62.74833297729492,60.99333190917969,61.584999084472656,61.584999084472656,2606400,DECK
2022-12-19,61.606666564941406,61.81833267211914,60.71333312988281,61.13666534423828,61.13666534423828,3218400,DECK
2022-12-20,60.70333480834961,61.288333892822266,60.27000045776367,60.508331298828125,60.508331298828125,1983600,DECK
2022-12-21,62.02166748046875,63.831668853759766,62.02166748046875,63.706668853759766,63.706668853759766,1671600,DECK
2022-12-22,63.54999923706055,65.32666778564453,63.17166519165039,64.77333068847656,64.77333068847656,1923600,DECK
2022-12-23,64.84833526611328,65.25833129882812,64.07499694824219,65.1449966430664,65.1449966430664,1165800,DECK
2022-12-27,65.11000061035156,66.84666442871094,64.85166931152344,66.13999938964844,66.13999938964844,1998000,DECK
2022-12-28,66.0,66.47833251953125,64.25166320800781,65.19667053222656,65.19667053222656,1502400,DECK
2022-12-29,65.92500305175781,66.70333099365234,65.51667022705078,66.66666412353516,66.66666412353516,1337400,DECK
2022-12-30,65.7300033569336,66.63333129882812,65.23332977294922,66.52666473388672,66.52666473388672,1117200,DECK
2023-01-03,67.43000030517578,67.44166564941406,64.52666473388672,64.87166595458984,64.87166595458984,2572200,DECK
2023-01-04,64.92832946777344,66.1866683959961,64.51000213623047,64.98999786376953,64.98999786376953,2728800,DECK
2023-01-05,64.71666717529297,66.29666900634766,63.7599983215332,65.84666442871094,65.84666442871094,1839600,DECK
2023-01-06,66.63500213623047,67.12833404541016,65.86833190917969,66.26166534423828,66.26166534423828,1847400,DECK
2023-01-09,65.6816635131836,68.82499694824219,65.36833190917969,67.64167022705078,67.64167022705078,2747400,DECK
2023-01-10,67.94499969482422,68.89167022705078,67.04166412353516,67.66666412353516,67.66666412353516,2160000,DECK
2023-01-11,67.69166564941406,68.55332946777344,67.69166564941406,68.41000366210938,68.41000366210938,2331600,DECK
2023-01-12,68.66500091552734,69.84833526611328,68.10166931152344,69.45333099365234,69.45333099365234,1935000,DECK
2023-01-13,68.86333465576172,70.44833374023438,68.85166931152344,70.15333557128906,70.15333557128906,2152800,DECK
2023-01-17,69.72000122070312,70.63999938964844,69.66500091552734,70.0,70.0,1518000,DECK
2023-01-18,70.05833435058594,71.1683349609375,70.00166320800781,70.0566635131836,70.0566635131836,1867200,DECK
2023-01-19,69.85333251953125,70.34166717529297,69.28666687011719,69.48999786376953,69.48999786376953,2081400,DECK
2023-01-20,69.66666412353516,70.06999969482422,69.0433349609375,69.66666412353516,69.66666412353516,1591800,DECK
2023-01-23,70.3933334350586,71.3550033569336,69.9800033569336,70.37999725341797,70.37999725341797,1728000,DECK
2023-01-24,69.83333587646484,70.86666870117188,69.43000030517578,70.4566650390625,70.4566650390625,1503000,DECK
2023-01-25,69.88166809082031,70.30833435058594,68.51166534423828,70.09166717529297,70.09166717529297,2085000,DECK
2023-01-26,71.04666900634766,71.33833312988281,69.37333679199219,70.16999816894531,70.16999816894531,2244000,DECK
2023-01-27,69.92166900634766,71.37000274658203,69.92166900634766,71.08499908447266,71.08499908447266,3088200,DECK
2023-01-30,70.72166442871094,71.78666687011719,69.98500061035156,70.05833435058594,70.05833435058594,2249400,DECK
2023-01-31,70.38666534423828,71.24666595458984,69.538330078125,71.24666595458984,71.24666595458984,2854800,DECK
2023-02-01,70.68000030517578,71.77166748046875,69.75,71.39833068847656,71.39833068847656,2394600,DECK
2023-02-02,71.72333526611328,72.21833038330078,69.52666473388672,70.22166442871094,70.22166442871094,4194600,DECK
2023-02-03,69.21499633789062,70.81999969482422,68.17500305175781,69.05999755859375,69.05999755859375,4294800,DECK
2023-02-06,68.10333251953125,69.95500183105469,68.10166931152344,69.37000274658203,69.37000274658203,2423400,DECK
2023-02-07,69.12666320800781,69.7750015258789,68.2750015258789,69.60166931152344,69.60166931152344,2100600,DECK
2023-02-08,68.79166412353516,69.3183364868164,68.02166748046875,69.12833404541016,69.12833404541016,2268600,DECK
2023-02-09,70.0,70.67166900634766,69.55500030517578,70.13333129882812,70.13333129882812,3785400,DECK
2023-02-10,69.538330078125,70.87999725341797,68.57499694824219,69.08833312988281,69.08833312988281,3155400,DECK
2023-02-13,69.71833038330078,70.5566635131836,69.09166717529297,70.19999694824219,70.19999694824219,2479200,DECK
2023-02-14,69.69499969482422,71.6883316040039,69.67333221435547,70.55500030517578,70.55500030517578,1944600,DECK
2023-02-15,70.04833221435547,70.38833618164062,69.2066650390625,69.24833679199219,69.24833679199219,2522400,DECK
2023-02-16,68.48666381835938,69.59166717529297,67.586669921875,67.83499908447266,67.83499908447266,2876400,DECK
2023-02-17,67.87666320800781,68.48500061035156,67.29499816894531,67.5633316040039,67.5633316040039,2640600,DECK
2023-02-21,66.83333587646484,68.32499694824219,66.44833374023438,66.58000183105469,66.58000183105469,2788800,DECK
2023-02-22,66.57167053222656,67.22666931152344,66.19166564941406,67.10166931152344,67.10166931152344,1933200,DECK
2023-02-23,67.39167022705078,67.99166870117188,67.0433349609375,67.33999633789062,67.33999633789062,2006400,DECK
2023-02-24,66.89167022705078,67.1933364868164,66.2699966430664,66.69999694824219,66.69999694824219,1576800,DECK
2023-02-27,67.37833404541016,68.16000366210938,67.21499633789062,67.7300033569336,67.7300033569336,2395800,DECK
2023-02-28,67.76333618164062,70.08333587646484,67.76333618164062,69.39167022705078,69.39167022705078,2593800,DECK
2023-03-01,69.43499755859375,70.92166900634766,68.75,69.26499938964844,69.26499938964844,1626000,DECK
2023-03-02,69.0683364868164,70.26499938964844,68.65833282470703,70.13999938964844,70.13999938964844,1540200,DECK
2023-03-03,70.55166625976562,71.45833587646484,70.12166595458984,71.40166473388672,71.40166473388672,1603800,DECK
2023-03-06,71.41666412353516,72.61666870117188,71.288330078125,72.25333404541016,72.25333404541016,2322000,DECK
2023-03-07,72.35832977294922,73.96666717529297,71.86499786376953,71.90333557128906,71.90333557128906,2572800,DECK
2023-03-08,71.79666900634766,72.28333282470703,70.99666595458984,71.74500274658203,71.74500274658203,1668600,DECK
2023-03-09,71.7933349609375,72.28166961669922,70.20333099365234,70.60166931152344,70.60166931152344,1471800,DECK
2023-03-10,70.72666931152344,70.72666931152344,67.55166625976562,68.72000122070312,68.72000122070312,2388000,DECK
2023-03-13,67.48999786376953,68.9566650390625,66.87833404541016,68.288330078125,68.288330078125,2973600,DECK
2023-03-14,69.2933349609375,70.87833404541016,69.07167053222656,70.0,70.0,1736400,DECK
2023-03-15,68.30166625976562,68.88333129882812,65.98500061035156,67.7316665649414,67.7316665649414,2333400,DECK
2023-03-16,67.2066650390625,69.7699966430664,67.2066650390625,69.45833587646484,69.45833587646484,1539000,DECK
2023-03-17,69.0616683959961,69.57499694824219,67.58999633789062,68.7066650390625,68.7066650390625,2777400,DECK
2023-03-20,69.07333374023438,69.98500061035156,68.76667022705078,69.25166320800781,69.25166320800781,1421400,DECK
2023-03-21,70.5250015258789,73.59500122070312,70.5250015258789,73.3133316040039,73.3133316040039,2984400,DECK
2023-03-22,72.74166870117188,74.4816665649414,72.16166687011719,72.21499633789062,72.21499633789062,2944800,DECK
2023-03-23,72.99833679199219,74.30166625976562,72.58333587646484,73.7066650390625,73.7066650390625,2271600,DECK
2023-03-24,73.24666595458984,74.09500122070312,72.50333404541016,73.79166412353516,73.79166412353516,1579200,DECK
2023-03-27,74.23332977294922,75.0199966430664,73.51667022705078,74.69000244140625,74.69000244140625,2013600,DECK
2023-03-28,75.20999908447266,76.27666473388672,74.6883316040039,75.27166748046875,75.27166748046875,2569800,DECK
2023-03-29,75.86000061035156,75.86666870117188,74.64666748046875,75.288330078125,75.288330078125,1764600,DECK
2023-03-30,75.47166442871094,76.15333557128906,74.40333557128906,74.66000366210938,74.66000366210938,2655000,DECK
2023-03-31,74.94999694824219,75.73833465576172,74.41999816894531,74.92500305175781,74.92500305175781,2928000,DECK
2023-04-03,75.01333618164062,75.6816635131836,74.41999816894531,75.58999633789062,75.58999633789062,2344200,DECK
2023-04-04,75.9566650390625,76.66500091552734,74.70166778564453,75.87666320800781,75.87666320800781,2019600,DECK
2023-04-05,75.23666381835938,75.37833404541016,74.2249984741211,74.86333465576172,74.86333465576172,1252200,DECK
2023-04-06,74.20333099365234,74.66666412353516,73.211669921875,74.39833068847656,74.39833068847656,2249400,DECK
2023-04-10,74.11000061035156,76.56500244140625,74.086669921875,76.34333038330078,76.34333038330078,1926600,DECK
2023-04-11,76.6433334350586,76.8133316040039,75.98666381835938,76.20500183105469,76.20500183105469,1239600,DECK
2023-04-12,76.32499694824219,77.15333557128906,76.16000366210938,76.29499816894531,76.29499816894531,1518600,DECK
2023-04-13,77.06999969482422,77.40499877929688,76.19999694824219,77.18499755859375,77.18499755859375,1351200,DECK
2023-04-14,77.58333587646484,78.58833312988281,77.31999969482422,77.83999633789062,77.83999633789062,1212600,DECK
2023-04-17,78.76333618164062,79.17333221435547,77.36000061035156,77.98332977294922,77.98332977294922,1809000,DECK
2023-04-18,78.2066650390625,80.0250015258789,77.94999694824219,79.57333374023438,79.57333374023438,2440200,DECK
2023-04-19,79.45500183105469,80.15833282470703,79.38999938964844,80.11499786376953,80.11499786376953,2146800,DECK
2023-04-20,79.84500122070312,80.84500122070312,79.84500122070312,79.9366683959961,79.9366683959961,1505400,DECK
2023-04-21,80.03666687011719,81.38999938964844,79.57333374023438,81.11333465576172,81.11333465576172,1926600,DECK
2023-04-24,81.14666748046875,82.07333374023438,80.49833679199219,81.64167022705078,81.64167022705078,1645800,DECK
2023-04-25,81.45333099365234,81.65166473388672,79.16666412353516,79.37833404541016,79.37833404541016,2352000,DECK
2023-04-26,79.19499969482422,80.17333221435547,79.19499969482422,79.75833129882812,79.75833129882812,1568400,DECK
2023-04-27,79.1683349609375,79.69166564941406,76.80166625976562,79.2249984741211,79.2249984741211,3478800,DECK
2023-04-28,78.35333251953125,80.0,78.19166564941406,79.88999938964844,79.88999938964844,2050200,DECK
2023-05-01,80.23999786376953,81.70500183105469,79.93499755859375,80.99333190917969,80.99333190917969,1612200,DECK
2023-05-02,80.60333251953125,81.0,79.02833557128906,80.81999969482422,80.81999969482422,1303200,DECK
2023-05-03,80.52166748046875,81.7683334350586,80.02666473388672,80.8183364868164,80.8183364868164,2181600,DECK
2023-05-04,80.1500015258789,80.66999816894531,79.2249984741211,79.79499816894531,79.79499816894531,1605000,DECK
2023-05-05,80.67832946777344,81.51166534423828,80.0199966430664,80.87333679199219,80.87333679199219,1227600,DECK
2023-05-08,81.0,82.83333587646484,80.48500061035156,82.4433364868164,82.4433364868164,1751400,DECK
2023-05-09,81.75333404541016,83.01166534423828,81.62833404541016,82.8183364868164,82.8183364868164,1880400,DECK
2023-05-10,83.913330078125,83.913330078125,81.20333099365234,82.62333679199219,82.62333679199219,1420200,DECK
2023-05-11,82.59166717529297,82.9383316040039,81.57167053222656,81.73999786376953,81.73999786376953,1661400,DECK
2023-05-12,81.76499938964844,82.66000366210938,80.9366683959961,81.76333618164062,81.76333618164062,2323200,DECK
2023-05-15,81.81500244140625,82.38833618164062,81.2699966430664,81.91999816894531,81.91999816894531,2211000,DECK
2023-05-16,80.72166442871094,81.44999694824219,77.88500213623047,78.88833618164062,78.88833618164062,3347400,DECK
2023-05-17,78.73666381835938,79.1066665649414,77.40333557128906,78.3949966430664,78.3949966430664,2989800,DECK
2023-05-18,78.29166412353516,79.99833679199219,77.81666564941406,78.75166320800781,78.75166320800781,1699800,DECK
2023-05-19,76.66666412353516,76.78166961669922,73.62333679199219,75.79833221435547,75.79833221435547,5455200,DECK
2023-05-22,76.5,76.73666381835938,75.22666931152344,76.03333282470703,76.03333282470703,2657400,DECK
2023-05-23,75.23666381835938,75.23666381835938,73.94499969482422,74.79833221435547,74.79833221435547,2904600,DECK
2023-05-24,74.88666534423828,74.98999786376953,72.85166931152344,73.38833618164062,73.38833618164062,3610800,DECK
2023-05-25,74.14666748046875,76.0633316040039,73.52833557128906,75.00166320800781,75.00166320800781,5267400,DECK
2023-05-26,72.50166320800781,78.70500183105469,70.72666931152344,77.52999877929688,77.52999877929688,8069400,DECK
2023-05-30,78.51333618164062,81.74500274658203,78.36333465576172,81.5199966430664,81.5199966430664,5094600,DECK
2023-05-31,80.8316650390625,80.9816665649414,77.69667053222656,79.16666412353516,79.16666412353516,17745600,DECK
2023-06-01,78.66500091552734,79.4000015258789,77.375,77.50166320800781,77.50166320800781,3328200,DECK
2023-06-02,78.74666595458984,80.31500244140625,78.74666595458984,79.46333312988281,79.46333312988281,2592600,DECK
2023-06-05,79.55999755859375,81.6050033569336,79.55999755859375,80.95999908447266,80.95999908447266,2170800,DECK
2023-06-06,80.90333557128906,82.96666717529297,80.90333557128906,81.92333221435547,81.92333221435547,2275200,DECK
2023-06-07,81.84500122070312,84.086669921875,81.84500122070312,83.02166748046875,83.02166748046875,3435600,DECK
2023-06-08,82.64833068847656,83.41166687011719,80.91166687011719,81.83000183105469,81.83000183105469,3022800,DECK
2023-06-09,82.10166931152344,82.80000305175781,80.96666717529297,81.38833618164062,81.38833618164062,2351400,DECK
2023-06-12,81.8133316040039,83.84666442871094,81.2750015258789,83.4816665649414,83.4816665649414,2504400,DECK
2023-06-13,83.91999816894531,84.16666412353516,81.55999755859375,81.78666687011719,81.78666687011719,3221400,DECK
2023-06-14,82.0,85.33333587646484,81.1866683959961,84.45500183105469,84.45500183105469,2379000,DECK
2023-06-15,83.97166442871094,85.75,83.73999786376953,85.336669921875,85.336669921875,2041200,DECK
2023-06-16,86.20333099365234,86.20333099365234,84.63833618164062,85.45333099365234,85.45333099365234,2942400,DECK
2023-06-20,84.83999633789062,85.45333099365234,83.66500091552734,84.7249984741211,84.7249984741211,2136600,DECK
2023-06-21,84.79666900634766,86.41500091552734,84.79666900634766,85.02333068847656,85.02333068847656,1547400,DECK
2023-06-22,84.8499984741211,85.61000061035156,83.62333679199219,83.92500305175781,83.92500305175781,1937400,DECK
2023-06-23,83.09166717529297,85.0999984741211,82.85333251953125,84.35333251953125,84.35333251953125,2782800,DECK
2023-06-26,84.78333282470703,85.74666595458984,84.19166564941406,84.90666961669922,84.90666961669922,1639200,DECK
2023-06-27,85.4316635131836,86.53500366210938,84.73999786376953,85.33999633789062,85.33999633789062,1873800,DECK
2023-06-28,85.3949966430664,87.0999984741211,85.3949966430664,86.6866683959961,86.6866683959961,1930200,DECK
2023-06-29,86.83833312988281,87.00333404541016,85.46499633789062,85.66166687011719,85.66166687011719,1819200,DECK
2023-06-30,86.84333038330078,88.29666900634766,86.3316650390625,87.9433364868164,87.9433364868164,2974200,DECK
2023-07-03,88.19667053222656,89.72000122070312,88.08499908447266,88.57666778564453,88.57666778564453,1299000,DECK
2023-07-05,88.7683334350586,89.44000244140625,87.83000183105469,89.09833526611328,89.09833526611328,2097600,DECK
2023-07-06,88.32666778564453,88.67500305175781,87.16666412353516,88.32666778564453,88.32666778564453,2001600,DECK
2023-07-07,88.1683349609375,89.17166900634766,87.57499694824219,87.86333465576172,87.86333465576172,1523400,DECK
2023-07-10,88.13166809082031,90.71333312988281,88.13166809082031,90.14167022705078,90.14167022705078,2128800,DECK
2023-07-11,90.09500122070312,92.01667022705078,90.09500122070312,91.90333557128906,91.90333557128906,2112000,DECK
2023-07-12,92.65666961669922,93.82833099365234,91.42666625976562,92.22000122070312,92.22000122070312,1976400,DECK
2023-07-13,92.34166717529297,93.18000030517578,89.80833435058594,89.89833068847656,89.89833068847656,2407800,DECK
2023-07-14,90.49166870117188,91.06500244140625,89.93333435058594,90.58000183105469,90.58000183105469,1653600,DECK
2023-07-17,90.4816665649414,91.94833374023438,90.35333251953125,91.24166870117188,91.24166870117188,1577400,DECK
2023-07-18,91.09833526611328,92.1883316040039,90.27666473388672,91.11166381835938,91.11166381835938,1986600,DECK
2023-07-19,90.76166534423828,91.42166900634766,90.51000213623047,90.62000274658203,90.62000274658203,1499400,DECK
2023-07-20,90.46833038330078,90.88333129882812,88.87166595458984,89.23833465576172,89.23833465576172,1454400,DECK
2023-07-21,90.76000213623047,90.76000213623047,88.97000122070312,89.59166717529297,89.59166717529297,2256000,DECK
2023-07-24,90.45166778564453,91.87000274658203,89.34666442871094,91.57833099365234,91.57833099365234,3175800,DECK
2023-07-25,91.83333587646484,92.913330078125,91.4383316040039,92.55833435058594,92.55833435058594,2742000,DECK
2023-07-26,92.01166534423828,93.04666900634766,91.61166381835938,93.0,93.0,1861800,DECK
2023-07-27,92.71499633789062,93.16166687011719,89.07666778564453,89.50333404541016,89.50333404541016,3953400,DECK
2023-07-28,86.33000183105469,90.44999694824219,85.23332977294922,89.01000213623047,89.01000213623047,5791800,DECK
2023-07-31,89.88166809082031,90.625,89.58499908447266,90.61499786376953,90.61499786376953,2559600,DECK
2023-08-01,90.04166412353516,91.36666870117188,90.04166412353516,90.3933334350586,90.3933334350586,1939200,DECK
2023-08-02,90.07499694824219,91.2300033569336,89.86333465576172,90.15333557128906,90.15333557128906,1956000,DECK
2023-08-03,90.5816650390625,92.72333526611328,90.211669921875,92.5566635131836,92.5566635131836,1999200,DECK
2023-08-04,93.45500183105469,93.66166687011719,91.76667022705078,92.07833099365234,92.07833099365234,2311200,DECK
2023-08-07,92.66166687011719,94.7066650390625,92.66166687011719,94.25833129882812,94.25833129882812,1961400,DECK
2023-08-08,93.85832977294922,94.74500274658203,93.72333526611328,94.1816635131836,94.1816635131836,2076000,DECK
2023-08-09,94.23332977294922,94.461669921875,92.0,92.50499725341797,92.50499725341797,1452600,DECK
2023-08-10,92.50833129882812,94.22833251953125,92.25166320800781,93.24166870117188,93.24166870117188,1825800,DECK
2023-08-11,93.17333221435547,93.72166442871094,91.73666381835938,92.03666687011719,92.03666687011719,1435800,DECK
2023-08-14,92.25833129882812,93.1449966430664,91.75333404541016,93.04833221435547,93.04833221435547,1189200,DECK
2023-08-15,92.1066665649414,93.0566635131836,92.1066665649414,92.45500183105469,92.45500183105469,1393800,DECK
2023-08-16,92.69499969482422,93.58999633789062,92.51499938964844,92.77999877929688,92.77999877929688,1174200,DECK
2023-08-17,93.18000030517578,93.18000030517578,91.26333618164062,91.34666442871094,91.34666442871094,1750800,DECK
2023-08-18,90.66666412353516,93.06500244140625,90.31666564941406,92.88166809082031,92.88166809082031,2059200,DECK
2023-08-21,93.57666778564453,93.65833282470703,92.00666809082031,93.40833282470703,93.40833282470703,1400400,DECK
2023-08-22,91.58333587646484,93.11833190917969,91.5,92.5616683959961,92.5616683959961,1560000,DECK
2023-08-23,89.5,91.89833068847656,89.5,91.70333099365234,91.70333099365234,1878000,DECK
2023-08-24,91.711669921875,91.75333404541016,86.91666412353516,86.96333312988281,86.96333312988281,3081000,DECK
2023-08-25,87.3316650390625,88.37833404541016,86.25666809082031,86.91999816894531,86.91999816894531,1857600,DECK
2023-08-28,86.91666412353516,87.49500274658203,85.03666687011719,86.04833221435547,86.04833221435547,2490000,DECK
2023-08-29,85.97166442871094,88.10832977294922,85.89833068847656,87.97833251953125,87.97833251953125,2532000,DECK
2023-08-30,87.90666961669922,87.90666961669922,86.05000305175781,86.47833251953125,86.47833251953125,2440200,DECK
2023-08-31,86.6883316040039,88.77999877929688,86.6883316040039,88.1816635131836,88.1816635131836,4614000,DECK
2023-09-01,89.038330078125,89.81666564941406,88.33333587646484,88.79166412353516,88.79166412353516,1947600,DECK
2023-09-05,88.47166442871094,88.77666473388672,86.32666778564453,87.35333251953125,87.35333251953125,1972200,DECK
2023-09-06,87.14833068847656,87.94499969482422,87.08999633789062,87.63666534423828,87.63666534423828,1693800,DECK
2023-09-07,87.05166625976562,87.2933349609375,85.39167022705078,87.28500366210938,87.28500366210938,3052200,DECK
2023-09-08,87.05833435058594,88.28666687011719,86.93000030517578,87.87333679199219,87.87333679199219,1753200,DECK
2023-09-11,88.5,89.61000061035156,87.65166473388672,89.54166412353516,89.54166412353516,2076000,DECK
2023-09-12,89.31500244140625,91.03166961669922,89.31500244140625,90.12000274658203,90.12000274658203,2276400,DECK
2023-09-13,89.91999816894531,89.91999816894531,88.17333221435547,88.98833465576172,88.98833465576172,1863000,DECK
2023-09-14,89.58333587646484,90.19833374023438,88.17166900634766,89.48500061035156,89.48500061035156,1444800,DECK
2023-09-15,89.12666320800781,89.68000030517578,85.78500366210938,87.14666748046875,87.14666748046875,5206800,DECK
2023-09-18,87.0,87.79833221435547,86.61666870117188,87.70999908447266,87.70999908447266,1690200,DECK
2023-09-19,87.54000091552734,88.75,86.6866683959961,88.58000183105469,88.58000183105469,1518600,DECK
2023-09-20,88.44000244140625,89.04000091552734,87.2683334350586,87.27999877929688,87.27999877929688,1140000,DECK
2023-09-21,86.5250015258789,86.85166931152344,83.98666381835938,84.19667053222656,84.19667053222656,2277600,DECK
2023-09-22,84.65333557128906,85.89167022705078,84.65333557128906,85.09500122070312,85.09500122070312,1423200,DECK
2023-09-25,84.67832946777344,85.72666931152344,84.4000015258789,85.26667022705078,85.26667022705078,1549800,DECK
2023-09-26,84.85832977294922,85.59833526611328,83.336669921875,83.711669921875,83.711669921875,2152200,DECK
2023-09-27,84.15166473388672,84.30500030517578,82.7933349609375,83.59500122070312,83.59500122070312,1901400,DECK
2023-09-28,83.83000183105469,84.8116683959961,83.2933349609375,84.61166381835938,84.61166381835938,2080200,DECK
2023-09-29,86.66666412353516,87.14167022705078,85.40166473388672,85.6816635131836,85.6816635131836,2020200,DECK
2023-10-02,85.5683364868164,87.18499755859375,85.5683364868164,86.25833129882812,86.25833129882812,1817400,DECK
2023-10-03,85.18499755859375,85.9183349609375,84.3566665649414,84.6866683959961,84.6866683959961,1851000,DECK
2023-10-04,84.97000122070312,85.60832977294922,83.52666473388672,85.14666748046875,85.14666748046875,1421400,DECK
2023-10-05,85.02166748046875,85.038330078125,82.64833068847656,82.75833129882812,82.75833129882812,2175000,DECK
2023-10-06,82.45999908447266,83.49833679199219,81.27833557128906,82.51333618164062,82.51333618164062,2309400,DECK
2023-10-09,81.88999938964844,83.49166870117188,81.62666320800781,83.25499725341797,83.25499725341797,1510200,DECK
2023-10-10,83.39167022705078,85.61000061035156,83.38333129882812,84.75833129882812,84.75833129882812,1691400,DECK
2023-10-11,84.76499938964844,86.19166564941406,83.6683349609375,84.84500122070312,84.84500122070312,1822800,DECK
2023-10-12,85.15833282470703,85.29000091552734,82.5633316040039,82.89666748046875,82.89666748046875,1783200,DECK
2023-10-13,82.95333099365234,83.211669921875,81.62333679199219,82.07167053222656,82.07167053222656,1876800,DECK
2023-10-16,83.01499938964844,84.538330078125,83.01499938964844,83.54000091552734,83.54000091552734,2479800,DECK
2023-10-17,83.04499816894531,86.88999938964844,83.04499816894531,86.48500061035156,86.48500061035156,2736600,DECK
2023-10-18,86.19499969482422,87.1449966430664,85.20500183105469,85.32666778564453,85.32666778564453,1827000,DECK
2023-10-19,85.68499755859375,86.09833526611328,84.47166442871094,84.8133316040039,84.8133316040039,2051400,DECK
2023-10-20,85.07333374023438,85.1449966430664,82.65499877929688,82.9316635131836,82.9316635131836,2026200,DECK
2023-10-23,82.625,83.32499694824219,81.19833374023438,82.40833282470703,82.40833282470703,2466600,DECK
2023-10-24,83.3116683959961,83.51000213623047,82.16166687011719,82.68333435058594,82.68333435058594,1948800,DECK
2023-10-25,82.11166381835938,83.76166534423828,81.336669921875,82.06666564941406,82.06666564941406,2166000,DECK
2023-10-26,81.94999694824219,82.59166717529297,80.66999816894531,80.76333618164062,80.76333618164062,3465600,DECK
2023-10-27,90.86499786376953,97.5,90.51499938964844,96.0616683959961,96.0616683959961,11014200,DECK
2023-10-30,96.69999694824219,99.0199966430664,96.19667053222656,97.42666625976562,97.42666625976562,4617600,DECK
2023-10-31,97.83333587646484,99.75,97.75,99.51000213623047,99.51000213623047,3412200,DECK
2023-11-01,99.82499694824219,99.82499694824219,96.9000015258789,98.99666595458984,98.99666595458984,3770400,DECK
2023-11-02,99.17166900634766,100.41666412353516,98.875,100.16500091552734,100.16500091552734,2251200,DECK
2023-11-03,100.16500091552734,101.00166320800781,98.44499969482422,99.51667022705078,99.51667022705078,3000000,DECK
2023-11-06,100.11333465576172,102.32167053222656,99.69000244140625,102.14833068847656,102.14833068847656,2382000,DECK
2023-11-07,102.5,105.2066650390625,102.29833221435547,104.8566665649414,104.8566665649414,2739000,DECK
2023-11-08,104.82167053222656,105.66666412353516,104.04000091552734,104.53666687011719,104.53666687011719,2490600,DECK
2023-11-09,105.08000183105469,105.57833099365234,104.2300033569336,104.92500305175781,104.92500305175781,1982400,DECK
2023-11-10,104.7249984741211,105.6050033569336,104.1500015258789,105.4566650390625,105.4566650390625,1579800,DECK
2023-11-13,104.93499755859375,105.34500122070312,104.00166320800781,104.73666381835938,104.73666381835938,1590000,DECK
2023-11-14,105.15333557128906,105.87333679199219,104.46666717529297,105.02833557128906,105.02833557128906,2145600,DECK
2023-11-15,105.02833557128906,106.33333587646484,104.95500183105469,105.38833618164062,105.38833618164062,1800600,DECK
2023-11-16,104.08333587646484,104.08333587646484,100.71666717529297,102.57666778564453,102.57666778564453,2812800,DECK
2023-11-17,103.41666412353516,104.26333618164062,102.80332946777344,103.4183349609375,103.4183349609375,1522800,DECK
2023-11-20,103.36499786376953,105.66166687011719,103.36499786376953,104.913330078125,104.913330078125,1585200,DECK
2023-11-21,104.93000030517578,105.75166320800781,104.50499725341797,105.6933364868164,105.6933364868164,1845000,DECK
2023-11-22,106.33333587646484,107.02999877929688,105.08499908447266,105.41666412353516,105.41666412353516,1164000,DECK
2023-11-24,105.10166931152344,106.45166778564453,105.10166931152344,106.17832946777344,106.17832946777344,457200,DECK
2023-11-27,105.83333587646484,109.87833404541016,105.83333587646484,109.4366683959961,109.4366683959961,2812200,DECK
2023-11-28,109.77666473388672,109.77666473388672,108.11833190917969,108.61333465576172,108.61333465576172,1476000,DECK
2023-11-29,109.98999786376953,110.37833404541016,108.59166717529297,109.16500091552734,109.16500091552734,2097000,DECK
2023-11-30,109.58499908447266,110.77166748046875,108.99333190917969,110.66166687011719,110.66166687011719,3073200,DECK
2023-12-01,110.75833129882812,114.25499725341797,110.75833129882812,114.17666625976562,114.17666625976562,2542800,DECK
2023-12-04,114.0616683959961,116.47333526611328,113.17500305175781,115.63500213623047,115.63500213623047,2554800,DECK
2023-12-05,115.0,115.913330078125,114.43000030517578,115.06666564941406,115.06666564941406,2342400,DECK
2023-12-06,114.94000244140625,115.66500091552734,114.07333374023438,114.62166595458984,114.62166595458984,1664400,DECK
2023-12-07,114.45500183105469,116.3316650390625,114.41000366210938,115.73666381835938,115.73666381835938,1521000,DECK
2023-12-08,114.60832977294922,116.61000061035156,113.71499633789062,115.89666748046875,115.89666748046875,1677600,DECK
2023-12-11,116.19499969482422,118.01667022705078,116.01166534423828,116.30999755859375,116.30999755859375,1917600,DECK
2023-12-12,116.5433349609375,118.1816635131836,115.38999938964844,117.62666320800781,117.62666320800781,2211600,DECK
2023-12-13,118.89833068847656,120.16166687011719,117.69499969482422,119.87833404541016,119.87833404541016,2847600,DECK
2023-12-14,119.01166534423828,119.36833190917969,115.3933334350586,116.3066635131836,116.3066635131836,3369000,DECK
2023-12-15,116.0,117.49833679199219,114.66999816894531,117.13500213623047,117.13500213623047,4026600,DECK
2023-12-18,116.94166564941406,118.47666931152344,116.50333404541016,117.78666687011719,117.78666687011719,2148000,DECK
2023-12-19,119.16500091552734,120.56999969482422,118.74333190917969,119.15499877929688,119.15499877929688,1545600,DECK
2023-12-20,118.39666748046875,118.99500274658203,116.77333068847656,116.79833221435547,116.79833221435547,1723200,DECK
2023-12-21,117.49500274658203,118.2316665649414,116.8116683959961,117.3550033569336,117.3550033569336,1603800,DECK
2023-12-22,114.73500061035156,116.73500061035156,113.83999633789062,115.61499786376953,115.61499786376953,2115000,DECK
2023-12-26,115.39833068847656,115.8550033569336,114.5999984741211,114.663330078125,114.663330078125,1504800,DECK
2023-12-27,114.41666412353516,114.67832946777344,113.86333465576172,114.62666320800781,114.62666320800781,1877400,DECK
2023-12-28,113.25333404541016,114.0683364868164,112.20999908447266,112.586669921875,112.586669921875,1729200,DECK
2023-12-29,112.42333221435547,113.11166381835938,111.11333465576172,111.40499877929688,111.40499877929688,1248600,DECK
2024-01-02,110.80833435058594,112.84500122070312,110.71499633789062,112.33000183105469,112.33000183105469,2563800,DECK
2024-01-03,112.4383316040039,113.76333618164062,111.22666931152344,113.0566635131836,113.0566635131836,2221200,DECK
2024-01-04,112.15833282470703,113.21833038330078,111.73666381835938,112.03666687011719,112.03666687011719,1613400,DECK
2024-01-05,112.41166687011719,113.0,108.64833068847656,108.71499633789062,108.71499633789062,2256600,DECK
2024-01-08,110.01667022705078,114.18499755859375,109.99833679199219,114.12333679199219,114.12333679199219,2255400,DECK
2024-01-09,114.30500030517578,117.12000274658203,114.1066665649414,116.15333557128906,116.15333557128906,1631400,DECK
2024-01-10,116.41999816894531,116.66666412353516,114.67500305175781,115.98500061035156,115.98500061035156,1233000,DECK
2024-01-11,116.3566665649414,117.61000061035156,115.64167022705078,117.28333282470703,117.28333282470703,1500600,DECK
2024-01-12,117.413330078125,118.0566635131836,116.17166900634766,117.77999877929688,117.77999877929688,973200,DECK
2024-01-16,117.57666778564453,120.53166961669922,117.0199966430664,120.29666900634766,120.29666900634766,2101200,DECK
2024-01-17,119.79666900634766,120.94166564941406,118.84833526611328,120.74833679199219,120.74833679199219,1294200,DECK
2024-01-18,121.47000122070312,123.05500030517578,120.2316665649414,122.78500366210938,122.78500366210938,1911000,DECK
2024-01-19,124.0433349609375,124.91500091552734,122.84500122070312,124.875,124.875,1674000,DECK
2024-01-22,125.46666717529297,128.06832885742188,123.85166931152344,127.94999694824219,127.94999694824219,2305200,DECK
2024-01-23,127.42500305175781,127.86666870117188,124.53333282470703,125.69166564941406,125.69166564941406,1699200,DECK
2024-01-24,126.34833526611328,126.64666748046875,123.33333587646484,125.10333251953125,125.10333251953125,1503600,DECK
2024-01-25,125.86333465576172,127.40499877929688,125.19166564941406,126.83499908447266,126.83499908447266,1623000,DECK
2024-01-26,127.83333587646484,128.06666564941406,127.11166381835938,127.96499633789062,127.96499633789062,1183800,DECK
2024-01-29,127.84166717529297,129.2483367919922,126.82499694824219,129.1266632080078,129.1266632080078,1335600,DECK
2024-01-30,129.1266632080078,129.34500122070312,127.5616683959961,128.92333984375,128.92333984375,1750800,DECK
2024-01-31,128.14332580566406,128.52333068847656,125.1449966430664,125.62166595458984,125.62166595458984,2481000,DECK
2024-02-01,126.62666320800781,129.7183380126953,126.24166870117188,128.80833435058594,128.80833435058594,3381600,DECK
2024-02-02,139.2866668701172,150.61666870117188,138.15333557128906,147.00999450683594,147.00999450683594,6721200,DECK
2024-02-05,145.2483367919922,146.5050048828125,141.7066650390625,141.90167236328125,141.90167236328125,2724000,DECK
2024-02-06,141.90167236328125,142.10000610351562,135.85000610351562,137.55833435058594,137.55833435058594,3022800,DECK
2024-02-07,137.56500244140625,139.0449981689453,136.5016632080078,138.88833618164062,138.88833618164062,3124200,DECK
2024-02-08,139.42333984375,141.65834045410156,138.49000549316406,138.73666381835938,138.73666381835938,1594800,DECK
2024-02-09,139.25,141.6566619873047,139.25,140.8699951171875,140.8699951171875,1545000,DECK
2024-02-12,140.0316619873047,142.39166259765625,139.89833068847656,140.77833557128906,140.77833557128906,2421600,DECK
2024-02-13,137.5416717529297,140.7449951171875,137.39666748046875,139.44500732421875,139.44500732421875,1447200,DECK
2024-02-14,140.6683349609375,142.22332763671875,139.1666717529297,141.35000610351562,141.35000610351562,1563000,DECK
2024-02-15,143.3333282470703,146.1750030517578,142.0316619873047,145.12832641601562,145.12832641601562,1647600,DECK
2024-02-16,145.0500030517578,146.44667053222656,143.67666625976562,143.8300018310547,143.8300018310547,1554600,DECK
2024-02-20,143.163330078125,144.7616729736328,142.44332885742188,143.44667053222656,143.44667053222656,1810200,DECK
2024-02-21,143.44667053222656,144.4583282470703,142.19166564941406,143.61000061035156,143.61000061035156,1485000,DECK
2024-02-22,145.3333282470703,147.99667358398438,144.5316619873047,147.3433380126953,147.3433380126953,2095800,DECK
2024-02-23,147.6233367919922,149.5366668701172,145.97999572753906,146.74667358398438,146.74667358398438,1381800,DECK
2024-02-26,147.47666931152344,148.3300018310547,144.71665954589844,144.9116668701172,144.9116668701172,2007000,DECK
2024-02-27,144.86666870117188,145.96499633789062,142.69500732421875,145.23333740234375,145.23333740234375,1640400,DECK
2024-02-28,144.02333068847656,147.27166748046875,143.74000549316406,147.07000732421875,147.07000732421875,1542600,DECK
2024-02-29,147.35333251953125,149.34832763671875,146.5066680908203,149.26499938964844,149.26499938964844,2884800,DECK
2024-03-01,149.14166259765625,151.97000122070312,148.69833374023438,150.54833984375,150.54833984375,1859400,DECK
2024-03-04,154.86666870117188,156.6366729736328,153.1649932861328,154.42999267578125,154.42999267578125,4750200,DECK
2024-03-05,153.3350067138672,155.31500244140625,150.40333557128906,151.14332580566406,151.14332580566406,2029800,DECK
2024-03-06,152.0,153.36000061035156,150.36666870117188,151.9983367919922,151.9983367919922,1597200,DECK
2024-03-07,151.9983367919922,153.0366668701172,150.3683319091797,152.14500427246094,152.14500427246094,1589400,DECK
2024-03-08,152.27166748046875,156.14999389648438,150.52667236328125,152.03334045410156,152.03334045410156,1804200,DECK
2024-03-11,151.5066680908203,151.59666442871094,147.82333374023438,150.27667236328125,150.27667236328125,1743600,DECK
2024-03-12,150.18333435058594,152.84500122070312,149.5,152.50833129882812,152.50833129882812,1438800,DECK
2024-03-13,152.59500122070312,156.13833618164062,152.21665954589844,154.61000061035156,154.61000061035156,2235000,DECK
2024-03-14,157.5,158.586669921875,154.55166625976562,155.50833129882812,155.50833129882812,3502800,DECK
2024-03-15,155.23666381835938,156.2133331298828,151.19667053222656,151.63333129882812,151.63333129882812,36642600,DECK
2024-03-18,152.6666717529297,153.7916717529297,150.59832763671875,151.47666931152344,151.47666931152344,2265000,DECK
2024-03-19,151.82000732421875,152.31333923339844,149.1666717529297,151.47666931152344,151.47666931152344,2213400,DECK
2024-03-20,151.3333282470703,152.7083282470703,150.02833557128906,152.52999877929688,152.52999877929688,2045400,DECK
2024-03-21,152.94000244140625,159.36166381835938,152.3800048828125,158.82333374023438,158.82333374023438,2634600,DECK
2024-03-22,157.7183380126953,157.7183380126953,153.59165954589844,153.74000549316406,153.74000549316406,2775600,DECK
2024-03-25,155.0,155.92999267578125,153.86000061035156,155.43167114257812,155.43167114257812,2248800,DECK
2024-03-26,155.3300018310547,157.15333557128906,154.21665954589844,156.24166870117188,156.24166870117188,2662200,DECK
2024-03-27,156.9933319091797,157.06166076660156,153.81500244140625,156.31666564941406,156.31666564941406,2185200,DECK
2024-03-28,156.31500244140625,158.14833068847656,156.10166931152344,156.8766632080078,156.8766632080078,1471200,DECK
2024-04-01,157.94332885742188,158.9983367919922,154.82167053222656,155.0833282470703,155.0833282470703,1616400,DECK
2024-04-02,153.3000030517578,154.15499877929688,147.30166625976562,150.5500030517578,150.5500030517578,2209800,DECK
2024-04-03,150.57833862304688,152.2050018310547,149.92999267578125,150.1199951171875,150.1199951171875,1812600,DECK
2024-04-04,151.16000366210938,152.2616729736328,145.538330078125,146.30332946777344,146.30332946777344,3359400,DECK
2024-04-05,147.76499938964844,148.55166625976562,145.6266632080078,146.64833068847656,146.64833068847656,1742400,DECK
2024-04-08,147.52333068847656,149.4499969482422,145.96665954589844,148.13999938964844,148.13999938964844,1744200,DECK
2024-04-09,148.50999450683594,149.1750030517578,141.27166748046875,144.63499450683594,144.63499450683594,2600400,DECK
2024-04-10,136.11000061035156,137.35499572753906,131.98500061035156,135.02166748046875,135.02166748046875,5336400,DECK
2024-04-11,135.1566619873047,137.27667236328125,133.7566680908203,136.65499877929688,136.65499877929688,2610600,DECK
2024-04-12,135.2899932861328,136.84832763671875,134.30667114257812,135.72833251953125,135.72833251953125,1951200,DECK
2024-04-15,138.3333282470703,138.44833374023438,135.82333374023438,135.89666748046875,135.89666748046875,2886000,DECK
2024-04-16,135.58999633789062,136.40834045410156,134.55166625976562,135.64833068847656,135.64833068847656,1986000,DECK
2024-04-17,136.7816619873047,137.94667053222656,136.07167053222656,136.53334045410156,136.53334045410156,2278800,DECK
2024-04-18,137.50999450683594,138.5833282470703,135.06166076660156,135.5500030517578,135.5500030517578,1851000,DECK
2024-04-19,135.83999633789062,136.2066650390625,132.2433319091797,133.39666748046875,133.39666748046875,2866800,DECK
2024-04-22,134.49667358398438,136.28334045410156,134.02499389648438,135.0366668701172,135.0366668701172,1629600,DECK
2024-04-23,136.05667114257812,138.6300048828125,135.65499877929688,138.2383270263672,138.2383270263672,1636200,DECK
2024-04-24,139.80166625976562,142.90499877929688,138.66000366210938,141.95166015625,141.95166015625,2211000,DECK
2024-04-25,135.1999969482422,137.5,131.39500427246094,134.4166717529297,134.4166717529297,2914200,DECK
2024-04-26,135.70333862304688,139.89166259765625,135.17333984375,138.91000366210938,138.91000366210938,1612800,DECK
2024-04-29,139.586669921875,141.01333618164062,138.60000610351562,138.7383270263672,138.7383270263672,1042200,DECK
2024-04-30,137.92333984375,139.0749969482422,135.93167114257812,136.4116668701172,136.4116668701172,1746600,DECK
2024-05-01,136.3633270263672,139.9983367919922,134.17832946777344,136.5800018310547,136.5800018310547,1736400,DECK
2024-05-02,137.98167419433594,139.24667358398438,136.82167053222656,138.77166748046875,138.77166748046875,1171200,DECK
2024-05-03,139.836669921875,140.86500549316406,138.125,140.38999938964844,140.38999938964844,1342800,DECK
2024-05-06,141.6649932861328,144.55667114257812,140.99166870117188,143.64166259765625,143.64166259765625,1777800,DECK
2024-05-07,144.23500061035156,146.8333282470703,143.64833068847656,143.72999572753906,143.72999572753906,1561200,DECK
2024-05-08,142.9066619873047,143.61666870117188,141.9683380126953,142.24667358398438,142.24667358398438,1684800,DECK
2024-05-09,142.36666870117188,146.1183319091797,142.36666870117188,145.75833129882812,145.75833129882812,1595400,DECK
2024-05-10,145.75833129882812,146.0883331298828,142.3633270263672,143.6649932861328,143.6649932861328,1333800,DECK
2024-05-13,144.06666564941406,144.06666564941406,140.2433319091797,141.77833557128906,141.77833557128906,1818000,DECK
2024-05-14,143.5500030517578,147.78334045410156,142.80499267578125,147.0749969482422,147.0749969482422,2128800,DECK
2024-05-15,148.0,152.77499389648438,147.82000732421875,150.6133270263672,150.6133270263672,2364600,DECK
2024-05-16,150.86666870117188,151.79833984375,147.10667419433594,147.60333251953125,147.60333251953125,1722600,DECK
2024-05-17,148.32000732421875,149.80833435058594,147.68333435058594,148.0933380126953,148.0933380126953,1917600,DECK
2024-05-20,148.10499572753906,152.3300018310547,148.10499572753906,150.47500610351562,150.47500610351562,1875000,DECK
2024-05-21,149.93499755859375,151.7899932861328,149.56166076660156,149.9566650390625,149.9566650390625,1938000,DECK
2024-05-22,150.38999938964844,150.80166625976562,148.22500610351562,148.82333374023438,148.82333374023438,1899600,DECK
2024-05-23,150.2066650390625,151.4499969482422,148.9116668701172,150.77499389648438,150.77499389648438,3924600,DECK
2024-05-24,169.15333557128906,172.8300018310547,165.75,172.14999389648438,172.14999389648438,5697600,DECK
2024-05-28,173.3333282470703,179.97833251953125,173.00999450683594,179.85667419433594,179.85667419433594,4068600,DECK
2024-05-29,179.5,180.6183319091797,177.48500061035156,177.48666381835938,177.48666381835938,2175600,DECK
2024-05-30,177.0016632080078,182.5800018310547,177.0016632080078,180.42999267578125,180.42999267578125,2507400,DECK
2024-05-31,180.1300048828125,182.43666076660156,176.9566650390625,182.32000732421875,182.32000732421875,3439200,DECK
2024-06-03,182.30833435058594,184.48167419433594,179.2383270263672,181.09500122070312,181.09500122070312,1587000,DECK
2024-06-04,180.19833374023438,182.03334045410156,177.37167358398438,177.80499267578125,177.80499267578125,1351200,DECK
2024-06-05,177.6266632080078,182.65834045410156,177.16000366210938,182.2100067138672,182.2100067138672,1372800,DECK
2024-06-06,182.93333435058594,183.62832641601562,177.26499938964844,177.57167053222656,177.57167053222656,1527600,DECK
2024-06-07,177.10499572753906,177.10499572753906,172.24000549316406,174.05166625976562,174.05166625976562,1488000,DECK
2024-06-10,172.68333435058594,176.14666748046875,171.9116668701172,175.8249969482422,175.8249969482422,1686600,DECK
2024-06-11,175.29666137695312,175.57167053222656,172.72999572753906,173.72166442871094,173.72166442871094,1449600,DECK
2024-06-12,174.43833923339844,174.56500244140625,171.6683349609375,173.25332641601562,173.25332641601562,2136600,DECK
2024-06-13,172.2616729736328,172.62832641601562,169.28334045410156,171.69332885742188,171.69332885742188,1990800,DECK
2024-06-14,171.13499450683594,172.0366668701172,169.5,170.625,170.625,1208400,DECK
2024-06-17,170.3766632080078,172.84165954589844,168.6649932861328,169.5816650390625,169.5816650390625,2242200,DECK
2024-06-18,168.60667419433594,171.06832885742188,167.51666259765625,168.06500244140625,168.06500244140625,2521800,DECK
2024-06-20,168.01666259765625,168.74166870117188,163.3333282470703,164.9066619873047,164.9066619873047,2290200,DECK
2024-06-21,164.69833374023438,164.69833374023438,160.9199981689453,163.35667419433594,163.35667419433594,3744600,DECK
2024-06-24,163.3333282470703,165.23167419433594,162.1366729736328,163.01333618164062,163.01333618164062,1615800,DECK
2024-06-25,164.69667053222656,164.72500610351562,161.53500366210938,162.55332946777344,162.55332946777344,1434000,DECK
2024-06-26,162.91000366210938,165.3866729736328,162.5,163.5433349609375,163.5433349609375,1767000,DECK
2024-06-27,162.4250030517578,167.17333984375,162.4250030517578,166.65167236328125,166.65167236328125,1971600,DECK
2024-06-28,163.0066680908203,167.38499450683594,160.9250030517578,161.3249969482422,161.3249969482422,3535800,DECK
2024-07-01,162.61666870117188,163.27000427246094,153.2066650390625,157.71665954589844,157.71665954589844,2159400,DECK
2024-07-02,157.26832580566406,158.81333923339844,154.17166137695312,156.77333068847656,156.77333068847656,1805400,DECK
2024-07-03,157.06500244140625,158.8383331298828,154.913330078125,155.94833374023438,155.94833374023438,996000,DECK
2024-07-05,156.05499267578125,156.6649932861328,154.5833282470703,156.55332946777344,156.55332946777344,1073400,DECK
2024-07-08,157.4116668701172,159.00833129882812,155.85333251953125,158.78334045410156,158.78334045410156,1821600,DECK
2024-07-09,158.28500366210938,159.19166564941406,156.3816680908203,156.50833129882812,156.50833129882812,1356600,DECK
2024-07-10,154.1666717529297,154.5833282470703,141.97500610351562,148.89500427246094,148.89500427246094,3773400,DECK
2024-07-11,149.14166259765625,149.22999572753906,146.11500549316406,148.10667419433594,148.10667419433594,2966400,DECK
2024-07-12,149.85000610351562,151.6666717529297,147.97332763671875,149.67666625976562,149.67666625976562,2373000,DECK
2024-07-15,149.6666717529297,152.06333923339844,149.36666870117188,149.92999267578125,149.92999267578125,2434200,DECK
2024-07-16,151.6666717529297,152.1566619873047,148.89999389648438,152.14500427246094,152.14500427246094,2289600,DECK
2024-07-17,151.27667236328125,155.5433349609375,148.25332641601562,148.27000427246094,148.27000427246094,2183400,DECK
2024-07-18,149.7516632080078,152.8000030517578,146.8316650390625,147.80999755859375,147.80999755859375,2086200,DECK
2024-07-19,147.85833740234375,148.72000122070312,144.98167419433594,145.2066650390625,145.2066650390625,1538400,DECK
2024-07-22,146.6666717529297,148.31832885742188,145.4683380126953,147.31832885742188,147.31832885742188,1890600,DECK
2024-07-23,147.8350067138672,151.1233367919922,147.0416717529297,147.07167053222656,147.07167053222656,2299200,DECK
2024-07-24,146.38499450683594,147.163330078125,140.9166717529297,141.0066680908203,141.0066680908203,2683800,DECK
2024-07-25,141.6666717529297,142.59500122070312,136.75332641601562,140.25,140.25,5346000,DECK
2024-07-26,159.9683380126953,163.3333282470703,148.8333282470703,149.11666870117188,149.11666870117188,7816200,DECK
2024-07-29,149.5833282470703,155.37832641601562,148.5749969482422,153.5366668701172,153.5366668701172,3219600,DECK
2024-07-30,153.73666381835938,155.0,151.17666625976562,151.87167358398438,151.87167358398438,1952400,DECK
2024-07-31,153.86166381835938,155.5,152.78500366210938,153.77166748046875,153.77166748046875,1846200,DECK
2024-08-01,153.7949981689453,155.47666931152344,149.1699981689453,151.03500366210938,151.03500366210938,1522200,DECK
2024-08-02,147.15167236328125,147.15167236328125,142.39666748046875,144.22166442871094,144.22166442871094,1846200,DECK
2024-08-05,137.43833923339844,143.8333282470703,134.48333740234375,141.74667358398438,141.74667358398438,2247000,DECK
2024-08-06,143.875,147.05999755859375,142.12832641601562,144.86666870117188,144.86666870117188,1873800,DECK
2024-08-07,146.9983367919922,147.3333282470703,140.24667358398438,140.54666137695312,140.54666137695312,2365200,DECK
2024-08-08,142.36166381835938,147.62167358398438,141.07333374023438,147.32167053222656,147.32167053222656,2382000,DECK
2024-08-09,146.80499267578125,148.72332763671875,145.76832580566406,148.375,148.375,1294200,DECK
2024-08-12,148.336669921875,153.15499877929688,148.336669921875,153.0500030517578,153.0500030517578,2084400,DECK
2024-08-13,153.3333282470703,157.4583282470703,153.3333282470703,157.3866729736328,157.3866729736328,1936200,DECK
2024-08-14,156.61500549316406,158.3333282470703,152.9550018310547,153.22833251953125,153.22833251953125,1563600,DECK
2024-08-15,158.9633331298828,161.0833282470703,156.17832946777344,157.9250030517578,157.9250030517578,1918200,DECK
2024-08-16,157.90167236328125,160.52166748046875,157.10333251953125,158.42166137695312,158.42166137695312,1732200,DECK
2024-08-19,158.5833282470703,160.99166870117188,158.5833282470703,160.5366668701172,160.5366668701172,984000,DECK
2024-08-20,160.875,161.6649932861328,157.3300018310547,158.11166381835938,158.11166381835938,1178400,DECK
2024-08-21,159.61666870117188,160.69833374023438,158.10000610351562,159.58999633789062,159.58999633789062,1790400,DECK
2024-08-22,159.97999572753906,160.6666717529297,158.5833282470703,159.14833068847656,159.14833068847656,1050600,DECK
2024-08-23,159.19332885742188,163.4183349609375,159.19332885742188,162.42666625976562,162.42666625976562,1303200,DECK
2024-08-26,161.97332763671875,162.2383270263672,156.9600067138672,157.5050048828125,157.5050048828125,1437000,DECK
2024-08-27,156.78500366210938,159.2516632080078,155.72000122070312,158.80667114257812,158.80667114257812,1071600,DECK
2024-08-28,159.6266632080078,160.6666717529297,157.09500122070312,158.26333618164062,158.26333618164062,1650000,DECK
2024-08-29,158.1199951171875,159.4883270263672,156.73666381835938,156.90499877929688,156.90499877929688,1112400,DECK
2024-08-30,157.68499755859375,159.9166717529297,155.9633331298828,159.8816680908203,159.8816680908203,1722600,DECK
2024-09-03,159.36666870117188,159.84165954589844,148.9949951171875,149.83999633789062,149.83999633789062,2817000,DECK
2024-09-04,148.62832641601562,149.85833740234375,146.9149932861328,149.22833251953125,149.22833251953125,1781400,DECK
2024-09-05,148.2916717529297,148.52667236328125,145.21665954589844,146.56333923339844,146.56333923339844,1507800,DECK
2024-09-06,146.7566680908203,147.5,142.69500732421875,143.32666015625,143.32666015625,2334000,DECK
2024-09-09,144.5,149.52667236328125,144.5,149.01499938964844,149.01499938964844,2385600,DECK
2024-09-10,147.0,148.73666381835938,145.1999969482422,148.45166015625,148.45166015625,1704600,DECK
2024-09-11,147.44332885742188,151.94166564941406,146.76832580566406,151.5433349609375,151.5433349609375,2273400,DECK
2024-09-12,151.94500732421875,155.10667419433594,151.5366668701172,153.18833923339844,153.18833923339844,998400,DECK
2024-09-13,154.1183319091797,157.586669921875,153.6750030517578,155.84500122070312,155.84500122070312,1381800,DECK
2024-09-16,157.16000366210938,157.16000366210938,153.07333374023438,156.27999877929688,156.27999877929688,1551600,DECK
2024-09-17,156.3300018310547,159.25,152.6300048828125,155.10000610351562,155.10000610351562,1036000,DECK
2024-09-18,160.4499969482422,162.0500030517578,156.75999450683594,157.22999572753906,157.22999572753906,1365100,DECK
2024-09-19,159.6699981689453,160.7899932861328,152.0399932861328,152.11000061035156,152.11000061035156,2198800,DECK
2024-09-20,147.97999572753906,151.27999877929688,146.2100067138672,150.72999572753906,150.72999572753906,4517000,DECK
2024-09-23,151.1999969482422,155.02999877929688,149.1300048828125,154.2100067138672,154.2100067138672,1990100,DECK
2024-09-24,154.86000061035156,157.49000549316406,153.4499969482422,154.39999389648438,154.39999389648438,1309800,DECK
2024-09-25,154.57000732421875,156.2100067138672,153.13999938964844,154.5,154.5,1362000,DECK
2024-09-26,157.41000366210938,158.69000244140625,153.35000610351562,157.25999450683594,157.25999450683594,1244900,DECK
2024-09-27,158.91000366210938,160.0,156.83999633789062,159.4199981689453,159.4199981689453,1218400,DECK
2024-09-30,158.77999877929688,161.3800048828125,157.74000549316406,159.4499969482422,159.4499969482422,2148600,DECK
2024-10-01,159.4199981689453,160.05999755859375,154.83999633789062,155.6199951171875,155.6199951171875,1354800,DECK
2024-10-02,152.4199981689453,158.8300018310547,150.60000610351562,157.66000366210938,157.66000366210938,1905800,DECK
2024-10-03,157.11000061035156,159.13999938964844,156.00999450683594,156.7899932861328,156.7899932861328,1574300,DECK
2024-10-04,159.3800048828125,167.22999572753906,159.14999389648438,166.80999755859375,166.80999755859375,2327300,DECK
2024-10-07,164.5,165.24000549316406,154.6300048828125,158.8300018310547,158.8300018310547,2765800,DECK
2024-10-08,160.55999755859375,163.6699981689453,160.3699951171875,161.94000244140625,161.94000244140625,1891100,DECK
2024-10-09,161.25,162.69000244140625,160.22999572753906,160.44000244140625,160.44000244140625,1566600,DECK
2024-10-10,158.99000549316406,160.16000366210938,157.07000732421875,158.25999450683594,158.25999450683594,1162400,DECK
2024-10-11,157.9199981689453,161.80999755859375,157.6300048828125,161.25,161.25,1114600,DECK
2024-10-14,161.99000549316406,162.69000244140625,159.5,160.72999572753906,160.72999572753906,1316100,DECK
2024-10-15,160.47999572753906,163.8000030517578,160.47999572753906,161.85000610351562,161.85000610351562,1966900,DECK
2024-10-16,164.2100067138672,164.69000244140625,159.64999389648438,161.16000366210938,161.16000366210938,1505300,DECK
2024-10-17,161.97999572753906,162.17999267578125,157.64999389648438,160.30999755859375,160.30999755859375,1625100,DECK
2024-10-18,161.30999755859375,161.9199981689453,159.11000061035156,161.85000610351562,161.85000610351562,1865000,DECK
2024-10-21,161.39999389648438,161.85000610351562,156.2899932861328,160.00999450683594,160.00999450683594,1908200,DECK
2024-10-22,155.0,157.83999633789062,153.75999450683594,154.0500030517578,154.0500030517578,2479900,DECK
2024-10-23,153.1999969482422,154.47999572753906,150.35000610351562,150.9600067138672,150.9600067138672,1725200,DECK
2024-10-24,152.7899932861328,153.22999572753906,150.94000244140625,152.0399932861328,152.0399932861328,3673500,DECK
2024-10-25,169.9499969482422,172.57000732421875,164.0,168.11000061035156,168.11000061035156,8426600,DECK
2024-10-28,168.64999389648438,170.74000549316406,166.36000061035156,169.2899932861328,169.2899932861328,2920500,DECK
2024-10-29,167.0,170.1699981689453,163.16000366210938,169.5500030517578,169.5500030517578,2434800,DECK
2024-10-30,169.61000061035156,170.39999389648438,167.58999633789062,169.52000427246094,169.52000427246094,1711200,DECK
2024-10-31,168.64999389648438,168.64999389648438,160.85000610351562,160.88999938964844,160.88999938964844,2374500,DECK
2024-11-01,162.8000030517578,162.8000030517578,158.0,158.1199951171875,158.1199951171875,2025900,DECK
2024-11-04,158.08999633789062,164.35000610351562,158.0399932861328,162.25999450683594,162.25999450683594,1950100,DECK
2024-11-05,161.92999267578125,163.82000732421875,161.39999389648438,163.6699981689453,163.6699981689453,1381000,DECK
2024-11-06,167.3699951171875,168.0,161.88999938964844,164.77000427246094,164.77000427246094,2044300,DECK
2024-11-07,166.5,173.4199981689453,166.5,171.33999633789062,171.33999633789062,1774200,DECK
2024-11-08,171.0,176.7100067138672,170.25999450683594,175.61000061035156,175.61000061035156,2036200,DECK
2024-11-11,178.0,179.0,175.24000549316406,177.0800018310547,177.0800018310547,1809200,DECK
2024-11-12,177.05999755859375,177.75,174.9199981689453,177.6300048828125,177.6300048828125,1590500,DECK
2024-11-13,178.4499969482422,182.25999450683594,178.0,178.33999633789062,178.33999633789062,1383200,DECK
2024-11-14,178.5,179.22000122070312,174.9600067138672,176.86000061035156,176.86000061035156,1229200,DECK
2024-11-15,175.83999633789062,176.86000061035156,174.05999755859375,175.66000366210938,175.66000366210938,1141400,DECK
2024-11-18,176.16000366210938,178.0,174.0399932861328,176.4499969482422,176.4499969482422,1685800,DECK
2024-11-19,174.77999877929688,176.69000244140625,172.36000061035156,176.2899932861328,176.2899932861328,1860800,DECK
2024-11-20,176.5800018310547,178.0,174.27000427246094,176.36000061035156,176.36000061035156,1095500,DECK
2024-11-21,176.6300048828125,181.97999572753906,175.1199951171875,181.91000366210938,181.91000366210938,2664000,DECK
2024-11-22,185.77999877929688,193.3300018310547,185.77999877929688,192.14999389648438,192.14999389648438,3056900,DECK
2024-11-25,194.0399932861328,198.0800018310547,193.0,196.49000549316406,196.49000549316406,3911700,DECK
2024-11-26,196.6300048828125,196.77999877929688,192.91000366210938,194.41000366210938,194.41000366210938,1503000,DECK
2024-11-27,193.52000427246094,195.77999877929688,190.85000610351562,191.77000427246094,191.77000427246094,1203100,DECK
2024-11-29,193.7100067138672,196.88999938964844,193.07000732421875,195.9600067138672,195.9600067138672,813900,DECK
2024-12-02,196.92999267578125,203.77999877929688,196.61000061035156,201.89999389648438,201.89999389648438,1999900,DECK
2024-12-03,202.36000061035156,205.35000610351562,202.0800018310547,202.8699951171875,202.8699951171875,2066100,DECK
2024-12-04,203.25999450683594,207.2899932861328,202.50999450683594,204.14999389648438,204.14999389648438,1817900,DECK
2024-12-05,201.6999969482422,204.00999450683594,200.82000732421875,200.9199981689453,200.9199981689453,2345800,DECK
2024-12-06,203.11000061035156,203.11000061035156,198.6699981689453,199.5500030517578,199.5500030517578,1766700,DECK
2024-12-09,199.9499969482422,202.72000122070312,195.4600067138672,201.5500030517578,201.5500030517578,1689700,DECK
2024-12-10,201.52999877929688,205.1199951171875,199.19000244140625,202.1199951171875,202.1199951171875,1110700,DECK
2024-12-11,203.75999450683594,208.4499969482422,203.0,204.9499969482422,204.9499969482422,1654100,DECK
2024-12-12,203.85000610351562,206.72000122070312,203.1300048828125,203.67999267578125,203.67999267578125,1001700,DECK
2024-12-13,205.0,207.44000244140625,203.5399932861328,206.6300048828125,206.6300048828125,1642800,DECK
2024-12-16,207.44000244140625,213.02999877929688,206.50999450683594,211.1199951171875,211.1199951171875,1788600,DECK
2024-12-17,211.0,212.77999877929688,207.89999389648438,210.3699951171875,210.3699951171875,1709700,DECK
2024-12-18,209.32000732421875,211.41000366210938,201.0,201.47999572753906,201.47999572753906,1581800,DECK
2024-12-19,203.35000610351562,208.10000610351562,202.22000122070312,205.27999877929688,205.27999877929688,1937300,DECK
2024-12-20,203.88999938964844,214.6999969482422,202.49000549316406,210.97000122070312,210.97000122070312,3805100,DECK
2024-12-23,208.66000366210938,210.52000427246094,206.3000030517578,207.64999389648438,207.64999389648438,1874500,DECK
2024-12-24,208.0500030517578,208.9499969482422,206.89999389648438,208.00999450683594,208.00999450683594,523900,DECK
2024-12-26,208.0,210.5,207.75,209.42999267578125,209.42999267578125,1071200,DECK
2024-12-27,207.86000061035156,209.69000244140625,205.83999633789062,207.11000061035156,207.11000061035156,848200,DECK
2024-12-30,203.1699981689453,207.75999450683594,201.77999877929688,205.75999450683594,205.75999450683594,1068200,DECK
2024-12-31,206.5800018310547,207.0,203.0399932861328,203.08999633789062,203.08999633789062,1317300,DECK
2025-01-02,205.1300048828125,206.61000061035156,202.3300018310547,204.5399932861328,204.5399932861328,1556500,DECK
2025-01-03,206.17999267578125,209.25,206.0399932861328,207.25,207.25,1711500,DECK
2025-01-06,210.94000244140625,212.49000549316406,207.11000061035156,208.47000122070312,208.47000122070312,2993700,DECK
2025-01-07,210.50999450683594,211.88999938964844,203.55999755859375,205.10000610351562,205.10000610351562,1501600,DECK
2025-01-08,205.69000244140625,209.07000732421875,203.88999938964844,207.52000427246094,207.52000427246094,1630900,DECK
2025-01-10,207.0,210.44000244140625,205.94000244140625,207.5,207.5,1526100,DECK
2025-01-13,203.82000732421875,204.83999633789062,195.17999267578125,204.58999633789062,204.58999633789062,1980200,DECK
2025-01-14,206.75,209.41000366210938,204.08999633789062,206.13999938964844,206.13999938964844,1239100,DECK
2025-01-15,209.50999450683594,209.85000610351562,203.13999938964844,203.72999572753906,203.72999572753906,1170100,DECK
2025-01-16,205.75,209.75,204.97000122070312,208.22000122070312,208.22000122070312,1490600,DECK
2025-01-17,210.22999572753906,212.85000610351562,208.41000366210938,209.91000366210938,209.91000366210938,1313200,DECK
2025-01-21,214.07000732421875,218.38999938964844,210.82000732421875,214.11000061035156,214.11000061035156,1841400,DECK
2025-01-22,214.24000549316406,215.5500030517578,212.5,214.9199981689453,214.9199981689453,1478600,DECK
2025-01-23,213.0,218.9199981689453,210.60000610351562,218.57000732421875,218.57000732421875,1828000,DECK
2025-01-24,218.5500030517578,218.77999877929688,214.4199981689453,217.16000366210938,217.16000366210938,1452800,DECK
2025-01-27,211.75999450683594,214.82000732421875,208.5500030517578,211.89999389648438,211.89999389648438,1708500,DECK
2025-01-28,213.08999633789062,216.16000366210938,211.7899932861328,215.9199981689453,215.9199981689453,1896300,DECK
2025-01-29,218.30999755859375,222.0500030517578,216.35000610351562,218.89999389648438,218.89999389648438,1739900,DECK
2025-01-30,221.22000122070312,223.97999572753906,219.5399932861328,223.11000061035156,223.11000061035156,4428300,DECK
2025-01-31,196.10000610351562,198.64999389648438,177.30999755859375,177.36000061035156,177.36000061035156,15046800,DECK
2025-02-03,174.5,177.58999633789062,169.77999877929688,170.6300048828125,170.6300048828125,6340400,DECK
2025-02-04,173.2100067138672,174.3800048828125,169.02000427246094,169.49000549316406,169.49000549316406,5849800,DECK
2025-02-05,169.39999389648438,174.47999572753906,169.1999969482422,172.52000427246094,172.52000427246094,4758100,DECK
2025-02-06,175.0,177.63999938964844,172.02999877929688,172.19000244140625,172.19000244140625,4093200,DECK
2025-02-07,172.6999969482422,174.3800048828125,167.60000610351562,168.24000549316406,168.24000549316406,3344200,DECK
2025-02-10,168.72999572753906,169.5800018310547,160.25999450683594,161.64999389648438,161.64999389648438,5318600,DECK
2025-02-11,160.5,160.58999633789062,157.22000122070312,157.63999938964844,157.63999938964844,3483400,DECK
2025-02-12,155.8000030517578,157.33999633789062,153.50999450683594,154.02999877929688,154.02999877929688,3802200,DECK
2025-02-13,156.9499969482422,159.25999450683594,154.58999633789062,158.11000061035156,158.11000061035156,3164700,DECK
2025-02-14,157.10000610351562,158.0,154.1999969482422,155.07000732421875,155.07000732421875,2263200,DECK
2025-02-18,155.1999969482422,156.60000610351562,153.9199981689453,155.83999633789062,155.83999633789062,2855400,DECK
2025-02-19,154.52000427246094,155.82000732421875,151.5,152.5500030517578,152.5500030517578,2577300,DECK
2025-02-20,151.1199951171875,151.5800018310547,146.47000122070312,150.02000427246094,150.02000427246094,3945500,DECK
2025-02-21,150.5,151.3300018310547,144.8800048828125,146.57000732421875,146.57000732421875,2410100,DECK
2025-02-24,147.0,147.8000030517578,139.60000610351562,140.11000061035156,140.11000061035156,4239100,DECK
2025-02-25,139.5,144.58999633789062,138.80999755859375,142.7899932861328,142.7899932861328,4298200,DECK
2025-02-26,144.77000427246094,149.5500030517578,144.57000732421875,144.97000122070312,144.97000122070312,3632900,DECK
2025-02-27,145.75999450683594,146.08999633789062,138.1199951171875,138.49000549316406,138.49000549316406,2836200,DECK
2025-02-28,138.5,140.1300048828125,136.5399932861328,139.36000061035156,139.36000061035156,3004100,DECK
2025-03-03,140.1699981689453,141.89999389648438,135.8000030517578,137.24000549316406,137.24000549316406,2785700,DECK
2025-03-04,136.2100067138672,136.97000122070312,131.1999969482422,133.77999877929688,133.77999877929688,3813200,DECK
2025-03-05,134.25999450683594,137.5,134.25999450683594,136.08999633789062,136.08999633789062,2231300,DECK
2025-03-06,134.3000030517578,137.22999572753906,130.75999450683594,131.92999267578125,131.92999267578125,3039300,DECK
2025-03-07,130.47999572753906,131.0,122.62000274658203,126.72000122070312,126.72000122070312,5980700,DECK
2025-03-10,124.5,124.80000305175781,119.30000305175781,121.11000061035156,121.11000061035156,4072800,DECK
2025-03-11,121.3499984741211,124.79000091552734,119.80999755859375,120.52999877929688,120.52999877929688,3560600,DECK
2025-03-12,124.23999786376953,126.3499984741211,121.25,121.58000183105469,121.58000183105469,3156500,DECK
2025-03-13,121.19999694824219,121.56999969482422,115.05999755859375,117.04000091552734,117.04000091552734,4224300,DECK
2025-03-14,120.08000183105469,120.38999938964844,117.16999816894531,118.68000030517578,118.68000030517578,2540800,DECK
2025-03-17,118.08999633789062,118.97000122070312,115.5,117.4800033569336,117.4800033569336,2610500,DECK
2025-03-18,117.08000183105469,117.95999908447266,115.0,115.30000305175781,115.30000305175781,2196500,DECK
2025-03-19,115.98999786376953,119.97000122070312,115.98999786376953,119.05000305175781,119.05000305175781,2284200,DECK
2025-03-20,118.19999694824219,119.83000183105469,115.5999984741211,115.66999816894531,115.66999816894531,2072200,DECK
2025-03-21,113.76000213623047,118.33000183105469,112.0999984741211,117.86000061035156,117.86000061035156,5545000,DECK
2025-03-24,120.36000061035156,125.36000061035156,120.36000061035156,124.68000030517578,124.68000030517578,4106000,DECK
2025-03-25,124.29000091552734,125.70999908447266,122.58000183105469,122.97000122070312,122.97000122070312,2460200,DECK
2025-03-26,122.5,122.79000091552734,117.54000091552734,118.16000366210938,118.16000366210938,2631300,DECK
2025-03-27,117.20999908447266,119.47000122070312,115.22000122070312,116.94999694824219,116.94999694824219,2419600,DECK
2025-03-28,115.1500015258789,115.31999969482422,110.75,111.55999755859375,111.55999755859375,2595900,DECK
2025-03-31,109.4800033569336,112.11000061035156,107.37000274658203,111.80999755859375,111.80999755859375,3008300,DECK
2025-04-01,111.38999938964844,114.62999725341797,111.0999984741211,113.3499984741211,113.3499984741211,2364600,DECK
2025-04-02,111.5,119.19000244140625,111.44000244140625,117.9800033569336,117.9800033569336,2708800,DECK
2025-04-03,100.1500015258789,102.87000274658203,96.80000305175781,100.87999725341797,100.87999725341797,8699700,DECK
2025-04-04,96.33999633789062,108.61000061035156,93.72000122070312,106.0199966430664,106.0199966430664,8968500,DECK
2025-04-07,102.81999969482422,109.29000091552734,99.0,106.12999725341797,106.12999725341797,4717500,DECK
2025-04-08,109.4800033569336,110.73999786376953,100.37000274658203,101.87999725341797,101.87999725341797,3600000,DECK
2025-04-09,101.83999633789062,118.63999938964844,101.04000091552734,116.05999755859375,116.05999755859375,5179200,DECK
2025-04-10,112.0,113.41999816894531,106.33000183105469,109.62999725341797,109.62999725341797,3196600,DECK
2025-04-11,107.58000183105469,109.86000061035156,105.54000091552734,109.05000305175781,109.05000305175781,3588700,DECK
2025-04-14,111.79000091552734,113.30000305175781,105.7300033569336,107.1500015258789,107.1500015258789,2626600,DECK
2025-04-15,106.91999816894531,107.19999694824219,103.1500015258789,104.18000030517578,104.18000030517578,2866200,DECK
2025-04-16,103.5,105.1500015258789,101.69000244140625,103.0199966430664,103.0199966430664,2364200,DECK
2025-04-17,104.1500015258789,105.94000244140625,103.0199966430664,105.66999816894531,105.66999816894531,1755600,DECK
2025-04-21,103.86000061035156,104.27999877929688,100.26000213623047,103.55000305175781,103.55000305175781,1415700,DECK
2025-04-22,104.5,107.5199966430664,104.16000366210938,106.41999816894531,106.41999816894531,1558900,DECK
2025-04-23,110.22000122070312,113.0,106.2699966430664,106.66000366210938,106.66000366210938,2237600,DECK
2025-04-24,107.18000030517578,112.33000183105469,106.9800033569336,110.6500015258789,110.6500015258789,2280300,DECK
2025-04-25,109.44999694824219,110.56999969482422,108.33000183105469,109.19000244140625,109.19000244140625,2006000,DECK
2025-04-28,109.0,110.51000213623047,107.22000122070312,109.1500015258789,109.1500015258789,2011700,DECK
2025-04-29,108.48999786376953,112.13999938964844,108.4000015258789,111.69000244140625,111.69000244140625,1876100,DECK
2025-04-30,108.13999938964844,111.5199966430664,108.04000091552734,110.83000183105469,110.83000183105469,2687300,DECK
2025-05-01,110.9800033569336,112.70999908447266,110.5,111.12999725341797,111.12999725341797,1706100,DECK
2025-05-02,114.7699966430664,118.0,113.87000274658203,116.94000244140625,116.94000244140625,2490700,DECK
2025-05-05,117.86000061035156,120.58000183105469,117.86000061035156,118.33000183105469,118.33000183105469,2977500,DECK
2025-05-06,115.41999816894531,118.44999694824219,115.0999984741211,117.06999969482422,117.06999969482422,1954100,DECK
2025-05-07,118.27999877929688,121.41999816894531,117.55999755859375,120.86000061035156,120.86000061035156,2125300,DECK
2025-05-08,123.55999755859375,127.66999816894531,123.51000213623047,125.62000274658203,125.62000274658203,3557500,DECK
2025-05-09,125.01000213623047,125.73999786376953,120.88999938964844,121.06999969482422,121.06999969482422,2250200,DECK
2025-05-12,129.5,133.42999267578125,123.83000183105469,126.08000183105469,126.08000183105469,4588100,DECK
2025-05-13,128.32000732421875,130.41000366210938,127.37000274658203,129.3699951171875,129.3699951171875,2951100,DECK
2025-05-14,129.0,131.52000427246094,126.69999694824219,127.36000061035156,127.36000061035156,2884700,DECK
2025-05-15,125.37999725341797,127.48999786376953,125.16000366210938,126.94000244140625,126.94000244140625,2255200,DECK
2025-05-16,128.0500030517578,128.85000610351562,126.58999633789062,127.91000366210938,127.91000366210938,2160300,DECK
2025-05-19,126.0199966430664,128.25,125.3499984741211,127.41000366210938,127.41000366210938,2260700,DECK
2025-05-20,127.77999877929688,131.5800018310547,127.77999877929688,128.83999633789062,128.83999633789062,3407600,DECK
2025-05-21,126.18000030517578,127.94999694824219,123.02999877929688,123.36000061035156,123.36000061035156,3665000,DECK
2025-05-22,123.41999816894531,127.0,122.58000183105469,126.08999633789062,126.08999633789062,7449100,DECK
2025-05-23,97.94000244140625,102.87000274658203,96.0999984741211,101.05000305175781,101.05000305175781,19579700,DECK
2025-05-27,102.76000213623047,109.02999877929688,102.5,108.95999908447266,108.95999908447266,7532100,DECK
2025-05-28,108.4800033569336,108.66999816894531,103.73999786376953,104.31999969482422,104.31999969482422,4983800,DECK
2025-05-29,106.27999877929688,108.12999725341797,104.87999725341797,107.2699966430664,107.2699966430664,4688400,DECK
2025-05-30,105.68000030517578,106.0,103.48999786376953,105.5199966430664,105.5199966430664,4424800,DECK
2025-06-02,104.76000213623047,105.2300033569336,102.86000061035156,105.01000213623047,105.01000213623047,3042400,DECK
2025-06-03,104.5199966430664,105.91999816894531,102.87999725341797,105.83000183105469,105.83000183105469,3189800,DECK
2025-06-04,106.5,107.44999694824219,105.54000091552734,105.80999755859375,105.80999755859375,2549600,DECK
2025-06-05,105.6500015258789,110.23999786376953,105.6500015258789,108.31999969482422,108.31999969482422,3975700,DECK
2025-06-06,108.80000305175781,109.79000091552734,107.7699966430664,109.22000122070312,109.22000122070312,3155000,DECK
2025-06-09,111.5,112.33999633789062,109.2699966430664,110.91000366210938,110.91000366210938,3098600,DECK
2025-06-10,111.66999816894531,111.80000305175781,109.30999755859375,110.0,110.0,2366200,DECK
2025-06-11,111.26000213623047,111.68000030517578,107.87999725341797,107.93000030517578,107.93000030517578,2561300,DECK
2025-06-12,107.5,107.8499984741211,106.6500015258789,107.69999694824219,107.69999694824219,1704600,DECK
2025-06-13,104.91999816894531,106.0,100.80000305175781,101.4800033569336,101.4800033569336,3319400,DECK
2025-06-16,103.30000305175781,104.5,102.16000366210938,103.62999725341797,103.62999725341797,2804400,DECK
2025-06-17,103.36000061035156,104.18000030517578,101.8499984741211,102.61000061035156,102.61000061035156,1739000,DECK
2025-06-18,102.37000274658203,103.0,100.80999755859375,101.0,101.0,2693100,DECK
2025-06-20,101.8499984741211,102.55999755859375,101.04000091552734,101.69000244140625,101.69000244140625,3528800,DECK
2025-06-23,101.12999725341797,101.12999725341797,97.4800033569336,100.44000244140625,100.44000244140625,2800800,DECK
2025-06-24,101.72000122070312,102.36000061035156,100.16000366210938,102.22000122070312,102.22000122070312,2542100,DECK
2025-06-25,102.61000061035156,103.12999725341797,100.94000244140625,101.04000091552734,101.04000091552734,2128300,DECK
2025-06-26,101.94000244140625,102.12000274658203,99.5,101.93000030517578,101.93000030517578,2714400,DECK
2025-06-27,104.69999694824219,105.36000061035156,103.41000366210938,104.19999694824219,104.19999694824219,3921500,DECK
2025-06-30,104.69999694824219,104.76000213623047,102.08999633789062,103.06999969482422,103.06999969482422,2946500,DECK
2025-07-01,102.61000061035156,107.05000305175781,102.56999969482422,105.4000015258789,105.4000015258789,3180300,DECK
2025-07-02,104.55000305175781,109.08000183105469,102.87000274658203,106.26000213623047,106.26000213623047,4649800,DECK
2025-07-03,106.70999908447266,107.66000366210938,105.86000061035156,106.19999694824219,106.19999694824219,1736100,DECK
2025-07-07,106.19999694824219,106.75,105.01000213623047,105.75,105.75,2293500,DECK
2025-07-08,105.79000091552734,106.04000091552734,104.05000305175781,105.29000091552734,105.29000091552734,2389700,DECK
2025-07-09,106.22000122070312,106.86000061035156,104.5,104.91000366210938,104.91000366210938,2852200,DECK
2025-07-10,104.1500015258789,106.05999755859375,103.98999786376953,104.94999694824219,104.94999694824219,2545600,DECK
2025-07-11,104.30999755859375,105.5,101.6500015258789,101.7300033569336,101.7300033569336,3183200,DECK
2025-07-14,100.91999816894531,101.20999908447266,97.91999816894531,98.37999725341797,98.37999725341797,5132800,DECK
2025-07-15,99.04000091552734,99.12000274658203,95.22000122070312,95.31999969482422,95.31999969482422,6722400,DECK
2025-07-16,95.66000366210938,97.91999816894531,94.68000030517578,97.87999725341797,97.87999725341797,3880300,DECK
2025-07-17,98.4800033569336,101.61000061035156,98.4800033569336,101.22000122070312,101.22000122070312,4533900,DECK
2025-07-18,101.69999694824219,102.66999816894531,101.01000213623047,101.91000366210938,101.91000366210938,3412600,DECK
2025-07-21,101.66999816894531,105.73999786376953,101.66999816894531,105.0999984741211,105.0999984741211,4685300,DECK
2025-07-22,106.0,107.0,103.61000061035156,105.69000244140625,105.69000244140625,2677300,DECK
2025-07-23,107.91000366210938,108.8499984741211,106.66999816894531,108.08999633789062,108.08999633789062,3429100,DECK
2025-07-24,108.1500015258789,108.37999725341797,103.87000274658203,104.94000244140625,104.94000244140625,8710900,DECK
2025-07-25,123.44000244140625,126.5,116.5999984741211,116.8499984741211,116.8499984741211,15343400,DECK
2025-07-28,118.5,119.19999694824219,111.4800033569336,112.38999938964844,112.38999938964844,6387100,DECK
2025-07-29,112.80000305175781,115.38999938964844,111.76000213623047,112.11000061035156,112.11000061035156,3894800,DECK
2025-07-30,112.29000091552734,112.4000015258789,109.5199966430664,110.5999984741211,110.5999984741211,2832500,DECK
2025-07-31,110.30999755859375,110.47000122070312,105.68000030517578,106.16999816894531,106.16999816894531,3706800,DECK
2025-08-01,103.97000122070312,104.55000305175781,102.30999755859375,103.3499984741211,103.3499984741211,2980300,DECK
2025-08-04,103.30000305175781,105.33000183105469,103.30000305175781,105.12999725341797,105.12999725341797,2372200,DECK
2025-08-05,105.01000213623047,106.37000274658203,104.69999694824219,105.91000366210938,105.91000366210938,2193600,DECK
2025-08-06,105.75,108.16000366210938,105.44000244140625,105.72000122070312,105.72000122070312,1723400,DECK
2025-08-07,105.43000030517578,105.48999786376953,100.81999969482422,101.88999938964844,101.88999938964844,3316100,DECK
2025-08-08,101.5,102.16999816894531,99.9000015258789,101.68000030517578,101.68000030517578,2253700,DECK
2025-08-11,102.0,102.41999816894531,99.18000030517578,100.47000122070312,100.47000122070312,2485500,DECK
2025-08-12,102.5199966430664,103.79000091552734,101.16000366210938,103.73999786376953,103.73999786376953,2406000,DECK
2025-08-13,104.12000274658203,106.83000183105469,103.87000274658203,106.4800033569336,106.4800033569336,2222700,DECK
2025-08-14,104.11000061035156,104.3499984741211,102.06999969482422,103.86000061035156,103.86000061035156,2471900,DECK
2025-08-15,104.01000213623047,105.16999816894531,102.5999984741211,102.95999908447266,102.95999908447266,2657500,DECK
2025-08-18,103.16999816894531,106.2300033569336,102.86000061035156,105.58000183105469,105.58000183105469,2658700,DECK
2025-08-19,106.05000305175781,106.98999786376953,105.01000213623047,105.5199966430664,105.5199966430664,1708000,DECK
2025-08-20,105.0,106.25,103.29000091552734,104.05000305175781,104.05000305175781,3137500,DECK
2025-08-21,103.55000305175781,104.91999816894531,102.5,104.69000244140625,104.69000244140625,1419800,DECK
2025-08-22,105.16999816894531,109.16000366210938,104.9000015258789,109.0999984741211,109.0999984741211,2456800,DECK
2025-08-25,108.87999725341797,113.19000244140625,108.66000366210938,113.02999877929688,113.02999877929688,3481000,DECK
2025-08-26,113.51000213623047,114.72000122070312,113.0999984741211,113.69000244140625,113.69000244140625,3017000,DECK
2025-08-27,114.08999633789062,117.19999694824219,113.5999984741211,116.7300033569336,116.7300033569336,2715800,DECK
2025-08-28,117.43000030517578,118.44000244140625,116.2300033569336,118.13999938964844,118.13999938964844,2354100,DECK
2025-08-29,118.36000061035156,121.0999984741211,118.25,119.62999725341797,119.62999725341797,2665100,DECK
2025-09-02,118.76000213623047,123.30999755859375,118.44999694824219,122.87999725341797,122.87999725341797,3265300,DECK
2025-09-03,123.20999908447266,125.44999694824219,122.73999786376953,123.66999816894531,123.66999816894531,3034600,DECK
2025-09-04,123.30000305175781,124.45999908447266,121.51000213623047,123.91000366210938,123.91000366210938,2872900,DECK
2025-09-05,122.93000030517578,124.87999725341797,120.30000305175781,120.4000015258789,120.4000015258789,2193600,DECK
2025-09-08,119.69999694824219,119.9000015258789,116.06999969482422,117.16999816894531,117.16999816894531,3721100,DECK
2025-09-09,116.5,116.95999908447266,114.79000091552734,115.41000366210938,115.41000366210938,1889000,DECK
2025-09-10,115.12999725341797,116.1500015258789,113.52999877929688,114.12999725341797,114.12999725341797,1712100,DECK
2025-09-11,114.93000030517578,118.26000213623047,114.72000122070312,117.87000274658203,117.87000274658203,1864600,DECK
2025-09-12,118.69999694824219,119.79000091552734,116.0,118.5,118.5,2445500,DECK
2025-09-15,118.72000122070312,120.30000305175781,117.16999816894531,118.66000366210938,118.66000366210938,2640200,DECK
2025-09-16,118.25,119.04000091552734,115.5,118.69000244140625,118.69000244140625,2213100,DECK
2025-09-17,118.62999725341797,121.19000244140625,117.68000030517578,118.68000030517578,118.68000030517578,2170000,DECK
2025-09-18,118.0,119.26000213623047,115.27999877929688,115.43000030517578,115.43000030517578,2906100,DECK
2025-09-19,116.0999984741211,116.0999984741211,113.55999755859375,113.79000091552734,113.79000091552734,4551000,DECK
2025-09-22,113.58000183105469,115.44999694824219,112.80999755859375,113.22000122070312,113.22000122070312,2415600,DECK
2025-09-23,113.36000061035156,114.04000091552734,111.97000122070312,112.02999877929688,112.02999877929688,2139800,DECK
2025-09-24,111.5,113.91000366210938,110.55000305175781,111.2300033569336,111.2300033569336,2042500,DECK
2025-09-25,110.48999786376953,110.83000183105469,105.73999786376953,105.83000183105469,105.83000183105469,3089300,DECK
2025-09-26,106.22000122070312,106.5999984741211,104.94000244140625,105.7699966430664,105.7699966430664,2349400,DECK
2025-09-29,107.41999816894531,107.55000305175781,102.1500015258789,103.27999877929688,103.27999877929688,3774500,DECK
2025-09-30,103.3499984741211,103.3499984741211,100.45999908447266,101.37000274658203,101.37000274658203,3635100,DECK
2025-10-01,102.0999984741211,102.75,99.87999725341797,101.18000030517578,101.18000030517578,3527600,DECK
2025-10-02,101.38999938964844,104.16000366210938,100.5199966430664,103.80000305175781,103.80000305175781,3455700,DECK
2025-10-03,104.1500015258789,104.79000091552734,102.93000030517578,103.05000305175781,103.05000305175781,2405900,DECK
2025-10-06,103.19999694824219,103.8499984741211,101.63999938964844,102.04000091552734,102.04000091552734,2548500,DECK
2025-10-07,102.37999725341797,102.47000122070312,97.33999633789062,97.9800033569336,97.9800033569336,3085700,DECK
2025-10-08,99.2699966430664,101.94999694824219,98.94999694824219,101.58000183105469,101.58000183105469,2524500,DECK
2025-10-09,101.62999725341797,102.0999984741211,98.37999725341797,98.8499984741211,98.8499984741211,2879200,DECK
2025-10-10,98.2300033569336,98.76000213623047,94.37000274658203,95.06999969482422,95.06999969482422,3792000,DECK
2025-10-13,95.75,98.52999877929688,95.75,98.30999755859375,98.30999755859375,2780300,DECK
2025-10-14,97.0,99.66999816894531,96.44999694824219,99.27999877929688,99.27999877929688,2512000,DECK
2025-10-15,100.0199966430664,100.62999725341797,96.16999816894531,96.44000244140625,96.44000244140625,3420700,DECK
2025-10-16,97.66999816894531,99.23999786376953,96.81999969482422,99.05999755859375,99.05999755859375,3680600,DECK
2025-10-17,97.37999725341797,100.51000213623047,97.31999969482422,99.81999969482422,99.81999969482422,3819800,DECK
2025-10-20,100.33000183105469,102.52999877929688,100.05999755859375,100.19000244140625,100.19000244140625,3934800,DECK
2025-10-21,101.58000183105469,104.0999984741211,100.86000061035156,102.95999908447266,102.95999908447266,2924700,DECK
2025-10-22,102.80000305175781,103.55999755859375,100.20999908447266,100.88999938964844,100.88999938964844,2702300,DECK
2025-10-23,101.26000213623047,104.08000183105469,100.93000030517578,102.54000091552734,102.54000091552734,9160700,DECK
2025-10-24,88.5,90.94999694824219,86.83000183105469,86.94000244140625,86.94000244140625,21265400,DECK
2025-10-27,88.30000305175781,90.73999786376953,88.20999908447266,90.47000122070312,90.47000122070312,9525700,DECK
2025-10-28,90.5,90.58000183105469,86.68000030517578,87.61000061035156,87.61000061035156,6860100,DECK
2025-10-29,87.30999755859375,87.5999984741211,83.62999725341797,83.83999633789062,83.83999633789062,6365700,DECK
2025-10-30,83.58000183105469,83.58000183105469,80.63999938964844,80.88999938964844,80.88999938964844,6206100,DECK
2025-10-31,81.45999908447266,82.08000183105469,80.30000305175781,81.5,81.5,6043200,DECK
2025-11-03,81.5,81.5,78.9800033569336,81.12000274658203,81.12000274658203,5290000,DECK
2025-11-04,80.0999984741211,80.25,79.1500015258789,79.54000091552734,79.54000091552734,3352600,DECK
2025-11-05,79.4800033569336,82.68000030517578,78.91000366210938,81.80999755859375,81.80999755859375,4431000,DECK
2025-11-06,81.30999755859375,81.58000183105469,79.31999969482422,79.80999755859375,79.80999755859375,3388500,DECK
2025-11-07,79.06999969482422,82.25,79.06999969482422,81.7699966430664,81.7699966430664,3428900,DECK
2025-11-10,82.47000122070312,82.5999984741211,79.55000305175781,79.83999633789062,79.83999633789062,4169400,DECK
2025-11-11,80.69999694824219,83.44000244140625,80.41000366210938,82.70999908447266,82.70999908447266,3766200,DECK
2025-11-12,84.91999816894531,86.69000244140625,84.16000366210938,84.38999938964844,84.38999938964844,3948300,DECK
2025-11-13,83.80000305175781,85.95999908447266,83.0,83.0999984741211,83.0999984741211,3193000,DECK
2025-11-14,82.25,83.3499984741211,82.0,82.81999969482422,82.81999969482422,2478100,DECK
2025-11-17,82.79000091552734,82.81999969482422,80.2300033569336,80.72000122070312,80.72000122070312,3385000,DECK
2025-11-18,81.83000183105469,84.48999786376953,80.93000030517578,83.7699966430664,83.7699966430664,3915500,DECK
2025-11-19,83.9800033569336,84.26000213623047,82.6500015258789,83.01000213623047,83.01000213623047,2228100,DECK
2025-11-20,82.95999908447266,84.43000030517578,81.4000015258789,81.4800033569336,81.4800033569336,2745300,DECK
2025-11-21,82.01000213623047,86.08999633789062,81.62999725341797,85.12999725341797,85.12999725341797,4335100,DECK
2025-11-24,84.75,85.0,83.06999969482422,83.12999725341797,83.12999725341797,4384000,DECK
2025-11-25,83.37999725341797,86.3499984741211,83.1500015258789,85.47000122070312,85.47000122070312,3582500,DECK
2025-11-26,85.02999877929688,87.88999938964844,84.5999984741211,87.19000244140625,87.19000244140625,3074400,DECK
2025-11-28,87.6500015258789,89.0999984741211,87.12000274658203,88.02999877929688,88.02999877929688,1892400,DECK
2025-12-01,87.55000305175781,92.62000274658203,87.5,92.0199966430664,92.0199966430664,5560300,DECK
2025-12-02,92.06999969482422,92.93000030517578,91.44000244140625,91.7699966430664,91.7699966430664,3246200,DECK
2025-12-03,92.3499984741211,95.9800033569336,91.80000305175781,94.97000122070312,94.97000122070312,3760500,DECK
2025-12-04,95.2300033569336,96.30999755859375,94.26000213623047,96.25,96.25,3311500,DECK
2025-12-05,96.5,99.73999786376953,96.18000030517578,99.69999694824219,99.69999694824219,4560800,DECK
2025-12-08,99.38999938964844,101.23999786376953,99.0,101.20999908447266,101.20999908447266,4306200,DECK
2025-12-09,100.56999969482422,101.44000244140625,98.8499984741211,100.80999755859375,100.80999755859375,2420200,DECK
2025-12-10,99.73999786376953,101.6500015258789,99.12000274658203,100.70999908447266,100.70999908447266,3075500,DECK
2025-12-11,100.0,102.33999633789062,99.6500015258789,101.36000061035156,101.36000061035156,2796100,DECK
2025-12-12,102.41000366210938,103.08999633789062,100.91999816894531,101.18000030517578,101.18000030517578,2482600,DECK
2025-12-15,102.44000244140625,104.51000213623047,100.44000244140625,103.98999786376953,103.98999786376953,3498400,DECK
2025-12-16,104.0,105.83999633789062,103.69999694824219,104.19999694824219,104.19999694824219,2541100,DECK
2025-12-17,104.0999984741211,105.05000305175781,102.2300033569336,102.38999938964844,102.38999938964844,3347000,DECK
2025-12-18,102.27999877929688,104.55000305175781,100.3499984741211,100.55000305175781,100.55000305175781,2758300,DECK
2025-12-19,98.88999938964844,100.5999984741211,97.91999816894531,99.47000122070312,99.47000122070312,6711300,DECK
2025-12-22,100.0,102.2699966430664,99.56999969482422,101.91000366210938,101.91000366210938,2721300,DECK
2025-12-23,101.69999694824219,101.88999938964844,99.5,100.68000030517578,100.68000030517578,1994500,DECK
2025-12-24,100.91000366210938,102.1500015258789,100.58999633789062,100.94999694824219,100.94999694824219,916300,DECK
2025-12-26,100.69000244140625,103.08999633789062,100.52999877929688,103.08999633789062,103.08999633789062,1781000,DECK
2025-12-29,102.88999938964844,104.55000305175781,102.88999938964844,103.70999908447266,103.70999908447266,2349300,DECK
2025-12-30,104.44999694824219,105.80999755859375,104.11000061035156,105.02999877929688,105.02999877929688,2575000,DECK
2025-12-31,104.6500015258789,104.87999725341797,103.55000305175781,103.66999816894531,103.66999816894531,1807200,DECK
2026-01-02,104.30999755859375,107.0999984741211,104.0,106.79000091552734,106.79000091552734,2571100,DECK
2026-01-05,107.37999725341797,108.97000122070312,107.30000305175781,108.0999984741211,108.0999984741211,3058900,DECK
2026-01-06,108.0,108.93000030517578,106.33999633789062,107.45999908447266,107.45999908447266,2535600,DECK
2026-01-07,101.0,105.4000015258789,100.5,103.04000091552734,103.04000091552734,3249700,DECK
2026-01-08,102.54000091552734,109.37000274658203,102.01000213623047,107.36000061035156,107.36000061035156,3171300,DECK
2026-01-09,107.58999633789062,108.4000015258789,102.16999816894531,103.76000213623047,103.76000213623047,2389300,DECK
2026-01-12,102.54000091552734,103.0,100.86000061035156,101.80999755859375,101.80999755859375,2443600,DECK
2026-01-13,102.36000061035156,103.5199966430664,100.41999816894531,101.70999908447266,101.70999908447266,1896100,DECK
2026-01-14,101.5,103.0,99.87999725341797,101.4000015258789,101.4000015258789,2168400,DECK
2026-01-15,101.70999908447266,103.91999816894531,99.81999969482422,103.06999969482422,103.06999969482422,2738300,DECK
2026-01-16,102.23999786376953,102.63999938964844,99.98999786376953,100.69000244140625,100.69000244140625,2589100,DECK
2026-01-20,99.94999694824219,101.26000213623047,97.66000366210938,97.9800033569336,97.9800033569336,2733600,DECK
2026-01-21,99.41000366210938,103.1500015258789,98.70999908447266,101.94000244140625,101.94000244140625,3786300,DECK
2026-01-22,102.33000183105469,103.93000030517578,100.86000061035156,101.62000274658203,101.62000274658203,2299400,DECK
2026-01-23,101.66999816894531,102.01000213623047,99.5999984741211,99.9800033569336,99.9800033569336,2255400,DECK
2026-01-26,98.87999725341797,102.01000213623047,98.87999725341797,101.30000305175781,101.30000305175781,3468300,DECK
2026-01-27,102.0,102.58999633789062,99.0,100.16000366210938,100.16000366210938,2447000,DECK
2026-01-28,101.08000183105469,101.58999633789062,97.12000274658203,97.62000274658203,97.62000274658203,3005700,DECK
2026-01-29,98.0199966430664,100.26000213623047,97.0,99.9000015258789,99.9000015258789,5941600,DECK
2026-01-30,114.9000015258789,119.6500015258789,110.51000213623047,119.33999633789062,119.33999633789062,9768800,DECK
2026-02-02,119.0,119.0,113.5,116.25,116.25,4905700,DECK
2026-02-03,116.2300033569336,117.08999633789062,111.66999816894531,113.33999633789062,113.33999633789062,4649800,DECK
2026-02-04,113.76000213623047,115.0,110.95999908447266,112.25,112.25,4045900,DECK
2026-02-05,111.7699966430664,114.06999969482422,110.05000305175781,111.16999816894531,111.16999816894531,2115600,DECK
2026-02-06,111.41999816894531,115.58999633789062,111.41999816894531,115.44999694824219,115.44999694824219,2157500,DECK
2026-02-09,115.77999877929688,116.41999816894531,114.2300033569336,114.5,114.5,1898700,DECK
2026-02-10,115.48999786376953,116.43000030517578,114.2300033569336,115.51000213623047,115.51000213623047,2069500,DECK
2026-02-11,115.94999694824219,116.98999786376953,114.44999694824219,115.36000061035156,115.36000061035156,2256100,DECK
2026-02-12,117.31999969482422,119.56999969482422,114.80999755859375,116.0199966430664,116.0199966430664,2496900,DECK
2026-02-13,116.0199966430664,116.83000183105469,113.4000015258789,115.7300033569336,115.7300033569336,1898400,DECK
2026-02-17,116.37000274658203,118.66999816894531,115.19999694824219,117.3499984741211,117.3499984741211,2043000,DECK
2026-02-18,116.33999633789062,119.16000366210938,115.5999984741211,118.88999938964844,118.88999938964844,1894200,DECK
2026-02-19,118.38999938964844,119.66999816894531,117.12000274658203,118.06999969482422,118.06999969482422,1757400,DECK
2026-02-20,119.5199966430664,122.29000091552734,116.5199966430664,118.69000244140625,118.69000244140625,2779800,DECK
2026-02-23,117.88999938964844,119.0,114.52999877929688,118.16999816894531,118.16999816894531,2436300,DECK
2026-02-24,118.98999786376953,120.97000122070312,117.7699966430664,120.94000244140625,120.94000244140625,2436900,DECK
2026-02-25,120.4000015258789,122.0999984741211,118.70999908447266,119.41999816894531,119.41999816894531,2295000,DECK
2026-02-26,119.86000061035156,121.26000213623047,118.86000061035156,119.41000366210938,119.41000366210938,1806200,DECK
2026-02-27,117.19999694824219,118.5,115.5999984741211,117.2699966430664,117.2699966430664,2236200,DECK
2026-03-02,115.05000305175781,116.19999694824219,112.5999984741211,114.51000213623047,114.51000213623047,2192900,DECK
2026-03-03,109.7699966430664,110.62000274658203,106.77999877929688,109.86000061035156,109.86000061035156,2942100,DECK
2026-03-04,109.86000061035156,110.41000366210938,107.43000030517578,108.73999786376953,108.73999786376953,1682900,DECK
2026-03-05,107.6500015258789,110.0,106.69000244140625,107.58000183105469,107.58000183105469,2203700,DECK
2026-03-06,106.95999908447266,107.37999725341797,103.7300033569336,104.25,104.25,2387200,DECK
2026-03-09,102.18000030517578,104.54000091552734,99.93000030517578,104.31999969482422,104.31999969482422,2290300,DECK
2026-03-10,104.58000183105469,107.30999755859375,103.08000183105469,105.26000213623047,105.26000213623047,2103600,DECK
2026-03-11,106.18000030517578,106.6500015258789,102.12000274658203,102.72000122070312,102.72000122070312,2081100,DECK
2026-03-12,100.94999694824219,103.12999725341797,100.36000061035156,100.69000244140625,100.69000244140625,2167100,DECK
2026-03-13,101.30999755859375,103.37000274658203,100.70999908447266,100.77999877929688,100.77999877929688,1975700,DECK
2026-03-16,101.68000030517578,102.87000274658203,99.9800033569336,101.70999908447266,101.70999908447266,2118900,DECK
2026-03-17,102.58000183105469,104.76000213623047,102.51000213623047,104.70999908447266,104.70999908447266,1610700,DECK
2026-03-18,104.05000305175781,107.38999938964844,104.01000213623047,104.54000091552734,104.54000091552734,2170400,DECK
2026-03-19,103.5,106.37000274658203,103.08000183105469,104.91000366210938,104.91000366210938,1998800,DECK
2026-03-20,103.87999725341797,105.19000244140625,99.55999755859375,100.43000030517578,100.43000030517578,3669800,DECK
2026-03-23,103.06999969482422,103.69000244140625,101.0999984741211,102.44999694824219,102.44999694824219,2417000,DECK
2026-03-24,101.47000122070312,101.94999694824219,100.0,101.38999938964844,101.38999938964844,2062300,DECK
2026-03-25,102.48999786376953,103.18000030517578,98.8499984741211,100.05000305175781,100.05000305175781,1959800,DECK
2026-03-26,99.75,101.33999633789062,93.41999816894531,93.69000244140625,93.69000244140625,3137400,DECK
2026-03-27,93.54000091552734,94.94999694824219,92.55999755859375,94.05000305175781,94.05000305175781,1929800,DECK
2026-03-30,94.30999755859375,95.5,93.43000030517578,94.97000122070312,94.97000122070312,2041700,DECK
2026-03-31,96.58000183105469,100.51000213623047,96.30000305175781,100.08999633789062,100.08999633789062,2470800,DECK
2026-04-01,98.77999877929688,103.43000030517578,98.01000213623047,100.91000366210938,100.91000366210938,2397800,DECK
2026-04-02,98.88999938964844,101.16000366210938,97.5999984741211,98.30999755859375,98.30999755859375,1651200,DECK
2026-04-06,97.94999694824219,101.7699966430664,97.54000091552734,101.63999938964844,101.63999938964844,1613000,DECK
2026-04-07,101.45999908447266,102.37999725341797,99.43000030517578,100.26000213623047,100.26000213623047,1821400,DECK
2026-04-08,105.58000183105469,107.36000061035156,105.33999633789062,106.3499984741211,106.3499984741211,2076700,DECK
2026-04-09,106.0,110.44000244140625,105.06999969482422,109.7699966430664,109.7699966430664,1529200,DECK
2026-04-10,110.30000305175781,110.98999786376953,107.0,107.86000061035156,107.86000061035156,1308000,DECK
2026-04-13,107.68000030517578,108.6500015258789,106.66999816894531,108.13999938964844,108.13999938964844,1225200,DECK
2026-04-14,108.66999816894531,110.33999633789062,107.47000122070312,107.80999755859375,107.80999755859375,1389800,DECK
2026-04-15,108.55999755859375,110.31999969482422,108.1500015258789,108.87000274658203,108.87000274658203,1391700,DECK
2026-04-16,109.44999694824219,110.91000366210938,108.23999786376953,108.33000183105469,108.33000183105469,1503200,DECK
2026-04-17,110.69999694824219,113.87000274658203,110.58999633789062,112.5,112.5,1841400,DECK
2026-04-20,111.77999877929688,113.66000366210938,109.29000091552734,111.05999755859375,111.05999755859375,1600200,DECK
2026-04-21,110.80000305175781,112.77999877929688,109.83000183105469,110.16999816894531,110.16999816894531,1404200,DECK
2026-04-22,110.52999877929688,110.55999755859375,107.06999969482422,107.69000244140625,107.69000244140625,1609600,DECK
2026-04-23,106.98999786376953,107.95999908447266,105.5,107.70999908447266,107.70999908447266,1458100,DECK
2026-04-24,107.69999694824219,109.33999633789062,107.4000015258789,108.52999877929688,108.52999877929688,1074600,DECK
2026-04-27,108.69999694824219,109.1500015258789,106.55999755859375,106.7699966430664,106.7699966430664,1241400,DECK
2026-04-28,107.2699966430664,107.93000030517578,105.66999816894531,106.18000030517578,106.18000030517578,1299900,DECK
2026-04-29,105.44000244140625,105.94000244140625,100.44000244140625,101.33999633789062,101.33999633789062,2398500,DECK
2026-04-30,101.16999816894531,103.7300033569336,101.0999984741211,102.19999694824219,102.19999694824219,1792100,DECK
2026-05-01,103.12000274658203,103.76000213623047,100.37999725341797,100.87999725341797,100.87999725341797,1382600,DECK
2026-05-04,99.6500015258789,100.48999786376953,97.0,97.6500015258789,97.6500015258789,1791900,DECK
2026-05-05,97.73999786376953,99.5,96.77999877929688,98.54000091552734,98.54000091552734,2243000,DECK
2026-05-06,102.94999694824219,104.69000244140625,101.01000213623047,103.91999816894531,103.91999816894531,2139100,DECK
2026-05-07,104.91999816894531,106.01000213623047,102.19999694824219,102.72000122070312,102.72000122070312,1791100,DECK
2026-05-08,101.94000244140625,102.62000274658203,99.2300033569336,100.41999816894531,100.41999816894531,1779700,DECK
2026-05-11,99.41000366210938,99.43000030517578,96.29000091552734,96.6500015258789,96.6500015258789,2071500,DECK
2026-05-12,95.94999694824219,95.95999908447266,94.33000183105469,94.88999938964844,94.88999938964844,2305800,DECK
2026-05-13,94.69000244140625,95.66999816894531,93.75,93.93000030517578,93.93000030517578,1819000,DECK
2026-05-14,95.0199966430664,95.75,94.08999633789062,94.97000122070312,94.97000122070312,1892300,DECK
2026-05-15,94.68000030517578,95.08999633789062,92.9800033569336,93.55999755859375,93.55999755859375,1772400,DECK
2026-05-18,93.61000061035156,96.80000305175781,93.27999877929688,94.61000061035156,94.61000061035156,2545200,DECK
2026-05-19,94.4000015258789,95.72000122070312,93.05999755859375,94.2699966430664,94.2699966430664,2127300,DECK
2026-05-20,93.91000366210938,98.25,92.30999755859375,98.23999786376953,98.23999786376953,2348700,DECK
2026-05-21,98.3499984741211,102.98999786376953,97.18000030517578,102.62000274658203,102.62000274658203,4385600,DECK
2026-05-22,102.05000305175781,106.80000305175781,99.37999725341797,106.66999816894531,106.66999816894531,5163700,DECK
2026-05-26,107.5,111.48999786376953,105.0,111.44000244140625,111.44000244140625,3036900,DECK
2026-05-27,112.6500015258789,115.83000183105469,112.6500015258789,114.37000274658203,114.37000274658203,2529600,DECK
2026-05-28,113.55999755859375,115.62999725341797,111.33000183105469,114.30999755859375,114.30999755859375,1974200,DECK
2026-05-29,114.79000091552734,115.25,113.12000274658203,113.8499984741211,113.8499984741211,2850500,DECK
2026-06-01,112.43000030517578,113.5,110.05000305175781,110.81999969482422,110.81999969482422,1739000,DECK
2026-06-02,110.72000122070312,112.75,110.45999908447266,110.79000091552734,110.79000091552734,1565000,DECK
2026-06-03,108.55999755859375,109.93000030517578,105.12999725341797,107.36000061035156,107.36000061035156,2357600,DECK
2026-06-04,108.79000091552734,109.37999725341797,107.16999816894531,108.95999908447266,108.95999908447266,1536400,DECK
2026-06-05,108.01000213623047,109.77999877929688,107.20999908447266,108.12999725341797,108.12999725341797,1181300,DECK
2026-06-08,107.95999908447266,111.25,107.5,109.7300033569336,109.7300033569336,1706900,DECK
2026-06-09,111.37999725341797,115.0,110.20999908447266,112.4800033569336,112.4800033569336,1834700,DECK
2026-06-10,111.91000366210938,112.68000030517578,110.05000305175781,111.18000030517578,111.18000030517578,1403800,DECK
2026-06-11,111.76000213623047,114.41000366210938,110.8499984741211,114.37000274658203,114.37000274658203,1452500,DECK
2026-06-12,116.5,116.5,113.68000030517578,113.83000183105469,113.83000183105469,1487900,DECK
2026-06-15,115.0,116.05999755859375,112.25,112.5,112.5,2038400,DECK
2026-06-16,112.87999725341797,114.81999969482422,110.0999984741211,110.16999816894531,110.16999816894531,1290600,DECK
2026-06-17,110.2300033569336,111.91999816894531,105.55000305175781,105.72000122070312,105.72000122070312,2230800,DECK
2026-06-18,108.0,110.58999633789062,107.4000015258789,109.11000061035156,109.11000061035156,3840800,DECK
2026-06-22,107.97000122070312,108.4000015258789,103.58000183105469,105.56999969482422,105.56999969482422,2258400,DECK
2026-06-23,103.58999633789062,104.91999816894531,102.91999816894531,103.62999725341797,103.62999725341797,2178400,DECK
2026-06-24,103.51000213623047,107.02999877929688,103.47000122070312,105.69999694824219,105.69999694824219,1790700,DECK
2026-06-25,104.83999633789062,106.16000366210938,101.0999984741211,102.58999633789062,102.58999633789062,1924400,DECK
2026-06-26,102.31999969482422,104.94000244140625,102.0,104.55999755859375,104.55999755859375,6162900,DECK
2026-06-29,104.98999786376953,105.38999938964844,100.68000030517578,101.27999877929688,101.27999877929688,2450400,DECK
2026-06-30,100.38999938964844,101.22000122070312,98.77999877929688,99.29000091552734,99.29000091552734,2435100,DECK
2026-07-01,100.0,101.7300033569336,99.31999969482422,100.33000183105469,100.33000183105469,2018500,DECK
2026-07-02,101.86000061035156,106.19999694824219,101.86000061035156,104.69000244140625,104.69000244140625,2815400,DECK
2026-07-06,104.33999633789062,106.19999694824219,102.12000274658203,105.66999816894531,105.66999816894531,2082800,DECK
2026-07-07,105.9000015258789,107.33999633789062,105.0,106.08000183105469,106.08000183105469,1581600,DECK
2026-07-08,103.5999984741211,104.7300033569336,100.3499984741211,102.22000122070312,102.22000122070312,1530500,DECK
2026-07-09,102.33999633789062,105.22000122070312,102.0199966430664,104.26000213623047,104.26000213623047,1203200,DECK
2026-07-10,105.30000305175781,107.08999633789062,104.19000244140625,105.98999786376953,105.98999786376953,1755000,DECK
2026-07-13,108.7300033569336,110.77999877929688,107.37000274658203,107.80000305175781,107.80000305175781,2139800,DECK
2026-07-14,108.58999633789062,108.94999694824219,106.29000091552734,106.5999984741211,106.5999984741211,1902400,DECK
2026-07-15,107.98999786376953,108.83999633789062,106.45999908447266,106.52999877929688,106.52999877929688,1672500,DECK
2026-07-16,107.02999877929688,109.9000015258789,106.01000213623047,109.02999877929688,109.02999877929688,1597200,DECK
2026-07-17,107.38999938964844,110.30000305175781,105.95999908447266,106.48999786376953,106.48999786376953,1717600,DECK
2026-07-20,105.9000015258789,106.38999938964844,103.0999984741211,104.04000091552734,104.04000091552734,2182300,DECK
2026-07-21,104.02999877929688,104.76000213623047,102.83000183105469,103.30999755859375,103.30999755859375,2339200,DECK
2026-07-22,103.80000305175781,104.48999786376953,101.23999786376953,102.47000122070312,102.47000122070312,1925800,DECK
2026-07-23,100.80000305175781,102.25,94.72000122070312,96.2300033569336,96.2300033569336,4776200,DECK
2026-07-24,94.01000213623047,97.11000061035156,91.80000305175781,96.04000091552734,96.04000091552734,5138000,DECK
2026-07-27,98.69000244140625,100.0,97.69999694824219,97.7300033569336,97.7300033569336,3053400,DECK
2026-07-28,99.12999725341797,104.23999786376953,99.12999725341797,103.91999816894531,103.91999816894531,3095200,DECK
2026-07-29,102.20999908447266,104.87999725341797,101.37999725341797,103.54000091552734,103.54000091552734,2154800,DECK
2026-07-30,101.7300033569336,102.16999816894531,98.0199966430664,99.69000244140625,99.69000244140625,2131200,DECK
2026-07-31,98.75,99.7300033569336,96.81999969482422,96.87999725341797,96.87999725341797,2325200,DECK
2026-08-03,99.43000030517578,101.1500015258789,97.88999938964844,99.5,99.5,2186200,DECK
2026-08-04,99.81999969482422,101.16000366210938,99.48999786376953,99.87000274658203,99.87000274658203,2215500,DECK
2026-08-05,100.5199966430664,101.66999816894531,99.12999725341797,99.30999755859375,99.30999755859375,1425700,DECK
2026-08-06,99.0199966430664,99.80000305175781,97.73999786376953,97.87000274658203,97.87000274658203,1192000,DECK
2026-08-07,96.9800033569336,98.58000183105469,96.77999877929688,97.45999908447266,97.45999908447266,1237100,DECK
2026-08-10,98.18000030517578,98.18000030517578,95.02999877929688,97.44000244140625,97.44000244140625,1875300,DECK
2026-08-11,95.0,95.76000213623047,93.11000061035156,93.83999633789062,93.83999633789062,3113200,DECK
2026-08-12,93.77999877929688,94.37000274658203,91.08000183105469,91.19999694824219,91.19999694824219,3568000,DECK
2026-08-13,92.5,93.69000244140625,91.66000366210938,93.30000305175781,93.30000305175781,2339500,DECK
2026-08-14,92.5,94.33000183105469,92.30000305175781,93.08999633789062,93.08999633789062,1654400,DECK
2026-08-17,92.0,92.38999938964844,89.68000030517578,90.11000061035156,90.11000061035156,2827600,DECK
2026-08-18,90.66000366210938,91.87000274658203,89.45999908447266,89.51000213623047,89.51000213623047,2183900,DECK
2026-08-19,89.9800033569336,92.19999694824219,89.9800033569336,91.56999969482422,91.56999969482422,2169100,DECK
2026-08-20,90.0,90.55999755859375,88.12999725341797,88.86000061035156,88.86000061035156,2515400,DECK
2026-08-21,89.7300033569336,91.68000030517578,89.05999755859375,91.68000030517578,91.68000030517578,2292600,DECK
2026-08-24,92.01000213623047,93.08999633789062,90.81999969482422,92.08000183105469,92.08000183105469,2753900,DECK
2026-08-25,89.51000213623047,89.72000122070312,88.19999694824219,88.73999786376953,88.73999786376953,3267700,DECK
2026-08-26,88.79000091552734,89.77999877929688,88.37999725341797,89.47000122070312,89.47000122070312,3205600,DECK
2026-08-27,89.1500015258789,89.48999786376953,86.11000061035156,86.33000183105469,86.33000183105469,2941300,DECK
2026-08-28,87.16999816894531,88.66999816894531,86.5199966430664,87.76000213623047,87.76000213623047,2594200,DECK
2026-08-31,87.61000061035156,87.95999908447266,86.4800033569336,87.08000183105469,87.08000183105469,3117500,DECK
2026-09-01,86.33999633789062,86.93000030517578,83.93000030517578,84.58000183105469,84.58000183105469,2860900,DECK
2026-09-02,84.4800033569336,85.37999725341797,83.69999694824219,83.76000213623047,83.76000213623047,2934100,DECK
2026-09-03,84.0,85.02999877929688,83.25,84.5,84.5,2441600,DECK
2026-09-04,83.87000274658203,85.94999694824219,83.87000274658203,85.80999755859375,85.80999755859375,2693000,DECK
2026-09-08,85.7300033569336,86.33000183105469,82.2699966430664,82.5999984741211,82.5999984741211,3130000,DECK
2026-09-09,81.16000366210938,82.48999786376953,80.11000061035156,80.2300033569336,80.2300033569336,4073000,DECK
2026-09-10,80.0,80.45999908447266,79.33999633789062,79.87999725341797,79.87999725341797,2808100,DECK
2026-09-11,81.08000183105469,81.98999786376953,81.08000183105469,81.2699966430664,81.2699966430664,3027100,DECK
2026-09-14,80.20999908447266,81.16000366210938,78.80000305175781,80.54000091552734,80.54000091552734,4184800,DECK
2026-09-15,80.30000305175781,80.54000091552734,77.37000274658203,77.51000213623047,77.51000213623047,3931100,DECK
