date,open,high,low,close,adj_close,volume,ticker
2019-01-02,72.79000091552734,74.63999938964844,72.19000244140625,74.05999755859375,65.85995483398438,6762700,NKE
2019-01-03,73.25,73.31999969482422,71.20999908447266,72.75,64.69502258300781,8007400,NKE
2019-01-04,73.44999694824219,75.12000274658203,73.12000274658203,74.6500015258789,66.3846435546875,7844200,NKE
2019-01-07,74.73999786376953,76.36000061035156,74.30000305175781,75.72000122070312,67.33616638183594,8184800,NKE
2019-01-08,76.83000183105469,77.4000015258789,76.19999694824219,76.7300033569336,68.2343521118164,8809000,NKE
2019-01-09,76.97000122070312,77.1500015258789,76.13999938964844,76.58999633789062,68.10982513427734,8591000,NKE
2019-01-10,75.63999938964844,77.33999633789062,75.45999908447266,76.41999816894531,67.95864868164062,11148600,NKE
2019-01-11,76.33999633789062,76.88999938964844,75.80000305175781,76.04000091552734,67.6207504272461,10689900,NKE
2019-01-14,75.45999908447266,76.80999755859375,75.45999908447266,76.08999633789062,67.66519165039062,5677400,NKE
2019-01-15,76.19000244140625,77.9800033569336,76.12999725341797,77.87999725341797,69.25700378417969,6212400,NKE
2019-01-16,78.0,78.8499984741211,77.58999633789062,77.68000030517578,69.07914733886719,5697100,NKE
2019-01-17,77.54000091552734,79.4000015258789,77.30999755859375,79.12999725341797,70.36860656738281,7737300,NKE
2019-01-18,79.94999694824219,80.97000122070312,79.73999786376953,80.44999694824219,71.54244232177734,10404100,NKE
2019-01-22,80.33000183105469,81.30999755859375,80.19999694824219,80.75,71.8092269897461,8781700,NKE
2019-01-23,81.19000244140625,81.4000015258789,80.22000122070312,80.5,71.58692169189453,5823000,NKE
2019-01-24,80.5999984741211,80.87000274658203,79.55000305175781,80.44000244140625,71.53356170654297,4753200,NKE
2019-01-25,81.25,81.33000183105469,80.43000030517578,80.61000061035156,71.68473052978516,4457100,NKE
2019-01-28,79.80000305175781,80.51000213623047,79.73999786376953,80.31999969482422,71.42686462402344,5452000,NKE
2019-01-29,80.36000061035156,80.83000183105469,79.83999633789062,80.22000122070312,71.33792877197266,4187500,NKE
2019-01-30,80.4000015258789,81.29000091552734,80.05999755859375,81.27999877929688,72.28054809570312,5200200,NKE
2019-01-31,81.18000030517578,81.94999694824219,80.70999908447266,81.87999725341797,72.81409454345703,8599200,NKE
2019-02-01,81.83000183105469,81.9000015258789,81.12999725341797,81.51000213623047,72.4850845336914,5351900,NKE
2019-02-04,81.22000122070312,82.0,80.83000183105469,81.98999786376953,72.91192626953125,4236600,NKE
2019-02-05,81.9800033569336,83.19000244140625,81.93000030517578,82.86000061035156,73.68561553955078,6545600,NKE
2019-02-06,82.51000213623047,82.70999908447266,81.63999938964844,82.70999908447266,73.5522232055664,3682800,NKE
2019-02-07,82.1500015258789,82.8499984741211,81.70999908447266,82.38999938964844,73.26766967773438,4827500,NKE
2019-02-08,82.25,82.72000122070312,81.94000244140625,82.36000061035156,73.240966796875,3786500,NKE
2019-02-11,82.94999694824219,83.83000183105469,82.87000274658203,83.68000030517578,74.41483306884766,6158500,NKE
2019-02-12,83.97000122070312,84.83999633789062,83.62000274658203,84.70999908447266,75.33078002929688,6290300,NKE
2019-02-13,84.76000213623047,85.58999633789062,84.76000213623047,85.4000015258789,75.94438171386719,5032800,NKE
2019-02-14,84.61000061035156,85.13999938964844,83.69999694824219,84.68000030517578,75.30408477783203,5179000,NKE
2019-02-15,85.48999786376953,85.77999877929688,85.0999984741211,85.37999725341797,75.92657470703125,6111300,NKE
2019-02-19,84.58000183105469,85.05000305175781,84.45999908447266,84.56999969482422,75.20626831054688,5105900,NKE
2019-02-20,84.62999725341797,84.94999694824219,84.3499984741211,84.83999633789062,75.44638061523438,6436100,NKE
2019-02-21,83.56999969482422,84.1500015258789,83.3499984741211,83.94999694824219,74.6549301147461,8579200,NKE
2019-02-22,84.19999694824219,85.0199966430664,84.02999877929688,84.76000213623047,75.3752670288086,4449500,NKE
2019-02-25,85.38999938964844,85.7300033569336,84.95999908447266,85.16999816894531,75.7398452758789,6229700,NKE
2019-02-26,85.30999755859375,86.08000183105469,85.19999694824219,85.80000305175781,76.30008697509766,6678700,NKE
2019-02-27,85.52999877929688,86.22000122070312,85.05999755859375,86.16999816894531,76.6291275024414,4588200,NKE
2019-02-28,86.08000183105469,86.4000015258789,85.68000030517578,85.7300033569336,76.23783874511719,4988100,NKE
2019-03-01,86.93000030517578,87.98999786376953,86.23999786376953,87.16000366210938,77.70893859863281,6314900,NKE
2019-03-04,87.31999969482422,87.98999786376953,85.11000061035156,85.63999938964844,76.3537368774414,7339500,NKE
2019-03-05,85.87999725341797,86.25,85.44000244140625,85.44000244140625,76.17544555664062,4976300,NKE
2019-03-06,85.5999984741211,85.98999786376953,85.04000091552734,85.12999725341797,75.89905548095703,3198000,NKE
2019-03-07,84.97000122070312,85.41000366210938,84.66000366210938,85.26000213623047,76.01496124267578,4321800,NKE
2019-03-08,84.58000183105469,84.87999725341797,84.0199966430664,84.80000305175781,75.60482788085938,4669700,NKE
2019-03-11,85.38999938964844,85.94000244140625,85.05000305175781,85.81999969482422,76.51422882080078,3999800,NKE
2019-03-12,85.77999877929688,86.08000183105469,85.0199966430664,85.43000030517578,76.16651153564453,4431600,NKE
2019-03-13,85.69999694824219,86.66000366210938,85.5999984741211,85.93000030517578,76.61231231689453,5037800,NKE
2019-03-14,86.1500015258789,86.87999725341797,85.69999694824219,86.87000274658203,77.45039367675781,5906100,NKE
2019-03-15,87.22000122070312,87.61000061035156,85.95999908447266,86.80000305175781,77.38797760009766,11031400,NKE
2019-03-18,87.30000305175781,87.83999633789062,87.0,87.81999969482422,78.29737854003906,7750700,NKE
2019-03-19,88.22000122070312,88.58999633789062,87.29000091552734,87.69000244140625,78.18144989013672,6642200,NKE
2019-03-20,87.5,87.58000183105469,86.08999633789062,86.69000244140625,77.28990173339844,5991500,NKE
2019-03-21,87.23999786376953,88.12000274658203,86.83000183105469,88.01000213623047,78.46676635742188,10386900,NKE
2019-03-22,85.19999694824219,85.9000015258789,82.1500015258789,82.19000244140625,73.27786254882812,21659800,NKE
2019-03-25,81.4800033569336,83.22000122070312,80.88999938964844,82.33000183105469,73.4026870727539,15558300,NKE
2019-03-26,83.62999725341797,84.08999633789062,82.91000366210938,83.37999725341797,74.33880615234375,9611900,NKE
2019-03-27,83.69000244140625,83.80000305175781,82.04000091552734,83.08999633789062,74.08023834228516,6485100,NKE
2019-03-28,83.93000030517578,84.72000122070312,83.69999694824219,84.04000091552734,74.92723846435547,6032700,NKE
2019-03-29,84.5999984741211,84.8499984741211,83.86000061035156,84.20999908447266,75.07881164550781,6492000,NKE
2019-04-01,85.04000091552734,85.31999969482422,84.69999694824219,85.2300033569336,75.98822784423828,6737400,NKE
2019-04-02,85.0,85.26000213623047,84.16000366210938,84.37000274658203,75.2214584350586,4433800,NKE
2019-04-03,84.9000015258789,84.98999786376953,84.25,84.47000122070312,75.31061553955078,4080900,NKE
2019-04-04,84.48999786376953,85.37999725341797,84.36000061035156,85.27999877929688,76.03280639648438,3660700,NKE
2019-04-05,86.0,86.16000366210938,85.05000305175781,85.4000015258789,76.1397933959961,7367400,NKE
2019-04-08,85.01000213623047,85.29000091552734,84.56999969482422,84.7300033569336,75.54244995117188,4705800,NKE
2019-04-09,84.22000122070312,84.5999984741211,83.97000122070312,84.27999877929688,75.14122009277344,3804500,NKE
2019-04-10,84.63999938964844,85.01000213623047,84.55999755859375,84.87999725341797,75.67615509033203,3918400,NKE
2019-04-11,84.9000015258789,85.05000305175781,84.27999877929688,85.0,75.78314208984375,3347400,NKE
2019-04-12,85.30000305175781,86.48999786376953,85.29000091552734,86.23999786376953,76.8886947631836,6037000,NKE
2019-04-15,86.88999938964844,87.23999786376953,86.44000244140625,86.83000183105469,77.41472625732422,5034900,NKE
2019-04-16,87.0,87.94999694824219,87.0,87.80000305175781,78.279541015625,4652700,NKE
2019-04-17,87.94999694824219,88.97000122070312,87.44999694824219,88.7300033569336,79.10871124267578,5694900,NKE
2019-04-18,88.76000213623047,90.0,88.69999694824219,89.19999694824219,79.52771759033203,7016600,NKE
2019-04-22,88.3499984741211,88.63999938964844,87.30000305175781,87.36000061035156,77.88726043701172,5390500,NKE
2019-04-23,87.56999969482422,87.66999816894531,87.01000213623047,87.43000030517578,77.94966888427734,7513700,NKE
2019-04-24,87.66999816894531,88.81999969482422,87.43000030517578,88.38999938964844,78.80554962158203,8063000,NKE
2019-04-25,88.4000015258789,88.54000091552734,87.48999786376953,87.55999755859375,78.06556701660156,7069900,NKE
2019-04-26,87.94999694824219,88.94000244140625,87.33000183105469,88.30999755859375,78.73423767089844,6219600,NKE
2019-04-29,88.18000030517578,88.51000213623047,88.12999725341797,88.26000213623047,78.68966674804688,5008400,NKE
2019-04-30,88.29000091552734,88.4000015258789,87.26000213623047,87.83000183105469,78.3062744140625,7614100,NKE
2019-05-01,87.7300033569336,87.94999694824219,85.87000274658203,85.9000015258789,76.58557891845703,6524600,NKE
2019-05-02,86.20999908447266,86.27999877929688,84.98999786376953,85.2699966430664,76.02388763427734,6813700,NKE
2019-05-03,85.9000015258789,86.30000305175781,85.69999694824219,85.69999694824219,76.40724182128906,6798300,NKE
2019-05-06,83.7699966430664,83.87000274658203,82.86000061035156,83.56999969482422,74.5082015991211,12836600,NKE
2019-05-07,83.0199966430664,83.62999725341797,81.83000183105469,82.54000091552734,73.58989715576172,9811300,NKE
2019-05-08,82.43000030517578,83.98999786376953,82.13999938964844,82.7699966430664,73.79495239257812,9501300,NKE
2019-05-09,82.20999908447266,83.01000213623047,81.54000091552734,82.9800033569336,73.98220825195312,6336600,NKE
2019-05-10,82.77999877929688,84.2699966430664,82.19000244140625,83.94999694824219,74.84696960449219,5450500,NKE
2019-05-13,81.6500015258789,82.62999725341797,81.31999969482422,82.52999877929688,73.58097839355469,6445200,NKE
2019-05-14,82.77999877929688,84.0,82.05999755859375,83.66999816894531,74.59736633300781,7529200,NKE
2019-05-15,83.16999816894531,84.48999786376953,82.94000244140625,84.01000213623047,74.90049743652344,4862200,NKE
2019-05-16,84.51000213623047,85.4000015258789,84.19999694824219,84.27999877929688,75.14122009277344,6745200,NKE
2019-05-17,83.51000213623047,85.5199966430664,83.5,84.56999969482422,75.39977264404297,5068200,NKE
2019-05-20,83.80000305175781,83.80000305175781,82.73999786376953,82.8499984741211,73.8663101196289,7181900,NKE
2019-05-21,83.36000061035156,83.80000305175781,82.51000213623047,83.63999938964844,74.57058715820312,5762500,NKE
2019-05-22,82.98999786376953,83.33999633789062,82.76000213623047,83.19999694824219,74.17835235595703,5237800,NKE
2019-05-23,82.5,83.05999755859375,81.98999786376953,82.63999938964844,73.67904663085938,9704200,NKE
2019-05-24,82.19999694824219,83.16999816894531,82.08999633789062,82.16000366210938,73.2510986328125,5999000,NKE
2019-05-28,82.8499984741211,83.19000244140625,81.12999725341797,81.19999694824219,72.39521789550781,7927300,NKE
2019-05-29,80.70999908447266,80.86000061035156,77.69999694824219,78.87000274658203,70.31784057617188,10116900,NKE
2019-05-30,78.91999816894531,79.7300033569336,78.61000061035156,79.26000213623047,70.66557312011719,6177800,NKE
2019-05-31,78.0,78.26000213623047,77.06999969482422,77.13999938964844,68.96684265136719,8891100,NKE
2019-06-03,77.23999786376953,78.58000183105469,77.08000183105469,77.95999908447266,69.69996643066406,11665500,NKE
2019-06-04,79.30000305175781,81.6500015258789,78.77999877929688,81.62000274658203,72.97219848632812,7526800,NKE
2019-06-05,82.29000091552734,82.9000015258789,81.93000030517578,82.72000122070312,73.95565032958984,8173200,NKE
2019-06-06,82.72000122070312,83.05999755859375,82.08000183105469,82.44999694824219,73.71426391601562,4953000,NKE
2019-06-07,83.08999633789062,83.68000030517578,82.80999755859375,83.41000366210938,74.57254028320312,3891100,NKE
2019-06-10,83.75,84.19999694824219,82.44999694824219,82.58000183105469,73.83047485351562,4419800,NKE
2019-06-11,83.6500015258789,84.33999633789062,83.12999725341797,83.26000213623047,74.43844604492188,3939400,NKE
2019-06-12,83.4800033569336,84.0199966430664,82.5199966430664,82.62999725341797,73.87518310546875,4025900,NKE
2019-06-13,83.1500015258789,83.91999816894531,83.05000305175781,83.61000061035156,74.75135040283203,3383400,NKE
2019-06-14,83.51000213623047,83.86000061035156,83.04000091552734,83.44000244140625,74.59937286376953,4355600,NKE
2019-06-17,83.33999633789062,83.45999908447266,82.01000213623047,82.11000061035156,73.41027069091797,5101900,NKE
2019-06-18,82.69999694824219,84.6500015258789,82.5,84.30000305175781,75.36823272705078,6456500,NKE
2019-06-19,83.7300033569336,83.9000015258789,83.13999938964844,83.55000305175781,74.69771575927734,6217700,NKE
2019-06-20,84.9000015258789,85.66999816894531,84.41999816894531,85.23999786376953,76.20865631103516,6163800,NKE
2019-06-21,85.16000366210938,85.75,84.5999984741211,85.75,76.66463470458984,9289800,NKE
2019-06-24,86.0,86.8499984741211,84.37000274658203,84.5,75.54706573486328,8043300,NKE
2019-06-25,84.5999984741211,84.69000244140625,82.16000366210938,82.62000274658203,73.86626434326172,7339900,NKE
2019-06-26,83.1500015258789,83.69000244140625,82.44000244140625,82.55000305175781,73.80364990234375,5838500,NKE
2019-06-27,82.93000030517578,83.7699966430664,82.93000030517578,83.66000366210938,74.79605102539062,11436700,NKE
2019-06-28,83.98999786376953,84.75,82.66999816894531,83.94999694824219,75.05533599853516,12443800,NKE
2019-07-01,84.93000030517578,86.27999877929688,84.9000015258789,85.41000366210938,76.36062622070312,6587300,NKE
2019-07-02,85.36000061035156,85.47000122070312,84.22000122070312,84.95999908447266,75.95831298828125,7187200,NKE
2019-07-03,85.33000183105469,86.29000091552734,85.12000274658203,86.19999694824219,77.06695556640625,4012800,NKE
2019-07-05,85.80000305175781,86.91000366210938,85.41999816894531,86.81999969482422,77.62124633789062,6440900,NKE
2019-07-08,86.05999755859375,88.5199966430664,85.97000122070312,88.4800033569336,79.10540008544922,7052000,NKE
2019-07-09,88.0999984741211,88.80000305175781,87.81999969482422,88.04000091552734,78.71199035644531,6219700,NKE
2019-07-10,88.4800033569336,88.94000244140625,87.38999938964844,87.44000244140625,78.17557525634766,5985500,NKE
2019-07-11,87.70999908447266,88.30000305175781,87.4000015258789,88.29000091552734,78.93549346923828,3942400,NKE
2019-07-12,88.18000030517578,89.30999755859375,88.01000213623047,89.12000274658203,79.67757415771484,4240900,NKE
2019-07-15,89.05999755859375,89.87000274658203,89.05999755859375,89.4800033569336,79.99940490722656,3750900,NKE
2019-07-16,89.5,89.70999908447266,88.56999969482422,88.5999984741211,79.2126693725586,5812800,NKE
2019-07-17,88.41999816894531,88.69000244140625,87.44000244140625,87.5,78.22921752929688,4461500,NKE
2019-07-18,87.62999725341797,87.76000213623047,86.76000213623047,87.44000244140625,78.17557525634766,4607000,NKE
2019-07-19,87.7300033569336,87.87999725341797,86.4800033569336,86.55000305175781,77.3798599243164,6635300,NKE
2019-07-22,86.55999755859375,86.98999786376953,85.83000183105469,85.97000122070312,76.86132049560547,6810300,NKE
2019-07-23,86.63999938964844,87.0999984741211,86.2300033569336,86.69999694824219,77.51397705078125,5659900,NKE
2019-07-24,86.6500015258789,87.20999908447266,86.30999755859375,86.69999694824219,77.51397705078125,6362900,NKE
2019-07-25,86.81999969482422,87.5,86.58999633789062,87.27999877929688,78.03250885009766,4546400,NKE
2019-07-26,87.44000244140625,87.83999633789062,86.7699966430664,87.54000091552734,78.26496887207031,3707200,NKE
2019-07-29,87.6500015258789,87.87000274658203,87.18000030517578,87.62000274658203,78.33649444580078,4387300,NKE
2019-07-30,86.81999969482422,87.91000366210938,86.36000061035156,87.19999694824219,77.96099090576172,3561200,NKE
2019-07-31,87.08999633789062,87.2699966430664,85.55000305175781,86.02999877929688,76.91496276855469,5818200,NKE
2019-08-01,85.26000213623047,86.7699966430664,82.69999694824219,83.12000274658203,74.31327056884766,7871800,NKE
2019-08-02,82.52999877929688,83.23999786376953,80.79000091552734,81.13999938964844,72.54304504394531,8761400,NKE
2019-08-05,79.66000366210938,80.05000305175781,78.19000244140625,78.97000122070312,70.60296630859375,8493300,NKE
2019-08-06,79.8499984741211,81.58999633789062,79.48999786376953,81.30000305175781,72.68611145019531,8664500,NKE
2019-08-07,80.5,81.81999969482422,80.08999633789062,81.27999877929688,72.66820526123047,6275000,NKE
2019-08-08,81.80999755859375,83.36000061035156,81.61000061035156,83.0,74.20596313476562,6208900,NKE
2019-08-09,83.13999938964844,83.43000030517578,81.31999969482422,81.9800033569336,73.2940673828125,5460200,NKE
2019-08-12,81.41000366210938,81.94999694824219,81.18000030517578,81.6500015258789,72.99901580810547,3762500,NKE
2019-08-13,81.16999816894531,84.1500015258789,80.8499984741211,83.31999969482422,74.49208068847656,6896800,NKE
2019-08-14,81.23999786376953,81.69000244140625,80.51000213623047,81.02999877929688,72.44471740722656,7266100,NKE
2019-08-15,80.93000030517578,81.30000305175781,79.44000244140625,79.51000213623047,71.08576965332031,6713600,NKE
2019-08-16,80.08999633789062,80.55999755859375,79.25,80.27999877929688,71.77418518066406,5649000,NKE
2019-08-19,82.0,82.33999633789062,80.83000183105469,81.12999725341797,72.53409576416016,7027900,NKE
2019-08-20,80.72000122070312,81.2300033569336,79.44999694824219,80.52999877929688,71.99767303466797,5903100,NKE
2019-08-21,81.94000244140625,82.83999633789062,81.62999725341797,82.73999786376953,73.9735336303711,6454200,NKE
2019-08-22,83.0,83.72000122070312,82.5,83.30999755859375,74.48314666748047,5571600,NKE
2019-08-23,82.0199966430664,82.76000213623047,80.02999877929688,80.44000244140625,71.91722106933594,8497800,NKE
2019-08-26,81.44000244140625,82.27999877929688,80.73999786376953,82.25,73.53543853759766,4336000,NKE
2019-08-27,82.62999725341797,83.18000030517578,82.0,82.02999877929688,73.33877563476562,3842500,NKE
2019-08-28,81.9000015258789,83.58999633789062,81.72000122070312,83.4800033569336,74.6351318359375,4123700,NKE
2019-08-29,84.22000122070312,85.7699966430664,84.16999816894531,85.37999725341797,76.33383178710938,5101900,NKE
2019-08-30,85.69999694824219,85.98999786376953,84.41000366210938,84.5,75.74224090576172,5235400,NKE
2019-09-03,84.0,84.83000183105469,83.62000274658203,84.66999816894531,75.89460754394531,6360800,NKE
2019-09-04,85.58000183105469,86.5,85.5,86.3499984741211,77.40048217773438,4151200,NKE
2019-09-05,87.27999877929688,88.62000274658203,87.27999877929688,88.41999816894531,79.25594329833984,6328400,NKE
2019-09-06,88.4000015258789,88.9800033569336,88.0199966430664,88.69000244140625,79.49796295166016,3625300,NKE
2019-09-09,88.94000244140625,89.3499984741211,88.41999816894531,88.66999816894531,79.48004150390625,4282400,NKE
2019-09-10,88.26000213623047,88.62999725341797,86.29000091552734,86.83000183105469,77.83074951171875,7072400,NKE
2019-09-11,86.95999908447266,87.25,85.87000274658203,86.75,77.759033203125,4623300,NKE
2019-09-12,87.0999984741211,88.06999969482422,86.22000122070312,87.66999816894531,78.58367919921875,4057500,NKE
2019-09-13,88.25,88.79000091552734,87.30000305175781,87.31999969482422,78.26994323730469,5894700,NKE
2019-09-16,87.08999633789062,87.81999969482422,86.66999816894531,87.2699966430664,78.2251205444336,4171700,NKE
2019-09-17,86.7699966430664,87.63999938964844,86.47000122070312,87.58999633789062,78.511962890625,3248400,NKE
2019-09-18,87.6500015258789,88.4000015258789,87.20999908447266,88.08000183105469,78.95117950439453,4722200,NKE
2019-09-19,88.4000015258789,88.72000122070312,87.51000213623047,87.69999694824219,78.6105728149414,4231200,NKE
2019-09-20,88.0,88.48999786376953,86.66999816894531,86.68000030517578,77.69627380371094,6991100,NKE
2019-09-23,86.9800033569336,88.0199966430664,86.80000305175781,87.69000244140625,78.60160064697266,4790000,NKE
2019-09-24,88.44999694824219,88.69000244140625,86.76000213623047,87.18000030517578,78.14447784423828,10202900,NKE
2019-09-25,91.77999877929688,92.79000091552734,90.1500015258789,90.80999755859375,81.39825439453125,25330700,NKE
2019-09-26,91.62000274658203,92.44999694824219,90.25,92.16999816894531,82.6172866821289,10408300,NKE
2019-09-27,91.8499984741211,92.86000061035156,91.5999984741211,92.30999755859375,82.74276733398438,6420500,NKE
2019-09-30,92.52999877929688,94.08000183105469,92.5,93.91999816894531,84.18589782714844,7401200,NKE
2019-10-01,94.12999725341797,94.75,92.05999755859375,92.27999877929688,82.71589660644531,8464900,NKE
2019-10-02,91.47000122070312,91.83999633789062,90.56999969482422,91.48999786376953,82.00775909423828,6933900,NKE
2019-10-03,91.30999755859375,92.31999969482422,90.3499984741211,92.22000122070312,82.66211700439453,5762300,NKE
2019-10-04,92.22000122070312,93.16999816894531,91.93000030517578,93.06999969482422,83.42401885986328,4551400,NKE
2019-10-07,92.5,93.91999816894531,92.4000015258789,93.16999816894531,83.51364135742188,4975400,NKE
2019-10-08,90.44999694824219,92.70999908447266,90.41000366210938,91.75,82.24081420898438,6916800,NKE
2019-10-09,92.41000366210938,93.05000305175781,91.81999969482422,92.5199966430664,82.93101501464844,5115900,NKE
2019-10-10,93.5,93.5,92.72000122070312,93.0,83.36126708984375,5794100,NKE
2019-10-11,94.0,94.56999969482422,93.55999755859375,93.87999725341797,84.1500473022461,6220100,NKE
2019-10-14,94.19999694824219,95.25,94.05000305175781,94.87999725341797,85.04640197753906,4636000,NKE
2019-10-15,95.0,95.18000030517578,94.12000274658203,94.79000091552734,84.96575927734375,4292500,NKE
2019-10-16,94.08999633789062,95.13999938964844,94.06999969482422,94.87999725341797,85.04640197753906,4883300,NKE
2019-10-17,95.56999969482422,95.88999938964844,94.97000122070312,95.55999755859375,85.65594482421875,3427400,NKE
2019-10-18,94.80999755859375,96.45999908447266,94.80000305175781,96.0999984741211,86.13998413085938,6209200,NKE
2019-10-21,96.61000061035156,96.87000274658203,95.41999816894531,96.22000122070312,86.24755096435547,5185800,NKE
2019-10-22,96.05999755859375,96.83000183105469,95.5199966430664,95.5999984741211,85.6917953491211,5470100,NKE
2019-10-23,95.02999877929688,95.54000091552734,92.12000274658203,92.31999969482422,82.7517318725586,11933600,NKE
2019-10-24,92.68000030517578,92.87000274658203,90.98999786376953,91.5,82.01673889160156,12085800,NKE
2019-10-25,91.44000244140625,91.83000183105469,90.75,90.91999816894531,81.49684143066406,8147200,NKE
2019-10-28,91.05999755859375,91.30000305175781,90.16999816894531,90.8499984741211,81.43409729003906,10304700,NKE
2019-10-29,90.8499984741211,90.91999816894531,89.12999725341797,89.27999877929688,80.02682495117188,9044700,NKE
2019-10-30,89.44999694824219,90.2699966430664,89.3499984741211,90.19000244140625,80.84249114990234,8127500,NKE
2019-10-31,90.0,90.41000366210938,88.94000244140625,89.55000305175781,80.26881408691406,6752000,NKE
2019-11-01,90.18000030517578,90.52999877929688,89.0,89.18000030517578,79.93719482421875,5263600,NKE
2019-11-04,90.12999725341797,90.55999755859375,89.31999969482422,89.86000061035156,80.54669189453125,8161200,NKE
2019-11-05,90.1500015258789,90.33999633789062,89.54000091552734,89.87999725341797,80.56461334228516,5589700,NKE
2019-11-06,90.63999938964844,90.72000122070312,88.73999786376953,89.4800033569336,80.2060775756836,7033800,NKE
2019-11-07,90.47000122070312,90.5999984741211,89.7699966430664,90.4000015258789,81.0307388305664,7110000,NKE
2019-11-08,90.27999877929688,90.3499984741211,89.29000091552734,89.80999755859375,80.50189208984375,4555400,NKE
2019-11-11,89.37000274658203,90.0999984741211,89.37000274658203,90.05000305175781,80.7170181274414,3247300,NKE
2019-11-12,90.30999755859375,92.02999877929688,89.48999786376953,89.5,80.22400665283203,3979600,NKE
2019-11-13,89.7300033569336,91.55000305175781,89.56999969482422,91.29000091552734,81.82847595214844,5923600,NKE
2019-11-14,91.48999786376953,91.95999908447266,90.72000122070312,91.2699966430664,81.81058502197266,6035300,NKE
2019-11-15,92.13999938964844,93.55999755859375,91.95999908447266,93.04000091552734,83.3971176147461,6785500,NKE
2019-11-18,93.5,94.26000213623047,92.91000366210938,94.18000030517578,84.41898345947266,6165600,NKE
2019-11-19,94.61000061035156,95.12000274658203,93.05999755859375,93.61000061035156,83.9080581665039,5368400,NKE
2019-11-20,94.11000061035156,94.4000015258789,92.7699966430664,93.05000305175781,83.40606689453125,6235400,NKE
2019-11-21,92.62000274658203,93.30000305175781,92.06999969482422,92.16000366210938,82.60832214355469,5493100,NKE
2019-11-22,92.20999908447266,93.3499984741211,91.93000030517578,93.33999633789062,83.66602325439453,4264400,NKE
2019-11-25,93.77999877929688,93.97000122070312,92.73999786376953,92.9000015258789,83.27162170410156,5419700,NKE
2019-11-26,93.37999725341797,93.62999725341797,93.0199966430664,93.33000183105469,83.65706634521484,5907400,NKE
2019-11-27,93.5,94.37999725341797,93.5,94.13999938964844,84.38313293457031,4017400,NKE
2019-11-29,94.37000274658203,94.61000061035156,93.38999938964844,93.48999786376953,84.01914978027344,2541800,NKE
2019-12-02,94.08999633789062,94.27999877929688,92.9800033569336,93.55999755859375,84.08204650878906,3892000,NKE
2019-12-03,92.4800033569336,92.55000305175781,91.30999755859375,92.45999908447266,83.0934829711914,5570700,NKE
2019-12-04,92.80999755859375,93.79000091552734,92.7300033569336,93.72000122070312,84.2258529663086,4456400,NKE
2019-12-05,95.87999725341797,95.94999694824219,94.68000030517578,95.79000091552734,86.08615112304688,6946000,NKE
2019-12-06,96.55999755859375,97.30999755859375,96.37999725341797,97.0,87.173583984375,6368500,NKE
2019-12-09,97.0199966430664,97.62999725341797,96.16000366210938,96.62999725341797,86.84105682373047,6517800,NKE
2019-12-10,96.76000213623047,97.58999633789062,96.62999725341797,97.01000213623047,87.18255615234375,4234300,NKE
2019-12-11,96.9000015258789,97.31999969482422,96.6500015258789,97.18000030517578,87.3353500366211,4319700,NKE
2019-12-12,97.31999969482422,98.18000030517578,96.9000015258789,97.72000122070312,87.82063293457031,4762800,NKE
2019-12-13,97.43000030517578,98.29000091552734,96.91000366210938,97.7699966430664,87.86556243896484,5247600,NKE
2019-12-16,98.13999938964844,99.33999633789062,98.05999755859375,98.80999755859375,88.80023193359375,8211300,NKE
2019-12-17,99.37999725341797,100.16999816894531,99.05000305175781,99.6500015258789,89.55509948730469,7050700,NKE
2019-12-18,100.19999694824219,100.79000091552734,99.58000183105469,100.56999969482422,90.38192749023438,7332000,NKE
2019-12-19,100.5,101.2699966430664,99.62999725341797,101.1500015258789,90.90316009521484,12214500,NKE
2019-12-20,101.0,101.4000015258789,98.8499984741211,99.95999908447266,89.83370208740234,17641600,NKE
2019-12-23,100.2300033569336,100.69000244140625,99.55000305175781,100.04000091552734,89.9056167602539,6350500,NKE
2019-12-24,99.83000183105469,100.66000366210938,99.76000213623047,100.13999938964844,89.9954833984375,3328100,NKE
2019-12-26,100.33999633789062,100.75,100.11000061035156,100.70999908447266,90.50773620605469,3709900,NKE
2019-12-27,101.0,101.79000091552734,100.98999786376953,101.56999969482422,91.28060913085938,5307500,NKE
2019-12-30,101.54000091552734,101.61000061035156,100.45999908447266,100.80000305175781,90.58860778808594,3495200,NKE
2019-12-31,100.58000183105469,101.38999938964844,100.51000213623047,101.30999755859375,91.04695129394531,3213600,NKE
2020-01-02,101.36000061035156,102.20999908447266,101.0199966430664,102.19999694824219,91.84679412841797,5644100,NKE
2020-01-03,100.58999633789062,102.0,100.30999755859375,101.91999816894531,91.59514617919922,4541800,NKE
2020-01-06,100.94999694824219,101.83999633789062,100.87000274658203,101.83000183105469,91.5142822265625,4612400,NKE
2020-01-07,101.80999755859375,102.73999786376953,100.80999755859375,101.77999877929688,91.46932983398438,6719900,NKE
2020-01-08,101.30999755859375,102.13999938964844,100.8499984741211,101.55000305175781,91.26264953613281,4942200,NKE
2020-01-09,101.94000244140625,102.41000366210938,101.38999938964844,101.4800033569336,91.1997299194336,5007500,NKE
2020-01-10,101.88999938964844,101.93000030517578,100.76000213623047,100.9000015258789,90.678466796875,5135300,NKE
2020-01-13,101.0,102.33999633789062,100.81999969482422,102.16000366210938,91.81084442138672,6722400,NKE
2020-01-14,102.44999694824219,103.88999938964844,102.3499984741211,102.91999816894531,92.49385070800781,5088500,NKE
2020-01-15,103.25,103.69999694824219,102.4800033569336,102.79000091552734,92.37701416015625,4209200,NKE
2020-01-16,102.87999725341797,103.56999969482422,102.8499984741211,103.37000274658203,92.89828491210938,6571700,NKE
2020-01-17,103.43000030517578,104.55000305175781,103.33999633789062,104.52999877929688,93.94075775146484,6271200,NKE
2020-01-21,104.25,104.69000244140625,103.80999755859375,104.58000183105469,93.9856948852539,4854700,NKE
2020-01-22,105.0,105.62000274658203,104.41999816894531,104.48999786376953,93.90479278564453,5031400,NKE
2020-01-23,104.02999877929688,104.37000274658203,102.62000274658203,103.0199966430664,92.5837173461914,7102900,NKE
2020-01-24,103.58999633789062,103.88999938964844,101.66000366210938,102.02999877929688,91.69400787353516,3839300,NKE
2020-01-27,98.20999908447266,100.70999908447266,98.01000213623047,100.23999786376953,90.08536529541016,9841400,NKE
2020-01-28,100.33999633789062,101.05000305175781,99.5199966430664,100.41000366210938,90.2381362915039,5673200,NKE
2020-01-29,101.06999969482422,101.30000305175781,99.16999816894531,99.83999633789062,89.72586822509766,4503700,NKE
2020-01-30,99.0199966430664,99.75,97.37000274658203,98.19000244140625,88.24302673339844,7065100,NKE
2020-01-31,98.11000061035156,98.44999694824219,95.91999816894531,96.30000305175781,86.54447937011719,8780300,NKE
2020-02-03,99.0,100.91999816894531,98.56999969482422,99.2699966430664,89.21360778808594,9727000,NKE
2020-02-04,101.91000366210938,102.77999877929688,101.26000213623047,101.37999725341797,91.10986328125,6559600,NKE
2020-02-05,101.76000213623047,101.97000122070312,99.52999877929688,100.54000091552734,90.35494995117188,6108300,NKE
2020-02-06,100.9000015258789,101.52999877929688,100.16000366210938,100.2699966430664,90.11229705810547,5641800,NKE
2020-02-07,99.80999755859375,100.4000015258789,98.97000122070312,99.44000244140625,89.36640167236328,4121800,NKE
2020-02-10,99.22000122070312,100.51000213623047,99.0,100.0199966430664,89.88763427734375,4213900,NKE
2020-02-11,100.06999969482422,100.3499984741211,99.44000244140625,100.0199966430664,89.88763427734375,4871800,NKE
2020-02-12,100.73999786376953,103.08000183105469,100.44000244140625,103.0,92.56572723388672,8075600,NKE
2020-02-13,102.51000213623047,103.73999786376953,101.68000030517578,103.37000274658203,92.89828491210938,5386800,NKE
2020-02-14,103.52999877929688,103.88999938964844,102.44999694824219,103.54000091552734,93.05104064941406,4305300,NKE
2020-02-18,103.0,103.37999725341797,101.61000061035156,102.0,91.66703796386719,4916200,NKE
2020-02-19,102.66000366210938,103.38999938964844,102.43000030517578,102.45999908447266,92.08045196533203,6200500,NKE
2020-02-20,102.45999908447266,102.62999725341797,100.55000305175781,102.52999877929688,92.14335632324219,6427600,NKE
2020-02-21,102.0,102.08000183105469,99.62999725341797,100.25,90.0943374633789,5750900,NKE
2020-02-24,95.54000091552734,97.06999969482422,95.25,95.91000366210938,86.19400024414062,8364200,NKE
2020-02-25,96.3499984741211,96.76000213623047,92.62000274658203,92.9000015258789,83.48892211914062,9602100,NKE
2020-02-26,93.08000183105469,94.6500015258789,91.98999786376953,92.0,82.68009185791016,9308400,NKE
2020-02-27,90.0,93.05999755859375,88.5,88.55000305175781,79.57957458496094,12825700,NKE
2020-02-28,86.02999877929688,89.47000122070312,85.1500015258789,89.37999725341797,80.5483627319336,16552400,NKE
2020-03-02,89.5999984741211,93.13999938964844,87.91000366210938,92.68000030517578,83.52227783203125,14102000,NKE
2020-03-03,92.73999786376953,94.9800033569336,90.56999969482422,90.93000030517578,81.94520568847656,14767600,NKE
2020-03-04,92.08000183105469,93.81999969482422,90.83999633789062,93.79000091552734,84.52259063720703,6904400,NKE
2020-03-05,91.26000213623047,91.68000030517578,89.94000244140625,90.58000183105469,81.62979888916016,8851100,NKE
2020-03-06,88.36000061035156,89.38999938964844,85.87999725341797,88.36000061035156,79.629150390625,12336400,NKE
2020-03-09,81.88999938964844,86.73999786376953,80.91999816894531,84.11000061035156,75.7990951538086,13272700,NKE
2020-03-10,86.69000244140625,88.4000015258789,82.87999725341797,88.30000305175781,79.57508087158203,12755900,NKE
2020-03-11,84.0,84.62999725341797,82.06999969482422,84.0,75.69995880126953,16172000,NKE
2020-03-12,78.2300033569336,78.48999786376953,73.0,74.19999694824219,66.86830139160156,21534800,NKE
2020-03-13,78.19999694824219,78.19999694824219,71.76000213623047,75.58000183105469,68.1119384765625,21859600,NKE
2020-03-16,65.27999877929688,72.97000122070312,63.369998931884766,66.79000091552734,60.19047927856445,17976700,NKE
2020-03-17,67.51000213623047,73.33000183105469,62.400001525878906,69.83999633789062,62.93911361694336,17122100,NKE
2020-03-18,64.79000091552734,68.33000183105469,60.0,68.04000091552734,61.31697082519531,19498800,NKE
2020-03-19,67.04000091552734,72.70999908447266,64.1500015258789,70.33999633789062,63.38969421386719,16177200,NKE
2020-03-20,71.51000213623047,74.05999755859375,67.19999694824219,67.44999694824219,60.7852668762207,15761900,NKE
2020-03-23,65.0,66.87999725341797,60.58000183105469,62.79999923706055,56.5947265625,17690000,NKE
2020-03-24,65.69999694824219,72.66000366210938,64.0,72.33000183105469,65.18306732177734,18849500,NKE
2020-03-25,80.11000061035156,83.48999786376953,76.19999694824219,79.01000213623047,71.20301818847656,27053200,NKE
2020-03-26,80.16999816894531,86.86000061035156,80.01000213623047,84.30000305175781,75.97029876708984,17200800,NKE
2020-03-27,81.69999694824219,85.73999786376953,79.51000213623047,83.2300033569336,75.00604248046875,14183400,NKE
2020-03-30,84.0,85.95999908447266,81.5,85.37999725341797,76.94358825683594,10960100,NKE
2020-03-31,85.12999725341797,85.7300033569336,82.4000015258789,82.73999786376953,74.56446075439453,9610100,NKE
2020-04-01,79.48999786376953,81.18000030517578,78.52999877929688,79.2300033569336,71.40129089355469,9771300,NKE
2020-04-02,79.0,81.5999984741211,77.16000366210938,80.13999938964844,72.22135925292969,12731300,NKE
2020-04-03,79.36000061035156,79.79000091552734,77.91000366210938,78.86000061035156,71.06783294677734,8476900,NKE
2020-04-06,81.91000366210938,85.04000091552734,81.20999908447266,84.62999725341797,76.26771545410156,11266500,NKE
2020-04-07,88.69999694824219,88.87000274658203,84.02999877929688,84.16000366210938,75.84415435791016,10468100,NKE
2020-04-08,84.69999694824219,85.7699966430664,83.61000061035156,85.30000305175781,76.87151336669922,6642700,NKE
2020-04-09,86.69000244140625,87.38999938964844,85.16000366210938,86.79000091552734,78.21427154541016,7773600,NKE
2020-04-13,85.80000305175781,85.98999786376953,84.13999938964844,84.45999908447266,76.114501953125,5077600,NKE
2020-04-14,85.94999694824219,87.7699966430664,85.4800033569336,87.47000122070312,78.82707214355469,6397200,NKE
2020-04-15,84.87000274658203,85.87999725341797,83.70999908447266,85.04000091552734,76.6371841430664,8053900,NKE
2020-04-16,85.43000030517578,86.52999877929688,84.55000305175781,86.30000305175781,77.772705078125,9373800,NKE
2020-04-17,89.0,90.25,88.36000061035156,89.91000366210938,81.0260009765625,8111400,NKE
2020-04-20,88.43000030517578,89.44000244140625,87.5199966430664,87.9000015258789,79.21459197998047,7244400,NKE
2020-04-21,85.98999786376953,86.9000015258789,85.08999633789062,85.19999694824219,76.78137969970703,6597000,NKE
2020-04-22,86.9800033569336,89.44000244140625,86.41999816894531,88.7699966430664,79.99861907958984,6463000,NKE
2020-04-23,88.94000244140625,89.52999877929688,87.26000213623047,87.3499984741211,78.71891784667969,5343500,NKE
2020-04-24,88.88999938964844,89.12000274658203,87.6500015258789,88.37000274658203,79.63814544677734,4450100,NKE
2020-04-27,88.37999725341797,89.87000274658203,87.30999755859375,89.37000274658203,80.53936004638672,6875100,NKE
2020-04-28,90.55000305175781,90.70999908447266,88.62999725341797,88.80000305175781,80.02566528320312,5145400,NKE
2020-04-29,90.0,91.38999938964844,87.83000183105469,88.06999969482422,79.3677978515625,9461400,NKE
2020-04-30,87.0,88.0,86.51000213623047,87.18000030517578,78.56575775146484,9371400,NKE
2020-05-01,85.66999816894531,86.11000061035156,84.80999755859375,85.54000091552734,77.0877914428711,6151200,NKE
2020-05-04,84.68000030517578,85.80000305175781,84.30999755859375,85.75,77.27702331542969,6348900,NKE
2020-05-05,86.54000091552734,88.52999877929688,86.02999877929688,87.19999694824219,78.5837631225586,6321500,NKE
2020-05-06,88.05000305175781,88.69000244140625,87.43000030517578,88.44000244140625,79.70122528076172,7342300,NKE
2020-05-07,89.4000015258789,90.23999786376953,88.37999725341797,88.55999755859375,79.80937194824219,4565900,NKE
2020-05-08,90.11000061035156,90.63999938964844,89.58999633789062,90.45999908447266,81.52164459228516,5488000,NKE
2020-05-11,89.44999694824219,91.41999816894531,89.13999938964844,90.93000030517578,81.94520568847656,4937600,NKE
2020-05-12,91.52999877929688,91.66999816894531,88.1500015258789,88.26000213623047,79.5390396118164,5622600,NKE
2020-05-13,87.37999725341797,87.73999786376953,85.19999694824219,86.0199966430664,77.5203628540039,6739800,NKE
2020-05-14,85.0,86.58000183105469,84.11000061035156,86.55000305175781,77.99800109863281,7431800,NKE
2020-05-15,85.25,87.2300033569336,84.87999725341797,86.98999786376953,78.39451599121094,9165000,NKE
2020-05-18,90.48999786376953,91.5999984741211,89.87999725341797,91.04000091552734,82.04430389404297,8517200,NKE
2020-05-19,90.8499984741211,93.81999969482422,90.81999969482422,91.51000213623047,82.4678955078125,6514100,NKE
2020-05-20,93.19999694824219,93.86000061035156,92.69999694824219,92.94999694824219,83.76560974121094,6347000,NKE
2020-05-21,92.87999725341797,94.37999725341797,92.37000274658203,94.26000213623047,84.9461669921875,7504300,NKE
2020-05-22,94.41999816894531,94.6500015258789,93.3499984741211,93.75,84.48658752441406,4049500,NKE
2020-05-26,95.9800033569336,97.43000030517578,95.27999877929688,96.62000274658203,87.07296752929688,7185200,NKE
2020-05-27,98.12000274658203,99.98999786376953,97.62000274658203,99.87000274658203,90.0018310546875,7915900,NKE
2020-05-28,100.08999633789062,100.69000244140625,98.25,98.45999908447266,88.7311782836914,7260700,NKE
2020-05-29,98.19000244140625,99.25,96.93000030517578,98.58000183105469,89.06092071533203,10332500,NKE
2020-06-01,98.4000015258789,99.77999877929688,97.88999938964844,99.54000091552734,89.92822265625,4295400,NKE
2020-06-02,99.41999816894531,100.87999725341797,98.81999969482422,100.73999786376953,91.0123519897461,10798700,NKE
2020-06-03,101.26000213623047,104.55000305175781,101.12000274658203,104.11000061035156,94.05696105957031,5867700,NKE
2020-06-04,103.66000366210938,103.9000015258789,100.47000122070312,101.27999877929688,91.50020599365234,8775000,NKE
2020-06-05,104.0,104.69000244140625,102.12999725341797,102.70999908447266,92.79210662841797,8363600,NKE
2020-06-08,103.05000305175781,104.30000305175781,102.70999908447266,104.29000091552734,94.21955108642578,6165400,NKE
2020-06-09,102.81999969482422,103.7699966430664,102.43000030517578,102.62999725341797,92.71985626220703,5385900,NKE
2020-06-10,103.0,103.1500015258789,101.70999908447266,102.12000274658203,92.25910186767578,5194200,NKE
2020-06-11,98.37999725341797,98.98999786376953,94.87999725341797,95.16999816894531,85.98020935058594,10976900,NKE
2020-06-12,97.80000305175781,97.80000305175781,94.73999786376953,96.43000030517578,87.11851501464844,7416400,NKE
2020-06-15,93.9000015258789,98.08000183105469,93.44000244140625,97.83999633789062,88.3923568725586,8645300,NKE
2020-06-16,101.25,101.33999633789062,97.72000122070312,99.04000091552734,89.47651672363281,6054400,NKE
2020-06-17,99.0,100.23999786376953,98.88999938964844,99.20999908447266,89.63006591796875,3405500,NKE
2020-06-18,98.69000244140625,99.41999816894531,97.8499984741211,98.44999694824219,88.9434585571289,4392400,NKE
2020-06-19,99.97000122070312,99.9800033569336,95.77999877929688,95.77999877929688,86.53128051757812,10304000,NKE
2020-06-22,96.8499984741211,99.54000091552734,96.0199966430664,99.51000213623047,89.90113067626953,6918200,NKE
2020-06-23,101.1500015258789,102.22000122070312,100.70999908447266,101.91999816894531,92.07839965820312,6499000,NKE
2020-06-24,100.94000244140625,101.8499984741211,98.08999633789062,100.08000183105469,90.41608428955078,8611600,NKE
2020-06-25,99.2300033569336,101.68000030517578,98.80000305175781,101.4000015258789,91.6086196899414,11531400,NKE
2020-06-26,98.5,98.77999877929688,93.56999969482422,93.66999816894531,84.62504577636719,24918500,NKE
2020-06-29,93.69999694824219,96.0,93.69999694824219,95.87000274658203,86.61261749267578,9624200,NKE
2020-06-30,96.0,98.30000305175781,95.63999938964844,98.05000305175781,88.58209991455078,9065500,NKE
2020-07-01,98.5,98.72000122070312,97.11000061035156,97.4000015258789,87.99486541748047,5733800,NKE
2020-07-02,98.77999877929688,99.66000366210938,98.0199966430664,98.43000030517578,88.92539978027344,5354900,NKE
2020-07-06,99.62000274658203,100.02999877929688,99.04000091552734,99.94999694824219,90.29862213134766,4995000,NKE
2020-07-07,99.22000122070312,99.55000305175781,96.91999816894531,97.06999969482422,87.69672393798828,6352900,NKE
2020-07-08,97.5,98.9800033569336,96.95999908447266,98.83999633789062,89.29580688476562,5634600,NKE
2020-07-09,98.55000305175781,98.91000366210938,96.37000274658203,96.98999786376953,87.62445068359375,6282300,NKE
2020-07-10,97.0,98.05000305175781,95.72000122070312,97.98999786376953,88.52787780761719,3967000,NKE
2020-07-13,98.25,98.94000244140625,96.26000213623047,96.45999908447266,87.14561462402344,4845600,NKE
2020-07-14,96.33000183105469,97.25,95.51000213623047,96.76000213623047,87.41667175292969,4850600,NKE
2020-07-15,98.41000366210938,99.04000091552734,97.30999755859375,98.54000091552734,89.02478790283203,5343700,NKE
2020-07-16,97.5,98.2300033569336,97.04000091552734,97.26000213623047,87.8683853149414,3594700,NKE
2020-07-17,96.94999694824219,97.2300033569336,96.04000091552734,96.27999877929688,86.9830093383789,7405700,NKE
2020-07-20,95.5,96.3499984741211,95.11000061035156,95.6500015258789,86.41385650634766,5822300,NKE
2020-07-21,96.91999816894531,99.0,96.0999984741211,98.36000061035156,88.8621597290039,5855600,NKE
2020-07-22,98.16000366210938,98.98999786376953,97.91000366210938,98.91000366210938,89.35906219482422,4097000,NKE
2020-07-23,98.3499984741211,100.18000030517578,97.72000122070312,98.30000305175781,88.80793762207031,4530500,NKE
2020-07-24,98.13999938964844,99.36000061035156,97.69999694824219,98.43000030517578,88.92539978027344,5638400,NKE
2020-07-27,96.95999908447266,98.4000015258789,96.88999938964844,97.20999908447266,87.82318878173828,4273400,NKE
2020-07-28,96.94999694824219,97.47000122070312,96.16000366210938,96.2699966430664,86.9739761352539,3822600,NKE
2020-07-29,96.43000030517578,97.55000305175781,96.30000305175781,96.97000122070312,87.60636901855469,6872400,NKE
2020-07-30,96.47000122070312,97.2300033569336,95.80000305175781,96.81999969482422,87.47086334228516,4018400,NKE
2020-07-31,96.88999938964844,97.6500015258789,96.30000305175781,97.61000061035156,88.18458557128906,5509900,NKE
2020-08-03,98.02999877929688,99.29000091552734,97.81999969482422,98.33000183105469,88.83505249023438,5472700,NKE
2020-08-04,97.79000091552734,97.94999694824219,96.55000305175781,97.33000183105469,87.93161010742188,7539300,NKE
2020-08-05,97.12000274658203,101.25,97.08000183105469,100.94000244140625,91.19302368164062,7217500,NKE
2020-08-06,100.63999938964844,101.18000030517578,100.02999877929688,100.44999694824219,90.7503433227539,4060900,NKE
2020-08-07,101.0,101.91000366210938,99.88999938964844,101.86000061035156,92.02418518066406,5545600,NKE
2020-08-10,102.47000122070312,106.83000183105469,102.4000015258789,105.41000366210938,95.23139190673828,12678000,NKE
2020-08-11,106.8499984741211,107.33000183105469,104.86000061035156,105.12000274658203,94.96940612792969,5400700,NKE
2020-08-12,105.72000122070312,105.88999938964844,103.37999725341797,105.22000122070312,95.05975341796875,4714800,NKE
2020-08-13,105.30000305175781,106.98999786376953,105.19999694824219,106.5199966430664,96.23419189453125,4281700,NKE
2020-08-14,106.12000274658203,106.77999877929688,105.45999908447266,106.43000030517578,96.15290069580078,2985700,NKE
2020-08-17,106.5,106.5,105.12000274658203,105.66000366210938,95.45726013183594,3017000,NKE
2020-08-18,106.45999908447266,107.0,105.47000122070312,106.97000122070312,96.64078521728516,5023000,NKE
2020-08-19,107.69000244140625,109.69000244140625,107.3499984741211,108.38999938964844,97.92362976074219,9508100,NKE
2020-08-20,107.55999755859375,108.73999786376953,107.3499984741211,108.01000213623047,97.5803451538086,4304000,NKE
2020-08-21,108.0,109.7699966430664,107.75,109.75,99.15232849121094,5564000,NKE
2020-08-24,110.0,112.0,109.9000015258789,111.83000183105469,101.03147888183594,8173100,NKE
2020-08-25,112.0,112.27999877929688,111.08999633789062,111.51000213623047,100.74237060546875,4380900,NKE
2020-08-26,111.91999816894531,112.08999633789062,111.29000091552734,111.52999877929688,100.76042175292969,4477900,NKE
2020-08-27,111.98999786376953,112.79000091552734,110.5,110.83999633789062,100.13707733154297,4390800,NKE
2020-08-28,111.01000213623047,112.66999816894531,110.56999969482422,112.29000091552734,101.67179107666016,3731100,NKE
2020-08-31,112.13999938964844,112.5199966430664,111.13999938964844,111.88999938964844,101.30960083007812,3519800,NKE
2020-09-01,112.0,114.9000015258789,111.83000183105469,114.83999633789062,103.98065948486328,4912400,NKE
2020-09-02,115.05999755859375,117.41000366210938,114.5,116.80000305175781,105.75533294677734,6775400,NKE
2020-09-03,116.80000305175781,116.9000015258789,112.0,112.8499984741211,102.1788330078125,7264400,NKE
2020-09-04,112.95999908447266,113.75,110.20999908447266,112.4000015258789,101.7713851928711,5157600,NKE
2020-09-08,111.29000091552734,113.83999633789062,110.54000091552734,112.72000122070312,102.06111145019531,5300100,NKE
2020-09-09,113.0199966430664,116.20999908447266,112.83000183105469,114.9000015258789,104.03497314453125,5997900,NKE
2020-09-10,115.9000015258789,118.2300033569336,114.0,114.79000091552734,103.93539428710938,5032800,NKE
2020-09-11,116.76000213623047,119.25,116.41999816894531,118.0,106.84185791015625,8565200,NKE
2020-09-14,118.5,119.93000030517578,118.16999816894531,119.27999877929688,108.00080871582031,4990300,NKE
2020-09-15,119.69999694824219,120.4800033569336,119.18000030517578,119.2699966430664,107.99174499511719,5934200,NKE
2020-09-16,118.30999755859375,119.69000244140625,118.16000366210938,118.58999633789062,107.37603759765625,7023700,NKE
2020-09-17,117.33999633789062,118.55000305175781,115.80000305175781,116.36000061035156,105.35691833496094,7376400,NKE
2020-09-18,115.43000030517578,117.91000366210938,114.48999786376953,114.66000366210938,103.81768798828125,12876600,NKE
2020-09-21,112.94999694824219,114.05999755859375,111.73999786376953,113.37000274658203,102.64966583251953,8486400,NKE
2020-09-22,113.0999984741211,117.19999694824219,112.8499984741211,116.87000274658203,105.81867980957031,13007200,NKE
2020-09-23,130.22000122070312,130.3800048828125,125.26000213623047,127.11000061035156,115.09037780761719,37822700,NKE
2020-09-24,126.44000244140625,127.54000091552734,123.30000305175781,124.75,112.95353698730469,13485800,NKE
2020-09-25,123.6500015258789,124.75,122.2699966430664,124.2300033569336,112.48274993896484,9182800,NKE
2020-09-28,125.16000366210938,126.19000244140625,123.88999938964844,124.31999969482422,112.5642318725586,7525000,NKE
2020-09-29,124.33999633789062,127.0999984741211,123.95999908447266,126.3499984741211,114.40225982666016,7796400,NKE
2020-09-30,126.0999984741211,127.27999877929688,125.16000366210938,125.54000091552734,113.66885375976562,8699700,NKE
2020-10-01,127.7300033569336,127.7300033569336,125.30999755859375,126.63999938964844,114.66484069824219,5637200,NKE
2020-10-02,124.3499984741211,126.80000305175781,123.58999633789062,126.63999938964844,114.66484069824219,7491100,NKE
2020-10-05,127.06999969482422,128.5,126.44999694824219,127.91000366210938,115.81475067138672,8270300,NKE
2020-10-06,128.83999633789062,130.44000244140625,127.2699966430664,127.6500015258789,115.579345703125,5978000,NKE
2020-10-07,128.39999389648438,130.41000366210938,128.25,130.05999755859375,117.76142883300781,4390500,NKE
2020-10-08,130.39999389648438,130.92999267578125,129.50999450683594,129.7100067138672,117.44453430175781,3595600,NKE
2020-10-09,129.99000549316406,131.19000244140625,129.3300018310547,130.97999572753906,118.59443664550781,4293400,NKE
2020-10-12,131.19000244140625,131.33999633789062,129.25999450683594,129.4600067138672,117.21817016601562,5136500,NKE
2020-10-13,128.0500030517578,129.8699951171875,127.95999908447266,129.1999969482422,116.98278045654297,4245000,NKE
2020-10-14,129.52999877929688,129.60000610351562,127.01000213623047,127.66000366210938,115.58838653564453,3586600,NKE
2020-10-15,126.4800033569336,129.10000610351562,126.11000061035156,129.0,116.80168151855469,4235800,NKE
2020-10-16,129.50999450683594,130.19000244140625,127.55000305175781,128.0,115.896240234375,6010900,NKE
2020-10-19,129.10000610351562,129.77999877929688,127.05000305175781,127.43000030517578,115.38014221191406,5160800,NKE
2020-10-20,128.0,129.89999389648438,127.72000122070312,128.49000549316406,116.33991241455078,3799200,NKE
2020-10-21,128.5,131.3800048828125,128.4499969482422,129.42999267578125,117.1910171508789,4916300,NKE
2020-10-22,129.60000610351562,130.25999450683594,128.86000061035156,130.02000427246094,117.72523498535156,2869900,NKE
2020-10-23,130.0,130.60000610351562,128.64999389648438,129.99000549316406,117.69805908203125,4046300,NKE
2020-10-26,129.05999755859375,129.6199951171875,126.68000030517578,128.3699951171875,116.23123931884766,5422500,NKE
2020-10-27,128.77999877929688,129.49000549316406,127.9000015258789,127.98999786376953,115.8871841430664,2985700,NKE
2020-10-28,125.27999877929688,126.4000015258789,121.04000091552734,122.08000183105469,110.53601837158203,8618300,NKE
2020-10-29,122.27999877929688,124.19000244140625,121.1500015258789,122.86000061035156,111.24227142333984,4947000,NKE
2020-10-30,123.66000366210938,123.66000366210938,118.80000305175781,120.08000183105469,108.72516632080078,7791600,NKE
2020-11-02,122.37000274658203,124.0999984741211,121.0999984741211,122.38999938964844,110.81672668457031,4740400,NKE
2020-11-03,124.01000213623047,125.5,123.19000244140625,124.58999633789062,112.80870056152344,3490900,NKE
2020-11-04,125.33000183105469,128.92999267578125,125.26000213623047,127.33999633789062,115.29866027832031,5061800,NKE
2020-11-05,129.19000244140625,130.41000366210938,128.4600067138672,129.6999969482422,117.43549346923828,3940000,NKE
2020-11-06,129.91000366210938,129.91000366210938,128.35000610351562,128.89999389648438,116.71112060546875,2954000,NKE
2020-11-09,135.05999755859375,136.35000610351562,128.77000427246094,128.9499969482422,116.75640106201172,7491700,NKE
2020-11-10,130.0500030517578,130.1199951171875,126.25,127.70999908447266,115.6336669921875,8014700,NKE
2020-11-11,128.69000244140625,129.8000030517578,127.18000030517578,127.66000366210938,115.58838653564453,6058700,NKE
2020-11-12,126.62000274658203,127.83999633789062,125.62999725341797,126.63999938964844,114.66484069824219,4780400,NKE
2020-11-13,127.91000366210938,128.60000610351562,126.83000183105469,128.27999877929688,116.14976501464844,3986100,NKE
2020-11-16,129.4600067138672,130.32000732421875,127.37000274658203,130.11000061035156,117.80671691894531,6116200,NKE
2020-11-17,130.47999572753906,132.60000610351562,129.11000061035156,132.2100067138672,119.70813751220703,7002900,NKE
2020-11-18,133.07000732421875,133.97999572753906,131.52999877929688,131.6300048828125,119.1830062866211,5572800,NKE
2020-11-19,131.9199981689453,132.11000061035156,129.92999267578125,131.91000366210938,119.43648529052734,4642800,NKE
2020-11-20,133.3000030517578,133.52999877929688,131.91000366210938,132.97999572753906,120.40532684326172,4318100,NKE
2020-11-23,134.3800048828125,134.88999938964844,133.08999633789062,134.1300048828125,121.44661712646484,6118400,NKE
2020-11-24,135.0,135.99000549316406,134.2100067138672,134.6999969482422,121.96267700195312,7204700,NKE
2020-11-25,134.25,135.8000030517578,133.6199951171875,135.5399932861328,122.72325134277344,4484500,NKE
2020-11-27,136.0,136.1300048828125,133.33999633789062,134.25,121.55522918701172,3506800,NKE
2020-11-30,133.91000366210938,135.2899932861328,132.69000244140625,134.6999969482422,121.96267700195312,9652500,NKE
2020-12-01,136.44000244140625,136.5,134.75,135.44000244140625,122.63270568847656,3833100,NKE
2020-12-02,135.16000366210938,136.32000732421875,134.6699981689453,135.5800018310547,122.75946807861328,4132700,NKE
2020-12-03,135.10000610351562,137.9499969482422,135.0,136.9600067138672,124.00899505615234,4930900,NKE
2020-12-04,137.0800018310547,137.39999389648438,135.63999938964844,137.19000244140625,124.46713256835938,4344000,NKE
2020-12-07,137.0,138.86000061035156,136.8000030517578,138.75,125.8824691772461,4590800,NKE
2020-12-08,138.24000549316406,140.44000244140625,137.64999389648438,139.1199951171875,126.2181396484375,6953600,NKE
2020-12-09,140.57000732421875,140.57000732421875,138.27000427246094,138.7899932861328,125.91876220703125,4341300,NKE
2020-12-10,138.27999877929688,139.13999938964844,137.24000549316406,137.5800018310547,124.82097625732422,4511000,NKE
2020-12-11,137.38999938964844,138.13999938964844,136.22999572753906,137.41000366210938,124.66675567626953,4172400,NKE
2020-12-14,138.9199981689453,139.0,136.1999969482422,136.27999877929688,123.64153289794922,7599000,NKE
2020-12-15,137.42999267578125,139.44000244140625,137.25,139.38999938964844,126.46315002441406,7637000,NKE
2020-12-16,139.07000732421875,140.49000549316406,137.4600067138672,138.33999633789062,125.5104751586914,6573400,NKE
2020-12-17,139.9199981689453,140.74000549316406,138.75,140.5,127.47013092041016,8727000,NKE
2020-12-18,141.08999633789062,141.13999938964844,137.1699981689453,137.27999877929688,124.54877471923828,17970800,NKE
2020-12-21,144.82000732421875,147.9499969482422,142.50999450683594,144.02000427246094,130.6637420654297,16111300,NKE
2020-12-22,143.0500030517578,143.47000122070312,141.08999633789062,142.4499969482422,129.2393035888672,6339400,NKE
2020-12-23,142.55999755859375,143.60000610351562,141.6999969482422,141.75999450683594,128.61328125,3388300,NKE
2020-12-24,141.10000610351562,142.19000244140625,141.10000610351562,141.60000610351562,128.4681396484375,1821900,NKE
2020-12-28,142.5399932861328,142.9199981689453,141.0399932861328,142.42999267578125,129.2211456298828,4081500,NKE
2020-12-29,142.8300018310547,143.05999755859375,140.42999267578125,141.57000732421875,128.44094848632812,3232400,NKE
2020-12-30,142.16000366210938,142.61000061035156,140.66000366210938,141.5800018310547,128.44998168945312,3052100,NKE
2020-12-31,141.6999969482422,141.7899932861328,140.3699951171875,141.47000122070312,128.3502197265625,2949900,NKE
2021-01-04,142.85000610351562,142.97000122070312,138.32000732421875,140.10000610351562,127.1072769165039,6178500,NKE
2021-01-05,138.60000610351562,141.66000366210938,138.60000610351562,141.22999572753906,128.1324920654297,4163100,NKE
2021-01-06,141.25,143.57000732421875,139.52999877929688,142.35000610351562,129.1486358642578,6072900,NKE
2021-01-07,143.1999969482422,145.63999938964844,143.0,144.9499969482422,131.5075225830078,5256900,NKE
2021-01-08,145.5500030517578,146.82000732421875,144.89999389648438,146.35000610351562,132.77764892578125,3950500,NKE
2021-01-11,146.0,147.10000610351562,144.8000030517578,147.0500030517578,133.41275024414062,4252000,NKE
2021-01-12,146.5,146.85000610351562,144.3800048828125,145.0500030517578,131.59825134277344,3678800,NKE
2021-01-13,144.8300018310547,145.1300048828125,142.42999267578125,143.0399932861328,129.7746124267578,3330100,NKE
2021-01-14,143.66000366210938,144.89999389648438,140.92999267578125,141.3000030517578,128.19598388671875,4104000,NKE
2021-01-15,140.55999755859375,142.3800048828125,139.8800048828125,140.72000122070312,127.66976928710938,6412400,NKE
2021-01-19,140.99000549316406,141.22000122070312,138.41000366210938,139.27000427246094,126.35425567626953,6537800,NKE
2021-01-20,140.3800048828125,143.2100067138672,140.00999450683594,142.8000030517578,129.55691528320312,4654400,NKE
2021-01-21,142.41000366210938,143.80999755859375,141.1300048828125,141.61000061035156,128.47723388671875,4011200,NKE
2021-01-22,141.08999633789062,141.8800048828125,139.30999755859375,139.35000610351562,126.42681884765625,4150500,NKE
2021-01-25,138.99000549316406,139.17999267578125,134.74000549316406,137.5500030517578,124.79373931884766,5998700,NKE
2021-01-26,137.75999450683594,137.85000610351562,134.7100067138672,135.10000610351562,122.57096099853516,5312300,NKE
2021-01-27,132.22000122070312,132.86000061035156,130.27000427246094,131.02000427246094,118.86934661865234,7815900,NKE
2021-01-28,132.36000061035156,136.3699951171875,131.5,134.72000122070312,122.22621154785156,6244600,NKE
2021-01-29,133.9499969482422,135.02999877929688,132.14999389648438,133.58999633789062,121.2010269165039,7166100,NKE
2021-02-01,135.3699951171875,136.0500030517578,133.3000030517578,135.7100067138672,123.1244125366211,4366800,NKE
2021-02-02,137.05999755859375,139.86000061035156,136.75,139.58999633789062,126.64456939697266,7132800,NKE
2021-02-03,139.6999969482422,140.05999755859375,138.00999450683594,138.6300048828125,125.77359771728516,4678600,NKE
2021-02-04,139.5500030517578,141.0500030517578,138.9199981689453,140.6300048828125,127.58810424804688,4533700,NKE
2021-02-05,141.33999633789062,145.57000732421875,141.2899932861328,145.11000061035156,131.6526641845703,6151500,NKE
2021-02-08,145.14999389648438,145.8800048828125,142.8000030517578,143.41000366210938,130.1103057861328,6304300,NKE
2021-02-09,143.60000610351562,144.22000122070312,141.6999969482422,141.7899932861328,128.64053344726562,3436300,NKE
2021-02-10,142.4499969482422,142.60000610351562,140.89999389648438,142.4600067138672,129.24844360351562,4125700,NKE
2021-02-11,143.0,144.35000610351562,142.41000366210938,143.5399932861328,130.22825622558594,3828700,NKE
2021-02-12,143.11000061035156,143.4499969482422,141.39999389648438,142.1199951171875,128.93991088867188,3637000,NKE
2021-02-16,143.3699951171875,143.3699951171875,141.02999877929688,141.7100067138672,128.56796264648438,4873400,NKE
2021-02-17,141.3000030517578,144.55999755859375,140.2100067138672,143.99000549316406,130.63653564453125,6437100,NKE
2021-02-18,142.97999572753906,145.38999938964844,141.2100067138672,145.08999633789062,131.63450622558594,4486800,NKE
2021-02-19,145.42999267578125,145.5,141.5,142.02000427246094,128.84922790527344,7486000,NKE
2021-02-22,141.5399932861328,142.4600067138672,136.25999450683594,136.6699981689453,123.99536895751953,8985900,NKE
2021-02-23,136.02999877929688,136.8300018310547,131.5800018310547,136.1300048828125,123.50546264648438,10364100,NKE
2021-02-24,135.05999755859375,135.9600067138672,133.9499969482422,135.64999389648438,123.06996154785156,6360900,NKE
2021-02-25,137.60000610351562,139.17999267578125,134.52999877929688,135.5399932861328,122.97015380859375,5674300,NKE
2021-02-26,135.89999389648438,136.85000610351562,133.36000061035156,134.77999877929688,122.52925872802734,6650200,NKE
2021-03-01,135.63999938964844,139.14999389648438,135.5,137.64999389648438,125.13835906982422,5717800,NKE
2021-03-02,137.55999755859375,138.25999450683594,135.61000061035156,137.02000427246094,124.56565856933594,5292700,NKE
2021-03-03,137.08999633789062,137.41000366210938,134.14999389648438,134.25999450683594,122.0564956665039,4888400,NKE
2021-03-04,134.0,135.1300048828125,130.17999267578125,132.0399932861328,120.03829193115234,7181500,NKE
2021-03-05,133.5399932861328,133.67999267578125,129.19000244140625,133.35000610351562,121.2292251586914,5957100,NKE
2021-03-08,133.63999938964844,135.6300048828125,132.3699951171875,134.55999755859375,122.32923126220703,4983000,NKE
2021-03-09,135.50999450683594,138.0,135.4499969482422,135.9499969482422,123.59292602539062,5977800,NKE
2021-03-10,136.5,138.1999969482422,136.10000610351562,137.58999633789062,125.0838394165039,4519600,NKE
2021-03-11,139.17999267578125,142.1999969482422,138.55999755859375,141.19000244140625,128.35665893554688,5696500,NKE
2021-03-12,140.0,140.91000366210938,138.60000610351562,140.4499969482422,127.68389892578125,4143200,NKE
2021-03-15,140.6999969482422,145.0,140.6699981689453,144.94000244140625,131.7657470703125,5413900,NKE
2021-03-16,145.8800048828125,146.14999389648438,143.83999633789062,144.64999389648438,131.5021209716797,5623000,NKE
2021-03-17,143.1999969482422,146.14999389648438,143.1999969482422,144.82000732421875,131.6566619873047,5134400,NKE
2021-03-18,144.3699951171875,146.66000366210938,142.5500030517578,143.1699981689453,130.1566162109375,10188400,NKE
2021-03-19,140.0,142.86000061035156,135.50999450683594,137.49000549316406,124.99292755126953,24980400,NKE
2021-03-22,137.6300048828125,138.80999755859375,136.02999877929688,138.27000427246094,125.70201110839844,7537300,NKE
2021-03-23,138.49000549316406,140.63999938964844,136.5500030517578,137.1199951171875,124.65657806396484,5582600,NKE
2021-03-24,136.4499969482422,137.9199981689453,132.8800048828125,133.16000366210938,121.05648803710938,8157600,NKE
2021-03-25,127.05000305175781,129.38999938964844,125.44000244140625,128.63999938964844,116.94734954833984,18475800,NKE
2021-03-26,131.60000610351562,133.19000244140625,129.77000427246094,132.99000549316406,120.9019546508789,10010500,NKE
2021-03-29,132.94000244140625,133.91000366210938,130.66000366210938,133.49000549316406,121.35652160644531,7153900,NKE
2021-03-30,132.35000610351562,133.35000610351562,131.22000122070312,132.9499969482422,120.8656005859375,6026600,NKE
2021-03-31,133.08999633789062,134.17999267578125,131.9199981689453,132.88999938964844,120.81102752685547,6878900,NKE
2021-04-01,134.69000244140625,134.69000244140625,132.2100067138672,132.52999877929688,120.48377227783203,5720600,NKE
2021-04-05,133.10000610351562,135.67999267578125,133.10000610351562,135.1199951171875,122.83833312988281,5508900,NKE
2021-04-06,135.44000244140625,137.7100067138672,134.92999267578125,137.16000366210938,124.69294738769531,4670100,NKE
2021-04-07,136.99000549316406,138.24000549316406,136.36000061035156,136.5399932861328,124.1292495727539,6646000,NKE
2021-04-08,137.27999877929688,137.30999755859375,133.41000366210938,133.67999267578125,121.52923583984375,8748400,NKE
2021-04-09,133.94000244140625,135.5,133.5,135.4499969482422,123.13835144042969,6056800,NKE
2021-04-12,134.75,136.89999389648438,134.22000122070312,136.63999938964844,124.2201919555664,5638200,NKE
2021-04-13,135.60000610351562,135.99000549316406,133.39999389648438,133.5399932861328,121.4019546508789,8778200,NKE
2021-04-14,133.5399932861328,134.17999267578125,131.82000732421875,132.25999450683594,120.2383041381836,7354100,NKE
2021-04-15,133.0,134.07000732421875,132.67999267578125,133.6699981689453,121.5201416015625,6284800,NKE
2021-04-16,134.7100067138672,134.77000427246094,133.72999572753906,134.30999755859375,122.10194396972656,6852500,NKE
2021-04-19,134.3000030517578,134.3800048828125,132.14999389648438,132.57000732421875,120.5201416015625,5613600,NKE
2021-04-20,129.1699981689453,129.89999389648438,125.69999694824219,127.11000061035156,115.556396484375,13268700,NKE
2021-04-21,127.58999633789062,130.3300018310547,127.37000274658203,129.89999389648438,118.09280395507812,7110900,NKE
2021-04-22,129.88999938964844,130.3699951171875,127.9800033569336,129.17999267578125,117.43826293945312,6442900,NKE
2021-04-23,128.92999267578125,130.64999389648438,128.4600067138672,130.19000244140625,118.3564453125,7489000,NKE
2021-04-26,130.49000549316406,131.6999969482422,129.32000732421875,131.60000610351562,119.63829040527344,8217800,NKE
2021-04-27,132.0,132.7899932861328,131.41000366210938,132.11000061035156,120.1019287109375,5833100,NKE
2021-04-28,132.25999450683594,132.3300018310547,130.35000610351562,130.7100067138672,118.8292007446289,8195400,NKE
2021-04-29,131.77000427246094,134.1199951171875,131.22999572753906,133.25999450683594,121.14738464355469,6612500,NKE
2021-04-30,132.44000244140625,133.8800048828125,132.0500030517578,132.6199951171875,120.56554412841797,5643600,NKE
2021-05-03,133.3699951171875,134.4499969482422,132.58999633789062,133.02999877929688,120.93831634521484,5053000,NKE
2021-05-04,132.22999572753906,132.58999633789062,130.47999572753906,131.5500030517578,119.59284973144531,6129500,NKE
2021-05-05,132.6999969482422,134.22000122070312,132.0800018310547,132.2100067138672,120.19285583496094,6234200,NKE
2021-05-06,132.60000610351562,133.83999633789062,131.94000244140625,133.49000549316406,121.35652160644531,5201000,NKE
2021-05-07,135.0,139.36000061035156,134.72000122070312,137.80999755859375,125.28384399414062,10566700,NKE
2021-05-10,138.0,138.89999389648438,136.3000030517578,136.39999389648438,124.00196838378906,5669300,NKE
2021-05-11,138.3800048828125,138.3800048828125,135.00999450683594,137.1199951171875,124.65657806396484,8045400,NKE
2021-05-12,135.4199981689453,136.82000732421875,133.33999633789062,133.38999938964844,121.26557922363281,5865100,NKE
2021-05-13,133.6999969482422,135.02999877929688,132.49000549316406,133.61000061035156,121.46560668945312,6284300,NKE
2021-05-14,134.33999633789062,136.67999267578125,134.0500030517578,135.92999267578125,123.57469940185547,4367900,NKE
2021-05-17,136.3300018310547,137.07000732421875,135.5,136.41000366210938,124.0110855102539,3934200,NKE
2021-05-18,136.44000244140625,137.47000122070312,135.4499969482422,135.55999755859375,123.23834991455078,5664700,NKE
2021-05-19,133.47999572753906,133.97000122070312,131.9600067138672,132.9600067138672,120.87467956542969,5582300,NKE
2021-05-20,133.77999877929688,134.2100067138672,132.19000244140625,133.27000427246094,121.15650939941406,4934800,NKE
2021-05-21,133.8300018310547,134.1699981689453,132.41000366210938,132.66000366210938,120.60196685791016,5329700,NKE
2021-05-24,133.10000610351562,134.35000610351562,132.80999755859375,134.05999755859375,121.87470245361328,4313200,NKE
2021-05-25,134.94000244140625,135.1699981689453,133.85000610351562,134.32000732421875,122.11104583740234,4885800,NKE
2021-05-26,135.1999969482422,137.9199981689453,135.0,136.88999938964844,124.44747924804688,6781500,NKE
2021-05-27,137.5500030517578,138.30999755859375,136.4600067138672,136.55999755859375,124.14743041992188,12882300,NKE
2021-05-28,136.24000549316406,137.35000610351562,136.08999633789062,136.4600067138672,124.3068618774414,4153500,NKE
2021-06-01,137.85000610351562,138.0500030517578,134.2100067138672,134.50999450683594,122.53052520751953,5577900,NKE
2021-06-02,134.58999633789062,135.49000549316406,133.52999877929688,134.1699981689453,122.22080993652344,5226100,NKE
2021-06-03,133.1999969482422,134.69000244140625,132.50999450683594,134.1699981689453,122.22080993652344,5027400,NKE
2021-06-04,134.5,134.94000244140625,132.27999877929688,133.74000549316406,121.82910919189453,5217100,NKE
2021-06-07,134.0,135.1999969482422,133.4499969482422,133.9499969482422,122.02043914794922,3765000,NKE
2021-06-08,134.69000244140625,134.72000122070312,132.41000366210938,133.35000610351562,121.47384643554688,4915200,NKE
2021-06-09,133.6199951171875,134.89999389648438,131.4499969482422,131.83999633789062,120.09832000732422,6448100,NKE
2021-06-10,131.5,132.57000732421875,130.19000244140625,130.97999572753906,119.3149185180664,6584100,NKE
2021-06-11,131.5,131.99000549316406,130.52999877929688,131.94000244140625,120.18940734863281,5414500,NKE
2021-06-14,131.6999969482422,132.0500030517578,130.1300048828125,131.36000061035156,119.66106414794922,5743600,NKE
2021-06-15,131.5399932861328,131.75,129.8300018310547,130.2899932861328,118.68633270263672,5168100,NKE
2021-06-16,130.3000030517578,131.1699981689453,129.60000610351562,130.39999389648438,118.78656768798828,7915500,NKE
2021-06-17,129.24000549316406,129.8800048828125,127.86000061035156,128.9199981689453,117.43838500976562,8568100,NKE
2021-06-18,126.68000030517578,129.02999877929688,126.68000030517578,128.41000366210938,116.97380065917969,9784800,NKE
2021-06-21,129.24000549316406,130.75999450683594,128.6999969482422,130.0800018310547,118.49507141113281,6288500,NKE
2021-06-22,130.8300018310547,132.69000244140625,130.1300048828125,132.47999572753906,120.68132781982422,6043800,NKE
2021-06-23,132.80999755859375,133.6999969482422,132.2100067138672,133.10000610351562,121.24610900878906,4566000,NKE
2021-06-24,133.89999389648438,134.82000732421875,132.89999389648438,133.60000610351562,121.70158386230469,11420500,NKE
2021-06-25,152.41000366210938,154.58999633789062,150.47999572753906,154.35000610351562,140.6035919189453,46285400,NKE
2021-06-28,153.9199981689453,154.0500030517578,151.50999450683594,152.36000061035156,138.79083251953125,13133300,NKE
2021-06-29,153.25999450683594,156.39999389648438,152.91000366210938,155.9499969482422,142.06109619140625,10279900,NKE
2021-06-30,154.7899932861328,155.33999633789062,153.52000427246094,154.49000549316406,140.7310791015625,10281800,NKE
2021-07-01,154.07000732421875,158.2100067138672,153.88999938964844,158.0,143.92849731445312,9011500,NKE
2021-07-02,158.2100067138672,159.97000122070312,157.63999938964844,159.74000549316406,145.51356506347656,6396700,NKE
2021-07-06,159.9199981689453,160.44000244140625,157.86000061035156,160.11000061035156,145.8505859375,6671000,NKE
2021-07-07,160.16000366210938,161.5,158.27999877929688,160.16000366210938,145.89614868164062,5408300,NKE
2021-07-08,158.1699981689453,160.82000732421875,157.35000610351562,160.6300048828125,146.3242950439453,6081600,NKE
2021-07-09,161.69000244140625,161.9600067138672,160.50999450683594,161.0,146.6613311767578,5002300,NKE
2021-07-12,161.63999938964844,162.42999267578125,160.7100067138672,161.82000732421875,147.40830993652344,4992200,NKE
2021-07-13,161.35000610351562,162.30999755859375,161.00999450683594,161.58999633789062,147.1987762451172,5747700,NKE
2021-07-14,161.8699951171875,162.72999572753906,161.33999633789062,161.5399932861328,147.15322875976562,4928000,NKE
2021-07-15,160.86000061035156,162.1999969482422,160.38999938964844,161.69000244140625,147.28988647460938,6432500,NKE
2021-07-16,161.6199951171875,161.6999969482422,159.63999938964844,159.85000610351562,145.6137237548828,6603700,NKE
2021-07-19,158.14999389648438,158.82000732421875,156.60000610351562,157.8699951171875,143.81011962890625,7377100,NKE
2021-07-20,157.25999450683594,160.42999267578125,156.5800018310547,159.74000549316406,145.51356506347656,4629200,NKE
2021-07-21,160.5,161.42999267578125,160.00999450683594,161.0800018310547,146.7342071533203,5393100,NKE
2021-07-22,161.11000061035156,163.75,160.92999267578125,163.67999267578125,149.10263061523438,4851500,NKE
2021-07-23,164.35000610351562,166.4499969482422,163.72999572753906,166.36000061035156,151.54396057128906,4217700,NKE
2021-07-26,165.7100067138672,166.52999877929688,163.82000732421875,165.08999633789062,150.38710021972656,3858800,NKE
2021-07-27,164.82000732421875,165.61000061035156,162.5800018310547,164.57000732421875,149.9134063720703,4359000,NKE
2021-07-28,164.49000549316406,165.89999389648438,164.0800018310547,165.4600067138672,150.72409057617188,4093600,NKE
2021-07-29,165.89999389648438,167.02999877929688,165.38999938964844,166.99000549316406,152.11788940429688,3605600,NKE
2021-07-30,166.58999633789062,167.8699951171875,166.35000610351562,167.50999450683594,152.591552734375,5364400,NKE
2021-08-02,169.05999755859375,169.97999572753906,168.02999877929688,168.75,153.7211151123047,5532500,NKE
2021-08-03,169.22000122070312,171.5,168.49000549316406,171.22999572753906,155.980224609375,5718100,NKE
2021-08-04,171.36000061035156,172.33999633789062,170.9600067138672,171.91000366210938,156.59970092773438,4646200,NKE
2021-08-05,171.41000366210938,174.0,171.17999267578125,173.85000610351562,158.3668975830078,3824000,NKE
2021-08-06,174.36000061035156,174.3800048828125,172.6999969482422,172.8000030517578,157.41043090820312,4088700,NKE
2021-08-09,172.5,173.05999755859375,171.6199951171875,171.77000427246094,156.47213745117188,3612800,NKE
2021-08-10,171.55999755859375,173.9600067138672,171.42999267578125,172.27000427246094,156.9276123046875,3747100,NKE
2021-08-11,172.0,173.22000122070312,170.94000244140625,171.27000427246094,156.01670837402344,4078300,NKE
2021-08-12,170.88999938964844,171.32000732421875,169.47999572753906,170.63999938964844,155.44281005859375,3997100,NKE
2021-08-13,170.4499969482422,171.72000122070312,168.77999877929688,171.69000244140625,156.39926147460938,2966200,NKE
2021-08-16,170.6999969482422,172.39999389648438,169.66000366210938,172.36000061035156,157.00961303710938,3530200,NKE
2021-08-17,171.5399932861328,171.6999969482422,169.3800048828125,170.66000366210938,155.4610137939453,3602900,NKE
2021-08-18,169.75,171.8000030517578,168.66000366210938,168.80999755859375,153.7757568359375,5487400,NKE
2021-08-19,166.9600067138672,167.5399932861328,164.3699951171875,165.58999633789062,150.84251403808594,7336300,NKE
2021-08-20,166.27000427246094,168.00999450683594,165.4199981689453,167.7899932861328,152.84658813476562,4039100,NKE
2021-08-23,169.4499969482422,170.89999389648438,169.17999267578125,169.72000122070312,154.60475158691406,3796500,NKE
2021-08-24,169.60000610351562,170.8699951171875,168.88999938964844,169.97999572753906,154.84156799316406,3133100,NKE
2021-08-25,170.0,170.69000244140625,169.52999877929688,169.83999633789062,154.71401977539062,3003800,NKE
2021-08-26,169.3800048828125,169.52000427246094,166.27000427246094,166.9199981689453,152.05413818359375,4069600,NKE
2021-08-27,167.27000427246094,168.07000732421875,166.27999877929688,167.5800018310547,152.90721130371094,3012400,NKE
2021-08-30,167.88999938964844,168.41000366210938,166.57000732421875,168.02999877929688,153.31784057617188,3537100,NKE
2021-08-31,167.5500030517578,167.67999267578125,164.1999969482422,164.74000549316406,150.31588745117188,7545600,NKE
2021-09-01,164.9199981689453,166.6199951171875,164.0800018310547,164.55999755859375,150.15162658691406,4706500,NKE
2021-09-02,165.24000549316406,165.42999267578125,162.7899932861328,163.6699981689453,149.3395538330078,4632100,NKE
2021-09-03,163.1999969482422,164.1699981689453,162.22000122070312,163.2899932861328,148.99285888671875,4254500,NKE
2021-09-07,163.6999969482422,163.86000061035156,161.91000366210938,162.63999938964844,148.39976501464844,5648800,NKE
2021-09-08,162.0,162.08999633789062,159.75,160.7100067138672,146.6387481689453,6591700,NKE
2021-09-09,165.25999450683594,166.14999389648438,163.1999969482422,163.33999633789062,149.03846740722656,8414800,NKE
2021-09-10,164.25,165.66000366210938,163.44000244140625,163.58999633789062,149.26657104492188,4252100,NKE
2021-09-13,161.55999755859375,162.9199981689453,158.3300018310547,159.52000427246094,145.55294799804688,8814500,NKE
2021-09-14,159.1699981689453,159.38999938964844,157.07000732421875,158.75999450683594,144.85948181152344,5323900,NKE
2021-09-15,157.5,158.32000732421875,155.6699981689453,157.91000366210938,144.0839385986328,6827100,NKE
2021-09-16,157.58999633789062,159.00999450683594,157.1999969482422,157.60000610351562,143.8010711669922,5085900,NKE
2021-09-17,157.9600067138672,161.0,156.07000732421875,156.4199981689453,142.724365234375,7944800,NKE
2021-09-20,153.72999572753906,155.27000427246094,152.32000732421875,154.25,140.74436950683594,7041200,NKE
2021-09-21,155.08999633789062,156.1300048828125,153.5800018310547,155.02000427246094,141.4469451904297,5857900,NKE
2021-09-22,156.7899932861328,158.0,155.60000610351562,157.44000244140625,143.65504455566406,6844800,NKE
2021-09-23,158.7100067138672,160.2899932861328,158.27000427246094,159.5800018310547,145.60772705078125,11981500,NKE
2021-09-24,151.0399932861328,151.85000610351562,148.0,149.58999633789062,136.4923858642578,26913300,NKE
2021-09-27,149.50999450683594,149.91000366210938,147.2899932861328,148.0399932861328,135.07806396484375,11479300,NKE
2021-09-28,147.33999633789062,147.52999877929688,145.0,145.3000030517578,132.57801818847656,10692300,NKE
2021-09-29,145.7100067138672,147.94000244140625,145.69000244140625,146.02000427246094,133.23495483398438,7794900,NKE
2021-09-30,145.8800048828125,147.47999572753906,144.4199981689453,145.22999572753906,132.5141143798828,10133600,NKE
2021-10-01,145.22000122070312,148.0,144.3699951171875,147.05999755859375,134.1838836669922,8112300,NKE
2021-10-04,147.05999755859375,147.6199951171875,145.75999450683594,147.13999938964844,134.25689697265625,7951000,NKE
2021-10-05,148.0,151.0,147.82000732421875,149.4600067138672,136.37376403808594,10881900,NKE
2021-10-06,148.0,149.4600067138672,147.50999450683594,148.8000030517578,135.77151489257812,7610700,NKE
2021-10-07,150.3000030517578,153.66000366210938,150.25999450683594,151.85000610351562,138.5544891357422,7958000,NKE
2021-10-08,152.22000122070312,152.8699951171875,150.6699981689453,152.47999572753906,139.1293487548828,6333700,NKE
2021-10-11,151.99000549316406,153.58999633789062,150.05999755859375,150.27999877929688,137.12196350097656,5551200,NKE
2021-10-12,152.4199981689453,153.60000610351562,151.3000030517578,153.35000610351562,139.9231719970703,7408600,NKE
2021-10-13,154.32000732421875,156.6699981689453,153.16000366210938,156.3000030517578,142.61485290527344,8456300,NKE
2021-10-14,158.17999267578125,158.4600067138672,156.25,157.13999938964844,143.38133239746094,6024500,NKE
2021-10-15,157.8000030517578,158.3300018310547,156.55999755859375,158.00999450683594,144.17515563964844,5532100,NKE
2021-10-18,157.30999755859375,159.47000122070312,155.9499969482422,159.42999267578125,145.4707794189453,5765300,NKE
2021-10-19,159.67999267578125,159.92999267578125,156.8000030517578,157.82000732421875,144.00177001953125,6198200,NKE
2021-10-20,158.5,158.8000030517578,157.32000732421875,158.4499969482422,144.57662963867188,4487000,NKE
2021-10-21,158.4499969482422,162.33999633789062,158.27999877929688,162.17999267578125,147.9800262451172,6121700,NKE
2021-10-22,162.27999877929688,164.6199951171875,162.27999877929688,163.47999572753906,149.1662139892578,5323000,NKE
2021-10-25,163.22999572753906,164.72999572753906,162.66000366210938,164.22000122070312,149.84141540527344,3878200,NKE
2021-10-26,164.82000732421875,165.4499969482422,163.1199951171875,163.7899932861328,149.44903564453125,4711200,NKE
2021-10-27,163.64999389648438,164.05999755859375,161.66000366210938,162.35000610351562,148.13519287109375,4163900,NKE
2021-10-28,163.00999450683594,164.60000610351562,162.80999755859375,164.4600067138672,150.06044006347656,3762000,NKE
2021-10-29,163.05999755859375,167.6300048828125,163.0,167.2899932861328,152.64260864257812,6740600,NKE
2021-11-01,167.8000030517578,168.8000030517578,165.88999938964844,166.3300018310547,151.76666259765625,3610800,NKE
2021-11-02,166.75999450683594,168.16000366210938,166.11000061035156,167.8300018310547,153.1353302001953,5038000,NKE
2021-11-03,169.0,172.8699951171875,168.64999389648438,172.5,157.396484375,7176700,NKE
2021-11-04,172.2100067138672,175.6300048828125,172.0,175.44000244140625,160.0790557861328,5460100,NKE
2021-11-05,175.72999572753906,179.10000610351562,175.5,177.50999450683594,161.9677734375,5892200,NKE
2021-11-08,176.35000610351562,176.5399932861328,170.36000061035156,171.85000610351562,156.80335998535156,8301100,NKE
2021-11-09,171.25,173.92999267578125,170.9499969482422,173.82000732421875,158.6008758544922,4343000,NKE
2021-11-10,171.22999572753906,172.1699981689453,167.5500030517578,168.25999450683594,153.52767944335938,8185200,NKE
2021-11-11,169.60000610351562,169.60000610351562,166.6300048828125,166.97000122070312,152.35064697265625,4994900,NKE
2021-11-12,167.5,169.67999267578125,167.39999389648438,169.08999633789062,154.28501892089844,5126300,NKE
2021-11-15,169.6999969482422,170.36000061035156,168.52000427246094,168.85000610351562,154.0660400390625,3856700,NKE
2021-11-16,169.25,174.0,169.25,171.8300018310547,156.78512573242188,4401000,NKE
2021-11-17,171.60000610351562,172.74000549316406,170.25,171.74000549316406,156.70298767089844,3940200,NKE
2021-11-18,172.3300018310547,173.4600067138672,170.36000061035156,171.35000610351562,156.34710693359375,4044200,NKE
2021-11-19,172.14999389648438,177.1999969482422,170.52999877929688,174.8800048828125,159.5680694580078,6145600,NKE
2021-11-22,174.97999572753906,177.75,174.22999572753906,174.24000549316406,158.9840850830078,5906400,NKE
2021-11-23,173.0500030517578,173.42999267578125,170.41000366210938,172.14999389648438,157.0771026611328,5302100,NKE
2021-11-24,168.49000549316406,172.42999267578125,167.6699981689453,172.02999877929688,156.9676055908203,4637600,NKE
2021-11-26,168.05999755859375,169.67999267578125,167.5399932861328,168.02000427246094,153.3087158203125,4751100,NKE
2021-11-29,169.8300018310547,171.14999389648438,169.22999572753906,169.8699951171875,154.99671936035156,5448700,NKE
2021-11-30,168.7899932861328,171.5500030517578,167.52999877929688,169.24000549316406,154.421875,11033700,NKE
2021-12-01,170.88999938964844,173.3699951171875,166.67999267578125,166.6999969482422,152.10430908203125,6618200,NKE
2021-12-02,167.27999877929688,170.5500030517578,167.0,170.0,155.1153564453125,4398900,NKE
2021-12-03,170.6199951171875,172.07000732421875,166.75999450683594,170.24000549316406,155.613525390625,4878500,NKE
2021-12-06,170.8300018310547,171.2100067138672,168.05999755859375,168.91000366210938,154.3977508544922,5636900,NKE
2021-12-07,171.11000061035156,173.35000610351562,170.39999389648438,171.2899932861328,156.57330322265625,5898700,NKE
2021-12-08,171.22000122070312,171.7899932861328,169.83999633789062,170.25,155.62266540527344,5614400,NKE
2021-12-09,169.2899932861328,171.1699981689453,167.99000549316406,168.10000610351562,153.65740966796875,5171600,NKE
2021-12-10,168.5,170.24000549316406,167.3300018310547,169.05999755859375,154.5348663330078,4791100,NKE
2021-12-13,168.80999755859375,169.38999938964844,165.25999450683594,166.83999633789062,152.50563049316406,5972300,NKE
2021-12-14,166.2899932861328,167.0800018310547,164.2100067138672,165.39999389648438,151.1893310546875,4872200,NKE
2021-12-15,165.0,165.6699981689453,161.82000732421875,163.89999389648438,149.81825256347656,7144600,NKE
2021-12-16,162.6999969482422,165.94000244140625,162.52999877929688,162.72000122070312,148.73959350585938,7138100,NKE
2021-12-17,161.6300048828125,162.86000061035156,160.5500030517578,161.36000061035156,147.4964599609375,7705100,NKE
2021-12-20,159.33999633789062,159.60000610351562,155.47000122070312,156.97999572753906,143.49276733398438,8411900,NKE
2021-12-21,166.69000244140625,171.19000244140625,164.7100067138672,166.6300048828125,152.31365966796875,13862900,NKE
2021-12-22,167.24000549316406,169.0,164.08999633789062,165.44000244140625,151.22593688964844,5811300,NKE
2021-12-23,166.25,167.16000366210938,165.44000244140625,165.6699981689453,151.43617248535156,3876900,NKE
2021-12-27,166.52000427246094,167.69000244140625,165.47999572753906,167.5800018310547,153.1820526123047,3769300,NKE
2021-12-28,167.8000030517578,168.25,166.3000030517578,166.4199981689453,152.1217041015625,2658600,NKE
2021-12-29,167.07000732421875,169.8000030517578,166.60000610351562,168.77999877929688,154.2790069580078,3830900,NKE
2021-12-30,168.30999755859375,170.1199951171875,167.1999969482422,167.49000549316406,153.09979248046875,2666800,NKE
2021-12-31,167.55999755859375,167.72000122070312,166.2100067138672,166.6699981689453,152.35025024414062,2752000,NKE
2022-01-03,167.52999877929688,167.91000366210938,163.30999755859375,164.6699981689453,150.52207946777344,5670500,NKE
2022-01-04,165.8800048828125,167.17999267578125,165.0,166.38999938964844,152.09429931640625,6064200,NKE
2022-01-05,166.49000549316406,167.00999450683594,162.10000610351562,162.25,148.3099822998047,5021000,NKE
2022-01-06,162.08999633789062,163.19000244140625,159.05999755859375,161.0399932861328,147.2039337158203,4144600,NKE
2022-01-07,160.77000427246094,161.13999938964844,156.86000061035156,156.97000122070312,143.483642578125,5108000,NKE
2022-01-10,150.52000427246094,151.3300018310547,148.77999877929688,150.44000244140625,137.51466369628906,10439000,NKE
2022-01-11,150.47999572753906,150.83999633789062,147.60000610351562,150.3000030517578,137.38670349121094,8175400,NKE
2022-01-12,152.1300048828125,153.4600067138672,150.74000549316406,152.2100067138672,139.13259887695312,6351200,NKE
2022-01-13,153.1999969482422,153.60000610351562,149.02000427246094,149.58999633789062,136.7377166748047,4990900,NKE
2022-01-14,148.38999938964844,148.83999633789062,146.85000610351562,148.17999267578125,135.44883728027344,6030500,NKE
2022-01-18,148.05999755859375,148.8300018310547,146.3000030517578,146.9499969482422,134.3245086669922,6931000,NKE
2022-01-19,147.75999450683594,149.10000610351562,145.02000427246094,145.11000061035156,132.64259338378906,4823800,NKE
2022-01-20,145.4600067138672,147.3800048828125,142.5,142.72999572753906,130.4671173095703,5366500,NKE
2022-01-21,144.32000732421875,146.36000061035156,142.85000610351562,142.9499969482422,130.6681365966797,7553400,NKE
2022-01-24,140.80999755859375,146.30999755859375,139.55999755859375,146.0,133.45614624023438,9733200,NKE
2022-01-25,144.97000122070312,147.9600067138672,142.50999450683594,145.47999572753906,132.98080444335938,8195400,NKE
2022-01-26,147.77999877929688,148.97000122070312,142.72999572753906,143.99000549316406,131.61886596679688,7444600,NKE
2022-01-27,144.99000549316406,147.35000610351562,143.5800018310547,144.63999938964844,132.21298217773438,6396400,NKE
2022-01-28,144.1199951171875,146.02999877929688,140.61000061035156,145.91000366210938,133.37387084960938,6130200,NKE
2022-01-31,146.27000427246094,148.17999267578125,145.22000122070312,148.07000732421875,135.34829711914062,6932200,NKE
2022-02-01,149.5,149.67999267578125,146.8000030517578,148.22000122070312,135.4853973388672,6695000,NKE
2022-02-02,148.35000610351562,149.4600067138672,147.52999877929688,148.7100067138672,135.9332733154297,5491700,NKE
2022-02-03,147.39999389648438,148.4600067138672,144.97000122070312,145.30999755859375,132.82540893554688,5240200,NKE
2022-02-04,145.3699951171875,146.47999572753906,143.63999938964844,145.38999938964844,132.89854431152344,4313400,NKE
2022-02-07,145.3000030517578,146.1199951171875,144.22000122070312,145.13999938964844,132.67002868652344,3877500,NKE
2022-02-08,144.74000549316406,145.5,142.3000030517578,143.52999877929688,131.1983642578125,5829400,NKE
2022-02-09,146.11000061035156,147.36000061035156,145.6699981689453,146.25999450683594,133.69383239746094,4551000,NKE
2022-02-10,143.9600067138672,147.5399932861328,143.85000610351562,144.82000732421875,132.37750244140625,5142600,NKE
2022-02-11,144.75999450683594,145.05999755859375,139.55999755859375,140.17999267578125,128.1361541748047,6710500,NKE
2022-02-14,140.0800018310547,143.2100067138672,139.7899932861328,141.58999633789062,129.42501831054688,6841200,NKE
2022-02-15,144.22000122070312,146.32000732421875,144.10000610351562,145.5800018310547,133.07223510742188,7820200,NKE
2022-02-16,145.02000427246094,146.9499969482422,144.61000061035156,146.49000549316406,133.904052734375,4817500,NKE
2022-02-17,145.5399932861328,146.91000366210938,142.63999938964844,142.8000030517578,130.5310821533203,5202300,NKE
2022-02-18,143.3699951171875,143.94000244140625,141.80999755859375,142.9499969482422,130.6681365966797,5177400,NKE
2022-02-22,141.58999633789062,141.63999938964844,136.16000366210938,138.19000244140625,126.31714630126953,9604500,NKE
2022-02-23,139.66000366210938,140.97000122070312,136.50999450683594,136.8300018310547,125.07398223876953,7636600,NKE
2022-02-24,133.0,137.4199981689453,130.92999267578125,137.1699981689453,125.38479614257812,8417200,NKE
2022-02-25,138.1300048828125,139.22000122070312,136.19000244140625,138.8000030517578,126.8747329711914,5424500,NKE
2022-02-28,137.05999755859375,138.3800048828125,135.0399932861328,136.5500030517578,124.81805419921875,6613300,NKE
2022-03-01,136.72000122070312,136.75,131.14999389648438,132.22000122070312,120.86005401611328,6534000,NKE
2022-03-02,132.97999572753906,136.61000061035156,132.77000427246094,135.67999267578125,124.02278900146484,7743900,NKE
2022-03-03,136.74000549316406,136.8000030517578,133.4499969482422,133.97000122070312,122.45970916748047,4576500,NKE
2022-03-04,132.50999450683594,133.6199951171875,130.6999969482422,131.17999267578125,120.18304443359375,7084500,NKE
2022-03-07,131.0,131.02999877929688,124.16999816894531,124.44000244140625,114.00807189941406,11383400,NKE
2022-03-08,125.23999786376953,125.47000122070312,120.80000305175781,121.20999908447266,111.04884338378906,9089400,NKE
2022-03-09,127.37999725341797,129.64999389648438,126.62999725341797,126.94999694824219,116.30764770507812,8845100,NKE
2022-03-10,124.0199966430664,126.5999984741211,124.0,126.02999877929688,115.46476745605469,7167400,NKE
2022-03-11,127.01000213623047,127.87000274658203,122.51000213623047,122.62999725341797,112.34980773925781,5882000,NKE
2022-03-14,121.52999877929688,122.44999694824219,116.75,117.56999969482422,107.7139892578125,13884900,NKE
2022-03-15,119.83999633789062,120.41999816894531,117.75,119.4000015258789,109.39058685302734,10431300,NKE
2022-03-16,122.8499984741211,126.11000061035156,121.93000030517578,125.19000244140625,114.69519805908203,11100400,NKE
2022-03-17,124.94000244140625,127.41000366210938,123.69999694824219,127.41000366210938,116.72908020019531,6845300,NKE
2022-03-18,126.8499984741211,131.4600067138672,126.69999694824219,131.24000549316406,120.23802185058594,10350900,NKE
2022-03-21,129.72000122070312,132.30999755859375,128.6199951171875,130.19000244140625,119.27604675292969,14388500,NKE
2022-03-22,137.27999877929688,139.0,132.99000549316406,133.08999633789062,121.93290710449219,19731200,NKE
2022-03-23,132.63999938964844,135.39999389648438,131.1999969482422,133.0,121.85047149658203,8068800,NKE
2022-03-24,133.75,134.19000244140625,131.1999969482422,132.0800018310547,121.00759887695312,5853800,NKE
2022-03-25,133.0500030517578,133.8699951171875,131.7100067138672,133.6999969482422,122.49176788330078,6287000,NKE
2022-03-28,133.75999450683594,134.86000061035156,132.1699981689453,134.80999755859375,123.50873565673828,5804100,NKE
2022-03-29,137.85000610351562,139.75,136.9499969482422,139.13999938964844,127.47575378417969,7275900,NKE
2022-03-30,138.97999572753906,139.86000061035156,137.55999755859375,138.5399932861328,126.9260482788086,5545800,NKE
2022-03-31,137.8300018310547,138.7100067138672,134.5,134.55999755859375,123.27970123291016,7206500,NKE
2022-04-01,134.4499969482422,135.27999877929688,132.75,133.52000427246094,122.32688903808594,5807500,NKE
2022-04-04,133.0500030517578,135.2100067138672,132.86000061035156,134.33999633789062,123.07816314697266,5307300,NKE
2022-04-05,134.0399932861328,134.67999267578125,132.02000427246094,132.3000030517578,121.20914459228516,5707800,NKE
2022-04-06,130.0500030517578,130.3000030517578,126.33000183105469,128.36000061035156,117.59944915771484,6961000,NKE
2022-04-07,127.43000030517578,129.97999572753906,127.08999633789062,129.3800048828125,118.53395080566406,5320500,NKE
2022-04-08,129.44000244140625,129.92999267578125,127.87999725341797,128.14999389648438,117.40705108642578,4877400,NKE
2022-04-11,125.0999984741211,126.87000274658203,124.31999969482422,124.9800033569336,114.50279998779297,6365400,NKE
2022-04-12,125.19999694824219,128.10000610351562,124.33999633789062,125.04000091552734,114.55775451660156,5146800,NKE
2022-04-13,125.04000091552734,127.86000061035156,125.04000091552734,127.48999786376953,116.80236053466797,5119300,NKE
2022-04-14,129.0800018310547,134.3800048828125,128.88999938964844,133.4600067138672,122.27191162109375,12811300,NKE
2022-04-18,132.0,133.38999938964844,130.30999755859375,131.6300048828125,120.5953369140625,5298200,NKE
2022-04-19,133.08999633789062,137.47999572753906,132.77999877929688,137.0500030517578,125.56097412109375,7346100,NKE
2022-04-20,137.9600067138672,138.64999389648438,135.66000366210938,135.8699951171875,124.47986602783203,5309700,NKE
2022-04-21,138.5500030517578,139.13999938964844,135.0800018310547,135.4600067138672,124.10425567626953,6562400,NKE
2022-04-22,134.3300018310547,134.92999267578125,128.7100067138672,129.07000732421875,118.24993133544922,7321700,NKE
2022-04-25,127.80000305175781,128.94000244140625,124.8499984741211,127.94000244140625,117.21466064453125,6512500,NKE
2022-04-26,126.94999694824219,127.58999633789062,120.4800033569336,120.5199966430664,110.41667938232422,7977900,NKE
2022-04-27,121.08999633789062,124.0,121.08999633789062,121.23999786376953,111.07632446289062,6007800,NKE
2022-04-28,123.16999816894531,127.97000122070312,122.5999984741211,127.05000305175781,116.39925384521484,6551600,NKE
2022-04-29,126.22000122070312,128.4499969482422,124.25,124.69999694824219,114.24626922607422,5867900,NKE
2022-05-02,124.43000030517578,126.18000030517578,122.80000305175781,126.08000183105469,115.5105972290039,5428400,NKE
2022-05-03,125.0199966430664,125.76000213623047,120.22000122070312,122.86000061035156,112.56051635742188,8201200,NKE
2022-05-04,122.54000091552734,126.19999694824219,120.08000183105469,126.05999755859375,115.49226379394531,6924000,NKE
2022-05-05,124.11000061035156,124.75,116.5199966430664,118.62999725341797,108.68512725830078,8411600,NKE
2022-05-06,113.73999786376953,115.9000015258789,110.66000366210938,114.48999786376953,104.8921890258789,11237500,NKE
2022-05-09,112.97000122070312,114.43000030517578,110.58999633789062,111.20999908447266,101.88713836669922,7506000,NKE
2022-05-10,113.02999877929688,113.44000244140625,108.3499984741211,109.48999786376953,100.31133270263672,7526900,NKE
2022-05-11,110.69999694824219,111.1500015258789,107.58999633789062,107.91999816894531,98.87295532226562,6611800,NKE
2022-05-12,105.18000030517578,109.87999725341797,105.0,107.9000015258789,98.85462951660156,10245400,NKE
2022-05-13,110.26000213623047,113.11000061035156,108.66999816894531,113.01000213623047,103.5362548828125,9618800,NKE
2022-05-16,112.9800033569336,113.44000244140625,111.55999755859375,112.5999984741211,103.16062927246094,5722500,NKE
2022-05-17,115.5,117.0999984741211,113.06999969482422,115.9000015258789,106.18397521972656,6026100,NKE
2022-05-18,112.5,113.36000061035156,108.77999877929688,109.37000274658203,100.20140838623047,8188300,NKE
2022-05-19,108.94999694824219,109.11000061035156,106.27999877929688,106.44000244140625,97.51702117919922,7702000,NKE
2022-05-20,108.66999816894531,109.69000244140625,105.06999969482422,108.0,98.94625091552734,7621900,NKE
2022-05-23,107.47000122070312,108.75,105.81999969482422,108.62999725341797,99.5234146118164,7136400,NKE
2022-05-24,107.11000061035156,107.98999786376953,104.7300033569336,107.29000091552734,98.29576873779297,6023400,NKE
2022-05-25,103.45999908447266,108.88999938964844,103.45999908447266,108.19999694824219,99.12946319580078,7158800,NKE
2022-05-26,110.0,113.5,110.0,112.94000244140625,103.47211456298828,6520300,NKE
2022-05-27,114.22000122070312,116.01000213623047,114.01000213623047,115.98999786376953,106.26642608642578,5043000,NKE
2022-05-31,117.5,119.79000091552734,114.44999694824219,118.8499984741211,108.88668060302734,13774600,NKE
2022-06-01,119.83000183105469,120.75,117.61000061035156,118.68000030517578,108.73092651367188,5543100,NKE
2022-06-02,119.51000213623047,123.58000183105469,119.26000213623047,123.41000366210938,113.06442260742188,5838100,NKE
2022-06-03,120.20999908447266,122.54000091552734,120.0,120.94999694824219,111.08517456054688,5201500,NKE
2022-06-06,121.5,122.13999938964844,119.43000030517578,120.2300033569336,110.42388916015625,3963400,NKE
2022-06-07,118.66000366210938,121.97000122070312,118.45999908447266,121.66999816894531,111.74645233154297,5373600,NKE
2022-06-08,120.9000015258789,123.81999969482422,120.44999694824219,122.4000015258789,112.41691589355469,4365800,NKE
2022-06-09,121.3499984741211,122.02999877929688,118.58999633789062,118.5999984741211,108.92684173583984,3892600,NKE
2022-06-10,117.08999633789062,117.08999633789062,114.26000213623047,114.7300033569336,105.37247467041016,6292600,NKE
2022-06-13,110.38999938964844,112.0199966430664,109.23999786376953,110.44000244140625,101.43238830566406,6423100,NKE
2022-06-14,110.37000274658203,111.88999938964844,110.01000213623047,110.72000122070312,101.68955993652344,4548400,NKE
2022-06-15,112.16000366210938,114.72000122070312,111.20999908447266,113.44000244140625,104.18770599365234,4828700,NKE
2022-06-16,109.51000213623047,109.9000015258789,105.72000122070312,107.12000274658203,98.38317108154297,7384800,NKE
2022-06-17,106.1500015258789,108.55000305175781,105.8499984741211,107.33999633789062,98.58522033691406,10256800,NKE
2022-06-21,108.45999908447266,109.81999969482422,108.04000091552734,108.68000030517578,99.81593322753906,6211400,NKE
2022-06-22,105.4000015258789,106.9000015258789,104.61000061035156,104.91999816894531,96.36260986328125,9884000,NKE
2022-06-23,105.01000213623047,108.0999984741211,104.41000366210938,108.0,99.19139862060547,8898400,NKE
2022-06-24,109.93000030517578,112.94000244140625,109.61000061035156,112.91000366210938,103.70093536376953,10463700,NKE
2022-06-27,112.23999786376953,113.20999908447266,109.83999633789062,110.5,101.48748016357422,12644700,NKE
2022-06-28,108.19999694824219,114.05000305175781,102.4800033569336,102.77999877929688,94.39714813232422,31296500,NKE
2022-06-29,102.98999786376953,105.61000061035156,101.52999877929688,103.25,94.82879638671875,10326600,NKE
2022-06-30,101.94000244140625,103.37999725341797,100.77999877929688,102.19999694824219,93.86443328857422,9027400,NKE
2022-07-01,101.63999938964844,102.5,99.52999877929688,101.18000030517578,92.9276351928711,7934300,NKE
2022-07-05,100.44999694824219,104.37999725341797,100.11000061035156,104.31999969482422,95.81153869628906,9948800,NKE
2022-07-06,104.88999938964844,105.72000122070312,103.44999694824219,104.2300033569336,95.72889709472656,6432900,NKE
2022-07-07,105.6500015258789,108.27999877929688,105.2699966430664,108.12999725341797,99.31079864501953,7633900,NKE
2022-07-08,106.58000183105469,108.61000061035156,106.51000213623047,107.93000030517578,99.12709045410156,5938600,NKE
2022-07-11,106.5999984741211,107.08999633789062,104.87000274658203,105.11000061035156,96.537109375,4935200,NKE
2022-07-12,105.01000213623047,105.86000061035156,103.1500015258789,103.76000213623047,95.29721069335938,6017400,NKE
2022-07-13,101.94000244140625,105.87999725341797,101.55999755859375,105.11000061035156,96.537109375,5299400,NKE
2022-07-14,103.11000061035156,103.80000305175781,101.8499984741211,103.22000122070312,94.8012466430664,6951300,NKE
2022-07-15,104.76000213623047,105.62000274658203,103.93000030517578,104.69999694824219,96.16053771972656,7862000,NKE
2022-07-18,106.19000244140625,106.68000030517578,103.68000030517578,103.94000244140625,95.46253967285156,6834800,NKE
2022-07-19,105.5999984741211,109.58000183105469,105.43000030517578,109.19000244140625,100.28434753417969,8973900,NKE
2022-07-20,109.22000122070312,111.62999725341797,108.87000274658203,111.11000061035156,102.04773712158203,5884600,NKE
2022-07-21,110.37000274658203,111.66999816894531,110.06999969482422,111.62000274658203,102.51614379882812,4291400,NKE
2022-07-22,111.93000030517578,111.93000030517578,108.75,109.12000274658203,100.22003936767578,6039300,NKE
2022-07-25,109.61000061035156,109.61000061035156,107.68000030517578,109.27999877929688,100.36698913574219,5079500,NKE
2022-07-26,107.4800033569336,107.93000030517578,104.56999969482422,105.19999694824219,96.61976623535156,8459500,NKE
2022-07-27,106.30000305175781,108.37999725341797,105.75,107.86000061035156,99.06282043457031,7437000,NKE
2022-07-28,109.43000030517578,112.4000015258789,108.02999877929688,112.2300033569336,103.07640075683594,6773500,NKE
2022-07-29,112.76000213623047,115.20999908447266,111.5,114.91999816894531,105.54698944091797,7560000,NKE
2022-08-01,114.0,115.55000305175781,113.25,114.30000305175781,104.97756958007812,4802900,NKE
2022-08-02,113.56999969482422,113.77999877929688,111.66999816894531,111.7699966430664,102.65389251708984,6334400,NKE
2022-08-03,113.41999816894531,115.0999984741211,112.58000183105469,114.27999877929688,104.95918273925781,5986500,NKE
2022-08-04,114.63999938964844,115.3499984741211,113.83000183105469,114.4800033569336,105.14288330078125,4332000,NKE
2022-08-05,112.79000091552734,114.30000305175781,112.56999969482422,113.87000274658203,104.58262634277344,4162200,NKE
2022-08-08,114.0,115.58000183105469,113.30999755859375,114.0,104.70203399658203,6071600,NKE
2022-08-09,111.31999969482422,111.75,108.81999969482422,110.11000061035156,101.1292953491211,7377600,NKE
2022-08-10,113.23999786376953,113.83000183105469,111.86000061035156,113.13999938964844,103.91216278076172,6951800,NKE
2022-08-11,114.87999725341797,116.75,113.7300033569336,114.0999984741211,104.79387664794922,5582100,NKE
2022-08-12,114.38999938964844,116.12999725341797,113.7699966430664,116.06999969482422,106.60319519042969,4407900,NKE
2022-08-15,115.44999694824219,116.58000183105469,114.8499984741211,116.31999969482422,106.83279418945312,4279000,NKE
2022-08-16,115.94000244140625,118.47000122070312,115.80999755859375,118.05999755859375,108.43089294433594,6189800,NKE
2022-08-17,116.7699966430664,117.9800033569336,116.41000366210938,117.04000091552734,107.49410247802734,5108400,NKE
2022-08-18,116.0,116.68000030517578,115.30000305175781,116.01000213623047,106.548095703125,4750200,NKE
2022-08-19,115.5,115.6500015258789,113.02999877929688,113.16000366210938,103.93054962158203,5967600,NKE
2022-08-22,111.0199966430664,111.68000030517578,109.83999633789062,110.33999633789062,101.34053039550781,5802900,NKE
2022-08-23,110.83999633789062,112.83000183105469,110.56999969482422,110.68000030517578,101.65281677246094,4806700,NKE
2022-08-24,110.68000030517578,112.43000030517578,110.0199966430664,111.41000366210938,102.32328033447266,4769000,NKE
2022-08-25,111.9000015258789,113.33999633789062,111.38999938964844,113.22000122070312,103.98564147949219,5433700,NKE
2022-08-26,113.30999755859375,113.7300033569336,108.2300033569336,108.27999877929688,99.44853973388672,6203600,NKE
2022-08-29,106.80999755859375,108.54000091552734,106.44000244140625,107.87999725341797,99.0811767578125,4132400,NKE
2022-08-30,108.97000122070312,110.08000183105469,107.12999725341797,107.86000061035156,99.06282043457031,5129500,NKE
2022-08-31,107.95999908447266,108.01000213623047,105.80999755859375,106.44999694824219,97.76780700683594,8884800,NKE
2022-09-01,105.80000305175781,106.55000305175781,103.80000305175781,106.48999786376953,97.8045425415039,5590800,NKE
2022-09-02,107.45999908447266,108.1500015258789,105.05000305175781,105.73999786376953,97.3946762084961,7763800,NKE
2022-09-06,105.44000244140625,106.41000366210938,103.68000030517578,105.1500015258789,96.85123443603516,9158900,NKE
2022-09-07,105.08000183105469,108.55999755859375,105.0,108.4800033569336,99.9184341430664,7238300,NKE
2022-09-08,107.0,108.79000091552734,106.08000183105469,108.7300033569336,100.14868927001953,5628300,NKE
2022-09-09,109.37999725341797,111.69000244140625,109.30000305175781,110.97000122070312,102.21190643310547,5171500,NKE
2022-09-12,111.37999725341797,113.36000061035156,111.37999725341797,112.37999725341797,103.51061248779297,4836900,NKE
2022-09-13,108.83999633789062,108.91000366210938,105.44000244140625,105.72000122070312,97.37625122070312,5955600,NKE
2022-09-14,106.12999725341797,107.36000061035156,105.1500015258789,107.0,98.55522155761719,4888700,NKE
2022-09-15,106.1500015258789,108.13999938964844,104.83000183105469,105.5,97.17361450195312,6598900,NKE
2022-09-16,104.06999969482422,105.29000091552734,103.25,104.12000274658203,95.90252685546875,8000800,NKE
2022-09-19,103.69000244140625,107.37000274658203,103.33000183105469,107.20999908447266,98.7486572265625,5162300,NKE
2022-09-20,103.81999969482422,104.44000244140625,101.70999908447266,102.41999816894531,94.33670043945312,10006600,NKE
2022-09-21,102.66999816894531,103.62999725341797,99.7699966430664,99.79000091552734,91.91427612304688,6279300,NKE
2022-09-22,99.79000091552734,100.20999908447266,97.83000183105469,98.55000305175781,90.77213287353516,9638800,NKE
2022-09-23,96.91999816894531,97.54000091552734,95.33999633789062,97.0199966430664,89.36288452148438,9026500,NKE
2022-09-26,96.08999633789062,97.7300033569336,95.70999908447266,96.05999755859375,88.4786376953125,8521600,NKE
2022-09-27,97.06999969482422,97.73999786376953,95.0,96.29000091552734,88.69048309326172,9890300,NKE
2022-09-28,97.11000061035156,99.43000030517578,96.76000213623047,98.69999694824219,90.9102783203125,9423300,NKE
2022-09-29,98.11000061035156,98.11000061035156,94.4800033569336,95.33000183105469,87.80625915527344,19339200,NKE
2022-09-30,83.30000305175781,86.19999694824219,82.5,83.12000274658203,76.55992126464844,48176100,NKE
2022-10-03,83.12999725341797,86.47000122070312,82.22000122070312,85.4000015258789,78.65998077392578,19108200,NKE
2022-10-04,87.69999694824219,89.06999969482422,87.11000061035156,88.63999938964844,81.64424896240234,15114800,NKE
2022-10-05,87.48999786376953,91.69999694824219,87.1500015258789,91.0999984741211,83.91011047363281,12732700,NKE
2022-10-06,90.48999786376953,92.63999938964844,89.80999755859375,90.16999816894531,83.05350494384766,9951900,NKE
2022-10-07,88.54000091552734,88.76000213623047,86.69000244140625,87.16000366210938,80.28105926513672,8554700,NKE
2022-10-10,87.76000213623047,87.77999877929688,85.06999969482422,86.69000244140625,79.84815979003906,7991200,NKE
2022-10-11,86.04000091552734,88.25,85.75,87.98999786376953,81.04556274414062,11903200,NKE
2022-10-12,88.0,88.87999725341797,87.30999755859375,88.51000213623047,81.5245132446289,8772900,NKE
2022-10-13,86.38999938964844,89.80999755859375,86.05000305175781,89.55999755859375,82.49163818359375,9335000,NKE
2022-10-14,90.51000213623047,90.87999725341797,87.48999786376953,87.55000305175781,80.6402816772461,7811700,NKE
2022-10-17,89.52999877929688,90.69000244140625,88.69999694824219,89.97000122070312,82.86927795410156,8451900,NKE
2022-10-18,92.5999984741211,92.91000366210938,89.1500015258789,89.68000030517578,82.60218048095703,7364700,NKE
2022-10-19,88.26000213623047,89.73999786376953,87.76000213623047,88.56999969482422,81.57978057861328,5102000,NKE
2022-10-20,89.47000122070312,90.58000183105469,86.61000061035156,86.83000183105469,79.97711181640625,13500000,NKE
2022-10-21,87.0199966430664,88.77999877929688,86.70999908447266,88.5,81.51530456542969,7976300,NKE
2022-10-24,87.79000091552734,88.83999633789062,86.23999786376953,88.01000213623047,81.06397247314453,8847100,NKE
2022-10-25,88.02999877929688,91.93000030517578,87.88999938964844,91.72000122070312,84.48117065429688,8639900,NKE
2022-10-26,90.77999877929688,94.3499984741211,90.69999694824219,92.38999938964844,85.0982894897461,8648200,NKE
2022-10-27,92.87999725341797,93.4800033569336,90.22000122070312,90.54000091552734,83.39429473876953,8617900,NKE
2022-10-28,91.19999694824219,93.87999725341797,90.45999908447266,93.83000183105469,86.42465209960938,6022400,NKE
2022-10-31,93.0,93.88999938964844,92.68000030517578,92.68000030517578,85.36540222167969,6426400,NKE
2022-11-01,95.69000244140625,96.45999908447266,92.97000122070312,93.7699966430664,86.36936950683594,7250700,NKE
2022-11-02,93.12999725341797,94.44000244140625,90.19000244140625,90.30000305175781,83.1732406616211,7176600,NKE
2022-11-03,89.97000122070312,91.61000061035156,88.72000122070312,90.4000015258789,83.2653579711914,6550300,NKE
2022-11-04,94.44999694824219,98.2300033569336,93.94999694824219,95.79000091552734,88.2299575805664,12543300,NKE
2022-11-07,96.30999755859375,96.87000274658203,92.66999816894531,93.44000244140625,86.0654296875,9094500,NKE
2022-11-08,94.44000244140625,96.02999877929688,92.94000244140625,93.75,86.3509521484375,7017800,NKE
2022-11-09,92.66999816894531,93.9000015258789,91.95999908447266,92.0999984741211,84.83116912841797,6550900,NKE
2022-11-10,96.33000183105469,99.68000030517578,96.2300033569336,99.48999786376953,91.63793182373047,9361000,NKE
2022-11-11,100.30999755859375,107.20999908447266,100.13999938964844,106.08999633789062,97.71704864501953,12597500,NKE
2022-11-14,105.19999694824219,106.44000244140625,104.31999969482422,104.38999938964844,96.15123748779297,7134900,NKE
2022-11-15,107.98999786376953,109.30999755859375,105.52999877929688,106.70999908447266,98.28810119628906,7242900,NKE
2022-11-16,105.25,106.5999984741211,104.7699966430664,105.2300033569336,96.9249267578125,5998700,NKE
2022-11-17,104.11000061035156,105.4000015258789,102.91999816894531,105.36000061035156,97.0446548461914,5252900,NKE
2022-11-18,107.62999725341797,107.72000122070312,104.16999816894531,105.41999816894531,97.09992980957031,5498900,NKE
2022-11-21,104.61000061035156,105.4800033569336,103.5999984741211,103.83000183105469,95.63541412353516,4774800,NKE
2022-11-22,104.62000274658203,106.16000366210938,103.83999633789062,105.97000122070312,97.60651397705078,5313200,NKE
2022-11-23,106.0,106.9800033569336,105.2300033569336,106.6500015258789,98.23285675048828,3873100,NKE
2022-11-25,106.44999694824219,107.18000030517578,105.55999755859375,105.95999908447266,97.5973129272461,3426100,NKE
2022-11-28,105.25,106.30000305175781,104.6500015258789,104.95999908447266,96.67623138427734,6967400,NKE
2022-11-29,105.37000274658203,106.81999969482422,105.12000274658203,106.25,97.86441802978516,8494400,NKE
2022-11-30,107.08000183105469,109.69000244140625,105.44999694824219,109.69000244140625,101.0329360961914,16251000,NKE
2022-12-01,110.08999633789062,111.86000061035156,109.55000305175781,111.11000061035156,102.34085083007812,7822900,NKE
2022-12-02,108.6500015258789,112.70999908447266,108.33999633789062,112.19999694824219,103.66203308105469,5892000,NKE
2022-12-05,111.0199966430664,111.12999725341797,109.19000244140625,109.62000274658203,101.27837371826172,6220100,NKE
2022-12-06,109.6500015258789,110.52999877929688,106.75,107.93000030517578,99.71696472167969,7086100,NKE
2022-12-07,107.31999969482422,109.12000274658203,107.05999755859375,108.33000183105469,100.08654022216797,5751500,NKE
2022-12-08,108.5999984741211,111.48999786376953,108.45999908447266,111.36000061035156,102.88597106933594,6192800,NKE
2022-12-09,110.22000122070312,111.37999725341797,109.26000213623047,109.41999816894531,101.09357452392578,5677700,NKE
2022-12-12,110.0999984741211,112.16999816894531,109.70999908447266,112.06999969482422,103.54192352294922,6426000,NKE
2022-12-13,115.61000061035156,116.44999694824219,111.25,112.8499984741211,104.26255798339844,8655300,NKE
2022-12-14,113.69999694824219,114.12000274658203,110.2300033569336,111.44999694824219,102.9690933227539,7528500,NKE
2022-12-15,109.19000244140625,109.62000274658203,107.7300033569336,108.51000213623047,100.2528305053711,7500700,NKE
2022-12-16,106.87000274658203,107.61000061035156,105.12000274658203,105.94999694824219,97.88764190673828,14083600,NKE
2022-12-19,104.98999786376953,105.51000213623047,102.44999694824219,103.05000305175781,95.20831298828125,10620300,NKE
2022-12-20,103.0,103.4000015258789,101.68000030517578,103.20999908447266,95.35615539550781,17147900,NKE
2022-12-21,116.76000213623047,119.18000030517578,115.33999633789062,115.77999877929688,106.96961975097656,32777300,NKE
2022-12-22,114.29000091552734,116.81999969482422,114.05999755859375,116.70999908447266,107.82884216308594,17147600,NKE
2022-12-23,116.11000061035156,117.16999816894531,115.77999877929688,116.25,107.40384674072266,6603700,NKE
2022-12-27,116.47000122070312,118.19999694824219,115.81999969482422,117.55999755859375,108.61415100097656,6661100,NKE
2022-12-28,117.58000183105469,118.23999786376953,114.95999908447266,114.9800033569336,106.2304916381836,5437800,NKE
2022-12-29,116.08000183105469,118.06999969482422,115.80000305175781,117.3499984741211,108.42015838623047,4588600,NKE
2022-12-30,116.55999755859375,117.25,115.7699966430664,117.01000213623047,108.10601043701172,4355500,NKE
2023-01-03,118.55000305175781,119.48999786376953,117.44000244140625,118.75,109.713623046875,8124800,NKE
2023-01-04,119.95999908447266,122.2300033569336,119.52999877929688,121.20999908447266,111.98641967773438,8550700,NKE
2023-01-05,120.27999877929688,122.33999633789062,120.08000183105469,120.62000274658203,111.44131469726562,6046700,NKE
2023-01-06,122.0,125.36000061035156,121.7699966430664,124.52999877929688,115.05377197265625,10080700,NKE
2023-01-09,125.0,126.61000061035156,124.55000305175781,124.8499984741211,115.34942626953125,9397900,NKE
2023-01-10,125.20999908447266,126.33000183105469,124.37000274658203,125.83999633789062,116.26408386230469,5899900,NKE
2023-01-11,126.31999969482422,128.25999450683594,126.01000213623047,127.94000244140625,118.20428466796875,6989200,NKE
2023-01-12,128.35000610351562,128.4600067138672,126.45999908447266,127.88999938964844,118.1580810546875,8366400,NKE
2023-01-13,126.66000366210938,129.22999572753906,126.66000366210938,128.85000610351562,119.04503631591797,4856500,NKE
2023-01-17,128.0,129.0500030517578,127.83000183105469,128.13999938964844,118.38907623291016,6172200,NKE
2023-01-18,127.80000305175781,128.58999633789062,126.0,126.43000030517578,116.80918884277344,6828800,NKE
2023-01-19,124.79000091552734,125.44000244140625,123.61000061035156,124.52999877929688,115.05377197265625,5273500,NKE
2023-01-20,124.68000030517578,126.63999938964844,124.04000091552734,126.62000274658203,116.9847412109375,5673200,NKE
2023-01-23,126.9000015258789,128.75,126.54000091552734,128.2899932861328,118.52764892578125,5581600,NKE
2023-01-24,126.80999755859375,128.00999450683594,120.44999694824219,126.83000183105469,117.17877197265625,5486200,NKE
2023-01-25,125.86000061035156,127.01000213623047,124.83000183105469,126.81999969482422,117.16950988769531,5933700,NKE
2023-01-26,128.4600067138672,128.99000549316406,126.01000213623047,127.52999877929688,117.82548522949219,5838800,NKE
2023-01-27,127.06999969482422,128.5800018310547,126.69999694824219,127.52999877929688,117.82548522949219,5730000,NKE
2023-01-30,126.5,127.55999755859375,126.20999908447266,126.37000274658203,116.75376892089844,6494600,NKE
2023-01-31,126.41999816894531,127.8499984741211,126.01000213623047,127.33000183105469,117.64070892333984,7686900,NKE
2023-02-01,127.9000015258789,130.22000122070312,126.22000122070312,129.5,119.64557647705078,6387900,NKE
2023-02-02,130.4499969482422,131.30999755859375,127.86000061035156,129.05999755859375,119.23906707763672,5214500,NKE
2023-02-03,126.79000091552734,129.4199981689453,126.44000244140625,127.61000061035156,117.89939880371094,4930200,NKE
2023-02-06,125.5199966430664,126.0999984741211,124.31999969482422,125.7300033569336,116.1624526977539,4666400,NKE
2023-02-07,123.95999908447266,125.93000030517578,123.25,125.33000183105469,115.79289245605469,5288900,NKE
2023-02-08,123.37999725341797,124.0999984741211,121.80000305175781,122.91000366210938,113.55706024169922,5877800,NKE
2023-02-09,124.70999908447266,125.0199966430664,121.5,122.18000030517578,112.88261413574219,5929000,NKE
2023-02-10,121.51000213623047,122.63999938964844,120.54000091552734,122.2300033569336,112.9288101196289,5195500,NKE
2023-02-13,122.81999969482422,125.72000122070312,122.45999908447266,125.1500015258789,115.62660217285156,5689800,NKE
2023-02-14,123.94999694824219,126.36000061035156,123.73999786376953,126.19999694824219,116.5967025756836,4845900,NKE
2023-02-15,124.9000015258789,127.5,124.9000015258789,127.4800033569336,117.77928924560547,5687900,NKE
2023-02-16,125.43000030517578,127.20999908447266,124.11000061035156,124.37999725341797,114.9151840209961,4722200,NKE
2023-02-17,123.70999908447266,124.88999938964844,123.44000244140625,124.83999633789062,115.34016418457031,5161500,NKE
2023-02-21,123.27999877929688,124.0,120.9800033569336,121.0999984741211,111.88478088378906,5110300,NKE
2023-02-22,121.0999984741211,121.4000015258789,119.63999938964844,119.9000015258789,110.77609252929688,5022000,NKE
2023-02-23,120.76000213623047,120.76000213623047,118.55000305175781,119.95999908447266,110.83153533935547,4101900,NKE
2023-02-24,117.97000122070312,118.73999786376953,117.33999633789062,118.04000091552734,109.0576400756836,4693000,NKE
2023-02-27,119.26000213623047,119.81999969482422,118.31999969482422,118.52999877929688,109.5103530883789,4239800,NKE
2023-02-28,118.73999786376953,120.4000015258789,117.8499984741211,118.79000091552734,109.75057983398438,8414100,NKE
2023-03-01,117.94999694824219,119.79000091552734,117.83000183105469,118.58000183105469,109.55655670166016,4120500,NKE
2023-03-02,117.55000305175781,119.95999908447266,117.55000305175781,119.58000183105469,110.48046112060547,4443200,NKE
2023-03-03,120.12999725341797,121.04000091552734,119.0199966430664,120.94000244140625,112.0555648803711,3871800,NKE
2023-03-06,121.12999725341797,121.98999786376953,119.95999908447266,120.16999816894531,111.34212493896484,5183800,NKE
2023-03-07,120.19999694824219,121.0199966430664,119.2300033569336,119.58999633789062,110.80473327636719,5345700,NKE
2023-03-08,119.2699966430664,120.04000091552734,118.7300033569336,119.86000061035156,111.05489349365234,4175200,NKE
2023-03-09,120.08000183105469,121.86000061035156,117.55000305175781,117.87000274658203,109.2110824584961,5635900,NKE
2023-03-10,118.83000183105469,118.98999786376953,116.63999938964844,117.48999786376953,108.8590087890625,5979600,NKE
2023-03-13,115.81999969482422,118.29000091552734,115.79000091552734,116.86000061035156,108.27527618408203,6038200,NKE
2023-03-14,119.0,119.48999786376953,117.2300033569336,119.0,110.2580795288086,6050800,NKE
2023-03-15,116.31999969482422,118.62999725341797,115.80999755859375,118.16999816894531,109.48904418945312,6599200,NKE
2023-03-16,116.86000061035156,120.80999755859375,116.61000061035156,120.6500015258789,111.78687286376953,5658700,NKE
2023-03-17,121.16999816894531,121.7300033569336,118.66999816894531,120.38999938964844,111.54596710205078,12868900,NKE
2023-03-20,120.98999786376953,122.68000030517578,119.80999755859375,121.19999694824219,112.29646301269531,7594100,NKE
2023-03-21,123.5,126.05999755859375,122.97000122070312,125.61000061035156,116.38250732421875,15078800,NKE
2023-03-22,123.66000366210938,125.26000213623047,119.33000183105469,119.5,110.72134399414062,17625500,NKE
2023-03-23,120.47000122070312,123.2699966430664,119.47000122070312,120.97000122070312,112.0833740234375,7628100,NKE
2023-03-24,120.2300033569336,121.0,119.31999969482422,120.70999908447266,111.84246826171875,6158800,NKE
2023-03-27,121.0199966430664,121.06999969482422,117.61000061035156,117.80999755859375,109.15550994873047,6564200,NKE
2023-03-28,117.94999694824219,118.44000244140625,116.8499984741211,117.87000274658203,109.2110824584961,4461400,NKE
2023-03-29,118.63999938964844,120.56999969482422,118.48999786376953,120.48999786376953,111.63862609863281,5644000,NKE
2023-03-30,121.02999877929688,121.44000244140625,119.33999633789062,120.0999984741211,111.27725219726562,4578900,NKE
2023-03-31,120.91999816894531,122.70999908447266,120.5999984741211,122.63999938964844,113.63067626953125,5659400,NKE
2023-04-03,122.5,122.8499984741211,120.81999969482422,121.66999816894531,112.73192596435547,4838400,NKE
2023-04-04,121.37999725341797,123.94999694824219,121.36000061035156,123.69000244140625,114.60355377197266,5895300,NKE
2023-04-05,123.0,123.33000183105469,120.55999755859375,120.9000015258789,112.01850128173828,4331400,NKE
2023-04-06,119.51000213623047,120.48999786376953,117.8499984741211,120.22000122070312,111.38846588134766,4256900,NKE
2023-04-10,119.30000305175781,121.91000366210938,119.12999725341797,121.91000366210938,112.95430755615234,3731200,NKE
2023-04-11,122.04000091552734,124.08000183105469,122.04000091552734,123.30000305175781,114.24220275878906,4471000,NKE
2023-04-12,124.76000213623047,124.86000061035156,123.22000122070312,123.66000366210938,114.57574462890625,4524900,NKE
2023-04-13,124.63999938964844,126.66999816894531,124.45999908447266,126.43000030517578,117.14225006103516,5355300,NKE
2023-04-14,127.0,127.48999786376953,125.48999786376953,125.94999694824219,116.69751739501953,4828700,NKE
2023-04-17,126.02999877929688,126.4800033569336,125.12999725341797,126.19000244140625,116.91989135742188,3917900,NKE
2023-04-18,127.2300033569336,127.27999877929688,125.0199966430664,126.20999908447266,116.93841552734375,3857700,NKE
2023-04-19,126.0,126.08000183105469,124.91999816894531,125.66999816894531,116.43809509277344,3547400,NKE
2023-04-20,124.80000305175781,125.3499984741211,123.70999908447266,124.44999694824219,115.30769348144531,3891600,NKE
2023-04-21,124.4000015258789,125.68000030517578,123.62000274658203,125.52999877929688,116.30838012695312,3651400,NKE
2023-04-24,125.51000213623047,127.12999725341797,125.1500015258789,127.08999633789062,117.75377655029297,3790900,NKE
2023-04-25,126.52999877929688,126.7699966430664,124.05000305175781,124.66000366210938,115.50228881835938,4383300,NKE
2023-04-26,124.20999908447266,124.9800033569336,123.29000091552734,123.83999633789062,114.74251556396484,4003200,NKE
2023-04-27,124.44000244140625,126.01000213623047,123.13999938964844,125.69999694824219,116.46588134765625,4252100,NKE
2023-04-28,125.1500015258789,127.06999969482422,124.95999908447266,126.72000122070312,117.41095733642578,4421400,NKE
2023-05-01,126.91999816894531,128.67999267578125,126.86000061035156,127.91999816894531,118.52279663085938,4112600,NKE
2023-05-02,127.1500015258789,127.58000183105469,125.16999816894531,127.26000213623047,117.9112777709961,3831600,NKE
2023-05-03,125.48999786376953,128.3800048828125,123.66999816894531,126.73999786376953,117.42947387695312,4560100,NKE
2023-05-04,124.94000244140625,125.19000244140625,122.81999969482422,123.66999816894531,114.58500671386719,6177100,NKE
2023-05-05,125.93000030517578,127.02999877929688,125.22000122070312,126.58999633789062,117.29049682617188,4887800,NKE
2023-05-08,127.26000213623047,127.69000244140625,125.9800033569336,126.87999725341797,117.55919647216797,3892600,NKE
2023-05-09,125.2699966430664,125.66000366210938,124.16999816894531,125.0999984741211,115.90995788574219,4082100,NKE
2023-05-10,126.29000091552734,126.45999908447266,122.16999816894531,123.51000213623047,114.43678283691406,5052600,NKE
2023-05-11,123.44999694824219,123.86000061035156,121.9000015258789,122.22000122070312,113.24153137207031,5923100,NKE
2023-05-12,120.98999786376953,121.19999694824219,119.02999877929688,120.20999908447266,111.37918853759766,6574200,NKE
2023-05-15,119.81999969482422,119.98999786376953,118.01000213623047,119.83000183105469,111.027099609375,5518200,NKE
2023-05-16,117.5,117.83999633789062,116.12000274658203,116.4800033569336,107.92320251464844,8306400,NKE
2023-05-17,116.37999725341797,117.12999725341797,115.25,116.9800033569336,108.386474609375,7765400,NKE
2023-05-18,117.43000030517578,119.1500015258789,116.8499984741211,118.87000274658203,110.13762664794922,5970500,NKE
2023-05-19,114.55999755859375,115.48999786376953,113.0999984741211,114.76000213623047,106.32955932617188,11674300,NKE
2023-05-22,112.8499984741211,112.8499984741211,110.0199966430664,110.18000030517578,102.08600616455078,12710300,NKE
2023-05-23,109.7699966430664,111.05999755859375,108.19000244140625,108.77999877929688,100.7888412475586,11790400,NKE
2023-05-24,109.0,109.0999984741211,107.19999694824219,108.29000091552734,100.33485412597656,8503200,NKE
2023-05-25,108.3499984741211,108.97000122070312,107.41999816894531,107.4800033569336,99.58436584472656,6729800,NKE
2023-05-26,107.0,108.44999694824219,107.0,107.51000213623047,99.61213684082031,7911200,NKE
2023-05-30,108.4000015258789,108.87999725341797,106.2699966430664,106.5199966430664,98.69486236572266,9335200,NKE
2023-05-31,105.69999694824219,106.16999816894531,104.83000183105469,105.26000213623047,97.52743530273438,21465200,NKE
2023-06-01,104.18000030517578,104.5999984741211,102.9000015258789,103.62999725341797,96.01718139648438,12025200,NKE
2023-06-02,107.62999725341797,108.41999816894531,106.12999725341797,107.77999877929688,100.19103240966797,11838200,NKE
2023-06-05,107.87999725341797,107.87999725341797,105.18000030517578,105.19999694824219,97.7927017211914,7434000,NKE
2023-06-06,105.48999786376953,106.75,105.19999694824219,106.19000244140625,98.71298217773438,7896300,NKE
2023-06-07,106.04000091552734,108.23999786376953,105.41999816894531,107.08999633789062,99.54960632324219,11123900,NKE
2023-06-08,107.16000366210938,107.5199966430664,105.66999816894531,106.19999694824219,98.72228240966797,9137600,NKE
2023-06-09,105.91000366210938,106.27999877929688,105.3499984741211,105.86000061035156,98.40621948242188,5795200,NKE
2023-06-12,106.29000091552734,106.8499984741211,104.5999984741211,106.83000183105469,99.30792999267578,7964600,NKE
2023-06-13,107.13999938964844,107.4800033569336,106.29000091552734,106.77999877929688,99.26144409179688,8460500,NKE
2023-06-14,107.4800033569336,113.4000015258789,107.4800033569336,112.86000061035156,104.91333770751953,17415500,NKE
2023-06-15,111.83000183105469,112.81999969482422,110.16000366210938,112.41000366210938,104.4950180053711,10374200,NKE
2023-06-16,114.0,114.76000213623047,113.05999755859375,113.58999633789062,105.5919418334961,14445500,NKE
2023-06-20,111.41000366210938,112.81999969482422,108.95999908447266,109.54000091552734,101.82711029052734,10602400,NKE
2023-06-21,109.12999725341797,110.36000061035156,108.70999908447266,109.9800033569336,102.23612976074219,8377800,NKE
2023-06-22,110.81999969482422,111.25,109.77999877929688,110.45999908447266,102.68231964111328,6002900,NKE
2023-06-23,107.75,110.29000091552734,107.30000305175781,109.5199966430664,101.80850982666016,14329200,NKE
2023-06-26,109.66999816894531,112.20999908447266,109.66999816894531,111.73999786376953,103.87220764160156,6887100,NKE
2023-06-27,112.52999877929688,114.18000030517578,112.43000030517578,113.61000061035156,105.61053466796875,7138600,NKE
2023-06-28,113.33999633789062,113.75,112.12000274658203,113.02999877929688,105.07137298583984,6766000,NKE
2023-06-29,113.5999984741211,114.2699966430664,112.61000061035156,113.37000274658203,105.3874282836914,12465500,NKE
2023-06-30,111.58999633789062,112.25,109.80000305175781,110.37000274658203,102.59868621826172,19629600,NKE
2023-07-03,111.05999755859375,111.30000305175781,109.11000061035156,109.11000061035156,101.42738342285156,5734200,NKE
2023-07-05,108.62000274658203,108.91000366210938,106.54000091552734,107.0999984741211,99.55892181396484,10405300,NKE
2023-07-06,105.29000091552734,106.08999633789062,103.66999816894531,105.0999984741211,97.69974517822266,9923500,NKE
2023-07-07,104.80000305175781,105.47000122070312,104.02999877929688,104.45999908447266,97.10479736328125,7463100,NKE
2023-07-10,104.4800033569336,106.30999755859375,104.25,105.77999877929688,98.33184051513672,5374600,NKE
2023-07-11,105.6500015258789,107.62000274658203,105.62000274658203,107.38999938964844,99.8284912109375,5454900,NKE
2023-07-12,108.52999877929688,109.08999633789062,107.22000122070312,107.76000213623047,100.17243957519531,8305000,NKE
2023-07-13,109.06999969482422,109.12999725341797,107.68000030517578,107.83999633789062,100.24679565429688,6692300,NKE
2023-07-14,107.94000244140625,108.63999938964844,107.19000244140625,107.94999694824219,100.34906768798828,6933600,NKE
2023-07-17,107.26000213623047,109.0999984741211,106.76000213623047,108.70999908447266,101.05554962158203,6682900,NKE
2023-07-18,108.58000183105469,110.33999633789062,108.30999755859375,109.72000122070312,101.99443054199219,5717200,NKE
2023-07-19,109.08000183105469,110.25,108.58000183105469,109.87999725341797,102.14315795898438,5027100,NKE
2023-07-20,109.56999969482422,110.0199966430664,107.4800033569336,107.52999877929688,99.9586410522461,6458000,NKE
2023-07-21,108.0,109.29000091552734,107.51000213623047,109.05999755859375,101.38088989257812,6631600,NKE
2023-07-24,110.41000366210938,110.55000305175781,108.51000213623047,108.7699966430664,101.11132049560547,6787600,NKE
2023-07-25,108.27999877929688,108.8499984741211,107.38999938964844,108.30000305175781,100.67442321777344,7692800,NKE
2023-07-26,108.30000305175781,109.58999633789062,107.94999694824219,109.30000305175781,101.60401153564453,5148900,NKE
2023-07-27,109.83000183105469,110.2300033569336,107.4000015258789,107.66999816894531,100.0887680053711,6544600,NKE
2023-07-28,108.11000061035156,108.95999908447266,107.62999725341797,108.62000274658203,100.97188568115234,5988300,NKE
2023-07-31,109.41000366210938,110.8499984741211,109.05000305175781,110.38999938964844,102.61726379394531,6406000,NKE
2023-08-01,110.0,110.52999877929688,109.13999938964844,109.4000015258789,101.69696807861328,4566700,NKE
2023-08-02,108.27999877929688,108.5199966430664,107.44999694824219,107.51000213623047,99.9400405883789,6213200,NKE
2023-08-03,107.0,109.08999633789062,106.6500015258789,108.63999938964844,100.990478515625,5084300,NKE
2023-08-04,108.70999908447266,110.30999755859375,108.23999786376953,108.80999755859375,101.14850616455078,5621400,NKE
2023-08-07,109.87000274658203,110.94000244140625,109.18000030517578,110.4800033569336,102.70092010498047,4887300,NKE
2023-08-08,109.62999725341797,109.88999938964844,107.3499984741211,109.69000244140625,101.96653747558594,5851900,NKE
2023-08-09,109.79000091552734,110.0199966430664,108.30000305175781,109.69000244140625,101.96653747558594,4328600,NKE
2023-08-10,110.30999755859375,111.94999694824219,108.5199966430664,109.02999877929688,101.35301208496094,7276500,NKE
2023-08-11,108.9000015258789,109.52999877929688,107.86000061035156,108.08999633789062,100.47920227050781,5104300,NKE
2023-08-14,107.91999816894531,108.30000305175781,107.06999969482422,107.63999938964844,100.0608901977539,5305200,NKE
2023-08-15,106.06999969482422,106.81999969482422,105.5999984741211,106.55000305175781,99.04764556884766,6197600,NKE
2023-08-16,106.06999969482422,108.37999725341797,106.06999969482422,106.52999877929688,99.02904510498047,5953100,NKE
2023-08-17,107.43000030517578,107.83000183105469,104.77999877929688,105.05000305175781,97.65325164794922,5692800,NKE
2023-08-18,103.83000183105469,105.05000305175781,103.76000213623047,104.80999755859375,97.43016052246094,5836100,NKE
2023-08-21,105.47000122070312,105.4800033569336,102.62999725341797,102.86000061035156,95.6174545288086,6697600,NKE
2023-08-22,100.95999908447266,102.37000274658203,100.7300033569336,101.45999908447266,94.31600952148438,9814700,NKE
2023-08-23,96.9800033569336,99.19000244140625,96.55000305175781,98.75,91.79684448242188,20909100,NKE
2023-08-24,98.69999694824219,99.19000244140625,97.55999755859375,97.62999725341797,90.7557144165039,10310000,NKE
2023-08-25,98.5,99.08999633789062,97.80999755859375,98.83999633789062,91.88050079345703,7290600,NKE
2023-08-28,99.58999633789062,100.05999755859375,98.87000274658203,99.62999725341797,92.6148910522461,6006600,NKE
2023-08-29,100.02999877929688,102.16000366210938,99.72000122070312,101.7699966430664,94.60419464111328,8641600,NKE
2023-08-30,101.63999938964844,102.80999755859375,101.51000213623047,102.0999984741211,94.91097259521484,4822100,NKE
2023-08-31,102.62000274658203,102.88999938964844,101.61000061035156,101.70999908447266,94.54843139648438,7046200,NKE
2023-09-01,101.97000122070312,102.95999908447266,101.5199966430664,102.36000061035156,95.47180938720703,6359400,NKE
2023-09-05,101.5,101.95999908447266,100.2300033569336,100.31999969482422,93.569091796875,6698700,NKE
2023-09-06,99.76000213623047,100.30999755859375,99.02999877929688,100.18000030517578,93.43851470947266,6096000,NKE
2023-09-07,98.26000213623047,98.76000213623047,97.63999938964844,97.93000030517578,91.33992767333984,9927100,NKE
2023-09-08,98.0999984741211,98.12999725341797,97.27999877929688,97.66999816894531,91.09742736816406,6435000,NKE
2023-09-11,98.33000183105469,98.37999725341797,96.58000183105469,96.79000091552734,90.27664947509766,7584700,NKE
2023-09-12,96.98999786376953,97.16999816894531,96.18000030517578,96.30000305175781,89.81963348388672,6307700,NKE
2023-09-13,96.30000305175781,97.19999694824219,95.66000366210938,96.12999725341797,89.66104888916016,7140700,NKE
2023-09-14,96.72000122070312,97.68000030517578,95.9000015258789,97.19000244140625,90.64971923828125,7075300,NKE
2023-09-15,98.1500015258789,98.1500015258789,96.12999725341797,96.26000213623047,89.78229522705078,10467300,NKE
2023-09-18,96.0,96.37000274658203,95.27999877929688,95.51000213623047,89.082763671875,6946300,NKE
2023-09-19,95.04000091552734,95.48999786376953,94.41000366210938,94.62000274658203,88.2526626586914,9386600,NKE
2023-09-20,93.97000122070312,95.4000015258789,93.83000183105469,94.04000091552734,87.71170043945312,10274200,NKE
2023-09-21,93.41999816894531,93.48999786376953,91.4800033569336,91.58999633789062,85.42655944824219,7958600,NKE
2023-09-22,91.58000183105469,92.33000183105469,90.55000305175781,90.8499984741211,84.73636627197266,9289400,NKE
2023-09-25,90.0,90.8499984741211,89.79000091552734,90.5999984741211,84.503173828125,8291700,NKE
2023-09-26,90.0,90.69999694824219,89.77999877929688,90.16999816894531,84.10212707519531,8060500,NKE
2023-09-27,90.55999755859375,90.69999694824219,89.20999908447266,89.41999816894531,83.402587890625,7631000,NKE
2023-09-28,89.0999984741211,89.77999877929688,88.66000366210938,89.62999725341797,83.59845733642578,16315600,NKE
2023-09-29,99.37000274658203,99.47000122070312,94.62000274658203,95.62000274658203,89.18538665771484,34935400,NKE
2023-10-02,96.19999694824219,96.37999725341797,93.7300033569336,94.55999755859375,88.19670104980469,12776300,NKE
2023-10-03,94.31999969482422,96.05000305175781,94.18000030517578,95.08999633789062,88.6910400390625,10964300,NKE
2023-10-04,95.58000183105469,96.26000213623047,95.12000274658203,95.88999938964844,89.43720245361328,8045400,NKE
2023-10-05,95.79000091552734,96.2300033569336,95.27999877929688,95.79000091552734,89.34393310546875,7430000,NKE
2023-10-06,95.79000091552734,97.70999908447266,95.05999755859375,97.11000061035156,90.57510375976562,8532900,NKE
2023-10-09,96.77999877929688,97.13999938964844,95.91999816894531,96.87999725341797,90.36058044433594,5964200,NKE
2023-10-10,97.25,98.86000061035156,97.2300033569336,97.62000274658203,91.05079650878906,8499000,NKE
2023-10-11,98.30999755859375,98.94999694824219,98.01000213623047,98.6500015258789,92.01148223876953,7642900,NKE
2023-10-12,99.54000091552734,100.05000305175781,98.5199966430664,99.25,92.57109832763672,10705200,NKE
2023-10-13,99.58999633789062,100.8499984741211,99.44999694824219,99.91000366210938,93.18669128417969,8774700,NKE
2023-10-16,99.72000122070312,102.58000183105469,99.5999984741211,102.04000091552734,95.17334747314453,10845400,NKE
2023-10-17,101.97000122070312,103.58999633789062,101.97000122070312,103.01000213623047,96.07807159423828,9253800,NKE
2023-10-18,102.97000122070312,103.9000015258789,102.93000030517578,103.7699966430664,96.78692626953125,8757300,NKE
2023-10-19,103.7699966430664,104.3499984741211,102.8499984741211,103.05000305175781,96.11539459228516,8391100,NKE
2023-10-20,103.31999969482422,103.7699966430664,102.56999969482422,102.66999816894531,95.76093292236328,7823500,NKE
2023-10-23,102.12999725341797,103.76000213623047,101.7699966430664,102.80999755859375,95.89151763916016,5966100,NKE
2023-10-24,103.66000366210938,105.6500015258789,103.66000366210938,105.18000030517578,98.10204315185547,9252200,NKE
2023-10-25,104.45999908447266,105.04000091552734,103.48999786376953,103.54000091552734,96.57240295410156,7054700,NKE
2023-10-26,102.18000030517578,102.62999725341797,99.94999694824219,100.0199966430664,93.28927612304688,11222600,NKE
2023-10-27,99.77999877929688,100.33999633789062,97.80999755859375,97.9800033569336,91.38656616210938,9602700,NKE
2023-10-30,99.0,102.05000305175781,99.0,101.80000305175781,94.94949340820312,8206700,NKE
2023-10-31,101.4000015258789,102.93000030517578,101.4000015258789,102.7699966430664,95.85421752929688,6558500,NKE
2023-11-01,102.55000305175781,102.66999816894531,99.97000122070312,100.87999725341797,94.09139251708984,7272400,NKE
2023-11-02,102.05000305175781,105.55000305175781,101.88999938964844,105.08000183105469,98.00877380371094,8135100,NKE
2023-11-03,106.43000030517578,107.6500015258789,106.05000305175781,107.05999755859375,99.85554504394531,7568000,NKE
2023-11-06,106.95999908447266,107.5999984741211,106.37000274658203,107.25,100.03274536132812,5231900,NKE
2023-11-07,107.31999969482422,109.36000061035156,107.2300033569336,109.36000061035156,102.0007553100586,7745800,NKE
2023-11-08,109.37000274658203,110.69999694824219,108.9000015258789,109.38999938964844,102.02872467041016,8639700,NKE
2023-11-09,109.81999969482422,109.9000015258789,106.91999816894531,107.0,99.79957580566406,9154200,NKE
2023-11-10,107.33999633789062,107.83000183105469,105.61000061035156,106.11000061035156,98.96945190429688,8897700,NKE
2023-11-13,105.37000274658203,105.72000122070312,104.18000030517578,104.19999694824219,97.18798065185547,7055600,NKE
2023-11-14,105.55999755859375,107.0999984741211,105.37999725341797,105.75,98.6336898803711,9674800,NKE
2023-11-15,106.81999969482422,109.05999755859375,106.72000122070312,107.81999969482422,100.56438446044922,11140800,NKE
2023-11-16,107.0999984741211,108.0,107.0,107.61000061035156,100.36852264404297,5386800,NKE
2023-11-17,108.05999755859375,108.20999908447266,105.5199966430664,105.95999908447266,98.82955169677734,6352600,NKE
2023-11-20,106.0,106.55000305175781,105.0999984741211,106.31999969482422,99.16532135009766,6197400,NKE
2023-11-21,106.16999816894531,106.69999694824219,105.3499984741211,106.55000305175781,99.37984466552734,5803500,NKE
2023-11-22,107.5,108.02999877929688,106.81999969482422,107.91999816894531,100.65766906738281,6280300,NKE
2023-11-24,107.5,108.0,107.4000015258789,107.63999938964844,100.39649963378906,2443600,NKE
2023-11-27,107.66000366210938,108.22000122070312,106.9000015258789,107.95999908447266,100.6949691772461,5785000,NKE
2023-11-28,108.56999969482422,109.9000015258789,108.1500015258789,108.75,101.43180847167969,7287400,NKE
2023-11-29,110.80000305175781,112.1500015258789,110.1500015258789,110.37000274658203,102.94278717041016,9601800,NKE
2023-11-30,110.52999877929688,110.5999984741211,108.95999908447266,110.2699966430664,102.84952545166016,8690900,NKE
2023-12-01,110.33000183105469,113.55000305175781,109.75,113.4800033569336,106.19985961914062,8051800,NKE
2023-12-04,113.08000183105469,115.31999969482422,113.0,115.1500015258789,107.76270294189453,10086600,NKE
2023-12-05,114.66000366210938,116.04000091552734,114.5999984741211,115.41000366210938,108.00602722167969,6960000,NKE
2023-12-06,116.0,117.13999938964844,115.56999969482422,116.11000061035156,108.6611099243164,6317000,NKE
2023-12-07,114.12000274658203,116.0,114.12000274658203,114.80999755859375,107.44452667236328,7294500,NKE
2023-12-08,114.5,116.29000091552734,114.47000122070312,115.91000366210938,108.47395324707031,6122200,NKE
2023-12-11,117.79000091552734,119.41999816894531,117.43000030517578,118.61000061035156,111.00074005126953,7972800,NKE
2023-12-12,119.68000030517578,119.98999786376953,118.58000183105469,119.63999938964844,111.96466827392578,7378400,NKE
2023-12-13,119.3499984741211,121.44000244140625,119.19999694824219,121.16999816894531,113.3965072631836,8182900,NKE
2023-12-14,121.44000244140625,122.58999633789062,119.81999969482422,121.0199966430664,113.25611877441406,9590500,NKE
2023-12-15,120.93000030517578,122.05999755859375,120.5999984741211,121.55000305175781,113.75213623046875,13633300,NKE
2023-12-18,121.41000366210938,121.83999633789062,120.86000061035156,121.13999938964844,113.3684310913086,6874800,NKE
2023-12-19,121.73999786376953,123.33999633789062,121.63999938964844,122.63999938964844,114.77220153808594,7697300,NKE
2023-12-20,121.12999725341797,123.38999938964844,121.0,121.43000030517578,113.63982391357422,9176600,NKE
2023-12-21,122.30000305175781,123.30000305175781,121.30000305175781,122.52999877929688,114.66925048828125,16533300,NKE
2023-12-22,108.26000213623047,110.80000305175781,107.44999694824219,108.04000091552734,101.10884094238281,46666200,NKE
2023-12-26,108.30000305175781,108.69000244140625,107.4800033569336,108.0199966430664,101.09012603759766,12846700,NKE
2023-12-27,108.33999633789062,108.58999633789062,106.8499984741211,107.12999725341797,100.25720977783203,10157900,NKE
2023-12-28,107.20999908447266,109.4000015258789,106.80999755859375,108.81999969482422,101.83881378173828,9352900,NKE
2023-12-29,108.95999908447266,109.95999908447266,108.08999633789062,108.56999969482422,101.60485076904297,7667500,NKE
2024-01-02,107.61000061035156,107.8499984741211,106.44999694824219,106.55000305175781,99.71443939208984,9326600,NKE
2024-01-03,105.72000122070312,107.4800033569336,104.0,104.04000091552734,97.36547088623047,10573700,NKE
2024-01-04,102.45999908447266,103.62000274658203,102.30000305175781,102.30000305175781,95.7370834350586,10420600,NKE
2024-01-05,102.45999908447266,103.68000030517578,101.9000015258789,102.08000183105469,95.53119659423828,8044500,NKE
2024-01-08,102.08000183105469,103.69000244140625,101.7300033569336,103.62000274658203,96.97239685058594,9414200,NKE
2024-01-09,103.16999816894531,103.4000015258789,102.5,102.73999786376953,96.14886474609375,7759500,NKE
2024-01-10,102.69000244140625,103.83000183105469,102.37000274658203,103.7699966430664,97.11277770996094,6784700,NKE
2024-01-11,104.22000122070312,106.01000213623047,103.7300033569336,105.9000015258789,99.10614013671875,9537700,NKE
2024-01-12,106.0,106.31999969482422,104.72000122070312,105.05999755859375,98.32002258300781,6680900,NKE
2024-01-16,103.94000244140625,104.22000122070312,101.36000061035156,101.72000122070312,95.19429016113281,10547900,NKE
2024-01-17,101.05000305175781,101.30999755859375,100.23999786376953,100.81999969482422,94.35203552246094,8226200,NKE
2024-01-18,101.0,101.43000030517578,100.06999969482422,100.94000244140625,94.46434020996094,8852400,NKE
2024-01-19,101.0199966430664,102.18000030517578,99.66999816894531,101.77999877929688,95.25044250488281,8517200,NKE
2024-01-22,101.75,101.80999755859375,100.08999633789062,100.55999755859375,94.10870361328125,9897400,NKE
2024-01-23,101.62999725341797,102.13999938964844,101.2300033569336,101.9000015258789,95.36275482177734,8208000,NKE
2024-01-24,101.77999877929688,101.80000305175781,100.69000244140625,100.76000213623047,94.29586791992188,7879300,NKE
2024-01-25,101.52999877929688,101.73999786376953,100.08999633789062,100.7699966430664,94.30523681640625,10063700,NKE
2024-01-26,101.56999969482422,103.2699966430664,101.22000122070312,102.75,96.15821838378906,9735800,NKE
2024-01-29,102.87999725341797,104.01000213623047,101.33999633789062,103.87999725341797,97.21571350097656,8860800,NKE
2024-01-30,103.33999633789062,104.30999755859375,103.12999725341797,104.18000030517578,97.49647521972656,7542800,NKE
2024-01-31,104.08999633789062,104.30000305175781,101.12000274658203,101.52999877929688,95.0164794921875,11547600,NKE
2024-02-01,101.9000015258789,102.25,100.61000061035156,101.76000213623047,95.23173522949219,7666700,NKE
2024-02-02,100.87999725341797,101.41000366210938,99.43000030517578,100.70999908447266,94.24909210205078,8966900,NKE
2024-02-05,100.5,100.58999633789062,99.05000305175781,99.68000030517578,93.28516387939453,10097900,NKE
2024-02-06,99.5,102.62999725341797,99.12999725341797,102.61000061035156,96.02720642089844,11368600,NKE
2024-02-07,102.38999938964844,104.33999633789062,102.3499984741211,103.79000091552734,97.13150024414062,9447800,NKE
2024-02-08,104.43000030517578,104.95999908447266,103.05000305175781,103.7699966430664,97.11277770996094,6330400,NKE
2024-02-09,103.80000305175781,104.94000244140625,103.33000183105469,104.5,97.79595184326172,5449000,NKE
2024-02-12,104.73999786376953,107.43000030517578,104.6500015258789,107.18000030517578,100.30401611328125,7501900,NKE
2024-02-13,104.98999786376953,105.80000305175781,104.25,105.0,98.26386260986328,6180500,NKE
2024-02-14,104.81999969482422,106.41999816894531,104.45999908447266,106.33000183105469,99.508544921875,5743300,NKE
2024-02-15,107.0199966430664,107.33999633789062,105.83000183105469,106.05000305175781,99.24650573730469,7201300,NKE
2024-02-16,104.62999725341797,104.69999694824219,101.6500015258789,103.51000213623047,96.86945343017578,14590100,NKE
2024-02-20,103.12999725341797,103.83999633789062,102.16999816894531,103.30000305175781,96.67292022705078,8759500,NKE
2024-02-21,103.3499984741211,105.5199966430664,102.93000030517578,105.2699966430664,98.51654052734375,8888100,NKE
2024-02-22,105.80000305175781,106.01000213623047,104.08000183105469,105.08000183105469,98.33872985839844,6705500,NKE
2024-02-23,105.26000213623047,106.62000274658203,105.19000244140625,105.62999725341797,98.85343933105469,6947300,NKE
2024-02-26,105.30999755859375,106.0999984741211,103.76000213623047,104.54000091552734,97.83338165283203,5831500,NKE
2024-02-27,104.83000183105469,105.25,103.98999786376953,105.1500015258789,98.40424346923828,5317400,NKE
2024-02-28,104.0999984741211,105.44000244140625,103.69999694824219,104.3499984741211,97.65556335449219,4219800,NKE
2024-02-29,104.9800033569336,105.56999969482422,103.68000030517578,103.93000030517578,97.26251983642578,10811600,NKE
2024-03-01,103.87000274658203,103.94000244140625,101.83000183105469,101.87999725341797,95.68466186523438,7349300,NKE
2024-03-04,101.6500015258789,101.7699966430664,99.01000213623047,99.54000091552734,93.4869613647461,11050900,NKE
2024-03-05,99.0,99.16999816894531,98.0,98.30999755859375,92.3317642211914,8670600,NKE
2024-03-06,100.0,100.0999984741211,97.05999755859375,97.62999725341797,91.69310760498047,10045300,NKE
2024-03-07,97.98999786376953,98.4000015258789,97.68000030517578,98.19000244140625,92.21906280517578,8133900,NKE
2024-03-08,98.48999786376953,99.31999969482422,98.0199966430664,99.16000366210938,93.13008880615234,9043500,NKE
2024-03-11,99.9000015258789,101.76000213623047,99.44000244140625,101.08000183105469,94.93333435058594,8537400,NKE
2024-03-12,100.79000091552734,101.37000274658203,99.6500015258789,100.18000030517578,94.0880355834961,7040900,NKE
2024-03-13,100.61000061035156,102.0,100.33000183105469,101.36000061035156,95.19630432128906,7326400,NKE
2024-03-14,102.19999694824219,102.48999786376953,100.08999633789062,100.26000213623047,94.16319274902344,8350900,NKE
2024-03-15,100.30000305175781,101.16000366210938,99.33999633789062,99.63999938964844,93.58088684082031,15208500,NKE
2024-03-18,98.9800033569336,99.66000366210938,98.5199966430664,98.73999786376953,92.7356185913086,7207000,NKE
2024-03-19,98.5,100.04000091552734,98.44000244140625,99.95999908447266,93.88141632080078,6168900,NKE
2024-03-20,99.44999694824219,100.44000244140625,99.02999877929688,100.2699966430664,94.17256164550781,7771700,NKE
2024-03-21,100.44000244140625,101.91999816894531,99.76000213623047,100.81999969482422,94.68912506103516,17176000,NKE
2024-03-22,93.8499984741211,95.16999816894531,91.72000122070312,93.86000061035156,88.15237426757812,41837400,NKE
2024-03-25,94.06999969482422,95.5199966430664,92.7699966430664,93.75,88.04905700683594,14548800,NKE
2024-03-26,93.73999786376953,93.86000061035156,92.41000366210938,92.58000183105469,86.95020294189453,10816900,NKE
2024-03-27,93.2699966430664,94.1500015258789,92.31999969482422,94.12999725341797,88.40594482421875,11095700,NKE
2024-03-28,94.37000274658203,94.80999755859375,93.43000030517578,93.9800033569336,88.26508331298828,11331700,NKE
2024-04-01,93.80999755859375,93.91999816894531,91.69000244140625,92.55999755859375,86.9314193725586,10360000,NKE
2024-04-02,91.76000213623047,91.9000015258789,90.63999938964844,90.94999694824219,85.41932678222656,11107300,NKE
2024-04-03,91.01000213623047,91.44000244140625,90.27999877929688,90.33000183105469,84.8370361328125,8876600,NKE
2024-04-04,90.94999694824219,91.05000305175781,88.88999938964844,89.06999969482422,83.6536636352539,12110300,NKE
2024-04-05,89.1500015258789,90.25,88.80000305175781,88.83999633789062,83.43762969970703,9716700,NKE
2024-04-08,89.11000061035156,90.26000213623047,88.80000305175781,90.0,84.52709197998047,8452500,NKE
2024-04-09,90.0,91.16000366210938,89.87000274658203,91.0,85.46629333496094,7191900,NKE
2024-04-10,89.9000015258789,90.0999984741211,88.7699966430664,89.0,83.5879135131836,7932900,NKE
2024-04-11,91.2300033569336,92.41000366210938,90.83000183105469,92.0,86.40547180175781,15330200,NKE
2024-04-12,92.01000213623047,92.87000274658203,91.12000274658203,92.0,86.40547180175781,10905900,NKE
2024-04-15,93.58999633789062,93.91999816894531,92.54000091552734,93.0999984741211,87.43859100341797,11597300,NKE
2024-04-16,93.04000091552734,94.19000244140625,91.6500015258789,93.38999938964844,87.71096801757812,10388200,NKE
2024-04-17,94.61000061035156,95.06999969482422,93.66000366210938,94.83999633789062,89.0727767944336,10181200,NKE
2024-04-18,95.16000366210938,95.87999725341797,94.52999877929688,95.73999786376953,89.91803741455078,10062900,NKE
2024-04-19,95.41999816894531,96.22000122070312,94.48999786376953,94.52999877929688,88.78162384033203,11241900,NKE
2024-04-22,94.62999725341797,95.05999755859375,93.8499984741211,94.19000244140625,88.46229553222656,8642000,NKE
2024-04-23,94.37000274658203,94.72000122070312,93.91000366210938,94.0199966430664,88.3026351928711,6582700,NKE
2024-04-24,94.0999984741211,95.19000244140625,94.0999984741211,94.63999938964844,88.88492584228516,6493200,NKE
2024-04-25,94.0,94.79000091552734,92.44000244140625,93.94000244140625,88.22750854492188,5317900,NKE
2024-04-26,94.58999633789062,95.41999816894531,93.91000366210938,94.12000274658203,88.39656066894531,6115700,NKE
2024-04-29,94.44000244140625,94.88999938964844,93.69999694824219,94.05999755859375,88.34021759033203,5030700,NKE
2024-04-30,92.91000366210938,93.51000213623047,92.25,92.26000213623047,86.64966583251953,6493300,NKE
2024-05-01,91.80999755859375,91.87000274658203,90.08999633789062,90.33999633789062,84.84640502929688,9783100,NKE
2024-05-02,91.33000183105469,92.44999694824219,90.91000366210938,92.41000366210938,86.7905502319336,7333300,NKE
2024-05-03,93.08999633789062,93.6500015258789,91.87000274658203,92.1500015258789,86.54635620117188,5736700,NKE
2024-05-06,92.80999755859375,93.37000274658203,92.4800033569336,93.36000061035156,87.68277740478516,6696300,NKE
2024-05-07,94.08000183105469,94.31999969482422,93.20999908447266,93.77999877929688,88.07723236083984,7113500,NKE
2024-05-08,93.12000274658203,93.63999938964844,92.7300033569336,93.58999633789062,87.89878845214844,5372900,NKE
2024-05-09,93.63999938964844,93.9800033569336,93.01000213623047,93.38999938964844,87.71096801757812,6429800,NKE
2024-05-10,93.06999969482422,93.13999938964844,90.87999725341797,90.94000244140625,85.40994262695312,10548400,NKE
2024-05-13,91.2699966430664,92.7699966430664,91.1500015258789,92.72000122070312,87.08169555664062,8792100,NKE
2024-05-14,92.98999786376953,94.33999633789062,92.5999984741211,92.79000091552734,87.14744567871094,7811000,NKE
2024-05-15,92.29000091552734,92.62000274658203,90.8499984741211,91.66999816894531,86.09554290771484,15614400,NKE
2024-05-16,91.69000244140625,92.83999633789062,91.52999877929688,91.7699966430664,86.189453125,12711700,NKE
2024-05-17,92.01000213623047,92.29000091552734,91.33999633789062,92.18000030517578,86.57453155517578,12019600,NKE
2024-05-20,92.25,92.69999694824219,90.83000183105469,91.7699966430664,86.189453125,9701500,NKE
2024-05-21,91.56999969482422,92.8499984741211,91.44999694824219,92.81999969482422,87.17561340332031,7809700,NKE
2024-05-22,91.94999694824219,92.76000213623047,91.6500015258789,92.5,86.87506866455078,7611900,NKE
2024-05-23,92.44999694824219,92.58000183105469,91.1500015258789,91.4000015258789,85.84196472167969,7729000,NKE
2024-05-24,91.7699966430664,92.19999694824219,91.48999786376953,91.75,86.17066955566406,6936800,NKE
2024-05-28,91.73999786376953,92.5199966430664,91.3499984741211,92.0,86.40547180175781,10835000,NKE
2024-05-29,91.68000030517578,92.72000122070312,91.37999725341797,91.66999816894531,86.09554290771484,7237300,NKE
2024-05-30,92.2300033569336,93.87999725341797,91.95999908447266,93.44999694824219,87.76729583740234,9300100,NKE
2024-05-31,93.5,95.06999969482422,92.97000122070312,95.05000305175781,89.27001190185547,12565600,NKE
2024-06-03,94.5199966430664,95.25,94.05000305175781,94.4000015258789,89.0060043334961,9668100,NKE
2024-06-04,94.29000091552734,95.11000061035156,93.41000366210938,94.73999786376953,89.32656860351562,7838400,NKE
2024-06-05,95.31999969482422,95.31999969482422,93.69999694824219,94.31999969482422,88.93058013916016,7463300,NKE
2024-06-06,94.86000061035156,96.80000305175781,93.98999786376953,95.72000122070312,90.25057220458984,9760100,NKE
2024-06-07,95.38999938964844,97.94000244140625,95.30000305175781,96.55000305175781,91.03315734863281,9397400,NKE
2024-06-10,95.7300033569336,96.98999786376953,95.5999984741211,96.0,90.51457977294922,7035100,NKE
2024-06-11,95.5199966430664,96.0,94.5199966430664,95.87000274658203,90.39199829101562,7301500,NKE
2024-06-12,96.3499984741211,96.5,93.5,93.68000030517578,88.32714080810547,9861300,NKE
2024-06-13,94.04000091552734,94.52999877929688,93.72000122070312,94.18000030517578,88.79857635498047,8348200,NKE
2024-06-14,93.80000305175781,94.77999877929688,93.30000305175781,93.38999938964844,88.05371856689453,7426800,NKE
2024-06-17,92.01000213623047,95.12000274658203,92.01000213623047,95.0,89.57171630859375,6365400,NKE
2024-06-18,94.66999816894531,95.26000213623047,94.20999908447266,94.77999877929688,89.3642807006836,6712000,NKE
2024-06-20,93.87999725341797,96.08999633789062,93.5199966430664,95.56999969482422,90.1091537475586,9393800,NKE
2024-06-21,95.95999908447266,97.20999908447266,95.41999816894531,97.18000030517578,91.62715911865234,15124400,NKE
2024-06-24,97.30000305175781,98.04000091552734,96.68000030517578,97.16999816894531,91.61771392822266,9466900,NKE
2024-06-25,97.30999755859375,97.63999938964844,94.5,94.75,89.33600616455078,9006500,NKE
2024-06-26,94.08999633789062,94.4800033569336,93.1500015258789,94.05999755859375,88.6854248046875,10160400,NKE
2024-06-27,93.7699966430664,94.73999786376953,93.38999938964844,94.19000244140625,88.80799102783203,25772700,NKE
2024-06-28,77.12999725341797,79.05000305175781,74.55000305175781,75.37000274658203,71.0633773803711,129967000,NKE
2024-07-01,75.5,77.05999755859375,74.29000091552734,76.83000183105469,72.43994140625,44369000,NKE
2024-07-02,76.81999969482422,76.94000244140625,75.38999938964844,76.04000091552734,71.6950912475586,26183400,NKE
2024-07-03,75.5,75.91999816894531,75.0199966430664,75.23999786376953,70.94080352783203,15952000,NKE
2024-07-05,75.36000061035156,76.08999633789062,74.77999877929688,75.43000030517578,71.11994171142578,19603700,NKE
2024-07-08,75.41000366210938,75.48999786376953,73.0,73.05000305175781,68.8759536743164,29905000,NKE
2024-07-09,73.30000305175781,74.13999938964844,72.37999725341797,72.45999908447266,68.31964874267578,23445500,NKE
2024-07-10,72.26000213623047,72.63999938964844,71.66999816894531,72.54000091552734,68.39508056640625,21378200,NKE
2024-07-11,72.69999694824219,73.75,72.29000091552734,73.38999938964844,69.1965103149414,15876700,NKE
2024-07-12,73.56999969482422,74.05000305175781,73.16999816894531,73.41999816894531,69.22480010986328,14527500,NKE
2024-07-15,73.0,73.01000213623047,71.23999786376953,71.30999755859375,67.23535919189453,20775800,NKE
2024-07-16,71.51000213623047,72.95999908447266,71.51000213623047,72.80999755859375,68.64964294433594,20980700,NKE
2024-07-17,72.52999877929688,73.33999633789062,72.5,73.06999969482422,68.89479064941406,11161600,NKE
2024-07-18,72.97000122070312,73.93000030517578,72.3499984741211,72.37999725341797,68.24422454833984,14440100,NKE
2024-07-19,72.30000305175781,72.81999969482422,71.8499984741211,72.69999694824219,68.54593658447266,11913300,NKE
2024-07-22,73.12000274658203,75.33999633789062,73.06999969482422,74.86000061035156,70.58251953125,19385500,NKE
2024-07-23,74.62999725341797,75.04000091552734,73.23999786376953,73.4000015258789,69.2059326171875,11041800,NKE
2024-07-24,73.25,73.38999938964844,71.08000183105469,71.08999633789062,67.0279312133789,18563300,NKE
2024-07-25,71.52999877929688,72.43000030517578,70.91000366210938,71.41000366210938,67.32965087890625,13855400,NKE
2024-07-26,72.0,72.77999877929688,71.87000274658203,72.55999755859375,68.41393280029297,8892000,NKE
2024-07-29,72.5,73.87000274658203,72.19999694824219,73.55000305175781,69.34737396240234,10471800,NKE
2024-07-30,73.69000244140625,74.48999786376953,73.45999908447266,74.31999969482422,70.07337188720703,8515700,NKE
2024-07-31,74.5,75.43000030517578,73.91999816894531,74.86000061035156,70.58251953125,14632900,NKE
2024-08-01,74.69999694824219,74.79000091552734,73.26000213623047,73.8499984741211,69.63021850585938,9563500,NKE
2024-08-02,72.83000183105469,74.12999725341797,71.91999816894531,74.01000213623047,69.78108215332031,11526600,NKE
2024-08-05,71.05999755859375,72.62000274658203,70.75,71.41999816894531,67.33908081054688,13191500,NKE
2024-08-06,71.66000366210938,73.23999786376953,71.51000213623047,72.5,68.35736846923828,13469700,NKE
2024-08-07,72.87999725341797,74.20999908447266,72.52999877929688,72.62000274658203,68.47051239013672,9571200,NKE
2024-08-08,73.2300033569336,74.20999908447266,73.05000305175781,74.19000244140625,69.95079040527344,8828000,NKE
2024-08-09,74.12000274658203,74.58000183105469,73.37000274658203,74.33999633789062,70.09223175048828,7186600,NKE
2024-08-12,74.70999908447266,75.0,74.05000305175781,74.63999938964844,70.37508392333984,7067300,NKE
2024-08-13,75.25,79.05000305175781,75.06999969482422,78.5,74.01453399658203,22114800,NKE
2024-08-14,78.0,79.08999633789062,77.41999816894531,78.5199966430664,74.03337097167969,13613000,NKE
2024-08-15,82.0999984741211,83.05999755859375,80.66999816894531,82.5,77.78596496582031,23583600,NKE
2024-08-16,82.87999725341797,83.94000244140625,82.44000244140625,83.2300033569336,78.47425842285156,13794200,NKE
2024-08-19,83.2300033569336,83.98999786376953,82.91999816894531,83.27999877929688,78.5213851928711,9627300,NKE
2024-08-20,83.48999786376953,83.9000015258789,82.7699966430664,83.55999755859375,78.785400390625,7863100,NKE
2024-08-21,83.66999816894531,84.23999786376953,83.22000122070312,84.0,79.20026397705078,6915900,NKE
2024-08-22,84.44999694824219,84.68000030517578,83.20999908447266,83.41000366210938,78.64397430419922,8485500,NKE
2024-08-23,83.33999633789062,84.23999786376953,83.22000122070312,84.05000305175781,79.24739837646484,9219700,NKE
2024-08-26,83.47000122070312,84.51000213623047,83.37999725341797,84.27999877929688,79.4642562866211,7853300,NKE
2024-08-27,84.06999969482422,85.38999938964844,83.61000061035156,85.29000091552734,80.41654968261719,14954000,NKE
2024-08-28,85.05000305175781,85.43000030517578,81.87999725341797,82.79000091552734,78.05940246582031,11088600,NKE
2024-08-29,83.44999694824219,83.88999938964844,82.86000061035156,83.26000213623047,78.5025405883789,7477200,NKE
2024-08-30,83.5999984741211,83.87999725341797,82.05000305175781,83.31999969482422,78.55911254882812,13755300,NKE
2024-09-03,82.70999908447266,82.94000244140625,81.01000213623047,81.31999969482422,77.0154037475586,10133700,NKE
2024-09-04,80.0999984741211,81.08999633789062,79.66999816894531,81.0199966430664,76.73126983642578,12837400,NKE
2024-09-05,81.12999725341797,81.23999786376953,80.20999908447266,80.83000183105469,76.55133056640625,7596300,NKE
2024-09-06,80.87999725341797,81.87999725341797,80.3499984741211,80.62999725341797,76.3619155883789,8512200,NKE
2024-09-09,80.75,81.58000183105469,79.0199966430664,79.48999786376953,75.28227233886719,8003300,NKE
2024-09-10,79.55999755859375,79.55999755859375,77.55000305175781,78.08999633789062,73.95636749267578,9748400,NKE
2024-09-11,78.0,78.58999633789062,76.73999786376953,78.4000015258789,74.24996185302734,8265500,NKE
2024-09-12,78.2300033569336,79.06999969482422,77.52999877929688,78.4000015258789,74.24996185302734,7176900,NKE
2024-09-13,78.30000305175781,79.48999786376953,78.11000061035156,79.01000213623047,74.82766723632812,5814200,NKE
2024-09-16,79.33000183105469,79.98999786376953,78.69000244140625,79.80000305175781,75.57585144042969,9547700,NKE
2024-09-17,80.01000213623047,80.9800033569336,79.86000061035156,80.63999938964844,76.37139129638672,7580600,NKE
2024-09-18,80.66000366210938,81.76000213623047,80.2300033569336,80.9000015258789,76.61762237548828,7637000,NKE
2024-09-19,82.5999984741211,83.12000274658203,80.47000122070312,80.9800033569336,76.69339752197266,15067100,NKE
2024-09-20,87.87000274658203,88.0,84.80999755859375,86.5199966430664,81.94014739990234,52039300,NKE
2024-09-23,85.4000015258789,86.52999877929688,85.05000305175781,86.19999694824219,81.63707733154297,17712400,NKE
2024-09-24,87.44000244140625,88.27999877929688,86.66000366210938,87.45999908447266,82.83037567138672,21123300,NKE
2024-09-25,87.8499984741211,88.0999984741211,87.23999786376953,88.0,83.34180450439453,12392800,NKE
2024-09-26,89.91999816894531,90.62000274658203,89.05000305175781,89.38999938964844,84.65821838378906,13592800,NKE
2024-09-27,89.44999694824219,90.26000213623047,89.20999908447266,89.44000244140625,84.70557403564453,9181000,NKE
2024-09-30,89.69999694824219,89.75,87.7300033569336,88.4000015258789,83.72062683105469,12027100,NKE
2024-10-01,88.0,89.63999938964844,87.70999908447266,89.12999725341797,84.41197204589844,20623400,NKE
2024-10-02,82.88999938964844,85.2300033569336,81.7699966430664,83.0999984741211,78.70115661621094,33208800,NKE
2024-10-03,82.4000015258789,83.77999877929688,81.9800033569336,82.0999984741211,77.75410461425781,18143800,NKE
2024-10-04,82.62999725341797,83.54000091552734,82.0999984741211,82.25,77.89617156982422,10322600,NKE
2024-10-07,82.13999938964844,82.47000122070312,80.08999633789062,80.83000183105469,76.55133056640625,12767400,NKE
2024-10-08,80.75,81.41999816894531,79.93000030517578,80.7699966430664,76.49449920654297,10569600,NKE
2024-10-09,81.13999938964844,82.93000030517578,81.06999969482422,82.44999694824219,78.08557891845703,11750600,NKE
2024-10-10,83.4000015258789,83.44999694824219,82.02999877929688,82.0999984741211,77.75410461425781,8370200,NKE
2024-10-11,82.04000091552734,82.2699966430664,81.18000030517578,82.1500015258789,77.80147552490234,10171100,NKE
2024-10-14,82.0,82.04000091552734,80.80000305175781,81.5999984741211,77.28057861328125,8177700,NKE
2024-10-15,81.05000305175781,82.72000122070312,81.05000305175781,82.12000274658203,77.7730484008789,11804400,NKE
2024-10-16,82.13999938964844,84.08999633789062,82.05000305175781,83.94000244140625,79.49671173095703,11220600,NKE
2024-10-17,84.11000061035156,84.76000213623047,83.37999725341797,83.4000015258789,78.98529052734375,9204500,NKE
2024-10-18,83.77999877929688,83.94999694824219,82.62999725341797,82.91999816894531,78.53070068359375,7214800,NKE
2024-10-21,82.8499984741211,83.08999633789062,81.44000244140625,81.4800033569336,77.16692352294922,7550200,NKE
2024-10-22,81.3499984741211,82.41999816894531,81.2300033569336,81.41999816894531,77.11009216308594,7308800,NKE
2024-10-23,81.0,81.04000091552734,79.79000091552734,80.05000305175781,75.8126220703125,7253100,NKE
2024-10-24,80.5,80.80000305175781,79.02999877929688,79.04000091552734,74.85608673095703,7424500,NKE
2024-10-25,79.22000122070312,79.58000183105469,78.5199966430664,78.8499984741211,74.6761474609375,9385400,NKE
2024-10-28,79.31999969482422,79.63999938964844,78.81999969482422,78.91000366210938,74.73296356201172,6617200,NKE
2024-10-29,78.87999725341797,79.47000122070312,78.19999694824219,78.4000015258789,74.24996185302734,7241100,NKE
2024-10-30,78.0,78.11000061035156,76.41999816894531,76.44999694824219,72.40318298339844,15691300,NKE
2024-10-31,76.19999694824219,77.33999633789062,75.19999694824219,77.12999725341797,73.04718017578125,13990100,NKE
2024-11-01,77.05000305175781,78.12999725341797,76.95999908447266,78.05999755859375,73.9279556274414,9623700,NKE
2024-11-04,77.98999786376953,78.55000305175781,77.11000061035156,77.19000244140625,73.10401916503906,6593800,NKE
2024-11-05,77.25,78.0,77.0,77.9800033569336,73.85218811035156,5629200,NKE
2024-11-06,76.87000274658203,76.94999694824219,75.12000274658203,75.31999969482422,71.33300018310547,16193700,NKE
2024-11-07,75.69999694824219,76.37000274658203,75.20999908447266,75.91999816894531,71.9012451171875,11831100,NKE
2024-11-08,75.5,76.55999755859375,75.25,75.87999725341797,71.86334991455078,8140800,NKE
2024-11-11,76.1500015258789,77.4000015258789,76.0999984741211,76.5999984741211,72.54524993896484,9877200,NKE
2024-11-12,76.45999908447266,77.43000030517578,76.13999938964844,76.66000366210938,72.6020736694336,9013900,NKE
2024-11-13,76.91000366210938,77.29000091552734,76.47000122070312,76.5199966430664,72.469482421875,6835300,NKE
2024-11-14,76.68000030517578,76.9800033569336,75.66999816894531,75.68000030517578,71.67394256591797,6991600,NKE
2024-11-15,76.0,77.6500015258789,75.61000061035156,76.66000366210938,72.6020736694336,13584900,NKE
2024-11-18,76.16000366210938,76.19999694824219,74.25,74.88999938964844,70.92576599121094,12595100,NKE
2024-11-19,74.5,74.7300033569336,73.5999984741211,73.91000366210938,69.99765014648438,12028400,NKE
2024-11-20,73.66000366210938,73.83999633789062,72.70999908447266,73.36000061035156,69.47676086425781,12290300,NKE
2024-11-21,73.36000061035156,75.55999755859375,73.19999694824219,75.0999984741211,71.12464141845703,12818600,NKE
2024-11-22,76.12999725341797,77.5,75.83000183105469,77.4000015258789,73.30290222167969,12248600,NKE
2024-11-25,78.5,79.86000061035156,78.41000366210938,79.26000213623047,75.06444549560547,18328900,NKE
2024-11-26,78.9000015258789,78.9000015258789,77.56999969482422,77.61000061035156,73.50178527832031,9495600,NKE
2024-11-27,77.61000061035156,79.05000305175781,77.58999633789062,78.33999633789062,74.1931381225586,8713500,NKE
2024-11-29,78.19999694824219,79.18000030517578,78.02999877929688,78.7699966430664,74.60037231445312,7123500,NKE
2024-12-02,77.91999816894531,79.0999984741211,77.19999694824219,79.08999633789062,75.28573608398438,11221000,NKE
2024-12-03,79.0,79.4000015258789,77.61000061035156,78.86000061035156,75.06680297851562,9414500,NKE
2024-12-04,77.81999969482422,78.51000213623047,77.0999984741211,78.37000274658203,74.60037231445312,15042600,NKE
2024-12-05,78.26000213623047,78.9000015258789,78.0999984741211,78.58000183105469,74.80027770996094,8316500,NKE
2024-12-06,79.22000122070312,81.18000030517578,78.83999633789062,78.88999938964844,75.0953598022461,13931100,NKE
2024-12-09,79.44000244140625,79.44999694824219,77.5199966430664,77.63999938964844,73.90548706054688,12043400,NKE
2024-12-10,77.5,78.08000183105469,76.62000274658203,76.73999786376953,73.04878234863281,12193100,NKE
2024-12-11,76.79000091552734,78.9800033569336,76.30999755859375,78.8499984741211,75.05729675292969,12033200,NKE
2024-12-12,78.70999908447266,79.37000274658203,77.86000061035156,77.95999908447266,74.21009063720703,6983200,NKE
2024-12-13,77.3499984741211,77.83000183105469,76.7699966430664,77.25,73.53424835205078,8037300,NKE
2024-12-16,76.76000213623047,79.0199966430664,76.66000366210938,77.19999694824219,73.48664855957031,13034000,NKE
2024-12-17,77.36000061035156,78.7699966430664,77.25,78.0,74.2481689453125,12452400,NKE
2024-12-18,77.9800033569336,79.0,76.83999633789062,76.9000015258789,73.20108795166016,14376900,NKE
2024-12-19,76.94000244140625,77.94000244140625,76.43000030517578,77.0999984741211,73.39146423339844,27067600,NKE
2024-12-20,75.95999908447266,78.0,74.86000061035156,76.94000244140625,73.2391586303711,49883400,NKE
2024-12-23,76.33000183105469,78.41000366210938,75.73999786376953,76.76000213623047,73.06781768798828,14203800,NKE
2024-12-24,76.75,77.11000061035156,76.36000061035156,76.79000091552734,73.09637451171875,4919100,NKE
2024-12-26,76.5999984741211,77.45999908447266,76.54000091552734,76.94000244140625,73.2391586303711,6363500,NKE
2024-12-27,76.5199966430664,76.93000030517578,75.80000305175781,76.41999816894531,72.74417877197266,6334400,NKE
2024-12-30,75.5999984741211,75.7699966430664,74.55000305175781,74.6500015258789,71.05931854248047,9042900,NKE
2024-12-31,74.9000015258789,76.38999938964844,74.77999877929688,75.66999816894531,72.0302505493164,9425600,NKE
2025-01-02,76.25,76.69000244140625,73.23999786376953,73.66999816894531,70.1264419555664,10883400,NKE
2025-01-03,73.91999816894531,74.19000244140625,73.01000213623047,73.30999755859375,69.78376770019531,10083500,NKE
2025-01-06,73.75,74.31999969482422,71.97000122070312,72.0,68.5367660522461,14947300,NKE
2025-01-07,72.4000015258789,73.44000244140625,71.9800033569336,72.08999633789062,68.62244415283203,10463500,NKE
2025-01-08,71.55999755859375,71.81999969482422,71.01000213623047,71.29000091552734,67.86092376708984,11855000,NKE
2025-01-10,71.8499984741211,72.38999938964844,71.08999633789062,71.19999694824219,67.77525329589844,15677400,NKE
2025-01-13,71.16999816894531,72.5999984741211,70.77999877929688,72.08000183105469,68.61293029785156,14584300,NKE
2025-01-14,72.06999969482422,72.20999908447266,70.52999877929688,71.16999816894531,67.7467041015625,16732900,NKE
2025-01-15,71.98999786376953,72.25,70.83999633789062,71.06999969482422,67.6515121459961,13468100,NKE
2025-01-16,70.9000015258789,71.2300033569336,70.31999969482422,71.11000061035156,67.68958282470703,13694600,NKE
2025-01-17,71.43000030517578,71.5199966430664,70.83999633789062,70.83999633789062,67.43256378173828,9711300,NKE
2025-01-21,71.30000305175781,73.2699966430664,71.13999938964844,73.16999816894531,69.6504898071289,14199900,NKE
2025-01-22,73.37999725341797,74.69999694824219,73.01000213623047,74.04000091552734,70.4786605834961,13029300,NKE
2025-01-23,73.33999633789062,74.5,72.37000274658203,74.29000091552734,70.71663665771484,10677400,NKE
2025-01-24,74.06999969482422,74.25,73.25,73.56999969482422,70.03125762939453,8106700,NKE
2025-01-27,73.44000244140625,75.8499984741211,73.41999816894531,75.58000183105469,71.944580078125,11665400,NKE
2025-01-28,75.33000183105469,75.5999984741211,74.16000366210938,74.38999938964844,70.81181335449219,8694400,NKE
2025-01-29,74.44999694824219,77.11000061035156,74.31999969482422,76.58000183105469,72.89647674560547,11764800,NKE
2025-01-30,76.8499984741211,78.7699966430664,76.8499984741211,78.33000183105469,74.56230163574219,10902100,NKE
2025-01-31,78.11000061035156,78.86000061035156,76.76000213623047,76.9000015258789,73.20108795166016,13098000,NKE
2025-02-03,74.9000015258789,76.69000244140625,73.22000122070312,76.58999633789062,72.9059829711914,18539200,NKE
2025-02-04,77.55000305175781,78.16000366210938,76.04000091552734,76.72000122070312,73.02975463867188,11943700,NKE
2025-02-05,76.30000305175781,76.79000091552734,74.4000015258789,74.56999969482422,70.983154296875,9807400,NKE
2025-02-06,75.23999786376953,75.4000015258789,71.62999725341797,71.73999786376953,68.28927612304688,16059400,NKE
2025-02-07,70.55999755859375,70.80999755859375,68.62000274658203,68.68000030517578,65.37648010253906,27428700,NKE
2025-02-10,69.36000061035156,70.94999694824219,69.12000274658203,70.94000244140625,67.52776336669922,16201300,NKE
2025-02-11,70.56999969482422,71.98999786376953,70.51000213623047,71.33999633789062,67.90851593017578,9636600,NKE
2025-02-12,70.5999984741211,72.44999694824219,70.33000183105469,72.26000213623047,68.78426361083984,10810900,NKE
2025-02-13,72.44999694824219,73.5999984741211,71.62999725341797,73.20999908447266,69.6885757446289,9739600,NKE
2025-02-14,73.16999816894531,73.5,72.33999633789062,73.04000091552734,69.52674865722656,9254400,NKE
2025-02-18,74.5,77.68000030517578,74.5,77.58999633789062,73.85789489746094,28252400,NKE
2025-02-19,76.81999969482422,77.68000030517578,76.08999633789062,76.77999877929688,73.08685302734375,14184100,NKE
2025-02-20,76.91000366210938,77.2699966430664,76.33999633789062,77.2300033569336,73.51521301269531,10689600,NKE
2025-02-21,77.4000015258789,77.98999786376953,75.86000061035156,76.5,72.82032012939453,12823400,NKE
2025-02-24,78.87999725341797,81.08999633789062,78.75,80.27999877929688,76.41851043701172,24553500,NKE
2025-02-25,80.30999755859375,81.95999908447266,80.05000305175781,81.72000122070312,77.78925323486328,15522500,NKE
2025-02-26,82.0999984741211,82.44000244140625,80.83999633789062,81.16999816894531,77.26569366455078,16058100,NKE
2025-02-27,81.48999786376953,81.48999786376953,79.45999908447266,80.0199966430664,76.17100524902344,11651900,NKE
2025-02-28,79.25,80.0199966430664,78.18000030517578,79.43000030517578,75.60939025878906,14113800,NKE
2025-03-03,79.98999786376953,80.95999908447266,77.88999938964844,78.41000366210938,75.0162353515625,8628800,NKE
2025-03-04,77.69999694824219,78.6500015258789,76.77999877929688,77.31999969482422,73.97339630126953,10034100,NKE
2025-03-05,77.33000183105469,78.30999755859375,76.45999908447266,77.80999755859375,74.44219970703125,9853600,NKE
2025-03-06,76.73999786376953,78.33000183105469,76.73999786376953,77.70999908447266,74.34652709960938,9623700,NKE
2025-03-07,77.4800033569336,79.0,76.97000122070312,78.58999633789062,75.18843078613281,9294300,NKE
2025-03-10,77.51000213623047,80.19000244140625,76.05999755859375,76.4000015258789,73.09323120117188,15822600,NKE
2025-03-11,75.91000366210938,76.08000183105469,73.62000274658203,74.16999816894531,70.9597396850586,12837000,NKE
2025-03-12,74.36000061035156,74.5,73.2300033569336,73.58000183105469,70.39527893066406,12304900,NKE
2025-03-13,73.18000030517578,73.94000244140625,71.66999816894531,72.63999938964844,69.4959716796875,10195900,NKE
2025-03-14,73.27999877929688,73.54000091552734,71.31999969482422,71.66000366210938,68.55838775634766,12183000,NKE
2025-03-17,72.13999938964844,73.94999694824219,72.02999877929688,73.69999694824219,70.51007843017578,15996900,NKE
2025-03-18,73.88999938964844,74.16000366210938,72.72000122070312,73.30999755859375,70.136962890625,8972300,NKE
2025-03-19,72.63999938964844,73.43000030517578,72.29000091552734,72.98999786376953,69.83081817626953,10830500,NKE
2025-03-20,72.91999816894531,73.6500015258789,71.5199966430664,71.86000061035156,68.74971771240234,25202300,NKE
2025-03-21,66.58999633789062,68.7300033569336,65.16999816894531,67.94000244140625,64.9993896484375,77287000,NKE
2025-03-24,68.55999755859375,68.88999938964844,66.69000244140625,67.38999938964844,64.47319793701172,26552500,NKE
2025-03-25,67.55999755859375,68.05000305175781,66.23999786376953,66.54000091552734,63.65999221801758,17394100,NKE
2025-03-26,66.37999725341797,66.58999633789062,64.94999694824219,65.73999786376953,62.89461135864258,18688300,NKE
2025-03-27,65.5,67.0999984741211,65.29000091552734,65.80000305175781,62.952022552490234,16435800,NKE
2025-03-28,65.86000061035156,65.86000061035156,63.13999938964844,63.290000915527344,60.5506591796875,19600300,NKE
2025-03-31,62.84000015258789,63.9900016784668,62.650001525878906,63.47999954223633,60.7324333190918,17400000,NKE
2025-04-01,63.83000183105469,65.16000366210938,63.29999923706055,64.76000213623047,61.95703887939453,13489500,NKE
2025-04-02,64.30000305175781,65.4000015258789,64.16000366210938,64.95999908447266,62.148372650146484,11161400,NKE
2025-04-03,56.369998931884766,58.68000030517578,55.400001525878906,55.58000183105469,53.17436218261719,71499500,NKE
2025-04-04,53.220001220703125,59.220001220703125,52.5,57.25,54.7720832824707,67775700,NKE
2025-04-07,55.400001525878906,57.18000030517578,53.400001525878906,55.61000061035156,53.203067779541016,45374400,NKE
2025-04-08,58.77000045776367,58.77000045776367,52.369998931884766,53.27000045776367,50.96434783935547,30404300,NKE
2025-04-09,53.279998779296875,59.54999923706055,52.47999954223633,59.31999969482422,56.75248718261719,44732500,NKE
2025-04-10,57.22999954223633,57.25,52.279998779296875,54.400001525878906,52.04543685913086,53919800,NKE
2025-04-11,54.400001525878906,55.029998779296875,52.86000061035156,54.38999938964844,52.03587341308594,22617100,NKE
2025-04-14,55.63999938964844,56.689998626708984,54.66999816894531,55.40999984741211,53.01172637939453,28346600,NKE
2025-04-15,54.68000030517578,55.38999938964844,54.16999816894531,54.83000183105469,52.45682907104492,15977100,NKE
2025-04-16,54.720001220703125,55.150001525878906,53.34000015258789,53.54999923706055,51.23222732543945,19094900,NKE
2025-04-17,53.81999969482422,56.02000045776367,53.650001525878906,55.7599983215332,53.3465690612793,18935100,NKE
2025-04-21,55.22999954223633,56.36000061035156,53.5,56.119998931884766,53.69098663330078,17280900,NKE
2025-04-22,56.650001525878906,58.09000015258789,56.2400016784668,57.060001373291016,54.590309143066406,16852200,NKE
2025-04-23,59.0,59.20000076293945,56.70000076293945,57.38999938964844,54.9060173034668,21660300,NKE
2025-04-24,57.810001373291016,58.70000076293945,57.130001068115234,58.47999954223633,55.94884490966797,14508500,NKE
2025-04-25,58.209999084472656,58.25,56.61000061035156,57.619998931884766,55.126068115234375,17156000,NKE
2025-04-28,57.72999954223633,58.08000183105469,56.79999923706055,57.310001373291016,54.82948303222656,13321200,NKE
2025-04-29,57.0,57.7400016784668,56.7400016784668,57.540000915527344,55.049530029296875,12968000,NKE
2025-04-30,55.86000061035156,56.59000015258789,54.75,56.400001525878906,53.95887756347656,17205900,NKE
2025-05-01,56.68000030517578,57.209999084472656,56.2599983215332,56.7599983215332,54.303287506103516,10527000,NKE
2025-05-02,57.869998931884766,58.70000076293945,57.310001373291016,58.59000015258789,56.05408477783203,14723900,NKE
2025-05-05,58.119998931884766,58.34000015258789,57.290000915527344,57.349998474121094,54.86774826049805,15971000,NKE
2025-05-06,57.150001525878906,57.720001220703125,56.790000915527344,57.040000915527344,54.57117462158203,11440300,NKE
2025-05-07,57.869998931884766,58.810001373291016,57.560001373291016,58.619998931884766,56.08278274536133,11883500,NKE
2025-05-08,59.689998626708984,60.38999938964844,58.79999923706055,58.90999984741211,56.3602294921875,19009000,NKE
2025-05-09,59.13999938964844,59.380001068115234,58.220001220703125,58.29999923706055,55.77663803100586,13954400,NKE
2025-05-12,62.380001068115234,63.470001220703125,61.810001373291016,62.58000183105469,59.87138748168945,29776600,NKE
2025-05-13,62.61000061035156,62.779998779296875,61.970001220703125,62.38999938964844,59.689605712890625,17003100,NKE
2025-05-14,62.04999923706055,62.869998931884766,61.52000045776367,61.72999954223633,59.05817413330078,13736300,NKE
2025-05-15,60.63999938964844,62.68000030517578,60.41999816894531,62.400001525878906,59.69917297363281,14371100,NKE
2025-05-16,62.5,63.75,62.5,63.11000061035156,60.37845230102539,12950600,NKE
2025-05-19,62.150001525878906,62.43000030517578,61.7599983215332,62.08000183105469,59.39303207397461,15105300,NKE
2025-05-20,62.5,63.189998626708984,62.279998779296875,62.560001373291016,59.85225296020508,10771800,NKE
2025-05-21,61.16999816894531,61.7599983215332,59.880001068115234,59.97999954223633,57.3839225769043,17354700,NKE
2025-05-22,60.58000183105469,61.619998931884766,60.15999984741211,61.31999969482422,58.665924072265625,16764500,NKE
2025-05-23,59.86000061035156,60.380001068115234,59.4900016784668,60.02000045776367,57.42219161987305,14282400,NKE
2025-05-27,61.130001068115234,62.84000015258789,60.84000015258789,62.83000183105469,60.110565185546875,16642100,NKE
2025-05-28,62.7400016784668,63.11000061035156,61.560001373291016,61.779998779296875,59.10600662231445,10015600,NKE
2025-05-29,62.4900016784668,62.900001525878906,61.130001068115234,61.439998626708984,58.780731201171875,12218000,NKE
2025-05-30,61.0,61.119998931884766,60.099998474121094,60.59000015258789,57.9675178527832,18155100,NKE
2025-06-02,60.04999923706055,61.599998474121094,59.599998474121094,61.56999969482422,59.29655838012695,14065300,NKE
2025-06-03,61.2400016784668,62.45000076293945,60.459999084472656,62.369998931884766,60.06702423095703,10286100,NKE
2025-06-04,62.380001068115234,63.040000915527344,62.27000045776367,62.77000045776367,60.45225524902344,10242300,NKE
2025-06-05,62.939998626708984,63.65999984741211,62.22999954223633,62.66999816894531,60.3559455871582,12336300,NKE
2025-06-06,62.66999816894531,63.09000015258789,62.119998931884766,62.79999923706055,60.48114776611328,13299600,NKE
2025-06-09,63.29999923706055,63.4900016784668,61.880001068115234,61.90999984741211,59.62400817871094,11640000,NKE
2025-06-10,62.380001068115234,64.16000366210938,62.25,63.869998931884766,61.51163101196289,15287000,NKE
2025-06-11,64.4000015258789,64.8499984741211,62.58000183105469,63.11000061035156,60.779701232910156,10238700,NKE
2025-06-12,62.7400016784668,62.93000030517578,61.7599983215332,62.79999923706055,60.48114776611328,9830500,NKE
2025-06-13,61.75,62.779998779296875,60.11000061035156,60.529998779296875,58.29495620727539,16509700,NKE
2025-06-16,61.380001068115234,62.18000030517578,61.2400016784668,61.900001525878906,59.614376068115234,13681600,NKE
2025-06-17,61.29999923706055,61.29999923706055,59.68000030517578,60.0,57.78453826904297,13649700,NKE
2025-06-18,60.0,60.45000076293945,59.369998931884766,59.5099983215332,57.312625885009766,14194300,NKE
2025-06-20,59.75,60.040000915527344,59.189998626708984,59.790000915527344,57.5822868347168,19084000,NKE
2025-06-23,59.58000183105469,61.29999923706055,59.439998626708984,60.779998779296875,58.535736083984375,15921300,NKE
2025-06-24,61.33000183105469,61.97999954223633,60.47999954223633,61.41999816894531,59.152099609375,12564000,NKE
2025-06-25,61.45000076293945,61.529998779296875,60.36000061035156,60.83000183105469,58.58388900756836,12186200,NKE
2025-06-26,61.560001373291016,62.72999954223633,60.81999969482422,62.540000915527344,60.23074722290039,39659800,NKE
2025-06-27,69.79000091552734,74.19000244140625,69.69000244140625,72.04000091552734,69.37996673583984,117530300,NKE
2025-06-30,71.44999694824219,71.70999908447266,70.05999755859375,71.04000091552734,68.41688537597656,31090400,NKE
2025-07-01,71.98999786376953,73.94000244140625,71.83000183105469,73.41000366210938,70.69938659667969,27512900,NKE
2025-07-02,73.16999816894531,76.83999633789062,73.0,76.38999938964844,73.5693359375,36882300,NKE
2025-07-03,76.2699966430664,77.02999877929688,75.58000183105469,76.38999938964844,73.5693359375,12022600,NKE
2025-07-07,76.04000091552734,77.5,75.8499984741211,76.52999877929688,73.70417022705078,17296900,NKE
2025-07-08,76.12999725341797,76.30000305175781,73.6500015258789,73.91999816894531,71.19054412841797,19572400,NKE
2025-07-09,74.12999725341797,74.91999816894531,73.41999816894531,73.55999755859375,70.84383392333984,12076700,NKE
2025-07-10,73.12000274658203,75.5,72.94999694824219,74.62000274658203,71.86470794677734,13033000,NKE
2025-07-11,73.69000244140625,73.83999633789062,72.4000015258789,72.62999725341797,69.94817352294922,12771400,NKE
2025-07-14,72.33999633789062,72.58000183105469,71.02999877929688,72.25,69.58222198486328,11385400,NKE
2025-07-15,72.26000213623047,72.87999725341797,71.58000183105469,71.98999786376953,69.33180236816406,9708300,NKE
2025-07-16,71.9000015258789,72.70999908447266,71.1500015258789,72.0999984741211,69.437744140625,9008600,NKE
2025-07-17,72.12000274658203,73.20999908447266,72.04000091552734,72.9800033569336,70.2852554321289,9180400,NKE
2025-07-18,73.27999877929688,73.27999877929688,72.12000274658203,72.47000122070312,69.79408264160156,8801000,NKE
2025-07-21,72.93000030517578,74.80999755859375,72.91000366210938,74.0199966430664,71.28684997558594,12743900,NKE
2025-07-22,74.06999969482422,75.54000091552734,74.04000091552734,75.38999938964844,72.60626983642578,11297500,NKE
2025-07-23,76.1500015258789,77.20999908447266,75.81999969482422,76.75,73.91605377197266,16428100,NKE
2025-07-24,76.51000213623047,77.54000091552734,75.41000366210938,75.41999816894531,72.63516235351562,10037800,NKE
2025-07-25,75.91000366210938,76.56999969482422,75.52999877929688,76.2699966430664,73.45377349853516,7208400,NKE
2025-07-28,79.0,79.98999786376953,77.55999755859375,79.23999786376953,76.31410217285156,22631100,NKE
2025-07-29,78.76000213623047,79.37000274658203,77.76000213623047,78.33000183105469,75.43771362304688,12885500,NKE
2025-07-30,77.77999877929688,78.30000305175781,75.95999908447266,76.68000030517578,73.8486328125,14601700,NKE
2025-07-31,76.3499984741211,76.4000015258789,74.30999755859375,74.69000244140625,71.93212127685547,16700000,NKE
2025-08-01,73.44000244140625,74.69999694824219,72.52999877929688,74.62000274658203,71.86470794677734,11911600,NKE
2025-08-04,75.02999877929688,75.26000213623047,74.16000366210938,74.81999969482422,72.05730438232422,8839000,NKE
2025-08-05,74.91000366210938,75.70999908447266,74.23999786376953,74.37999725341797,71.63355255126953,6533800,NKE
2025-08-06,74.47000122070312,75.9800033569336,74.25,75.4800033569336,72.69293975830078,7579800,NKE
2025-08-07,76.31999969482422,76.3499984741211,74.0,74.3499984741211,71.60466766357422,8717600,NKE
2025-08-08,74.19999694824219,74.95999908447266,73.38999938964844,74.19000244140625,71.45057678222656,6739000,NKE
2025-08-11,74.31999969482422,74.79000091552734,73.05000305175781,74.0199966430664,71.28684997558594,6985700,NKE
2025-08-12,74.72000122070312,75.72000122070312,74.33999633789062,74.9000015258789,72.13436126708984,6397700,NKE
2025-08-13,75.4800033569336,77.69000244140625,75.19000244140625,77.19999694824219,74.34943389892578,13472600,NKE
2025-08-14,75.91000366210938,76.5999984741211,75.3499984741211,76.38999938964844,73.5693359375,7990500,NKE
2025-08-15,76.73999786376953,77.5,76.16000366210938,76.97000122070312,74.12792205810547,9767700,NKE
2025-08-18,77.11000061035156,78.26000213623047,76.8499984741211,77.43000030517578,74.57093811035156,9069100,NKE
2025-08-19,78.19999694824219,78.79000091552734,76.68000030517578,76.87999725341797,74.04124450683594,7684800,NKE
2025-08-20,76.69000244140625,77.55999755859375,76.16000366210938,76.26000213623047,73.44414520263672,6282600,NKE
2025-08-21,75.69999694824219,76.2300033569336,75.12999725341797,76.18000030517578,73.36710357666016,6354900,NKE
2025-08-22,76.54000091552734,79.13999938964844,76.25,78.37999725341797,75.4858627319336,10985900,NKE
2025-08-25,78.47000122070312,80.16999816894531,78.38999938964844,79.16999816894531,76.24668884277344,12488900,NKE
2025-08-26,79.0,79.4800033569336,78.37999725341797,78.6500015258789,75.74588775634766,6874800,NKE
2025-08-27,78.95999908447266,79.51000213623047,77.6500015258789,78.05999755859375,75.17767333984375,12636700,NKE
2025-08-28,78.58000183105469,78.66000366210938,77.72000122070312,77.91999816894531,75.0428466796875,7478600,NKE
2025-08-29,77.75,79.12999725341797,77.12000274658203,77.37000274658203,74.51315307617188,14208800,NKE
2025-09-02,75.63999938964844,76.05000305175781,74.0,74.29000091552734,71.91870880126953,15078700,NKE
2025-09-03,74.4000015258789,75.18000030517578,73.91000366210938,74.73999786376953,72.35433197021484,8300100,NKE
2025-09-04,74.75,75.7699966430664,74.51000213623047,75.3499984741211,72.94486236572266,11096200,NKE
2025-09-05,74.80000305175781,75.41000366210938,73.62999725341797,73.91000366210938,71.55083465576172,13758400,NKE
2025-09-08,74.26000213623047,74.58000183105469,73.70999908447266,74.1500015258789,71.78317260742188,13793300,NKE
2025-09-09,73.98999786376953,74.55000305175781,73.05000305175781,73.5999984741211,71.250732421875,8740200,NKE
2025-09-10,75.25,75.45999908447266,73.33000183105469,74.25,71.8799819946289,11359300,NKE
2025-09-11,74.41000366210938,75.52999877929688,74.01000213623047,74.33000183105469,71.95742797851562,9803400,NKE
2025-09-12,74.23999786376953,74.27999877929688,71.93000030517578,73.0,70.66987609863281,11806000,NKE
2025-09-15,73.18000030517578,73.20999908447266,72.58000183105469,73.02999877929688,70.69892120361328,10323800,NKE
2025-09-16,72.80000305175781,73.37999725341797,72.08999633789062,72.75,70.42786407470703,8813600,NKE
2025-09-17,73.06999969482422,73.31999969482422,71.61000061035156,72.30999755859375,70.00189971923828,11108700,NKE
2025-09-18,73.44000244140625,73.5999984741211,71.62999725341797,72.0999984741211,69.79859924316406,14918400,NKE
2025-09-19,72.01000213623047,72.25,70.73999786376953,70.88999938964844,68.62723541259766,33415600,NKE
2025-09-22,70.79000091552734,72.48999786376953,70.43000030517578,71.27999877929688,69.00477600097656,12336300,NKE
2025-09-23,71.56999969482422,72.41999816894531,70.7300033569336,70.93000030517578,68.66595458984375,10432400,NKE
2025-09-24,70.66999816894531,71.52999877929688,70.44999694824219,71.22000122070312,68.94669342041016,10024500,NKE
2025-09-25,71.16000366210938,71.16000366210938,69.05000305175781,69.23999786376953,67.02989196777344,13075300,NKE
2025-09-26,69.37999725341797,69.44000244140625,68.02999877929688,69.30999755859375,67.09766387939453,15627600,NKE
2025-09-29,69.7699966430664,69.95999908447266,68.73999786376953,69.55000305175781,67.32999420166016,18479300,NKE
2025-09-30,70.06999969482422,70.20999908447266,68.81999969482422,69.7300033569336,67.50425720214844,40567700,NKE
2025-10-01,74.3499984741211,74.69000244140625,71.61000061035156,74.19999694824219,71.83157348632812,57921900,NKE
2025-10-02,75.0,76.97000122070312,73.87999725341797,74.56999969482422,72.18976593017578,26254400,NKE
2025-10-03,74.77999877929688,74.77999877929688,71.91999816894531,71.93000030517578,69.634033203125,18794900,NKE
2025-10-06,72.0199966430664,72.38999938964844,71.01000213623047,71.16999816894531,68.89828491210938,14039600,NKE
2025-10-07,71.2300033569336,71.58000183105469,68.9000015258789,68.91000366210938,66.71043395996094,17368000,NKE
2025-10-08,68.91000366210938,69.43000030517578,68.66999816894531,69.08999633789062,66.88468170166016,13051800,NKE
2025-10-09,69.55000305175781,69.66000366210938,67.88999938964844,68.05999755859375,65.88755798339844,13410900,NKE
2025-10-10,68.18000030517578,68.48999786376953,64.87999725341797,65.22000122070312,63.13821792602539,18806100,NKE
2025-10-13,65.69999694824219,67.5199966430664,65.55000305175781,67.37999725341797,65.22926330566406,13191200,NKE
2025-10-14,66.47000122070312,68.0,66.05999755859375,67.63999938964844,65.48096466064453,9483700,NKE
2025-10-15,68.58000183105469,69.52999877929688,68.12999725341797,68.45999908447266,66.27479553222656,13001500,NKE
2025-10-16,68.5999984741211,69.04000091552734,66.58000183105469,66.83999633789062,64.70650482177734,15349700,NKE
2025-10-17,66.62999725341797,67.7699966430664,66.31999969482422,67.37000274658203,65.21958923339844,10054000,NKE
2025-10-20,67.55999755859375,68.18000030517578,67.47000122070312,67.62000274658203,65.46160888671875,9670000,NKE
2025-10-21,67.75,69.29000091552734,67.41000366210938,68.36000061035156,66.17798614501953,9659200,NKE
2025-10-22,68.22000122070312,69.36000061035156,67.95999908447266,69.08000183105469,66.87500762939453,8096100,NKE
2025-10-23,69.08999633789062,69.88999938964844,68.73999786376953,69.68000030517578,67.45584869384766,9124900,NKE
2025-10-24,69.70999908447266,70.08000183105469,68.91000366210938,69.11000061035156,66.90404510498047,7102900,NKE
2025-10-27,70.04000091552734,70.44000244140625,68.26000213623047,68.58999633789062,66.400634765625,9838100,NKE
2025-10-28,68.11000061035156,68.61000061035156,67.05000305175781,67.43000030517578,65.27767181396484,11262400,NKE
2025-10-29,67.01000213623047,67.19000244140625,64.94999694824219,65.3499984741211,63.26406478881836,15143100,NKE
2025-10-30,65.18000030517578,66.0,64.56999969482422,64.9000015258789,62.828426361083984,13895200,NKE
2025-10-31,65.0,65.25,64.25,64.58999633789062,62.5283203125,17822500,NKE
2025-11-03,64.72000122070312,64.8499984741211,62.34000015258789,62.650001525878906,60.65025329589844,22633300,NKE
2025-11-04,62.41999816894531,62.59000015258789,61.119998931884766,61.22999954223633,59.275569915771484,13725400,NKE
2025-11-05,61.279998779296875,62.849998474121094,60.86000061035156,62.11000061035156,60.12748336791992,20979800,NKE
2025-11-06,61.880001068115234,62.47999954223633,61.66999816894531,61.88999938964844,59.91450119018555,15164600,NKE
2025-11-07,61.7400016784668,62.18000030517578,60.290000915527344,61.09000015258789,59.140037536621094,15504800,NKE
2025-11-10,61.75,62.09000015258789,60.4900016784668,60.79999923706055,58.85929870605469,13063100,NKE
2025-11-11,61.72999954223633,63.599998474121094,61.2400016784668,63.150001525878906,61.1342887878418,17646400,NKE
2025-11-12,64.0999984741211,65.19000244140625,63.7400016784668,64.19999694824219,62.15076446533203,14812200,NKE
2025-11-13,65.70999908447266,66.26000213623047,64.87999725341797,66.02999877929688,63.9223518371582,21923600,NKE
2025-11-14,64.94000244140625,65.05999755859375,63.75,64.16999816894531,62.121726989746094,17760100,NKE
2025-11-17,63.06999969482422,63.540000915527344,62.2599983215332,62.900001525878906,60.892269134521484,17064700,NKE
2025-11-18,62.400001525878906,62.7599983215332,61.68000030517578,62.4900016784668,60.495357513427734,14614600,NKE
2025-11-19,62.43000030517578,63.220001220703125,62.0099983215332,62.63999938964844,60.64056396484375,11732100,NKE
2025-11-20,62.95000076293945,63.83000183105469,61.40999984741211,61.43000030517578,59.46918869018555,13886600,NKE
2025-11-21,62.0099983215332,63.5,61.540000915527344,62.79999923706055,60.79545974731445,12476900,NKE
2025-11-24,62.5099983215332,63.06999969482422,61.93000030517578,61.93000030517578,59.953224182128906,16681700,NKE
2025-11-25,62.34000015258789,64.12000274658203,61.869998931884766,63.68000030517578,61.647369384765625,11527200,NKE
2025-11-26,63.5,64.87000274658203,62.970001220703125,64.33000183105469,62.27662658691406,13791000,NKE
2025-11-28,64.47000122070312,64.77999877929688,63.970001220703125,64.62999725341797,62.567047119140625,4941400,NKE
2025-12-01,63.77000045776367,65.98999786376953,63.58000183105469,65.38999938964844,63.70692825317383,12047300,NKE
2025-12-02,65.44999694824219,65.47000122070312,64.58000183105469,64.93000030517578,63.258766174316406,9051200,NKE
2025-12-03,65.08000183105469,66.66000366210938,64.9800033569336,65.6500015258789,63.960235595703125,12028300,NKE
2025-12-04,65.5999984741211,66.0999984741211,65.01000213623047,65.69000244140625,63.99920654296875,10619500,NKE
2025-12-05,65.69999694824219,66.08000183105469,64.87999725341797,65.86000061035156,64.16483306884766,10917900,NKE
2025-12-08,65.5999984741211,65.80000305175781,63.27000045776367,63.540000915527344,61.904544830322266,12867300,NKE
2025-12-09,63.5099983215332,63.95000076293945,62.970001220703125,63.33000183105469,61.699954986572266,9300200,NKE
2025-12-10,63.97999954223633,66.1500015258789,63.7599983215332,65.79000091552734,64.09663391113281,20302100,NKE
2025-12-11,65.83000183105469,67.81999969482422,65.55999755859375,67.73999786376953,65.99642944335938,16153500,NKE
2025-12-12,68.16999816894531,69.13999938964844,67.12000274658203,67.47000122070312,65.73339080810547,14829200,NKE
2025-12-15,67.41000366210938,68.3499984741211,66.69000244140625,67.77999877929688,66.03541564941406,15287500,NKE
2025-12-16,67.29000091552734,68.19999694824219,66.73999786376953,67.12000274658203,65.39240264892578,16376700,NKE
2025-12-17,66.55999755859375,66.83000183105469,65.62000274658203,65.69000244140625,63.99920654296875,13205500,NKE
2025-12-18,66.01000213623047,67.0,65.4000015258789,65.62999725341797,63.94075012207031,35650000,NKE
2025-12-19,59.20000076293945,60.380001068115234,58.220001220703125,58.709999084472656,57.19886779785156,108652700,NKE
2025-12-22,58.9900016784668,59.08000183105469,57.13999938964844,57.220001220703125,55.747215270996094,38695900,NKE
2025-12-23,57.18000030517578,57.599998474121094,56.9900016784668,57.34000015258789,55.86412811279297,23276700,NKE
2025-12-24,58.880001068115234,60.58000183105469,58.880001068115234,60.0,58.455665588378906,36073300,NKE
2025-12-26,60.0,60.93000030517578,59.86000061035156,60.93000030517578,59.36172103881836,22303600,NKE
2025-12-29,60.540000915527344,61.75,60.5099983215332,61.209999084472656,59.634517669677734,18062100,NKE
2025-12-30,61.29999923706055,61.29999923706055,60.63999938964844,61.189998626708984,59.61503219604492,13507800,NKE
2025-12-31,62.25,64.19999694824219,61.91999816894531,63.709999084472656,62.07017135620117,35457400,NKE
2026-01-02,64.0,64.12999725341797,62.54999923706055,63.279998779296875,61.65123748779297,22284100,NKE
2026-01-05,63.7400016784668,65.37000274658203,63.38999938964844,64.52999877929688,62.86906433105469,23482500,NKE
2026-01-06,64.05999755859375,65.43000030517578,63.40999984741211,65.3499984741211,63.66796112060547,19973200,NKE
2026-01-07,65.5199966430664,65.61000061035156,63.189998626708984,63.220001220703125,61.59278106689453,18284100,NKE
2026-01-08,62.18000030517578,65.73999786376953,61.70000076293945,65.26000213623047,63.58027267456055,21573900,NKE
2026-01-09,65.11000061035156,66.54000091552734,64.4000015258789,65.91999816894531,64.22328186035156,18470400,NKE
2026-01-12,65.25,66.33999633789062,64.23999786376953,65.63999938964844,63.950496673583984,13901100,NKE
2026-01-13,66.25,67.08000183105469,65.8499984741211,66.30000305175781,64.593505859375,13685200,NKE
2026-01-14,66.29000091552734,67.12999725341797,65.04000091552734,65.56999969482422,63.882301330566406,15939100,NKE
2026-01-15,65.76000213623047,65.76000213623047,64.20999908447266,64.58999633789062,62.92751693725586,13295300,NKE
2026-01-16,64.38999938964844,64.58999633789062,63.68000030517578,64.37999725341797,62.722923278808594,15903000,NKE
2026-01-20,63.4900016784668,64.58000183105469,63.02000045776367,63.630001068115234,61.99222946166992,20406000,NKE
2026-01-21,63.880001068115234,65.41999816894531,63.61000061035156,65.41000366210938,63.72642135620117,17166400,NKE
2026-01-22,65.41000366210938,66.55000305175781,65.25,65.45999908447266,63.77513122558594,11853700,NKE
2026-01-23,65.25,65.44999694824219,64.44000244140625,65.04000091552734,63.365936279296875,11243900,NKE
2026-01-26,64.80999755859375,65.63999938964844,64.77999877929688,64.98999786376953,63.317222595214844,14765900,NKE
2026-01-27,64.75,64.83000183105469,62.880001068115234,63.09000015258789,61.46613311767578,13536700,NKE
2026-01-28,63.04999923706055,63.47999954223633,61.970001220703125,62.2400016784668,60.63801193237305,10363600,NKE
2026-01-29,61.93000030517578,62.939998626708984,61.459999084472656,62.599998474121094,60.988739013671875,12739400,NKE
2026-01-30,62.2400016784668,62.52000045776367,61.02000045776367,61.810001373291016,60.21907043457031,14309200,NKE
2026-02-02,61.65999984741211,62.56999969482422,61.150001525878906,62.18000030517578,60.57954788208008,11006300,NKE
2026-02-03,61.779998779296875,62.529998779296875,60.43000030517578,60.93000030517578,59.36172103881836,17322100,NKE
2026-02-04,61.720001220703125,64.41000366210938,61.5099983215332,64.22000122070312,62.567047119140625,20957700,NKE
2026-02-05,64.19000244140625,64.58000183105469,62.09000015258789,62.70000076293945,61.08616638183594,12506200,NKE
2026-02-06,63.0099983215332,64.23999786376953,63.0,63.91999816894531,62.27476501464844,11961500,NKE
2026-02-09,63.56999969482422,63.90999984741211,62.369998931884766,62.40999984741211,60.80363082885742,12920800,NKE
2026-02-10,63.0,64.19000244140625,62.290000915527344,63.040000915527344,61.417415618896484,13003400,NKE
2026-02-11,63.900001525878906,64.01000213623047,61.68000030517578,62.349998474121094,60.745174407958984,15511900,NKE
2026-02-12,62.33000183105469,62.720001220703125,60.849998474121094,61.099998474121094,59.527347564697266,13602400,NKE
2026-02-13,61.59000015258789,63.380001068115234,61.59000015258789,63.130001068115234,61.505104064941406,20180900,NKE
2026-02-17,62.939998626708984,64.81999969482422,62.939998626708984,64.81999969482422,63.1515998840332,12347500,NKE
2026-02-18,64.30999755859375,66.1500015258789,64.30999755859375,65.55000305175781,63.86281204223633,11211500,NKE
2026-02-19,65.19999694824219,65.83999633789062,64.25,65.61000061035156,63.9212646484375,10778300,NKE
2026-02-20,65.30000305175781,68.48999786376953,63.33000183105469,65.4000015258789,63.7166748046875,33436800,NKE
2026-02-23,64.5999984741211,64.97000122070312,62.04999923706055,63.09000015258789,61.46613311767578,17748800,NKE
2026-02-24,63.279998779296875,64.69999694824219,62.599998474121094,64.08999633789062,62.44038391113281,14296100,NKE
2026-02-25,63.88999938964844,64.22000122070312,63.2599983215332,63.400001525878906,61.768150329589844,9500800,NKE
2026-02-26,64.20999908447266,65.05999755859375,63.779998779296875,63.95000076293945,62.303993225097656,10319100,NKE
2026-02-27,62.720001220703125,62.720001220703125,61.52000045776367,62.18000030517578,60.57954788208008,18017400,NKE
2026-03-02,59.900001525878906,61.529998779296875,59.13999938964844,61.0099983215332,59.83419418334961,15335000,NKE
2026-03-03,59.439998626708984,60.11000061035156,58.619998931884766,59.38999938964844,58.245418548583984,17438600,NKE
2026-03-04,59.189998626708984,59.4900016784668,58.61000061035156,58.63999938964844,57.50987243652344,15971300,NKE
2026-03-05,58.599998474121094,58.790000915527344,57.43000030517578,58.02000045776367,56.901824951171875,22040200,NKE
2026-03-06,57.470001220703125,57.54999923706055,56.7599983215332,57.0099983215332,55.911285400390625,16323700,NKE
2026-03-09,55.7400016784668,56.709999084472656,55.38999938964844,56.529998779296875,55.44053649902344,18053100,NKE
2026-03-10,56.70000076293945,57.2400016784668,55.79999923706055,56.08000183105469,54.99921417236328,15706400,NKE
2026-03-11,57.599998474121094,57.599998474121094,55.40999984741211,55.70000076293945,54.62653350830078,20245300,NKE
2026-03-12,55.279998779296875,55.459999084472656,54.029998779296875,54.130001068115234,53.086795806884766,18611800,NKE
2026-03-13,54.34000015258789,54.869998931884766,53.7400016784668,53.97999954223633,52.93968200683594,14377100,NKE
2026-03-16,54.27000045776367,55.06999969482422,53.97999954223633,54.790000915527344,53.734073638916016,13115200,NKE
2026-03-17,55.45000076293945,55.68000030517578,55.0,55.119998931884766,54.05771255493164,9861400,NKE
2026-03-18,54.5,54.959999084472656,53.2599983215332,53.470001220703125,52.43951416015625,16861300,NKE
2026-03-19,52.900001525878906,53.630001068115234,52.59000015258789,53.439998626708984,52.41008758544922,12307700,NKE
2026-03-20,52.939998626708984,53.61000061035156,52.18000030517578,52.369998931884766,51.36071014404297,19566100,NKE
2026-03-23,53.279998779296875,53.560001373291016,52.529998779296875,52.709999084472656,51.694156646728516,15242700,NKE
2026-03-24,52.36000061035156,54.08000183105469,52.27000045776367,53.4900016784668,52.45912551879883,12073800,NKE
2026-03-25,53.7599983215332,54.220001220703125,52.560001373291016,52.97999954223633,51.958953857421875,13427100,NKE
2026-03-26,52.7599983215332,53.619998931884766,51.869998931884766,52.06999969482422,51.06649398803711,14486700,NKE
2026-03-27,51.709999084472656,52.11000061035156,51.20000076293945,51.369998931884766,50.379981994628906,13077800,NKE
2026-03-30,51.43000030517578,52.189998626708984,50.95000076293945,51.2400016784668,50.25248718261719,16869200,NKE
2026-03-31,51.93000030517578,53.11000061035156,51.689998626708984,52.81999969482422,51.80203628540039,36422800,NKE
2026-04-01,46.560001373291016,46.83000183105469,44.560001373291016,44.630001068115234,43.76987838745117,114225700,NKE
2026-04-02,43.7599983215332,44.34000015258789,43.16999816894531,44.189998626708984,43.338356018066406,63242600,NKE
2026-04-06,44.15999984741211,44.380001068115234,43.560001373291016,44.029998779296875,43.18144226074219,26999600,NKE
2026-04-07,43.70000076293945,43.869998931884766,42.36000061035156,42.689998626708984,41.86726379394531,38253000,NKE
2026-04-08,43.90999984741211,44.29999923706055,42.7599983215332,43.130001068115234,42.29878616333008,29462900,NKE
2026-04-09,43.220001220703125,44.220001220703125,42.720001220703125,44.0,43.15202331542969,24147400,NKE
2026-04-10,43.83000183105469,43.959999084472656,42.400001525878906,42.619998931884766,41.798614501953125,26094800,NKE
2026-04-13,42.22999954223633,42.97999954223633,42.09000015258789,42.90999984741211,42.08302688598633,21236700,NKE
2026-04-14,42.9900016784668,44.209999084472656,42.95000076293945,44.20000076293945,43.348167419433594,22554100,NKE
2026-04-15,45.09000015258789,45.900001525878906,44.709999084472656,45.439998626708984,44.564266204833984,31523500,NKE
2026-04-16,45.79999923706055,46.4900016784668,45.54999923706055,45.70000076293945,44.81925582885742,21766300,NKE
2026-04-17,46.380001068115234,46.779998779296875,45.779998779296875,46.029998779296875,45.14289474487305,31290400,NKE
2026-04-20,45.97999954223633,46.560001373291016,45.56999969482422,46.47999954223633,45.584224700927734,19003100,NKE
2026-04-21,46.77000045776367,46.970001220703125,45.93000030517578,46.38999938964844,45.49595642089844,22194000,NKE
2026-04-22,46.310001373291016,46.95000076293945,45.5,45.68000030517578,44.799644470214844,17985200,NKE
2026-04-23,45.58000183105469,45.75,44.2400016784668,44.779998779296875,43.91698455810547,17457500,NKE
2026-04-24,44.97999954223633,45.41999816894531,44.59000015258789,44.689998626708984,43.82872009277344,15885000,NKE
2026-04-27,44.599998474121094,45.40999984741211,44.4900016784668,45.13999938964844,44.270050048828125,14583100,NKE
2026-04-28,45.380001068115234,45.709999084472656,44.75,45.029998779296875,44.16217041015625,12426000,NKE
2026-04-29,44.91999816894531,45.15999984741211,44.150001525878906,44.38999938964844,43.53450393676758,13329700,NKE
2026-04-30,44.09000015258789,44.810001373291016,43.5099983215332,44.36000061035156,43.50508499145508,21679500,NKE
2026-05-01,44.81999969482422,44.959999084472656,44.220001220703125,44.400001525878906,43.544315338134766,11562800,NKE
2026-05-04,44.189998626708984,44.34000015258789,43.09000015258789,43.09000015258789,42.25955581665039,33272400,NKE
2026-05-05,43.040000915527344,43.29999923706055,42.650001525878906,43.060001373291016,42.23013687133789,18589700,NKE
2026-05-06,43.630001068115234,44.06999969482422,43.20000076293945,43.880001068115234,43.034332275390625,19406700,NKE
2026-05-07,44.04999923706055,44.63999938964844,44.0099983215332,44.40999984741211,43.554115295410156,17177700,NKE
2026-05-08,44.2599983215332,44.65999984741211,43.79999923706055,44.13999938964844,43.28932189941406,17357100,NKE
2026-05-11,44.06999969482422,44.06999969482422,42.38999938964844,42.38999938964844,41.57304763793945,24863800,NKE
2026-05-12,42.29999923706055,42.5099983215332,42.060001373291016,42.349998474121094,41.53382110595703,21271300,NKE
2026-05-13,42.20000076293945,42.61000061035156,41.70000076293945,42.34000015258789,41.52401351928711,21325200,NKE
2026-05-14,42.560001373291016,42.83000183105469,41.9900016784668,42.02000045776367,41.21017837524414,19146900,NKE
2026-05-15,42.0,42.779998779296875,41.84000015258789,41.880001068115234,41.0728759765625,26172600,NKE
2026-05-18,41.880001068115234,42.75,41.349998474121094,42.56999969482422,41.74958038330078,18694900,NKE
2026-05-19,42.599998474121094,43.20000076293945,41.810001373291016,42.41999816894531,41.60247039794922,22957900,NKE
2026-05-20,42.209999084472656,44.279998779296875,41.83000183105469,44.189998626708984,43.338356018066406,27060200,NKE
2026-05-21,43.88999938964844,44.7400016784668,43.15999984741211,44.38999938964844,43.53450393676758,18428100,NKE
2026-05-22,44.560001373291016,44.720001220703125,44.209999084472656,44.66999816894531,43.809104919433594,14905100,NKE
2026-05-26,44.70000076293945,44.95000076293945,44.099998474121094,44.939998626708984,44.07390213012695,18667600,NKE
2026-05-27,45.709999084472656,46.59000015258789,45.66999816894531,45.97999954223633,45.0938606262207,24251900,NKE
2026-05-28,45.970001220703125,47.650001525878906,45.560001373291016,47.369998931884766,46.45707321166992,22871300,NKE
2026-05-29,47.11000061035156,47.20000076293945,46.08000183105469,46.22999954223633,45.33904266357422,38949100,NKE
2026-06-01,45.52000045776367,46.279998779296875,45.04999923706055,45.93000030517578,45.4478874206543,26885100,NKE
2026-06-02,45.779998779296875,45.779998779296875,43.5099983215332,43.72999954223633,43.27098083496094,28345000,NKE
2026-06-03,43.650001525878906,43.9900016784668,43.15999984741211,43.810001373291016,43.35014343261719,18940500,NKE
2026-06-04,44.5,44.70000076293945,43.130001068115234,43.619998931884766,43.162132263183594,17350900,NKE
2026-06-05,43.29999923706055,43.7400016784668,42.790000915527344,42.97999954223633,42.52885055541992,18406500,NKE
2026-06-08,43.060001373291016,43.86000061035156,42.650001525878906,43.22999954223633,42.77622985839844,18192000,NKE
2026-06-09,43.52000045776367,45.279998779296875,43.27000045776367,44.650001525878906,44.18132400512695,21505800,NKE
2026-06-10,43.77000045776367,44.58000183105469,43.310001373291016,43.959999084472656,43.498565673828125,15335600,NKE
2026-06-11,44.52000045776367,45.97999954223633,44.220001220703125,45.959999084472656,45.47757339477539,16647500,NKE
2026-06-12,46.290000915527344,46.310001373291016,44.849998474121094,44.93000030517578,44.4583854675293,16524300,NKE
2026-06-15,45.36000061035156,46.09000015258789,45.09000015258789,45.20000076293945,44.72555160522461,14345100,NKE
2026-06-16,45.5099983215332,46.099998474121094,45.0,45.040000915527344,44.567230224609375,19591400,NKE
2026-06-17,44.900001525878906,45.849998474121094,44.15999984741211,44.189998626708984,43.72615051269531,20859700,NKE
2026-06-18,44.40999984741211,45.709999084472656,44.2400016784668,45.20000076293945,44.72555160522461,32320300,NKE
2026-06-22,44.619998931884766,44.90999984741211,43.13999938964844,43.189998626708984,42.73664855957031,25864500,NKE
2026-06-23,42.38999938964844,43.189998626708984,42.31999969482422,42.380001068115234,41.935150146484375,31517900,NKE
2026-06-24,42.040000915527344,42.33000183105469,41.310001373291016,41.81999969482422,41.38102722167969,34384300,NKE
2026-06-25,41.79999923706055,41.86000061035156,40.439998626708984,40.900001525878906,40.47068786621094,29228300,NKE
2026-06-26,40.06999969482422,41.470001220703125,40.0,40.75,40.322261810302734,33970700,NKE
2026-06-29,41.13999938964844,41.689998626708984,40.77000045776367,41.47999954223633,41.04459762573242,27824700,NKE
2026-06-30,41.380001068115234,41.63999938964844,40.88999938964844,41.04999923706055,40.619110107421875,73891500,NKE
2026-07-01,41.400001525878906,43.279998779296875,40.11000061035156,43.060001373291016,42.60801315307617,80185700,NKE
2026-07-02,44.11000061035156,45.040000915527344,43.599998474121094,44.09000015258789,43.627201080322266,34233400,NKE
2026-07-06,43.900001525878906,44.11000061035156,41.84000015258789,43.34000015258789,42.885074615478516,21979100,NKE
2026-07-07,43.720001220703125,44.040000915527344,42.880001068115234,43.209999084472656,42.756439208984375,17784900,NKE
2026-07-08,42.70000076293945,43.2599983215332,42.06999969482422,42.88999938964844,42.439796447753906,21101500,NKE
2026-07-09,42.689998626708984,43.060001373291016,42.130001068115234,42.779998779296875,42.33095169067383,19647000,NKE
2026-07-10,43.41999816894531,44.630001068115234,43.060001373291016,44.369998931884766,43.90426254272461,23313500,NKE
2026-07-13,44.7599983215332,44.900001525878906,43.66999816894531,43.7599983215332,43.300662994384766,13665500,NKE
2026-07-14,44.310001373291016,44.4900016784668,42.470001220703125,42.86000061035156,42.41011428833008,13090200,NKE
2026-07-15,43.0,43.58000183105469,42.47999954223633,42.77000045776367,42.3210563659668,14388200,NKE
2026-07-16,42.900001525878906,44.66999816894531,42.900001525878906,44.56999969482422,44.1021614074707,15944700,NKE
2026-07-17,44.52000045776367,44.97999954223633,43.52000045776367,43.7599983215332,43.300662994384766,15825100,NKE
2026-07-20,43.84000015258789,43.84000015258789,42.83000183105469,43.470001220703125,43.013710021972656,11926900,NKE
2026-07-21,43.060001373291016,43.560001373291016,42.75,42.959999084472656,42.509063720703125,11859000,NKE
2026-07-22,42.45000076293945,42.90999984741211,41.56999969482422,42.209999084472656,41.76693344116211,18990000,NKE
2026-07-23,41.79999923706055,42.08000183105469,40.689998626708984,40.9900016784668,40.55974197387695,18156200,NKE
2026-07-24,41.189998626708984,42.150001525878906,40.88999938964844,41.70000076293945,41.262290954589844,26175200,NKE
2026-07-27,42.150001525878906,42.599998474121094,41.58000183105469,42.13999938964844,41.697669982910156,16996900,NKE
2026-07-28,42.75,43.27000045776367,42.52000045776367,43.04999923706055,42.59811782836914,23601400,NKE
2026-07-29,42.599998474121094,43.689998626708984,42.400001525878906,43.220001220703125,42.766334533691406,15029100,NKE
2026-07-30,42.5,42.5,41.22999954223633,42.290000915527344,41.84609603881836,16977600,NKE
2026-07-31,42.02000045776367,42.08000183105469,41.4900016784668,41.709999084472656,41.27218246459961,22622400,NKE
2026-08-03,42.56999969482422,43.209999084472656,42.060001373291016,42.63999938964844,42.192420959472656,21329900,NKE
2026-08-04,41.349998474121094,42.09000015258789,40.90999984741211,41.529998779296875,41.09407043457031,27802800,NKE
2026-08-05,41.650001525878906,42.47999954223633,41.36000061035156,42.45000076293945,42.004417419433594,22088600,NKE
2026-08-06,42.52000045776367,42.63999938964844,41.849998474121094,42.0,41.559139251708984,18150300,NKE
2026-08-07,42.02000045776367,42.369998931884766,41.61000061035156,41.70000076293945,41.262290954589844,22042300,NKE
2026-08-10,41.7400016784668,42.22999954223633,41.13999938964844,42.11000061035156,41.66798400878906,21664600,NKE
2026-08-11,41.47999954223633,41.529998779296875,40.83000183105469,41.31999969482422,40.88627624511719,25538000,NKE
2026-08-12,41.029998779296875,41.25,40.45000076293945,40.5099983215332,40.08477783203125,28760300,NKE
2026-08-13,40.7400016784668,41.470001220703125,40.47999954223633,41.22999954223633,40.79722213745117,23641700,NKE
2026-08-14,41.22999954223633,41.33000183105469,40.709999084472656,40.72999954223633,40.30247116088867,23639800,NKE
2026-08-17,40.349998474121094,40.599998474121094,38.86000061035156,39.09000015258789,38.679683685302734,58659900,NKE
2026-08-18,39.650001525878906,40.63999938964844,39.22999954223633,40.060001373291016,39.639503479003906,39173300,NKE
2026-08-19,40.529998779296875,41.310001373291016,40.369998931884766,41.04999923706055,40.619110107421875,22055700,NKE
2026-08-20,40.4900016784668,40.63999938964844,39.810001373291016,40.209999084472656,39.78792953491211,16662100,NKE
2026-08-21,40.2599983215332,41.130001068115234,40.2400016784668,40.7599983215332,40.3321533203125,14707800,NKE
2026-08-24,41.0,41.34000015258789,40.68000030517578,40.75,40.322261810302734,18839100,NKE
2026-08-25,39.52000045776367,39.869998931884766,39.029998779296875,39.47999954223633,39.065589904785156,41525000,NKE
2026-08-26,39.400001525878906,39.47999954223633,38.40999984741211,38.59000015258789,38.184932708740234,38604300,NKE
2026-08-27,38.5,38.79999923706055,38.16999816894531,38.439998626708984,38.03650665283203,36573800,NKE
2026-08-28,38.709999084472656,39.7599983215332,38.560001373291016,39.599998474121094,39.184329986572266,28437400,NKE
2026-08-31,39.40999984741211,39.880001068115234,39.029998779296875,39.060001373291016,38.650001525878906,23905300,NKE
2026-09-01,38.36000061035156,38.56999969482422,37.970001220703125,38.119998931884766,38.119998931884766,22241100,NKE
2026-09-02,38.060001373291016,38.72999954223633,38.0099983215332,38.2400016784668,38.2400016784668,20727200,NKE
2026-09-03,38.52000045776367,38.93000030517578,37.95000076293945,38.77000045776367,38.77000045776367,29597500,NKE
2026-09-04,38.220001220703125,38.65999984741211,37.97999954223633,38.400001525878906,38.400001525878906,20631600,NKE
2026-09-08,38.52000045776367,38.7400016784668,37.900001525878906,38.099998474121094,38.099998474121094,31672300,NKE
2026-09-09,37.790000915527344,37.849998474121094,36.849998474121094,37.349998474121094,37.349998474121094,41088800,NKE
2026-09-10,36.959999084472656,37.15999984741211,36.54999923706055,36.619998931884766,36.619998931884766,29961000,NKE
2026-09-11,36.79999923706055,37.04999923706055,36.619998931884766,36.79999923706055,36.79999923706055,19974900,NKE
2026-09-14,36.7599983215332,37.40999984741211,36.58000183105469,37.04999923706055,37.04999923706055,30513500,NKE
2026-09-15,36.849998474121094,36.880001068115234,36.16999816894531,36.220001220703125,36.220001220703125,29693100,NKE
