ticker,period_end,duration,metric,value,currency,line_item,source_column,source_line,form,filing_date,source_url
DECK,2017-03-31,annual,capital_expenditures,44499000.0,USD,Purchases of property and equipment,2017,2236,10-K,2019-05-30,https://www.sec.gov/Archives/edgar/data/910521/000091052119000011/deck331201910-kdocument.htm
DECK,2017-03-31,annual,cash_from_operations,199330000.0,USD,Net cash provided by operating activities,2017,2234,10-K,2019-05-30,https://www.sec.gov/Archives/edgar/data/910521/000091052119000011/deck331201910-kdocument.htm
DECK,2017-03-31,annual,cost_of_revenue,954912000.0,USD,Cost of sales,2017,2132,10-K,2019-05-30,https://www.sec.gov/Archives/edgar/data/910521/000091052119000011/deck331201910-kdocument.htm
DECK,2017-03-31,annual,gross_profit,835235000.0,USD,Gross profit,2017,2133,10-K,2019-05-30,https://www.sec.gov/Archives/edgar/data/910521/000091052119000011/deck331201910-kdocument.htm
DECK,2017-03-31,annual,income_tax_expense,12696000.0,USD,Income tax expense (benefit),2017,2141,10-K,2019-05-30,https://www.sec.gov/Archives/edgar/data/910521/000091052119000011/deck331201910-kdocument.htm
DECK,2017-03-31,annual,net_income,5710000.0,USD,Net income,2017,2142,10-K,2019-05-30,https://www.sec.gov/Archives/edgar/data/910521/000091052119000011/deck331201910-kdocument.htm
DECK,2017-03-31,annual,revenue,1790147000.0,USD,Net sales,2017,2131,10-K,2019-05-30,https://www.sec.gov/Archives/edgar/data/910521/000091052119000011/deck331201910-kdocument.htm
DECK,2017-03-31,annual,selling_general_admin,837154000.0,USD,"Selling, general and administrative expenses",2017,2134,10-K,2019-05-30,https://www.sec.gov/Archives/edgar/data/910521/000091052119000011/deck331201910-kdocument.htm
DECK,2017-03-31,annual,stock_based_compensation,6011000.0,USD,Stock-based compensation,2017,2218,10-K,2019-05-30,https://www.sec.gov/Archives/edgar/data/910521/000091052119000011/deck331201910-kdocument.htm
DECK,2018-03-31,annual,capital_expenditures,34813000.0,USD,Purchases of property and equipment,2018,2185,10-K,2020-06-01,https://www.sec.gov/Archives/edgar/data/910521/000091052120000016/deck331202010-k.htm
DECK,2018-03-31,annual,cash_from_operations,327355000.0,USD,Net cash provided by operating activities,2018,2183,10-K,2020-06-01,https://www.sec.gov/Archives/edgar/data/910521/000091052120000016/deck331202010-k.htm
DECK,2018-03-31,annual,cost_of_revenue,971697000.0,USD,Cost of sales,2018,2080,10-K,2020-06-01,https://www.sec.gov/Archives/edgar/data/910521/000091052120000016/deck331202010-k.htm
DECK,2018-03-31,annual,gross_profit,931642000.0,USD,Gross profit,2018,2081,10-K,2020-06-01,https://www.sec.gov/Archives/edgar/data/910521/000091052120000016/deck331202010-k.htm
DECK,2018-03-31,annual,income_tax_expense,106302000.0,USD,Income tax expense,2018,2089,10-K,2020-06-01,https://www.sec.gov/Archives/edgar/data/910521/000091052120000016/deck331202010-k.htm
DECK,2018-03-31,annual,net_income,114394000.0,USD,Net income,2018,2090,10-K,2020-06-01,https://www.sec.gov/Archives/edgar/data/910521/000091052120000016/deck331202010-k.htm
DECK,2018-03-31,annual,operating_income,222584000.0,USD,Income from operations,2018,2083,10-K,2020-06-01,https://www.sec.gov/Archives/edgar/data/910521/000091052120000016/deck331202010-k.htm
DECK,2018-03-31,annual,pretax_income,220696000.0,USD,Income before income taxes,2018,2088,10-K,2020-06-01,https://www.sec.gov/Archives/edgar/data/910521/000091052120000016/deck331202010-k.htm
DECK,2018-03-31,annual,revenue,1903339000.0,USD,Net sales,2018,2079,10-K,2020-06-01,https://www.sec.gov/Archives/edgar/data/910521/000091052120000016/deck331202010-k.htm
DECK,2018-03-31,annual,selling_general_admin,709058000.0,USD,"Selling, general and administrative expenses",2018,2082,10-K,2020-06-01,https://www.sec.gov/Archives/edgar/data/910521/000091052120000016/deck331202010-k.htm
DECK,2018-03-31,annual,stock_based_compensation,14306000.0,USD,Stock-based compensation,2018,2166,10-K,2020-06-01,https://www.sec.gov/Archives/edgar/data/910521/000091052120000016/deck331202010-k.htm
DECK,2018-03-31,instant,accounts_payable,93939000.0,USD,Trade accounts payable,2018,2097,10-K,2019-05-30,https://www.sec.gov/Archives/edgar/data/910521/000091052119000011/deck331201910-kdocument.htm
DECK,2018-03-31,instant,accounts_receivable,143704000.0,USD,"Trade accounts receivable, net of allowances ($18,824 and $33,462 as of March 31, 2019 and 2018, respectively)",2018,2082,10-K,2019-05-30,https://www.sec.gov/Archives/edgar/data/910521/000091052119000011/deck331201910-kdocument.htm
DECK,2018-03-31,instant,cash_and_equivalents,429970000.0,USD,Cash and cash equivalents,2018,2081,10-K,2019-05-30,https://www.sec.gov/Archives/edgar/data/910521/000091052119000011/deck331201910-kdocument.htm
DECK,2018-03-31,instant,current_assets,910690000.0,USD,Total current assets,2018,2087,10-K,2019-05-30,https://www.sec.gov/Archives/edgar/data/910521/000091052119000011/deck331201910-kdocument.htm
DECK,2018-03-31,instant,current_debt,578000.0,USD,Short-term borrowings,2018,2096,10-K,2019-05-30,https://www.sec.gov/Archives/edgar/data/910521/000091052119000011/deck331201910-kdocument.htm
DECK,2018-03-31,instant,current_liabilities,189166000.0,USD,Total current liabilities,2018,2102,10-K,2019-05-30,https://www.sec.gov/Archives/edgar/data/910521/000091052119000011/deck331201910-kdocument.htm
DECK,2018-03-31,instant,other_current_assets,17599000.0,USD,Other current assets,2018,2085,10-K,2019-05-30,https://www.sec.gov/Archives/edgar/data/910521/000091052119000011/deck331201910-kdocument.htm
DECK,2018-03-31,instant,other_current_liabilities,24446000.0,USD,Other accrued expenses,2018,2099,10-K,2019-05-30,https://www.sec.gov/Archives/edgar/data/910521/000091052119000011/deck331201910-kdocument.htm
DECK,2019-03-31,annual,capital_expenditures,29086000.0,USD,Purchases of property and equipment,2019,1854,10-K,2021-05-28,https://www.sec.gov/Archives/edgar/data/910521/000091052121000017/deck-20210331.htm
DECK,2019-03-31,annual,cash_from_operations,359505000.0,USD,Net cash provided by operating activities,2019,1852,10-K,2021-05-28,https://www.sec.gov/Archives/edgar/data/910521/000091052121000017/deck-20210331.htm
DECK,2019-03-31,annual,cost_of_revenue,980187000.0,USD,Cost of sales,2019,1751,10-K,2021-05-28,https://www.sec.gov/Archives/edgar/data/910521/000091052121000017/deck-20210331.htm
DECK,2019-03-31,annual,depreciation_amortization,44941000.0,USD,"Depreciation, amortization, and accretion",2019,1829,10-K,2021-05-28,https://www.sec.gov/Archives/edgar/data/910521/000091052121000017/deck-20210331.htm
DECK,2019-03-31,annual,gross_profit,1040250000.0,USD,Gross profit,2019,1752,10-K,2021-05-28,https://www.sec.gov/Archives/edgar/data/910521/000091052121000017/deck-20210331.htm
DECK,2019-03-31,annual,income_tax_expense,64626000.0,USD,Income tax expense,2019,1760,10-K,2021-05-28,https://www.sec.gov/Archives/edgar/data/910521/000091052121000017/deck-20210331.htm
DECK,2019-03-31,annual,net_income,264308000.0,USD,Net income,2019,1761,10-K,2021-05-28,https://www.sec.gov/Archives/edgar/data/910521/000091052121000017/deck-20210331.htm
DECK,2019-03-31,annual,operating_income,327320000.0,USD,Income from operations,2019,1754,10-K,2021-05-28,https://www.sec.gov/Archives/edgar/data/910521/000091052121000017/deck-20210331.htm
DECK,2019-03-31,annual,pretax_income,328934000.0,USD,Income before income taxes,2019,1759,10-K,2021-05-28,https://www.sec.gov/Archives/edgar/data/910521/000091052121000017/deck-20210331.htm
DECK,2019-03-31,annual,revenue,2020437000.0,USD,Net sales,2019,1750,10-K,2021-05-28,https://www.sec.gov/Archives/edgar/data/910521/000091052121000017/deck-20210331.htm
DECK,2019-03-31,annual,selling_general_admin,712930000.0,USD,"Selling, general and administrative expenses",2019,2082,10-K,2020-06-01,https://www.sec.gov/Archives/edgar/data/910521/000091052120000016/deck331202010-k.htm
DECK,2019-03-31,annual,stock_based_compensation,14774000.0,USD,Stock-based compensation,2019,1834,10-K,2021-05-28,https://www.sec.gov/Archives/edgar/data/910521/000091052121000017/deck-20210331.htm
DECK,2019-03-31,instant,accounts_payable,124974000.0,USD,Trade accounts payable,2019,2043,10-K,2020-06-01,https://www.sec.gov/Archives/edgar/data/910521/000091052120000016/deck331202010-k.htm
DECK,2019-03-31,instant,accounts_receivable,178602000.0,USD,"Trade accounts receivable, net of allowances ($21,146 and $18,824 as of March 31, 2020 and March 31, 2019, respectively)",2019,2028,10-K,2020-06-01,https://www.sec.gov/Archives/edgar/data/910521/000091052120000016/deck331202010-k.htm
DECK,2019-03-31,instant,cash_and_equivalents,589692000.0,USD,Cash and cash equivalents,2019,2027,10-K,2020-06-01,https://www.sec.gov/Archives/edgar/data/910521/000091052120000016/deck331202010-k.htm
DECK,2019-03-31,instant,current_assets,1095405000.0,USD,Total current assets,2019,2033,10-K,2020-06-01,https://www.sec.gov/Archives/edgar/data/910521/000091052120000016/deck331202010-k.htm
DECK,2019-03-31,instant,current_debt,603000.0,USD,Short-term borrowings,2019,2042,10-K,2020-06-01,https://www.sec.gov/Archives/edgar/data/910521/000091052120000016/deck331202010-k.htm
DECK,2019-03-31,instant,current_liabilities,250524000.0,USD,Total current liabilities,2019,2049,10-K,2020-06-01,https://www.sec.gov/Archives/edgar/data/910521/000091052120000016/deck331202010-k.htm
DECK,2019-03-31,instant,other_current_assets,26028000.0,USD,Other current assets,2019,2031,10-K,2020-06-01,https://www.sec.gov/Archives/edgar/data/910521/000091052120000016/deck331202010-k.htm
DECK,2019-03-31,instant,other_current_liabilities,47963000.0,USD,Other accrued expenses,2019,2046,10-K,2020-06-01,https://www.sec.gov/Archives/edgar/data/910521/000091052120000016/deck331202010-k.htm
DECK,2020-03-31,annual,capital_expenditures,32455000.0,USD,Purchases of property and equipment,2020,1791,10-K,2022-05-27,https://www.sec.gov/Archives/edgar/data/910521/000091052122000017/deck-20220331.htm
DECK,2020-03-31,annual,cash_from_operations,286334000.0,USD,Net cash provided by operating activities,2020,1789,10-K,2022-05-27,https://www.sec.gov/Archives/edgar/data/910521/000091052122000017/deck-20220331.htm
DECK,2020-03-31,annual,cost_of_revenue,1029016000.0,USD,Cost of sales,2020,1692,10-K,2022-05-27,https://www.sec.gov/Archives/edgar/data/910521/000091052122000017/deck-20220331.htm
DECK,2020-03-31,annual,depreciation_amortization,38912000.0,USD,"Depreciation, amortization, and accretion",2020,1769,10-K,2022-05-27,https://www.sec.gov/Archives/edgar/data/910521/000091052122000017/deck-20220331.htm
DECK,2020-03-31,annual,gross_profit,1103673000.0,USD,Gross profit,2020,1693,10-K,2022-05-27,https://www.sec.gov/Archives/edgar/data/910521/000091052122000017/deck-20220331.htm
DECK,2020-03-31,annual,income_tax_expense,64724000.0,USD,Income tax expense ( Note 5 ),2020,1701,10-K,2022-05-27,https://www.sec.gov/Archives/edgar/data/910521/000091052122000017/deck-20220331.htm
DECK,2020-03-31,annual,net_income,276142000.0,USD,Net income,2020,1702,10-K,2022-05-27,https://www.sec.gov/Archives/edgar/data/910521/000091052122000017/deck-20220331.htm
DECK,2020-03-31,annual,operating_income,338135000.0,USD,Income from operations ( Note 12 ),2020,1695,10-K,2022-05-27,https://www.sec.gov/Archives/edgar/data/910521/000091052122000017/deck-20220331.htm
DECK,2020-03-31,annual,pretax_income,340866000.0,USD,Income before income taxes,2020,1700,10-K,2022-05-27,https://www.sec.gov/Archives/edgar/data/910521/000091052122000017/deck-20220331.htm
DECK,2020-03-31,annual,revenue,2132689000.0,USD,Net sales ( Note 12 and Note 13 ),2020,1691,10-K,2022-05-27,https://www.sec.gov/Archives/edgar/data/910521/000091052122000017/deck-20220331.htm
DECK,2020-03-31,annual,selling_general_admin,765538000.0,USD,"Selling, general and administrative expenses","Years Ended March 31, — 2020",2082,10-K,2020-06-01,https://www.sec.gov/Archives/edgar/data/910521/000091052120000016/deck331202010-k.htm
DECK,2020-03-31,annual,stock_based_compensation,14477000.0,USD,Stock-based compensation,2020,1773,10-K,2022-05-27,https://www.sec.gov/Archives/edgar/data/910521/000091052122000017/deck-20220331.htm
DECK,2020-03-31,instant,accounts_payable,147892000.0,USD,Trade accounts payable,2020,1717,10-K,2021-05-28,https://www.sec.gov/Archives/edgar/data/910521/000091052121000017/deck-20210331.htm
DECK,2020-03-31,instant,accounts_receivable,185596000.0,USD,"Trade accounts receivable, net of allowances ($ 26,516 and $ 21,146 as of March 31, 2021 and March 31, 2020, respectively)",2020,1702,10-K,2021-05-28,https://www.sec.gov/Archives/edgar/data/910521/000091052121000017/deck-20210331.htm
DECK,2020-03-31,instant,cash_and_equivalents,649436000.0,USD,Cash and cash equivalents,2020,1701,10-K,2021-05-28,https://www.sec.gov/Archives/edgar/data/910521/000091052121000017/deck-20210331.htm
DECK,2020-03-31,instant,current_assets,1194111000.0,USD,Total current assets,2020,1707,10-K,2021-05-28,https://www.sec.gov/Archives/edgar/data/910521/000091052121000017/deck-20210331.htm
DECK,2020-03-31,instant,current_debt,638000.0,USD,Short-term borrowings,2020,1716,10-K,2021-05-28,https://www.sec.gov/Archives/edgar/data/910521/000091052121000017/deck-20210331.htm
DECK,2020-03-31,instant,current_liabilities,300946000.0,USD,Total current liabilities,2020,1723,10-K,2021-05-28,https://www.sec.gov/Archives/edgar/data/910521/000091052121000017/deck-20210331.htm
DECK,2020-03-31,instant,noncurrent_lease_liabilities,49091000.0,USD,Operating lease liabilities,2020,1719,10-K,2021-05-28,https://www.sec.gov/Archives/edgar/data/910521/000091052121000017/deck-20210331.htm
DECK,2020-03-31,instant,other_current_assets,21548000.0,USD,Other current assets,2020,1705,10-K,2021-05-28,https://www.sec.gov/Archives/edgar/data/910521/000091052121000017/deck-20210331.htm
DECK,2020-03-31,instant,other_current_liabilities,46281000.0,USD,Other accrued expenses,2020,1720,10-K,2021-05-28,https://www.sec.gov/Archives/edgar/data/910521/000091052121000017/deck-20210331.htm
DECK,2021-03-31,annual,capital_expenditures,32218000.0,USD,Purchases of property and equipment,2021,1748,10-K,2023-05-26,https://www.sec.gov/Archives/edgar/data/910521/000091052123000016/deck-20230331.htm
DECK,2021-03-31,annual,cash_from_operations,596217000.0,USD,Net cash provided by operating activities,2021,1746,10-K,2023-05-26,https://www.sec.gov/Archives/edgar/data/910521/000091052123000016/deck-20230331.htm
DECK,2021-03-31,annual,cost_of_revenue,1171551000.0,USD,Cost of sales,2021,1649,10-K,2023-05-26,https://www.sec.gov/Archives/edgar/data/910521/000091052123000016/deck-20230331.htm
DECK,2021-03-31,annual,depreciation_amortization,40530000.0,USD,"Depreciation, amortization, and accretion",2021,1725,10-K,2023-05-26,https://www.sec.gov/Archives/edgar/data/910521/000091052123000016/deck-20230331.htm
DECK,2021-03-31,annual,gross_profit,1374090000.0,USD,Gross profit,2021,1650,10-K,2023-05-26,https://www.sec.gov/Archives/edgar/data/910521/000091052123000016/deck-20230331.htm
DECK,2021-03-31,annual,income_tax_expense,118939000.0,USD,Income tax expense ( Note 5),2021,1658,10-K,2023-05-26,https://www.sec.gov/Archives/edgar/data/910521/000091052123000016/deck-20230331.htm
DECK,2021-03-31,annual,net_income,382575000.0,USD,Net income,2021,1659,10-K,2023-05-26,https://www.sec.gov/Archives/edgar/data/910521/000091052123000016/deck-20230331.htm
DECK,2021-03-31,annual,operating_income,504205000.0,USD,Income from operations ( Note 12),2021,1652,10-K,2023-05-26,https://www.sec.gov/Archives/edgar/data/910521/000091052123000016/deck-20230331.htm
DECK,2021-03-31,annual,pretax_income,501514000.0,USD,Income before income taxes,2021,1657,10-K,2023-05-26,https://www.sec.gov/Archives/edgar/data/910521/000091052123000016/deck-20230331.htm
DECK,2021-03-31,annual,revenue,2545641000.0,USD,Net sales ( Note 12 and Note 13),2021,1648,10-K,2023-05-26,https://www.sec.gov/Archives/edgar/data/910521/000091052123000016/deck-20230331.htm
DECK,2021-03-31,annual,stock_based_compensation,22701000.0,USD,Stock-based compensation,2021,1730,10-K,2023-05-26,https://www.sec.gov/Archives/edgar/data/910521/000091052123000016/deck-20230331.htm
DECK,2021-03-31,instant,accounts_payable,231632000.0,USD,Trade accounts payable,2021,1659,10-K,2022-05-27,https://www.sec.gov/Archives/edgar/data/910521/000091052122000017/deck-20220331.htm
DECK,2021-03-31,instant,accounts_receivable,215718000.0,USD,"Trade accounts receivable, net of allowances ($ 30,591 and $ 26,516 as of March 31, 2022, and March 31, 2021, respectively) ( Note 2 and Schedule II )",2021,1645,10-K,2022-05-27,https://www.sec.gov/Archives/edgar/data/910521/000091052122000017/deck-20220331.htm
DECK,2021-03-31,instant,cash_and_equivalents,1089361000.0,USD,Cash and cash equivalents,2021,1644,10-K,2022-05-27,https://www.sec.gov/Archives/edgar/data/910521/000091052122000017/deck-20220331.htm
DECK,2021-03-31,instant,current_assets,1650799000.0,USD,Total current assets,2021,1650,10-K,2022-05-27,https://www.sec.gov/Archives/edgar/data/910521/000091052122000017/deck-20220331.htm
DECK,2021-03-31,instant,current_liabilities,468368000.0,USD,Total current liabilities,2021,1665,10-K,2022-05-27,https://www.sec.gov/Archives/edgar/data/910521/000091052122000017/deck-20220331.htm
DECK,2021-03-31,instant,inventory,278242000.0,USD,Inventories,2021,1646,10-K,2022-05-27,https://www.sec.gov/Archives/edgar/data/910521/000091052122000017/deck-20220331.htm
DECK,2021-03-31,instant,noncurrent_lease_liabilities,46768000.0,USD,Operating lease liabilities,"As of March 31, — 2021",1719,10-K,2021-05-28,https://www.sec.gov/Archives/edgar/data/910521/000091052121000017/deck-20210331.htm
DECK,2021-03-31,instant,other_current_assets,44244000.0,USD,Other current assets,2021,1648,10-K,2022-05-27,https://www.sec.gov/Archives/edgar/data/910521/000091052122000017/deck-20220331.htm
DECK,2021-03-31,instant,other_current_liabilities,68995000.0,USD,Other accrued expenses,2021,1662,10-K,2022-05-27,https://www.sec.gov/Archives/edgar/data/910521/000091052122000017/deck-20220331.htm
DECK,2022-03-31,annual,capital_expenditures,51017000.0,USD,Purchases of property and equipment,2022,1814,10-K,2024-05-24,https://www.sec.gov/Archives/edgar/data/910521/000091052124000017/deck-20240331.htm
DECK,2022-03-31,annual,cash_from_operations,172353000.0,USD,Net cash provided by operating activities,2022,1812,10-K,2024-05-24,https://www.sec.gov/Archives/edgar/data/910521/000091052124000017/deck-20240331.htm
DECK,2022-03-31,annual,cost_of_revenue,1542788000.0,USD,Cost of sales,2022,1715,10-K,2024-05-24,https://www.sec.gov/Archives/edgar/data/910521/000091052124000017/deck-20240331.htm
DECK,2022-03-31,annual,depreciation_amortization,42878000.0,USD,"Depreciation, amortization, and accretion",2022,1792,10-K,2024-05-24,https://www.sec.gov/Archives/edgar/data/910521/000091052124000017/deck-20240331.htm
DECK,2022-03-31,annual,gross_profit,1607551000.0,USD,Gross profit,2022,1716,10-K,2024-05-24,https://www.sec.gov/Archives/edgar/data/910521/000091052124000017/deck-20240331.htm
DECK,2022-03-31,annual,income_tax_expense,112689000.0,USD,Income tax expense ( Note 5),2022,1724,10-K,2024-05-24,https://www.sec.gov/Archives/edgar/data/910521/000091052124000017/deck-20240331.htm
DECK,2022-03-31,annual,net_income,451949000.0,USD,Net income,2022,1725,10-K,2024-05-24,https://www.sec.gov/Archives/edgar/data/910521/000091052124000017/deck-20240331.htm
DECK,2022-03-31,annual,operating_income,564707000.0,USD,Income from operations ( Note 12),2022,1718,10-K,2024-05-24,https://www.sec.gov/Archives/edgar/data/910521/000091052124000017/deck-20240331.htm
DECK,2022-03-31,annual,pretax_income,564638000.0,USD,Income before income taxes,2022,1723,10-K,2024-05-24,https://www.sec.gov/Archives/edgar/data/910521/000091052124000017/deck-20240331.htm
DECK,2022-03-31,annual,revenue,3150339000.0,USD,Net sales ( Note 12 and Note 13),2022,1714,10-K,2024-05-24,https://www.sec.gov/Archives/edgar/data/910521/000091052124000017/deck-20240331.htm
DECK,2022-03-31,annual,stock_based_compensation,26816000.0,USD,Stock-based compensation,2022,1797,10-K,2024-05-24,https://www.sec.gov/Archives/edgar/data/910521/000091052124000017/deck-20240331.htm
DECK,2022-03-31,instant,accounts_payable,327487000.0,USD,Trade accounts payable,2022,1616,10-K,2023-05-26,https://www.sec.gov/Archives/edgar/data/910521/000091052123000016/deck-20230331.htm
DECK,2022-03-31,instant,accounts_receivable,302688000.0,USD,"Trade accounts receivable, net of allowances ($ 32,504 and $ 30,591 as of March 31, 2023, and March 31, 2022, respectively) ( Note 2 and Schedule II)",2022,1602,10-K,2023-05-26,https://www.sec.gov/Archives/edgar/data/910521/000091052123000016/deck-20230331.htm
DECK,2022-03-31,instant,cash_and_equivalents,843527000.0,USD,Cash and cash equivalents,2022,1601,10-K,2023-05-26,https://www.sec.gov/Archives/edgar/data/910521/000091052123000016/deck-20230331.htm
DECK,2022-03-31,instant,current_assets,1752128000.0,USD,Total current assets,2022,1607,10-K,2023-05-26,https://www.sec.gov/Archives/edgar/data/910521/000091052123000016/deck-20230331.htm
DECK,2022-03-31,instant,current_liabilities,541684000.0,USD,Total current liabilities,2022,1622,10-K,2023-05-26,https://www.sec.gov/Archives/edgar/data/910521/000091052123000016/deck-20230331.htm
DECK,2022-03-31,instant,inventory,506796000.0,USD,Inventories,2022,1603,10-K,2023-05-26,https://www.sec.gov/Archives/edgar/data/910521/000091052123000016/deck-20230331.htm
DECK,2022-03-31,instant,other_current_assets,55264000.0,USD,Other current assets,2022,1605,10-K,2023-05-26,https://www.sec.gov/Archives/edgar/data/910521/000091052123000016/deck-20230331.htm
DECK,2022-03-31,instant,other_current_liabilities,81400000.0,USD,Other accrued expenses,2022,1619,10-K,2023-05-26,https://www.sec.gov/Archives/edgar/data/910521/000091052123000016/deck-20230331.htm
DECK,2023-03-31,annual,capital_expenditures,81025000.0,USD,Purchases of property and equipment,2023,1872,10-K,2025-05-23,https://www.sec.gov/Archives/edgar/data/910521/000091052125000017/deck-20250331.htm
DECK,2023-03-31,annual,cash_from_operations,537422000.0,USD,Net cash provided by operating activities,2023,1870,10-K,2025-05-23,https://www.sec.gov/Archives/edgar/data/910521/000091052125000017/deck-20250331.htm
DECK,2023-03-31,annual,cost_of_revenue,1801916000.0,USD,Cost of sales,2023,1770,10-K,2025-05-23,https://www.sec.gov/Archives/edgar/data/910521/000091052125000017/deck-20250331.htm
DECK,2023-03-31,annual,depreciation_amortization,47858000.0,USD,"Depreciation, amortization, and accretion",2023,1850,10-K,2025-05-23,https://www.sec.gov/Archives/edgar/data/910521/000091052125000017/deck-20250331.htm
DECK,2023-03-31,annual,gross_profit,1825370000.0,USD,Gross profit,2023,1771,10-K,2025-05-23,https://www.sec.gov/Archives/edgar/data/910521/000091052125000017/deck-20250331.htm
DECK,2023-03-31,annual,income_tax_expense,149260000.0,USD,Income tax expense ( Note 5),2023,1779,10-K,2025-05-23,https://www.sec.gov/Archives/edgar/data/910521/000091052125000017/deck-20250331.htm
DECK,2023-03-31,annual,net_income,516822000.0,USD,Net income,2023,1780,10-K,2025-05-23,https://www.sec.gov/Archives/edgar/data/910521/000091052125000017/deck-20250331.htm
DECK,2023-03-31,annual,operating_income,652751000.0,USD,Income from operations ( Note 12),2023,1773,10-K,2025-05-23,https://www.sec.gov/Archives/edgar/data/910521/000091052125000017/deck-20250331.htm
DECK,2023-03-31,annual,pretax_income,666082000.0,USD,Income before income taxes,2023,1778,10-K,2025-05-23,https://www.sec.gov/Archives/edgar/data/910521/000091052125000017/deck-20250331.htm
DECK,2023-03-31,annual,revenue,3627286000.0,USD,"Net sales ( Note 2, Note 12, and Note 13)",2023,1769,10-K,2025-05-23,https://www.sec.gov/Archives/edgar/data/910521/000091052125000017/deck-20250331.htm
DECK,2023-03-31,annual,stock_based_compensation,26897000.0,USD,Stock-based compensation,2023,1855,10-K,2025-05-23,https://www.sec.gov/Archives/edgar/data/910521/000091052125000017/deck-20250331.htm
DECK,2023-03-31,instant,accounts_payable,265605000.0,USD,Trade accounts payable,2023,1682,10-K,2024-05-24,https://www.sec.gov/Archives/edgar/data/910521/000091052124000017/deck-20240331.htm
DECK,2023-03-31,instant,accounts_receivable,301511000.0,USD,"Trade accounts receivable, net of allowances ($ 27,331 and $ 32,504 as of March 31, 2024, and March 31, 2023, respectively) ( Note 2 and Schedule II)",2023,1668,10-K,2024-05-24,https://www.sec.gov/Archives/edgar/data/910521/000091052124000017/deck-20240331.htm
DECK,2023-03-31,instant,cash_and_equivalents,981795000.0,USD,Cash and cash equivalents,2023,1667,10-K,2024-05-24,https://www.sec.gov/Archives/edgar/data/910521/000091052124000017/deck-20240331.htm
DECK,2023-03-31,instant,current_assets,1910253000.0,USD,Total current assets,2023,1673,10-K,2024-05-24,https://www.sec.gov/Archives/edgar/data/910521/000091052124000017/deck-20240331.htm
DECK,2023-03-31,instant,current_liabilities,497380000.0,USD,Total current liabilities,2023,1688,10-K,2024-05-24,https://www.sec.gov/Archives/edgar/data/910521/000091052124000017/deck-20240331.htm
DECK,2023-03-31,instant,inventory,532852000.0,USD,Inventories,2023,1669,10-K,2024-05-24,https://www.sec.gov/Archives/edgar/data/910521/000091052124000017/deck-20240331.htm
DECK,2023-03-31,instant,other_current_assets,55523000.0,USD,Other current assets,2023,1671,10-K,2024-05-24,https://www.sec.gov/Archives/edgar/data/910521/000091052124000017/deck-20240331.htm
DECK,2023-03-31,instant,other_current_liabilities,86753000.0,USD,Other accrued expenses,2023,1685,10-K,2024-05-24,https://www.sec.gov/Archives/edgar/data/910521/000091052124000017/deck-20240331.htm
DECK,2024-03-31,annual,capital_expenditures,89365000.0,USD,Purchases of property and equipment,2024,4816,10-K,2026-05-22,https://www.sec.gov/Archives/edgar/data/910521/000162828026037664/deck-20260331.htm
DECK,2024-03-31,annual,cash_from_operations,1033184000.0,USD,Net cash provided by operating activities,2024,4814,10-K,2026-05-22,https://www.sec.gov/Archives/edgar/data/910521/000162828026037664/deck-20260331.htm
DECK,2024-03-31,annual,cost_of_revenue,1902275000.0,USD,Cost of sales,2024,4716,10-K,2026-05-22,https://www.sec.gov/Archives/edgar/data/910521/000162828026037664/deck-20260331.htm
DECK,2024-03-31,annual,depreciation_amortization,57587000.0,USD,"Depreciation, amortization, and accretion",2024,4795,10-K,2026-05-22,https://www.sec.gov/Archives/edgar/data/910521/000162828026037664/deck-20260331.htm
DECK,2024-03-31,annual,gross_profit,2385488000.0,USD,Gross profit,2024,4717,10-K,2026-05-22,https://www.sec.gov/Archives/edgar/data/910521/000162828026037664/deck-20260331.htm
DECK,2024-03-31,annual,income_tax_expense,219378000.0,USD,Income tax expense ( Note 5 ),2024,4725,10-K,2026-05-22,https://www.sec.gov/Archives/edgar/data/910521/000162828026037664/deck-20260331.htm
DECK,2024-03-31,annual,net_income,759563000.0,USD,Net income,2024,4726,10-K,2026-05-22,https://www.sec.gov/Archives/edgar/data/910521/000162828026037664/deck-20260331.htm
DECK,2024-03-31,annual,operating_income,927514000.0,USD,Income from operations ( Note 13 ),2024,4719,10-K,2026-05-22,https://www.sec.gov/Archives/edgar/data/910521/000162828026037664/deck-20260331.htm
DECK,2024-03-31,annual,pretax_income,978941000.0,USD,Income before income taxes,2024,4724,10-K,2026-05-22,https://www.sec.gov/Archives/edgar/data/910521/000162828026037664/deck-20260331.htm
DECK,2024-03-31,annual,revenue,4287763000.0,USD,Net sales ( Note 2 and Note 13 ),2024,4715,10-K,2026-05-22,https://www.sec.gov/Archives/edgar/data/910521/000162828026037664/deck-20260331.htm
DECK,2024-03-31,annual,stock_based_compensation,37288000.0,USD,Stock-based compensation,2024,4799,10-K,2026-05-22,https://www.sec.gov/Archives/edgar/data/910521/000162828026037664/deck-20260331.htm
DECK,2024-03-31,instant,accounts_payable,378503000.0,USD,Trade accounts payable,2024,1737,10-K,2025-05-23,https://www.sec.gov/Archives/edgar/data/910521/000091052125000017/deck-20250331.htm
DECK,2024-03-31,instant,accounts_receivable,296565000.0,USD,"Trade accounts receivable, net of allowances ($ 32,883 and $ 27,331 as of March 31, 2025, and March 31, 2024, respectively) ( Note 2 and Schedule II)",2024,1723,10-K,2025-05-23,https://www.sec.gov/Archives/edgar/data/910521/000091052125000017/deck-20250331.htm
DECK,2024-03-31,instant,cash_and_equivalents,1502051000.0,USD,Cash and cash equivalents,2024,1722,10-K,2025-05-23,https://www.sec.gov/Archives/edgar/data/910521/000091052125000017/deck-20250331.htm
DECK,2024-03-31,instant,current_assets,2443483000.0,USD,Total current assets,2024,1728,10-K,2025-05-23,https://www.sec.gov/Archives/edgar/data/910521/000091052125000017/deck-20250331.htm
DECK,2024-03-31,instant,current_liabilities,719993000.0,USD,Total current liabilities,2024,1743,10-K,2025-05-23,https://www.sec.gov/Archives/edgar/data/910521/000091052125000017/deck-20250331.htm
DECK,2024-03-31,instant,inventory,474311000.0,USD,Inventories,2024,1724,10-K,2025-05-23,https://www.sec.gov/Archives/edgar/data/910521/000091052125000017/deck-20250331.htm
DECK,2024-03-31,instant,other_current_assets,92713000.0,USD,Other current assets,2024,1726,10-K,2025-05-23,https://www.sec.gov/Archives/edgar/data/910521/000091052125000017/deck-20250331.htm
DECK,2024-03-31,instant,other_current_liabilities,106785000.0,USD,Other accrued expenses,2024,1740,10-K,2025-05-23,https://www.sec.gov/Archives/edgar/data/910521/000091052125000017/deck-20250331.htm
DECK,2025-03-31,annual,capital_expenditures,86171000.0,USD,Purchases of property and equipment,2025,4816,10-K,2026-05-22,https://www.sec.gov/Archives/edgar/data/910521/000162828026037664/deck-20260331.htm
DECK,2025-03-31,annual,cash_from_operations,1044523000.0,USD,Net cash provided by operating activities,2025,4814,10-K,2026-05-22,https://www.sec.gov/Archives/edgar/data/910521/000162828026037664/deck-20260331.htm
DECK,2025-03-31,annual,cost_of_revenue,2099949000.0,USD,Cost of sales,2025,4716,10-K,2026-05-22,https://www.sec.gov/Archives/edgar/data/910521/000162828026037664/deck-20260331.htm
DECK,2025-03-31,annual,depreciation_amortization,69353000.0,USD,"Depreciation, amortization, and accretion",2025,4795,10-K,2026-05-22,https://www.sec.gov/Archives/edgar/data/910521/000162828026037664/deck-20260331.htm
DECK,2025-03-31,annual,gross_profit,2885663000.0,USD,Gross profit,2025,4717,10-K,2026-05-22,https://www.sec.gov/Archives/edgar/data/910521/000162828026037664/deck-20260331.htm
DECK,2025-03-31,annual,income_tax_expense,277208000.0,USD,Income tax expense ( Note 5 ),2025,4725,10-K,2026-05-22,https://www.sec.gov/Archives/edgar/data/910521/000162828026037664/deck-20260331.htm
DECK,2025-03-31,annual,net_income,966091000.0,USD,Net income,2025,4726,10-K,2026-05-22,https://www.sec.gov/Archives/edgar/data/910521/000162828026037664/deck-20260331.htm
DECK,2025-03-31,annual,operating_income,1179092000.0,USD,Income from operations ( Note 13 ),2025,4719,10-K,2026-05-22,https://www.sec.gov/Archives/edgar/data/910521/000162828026037664/deck-20260331.htm
DECK,2025-03-31,annual,pretax_income,1243299000.0,USD,Income before income taxes,2025,4724,10-K,2026-05-22,https://www.sec.gov/Archives/edgar/data/910521/000162828026037664/deck-20260331.htm
DECK,2025-03-31,annual,revenue,4985612000.0,USD,Net sales ( Note 2 and Note 13 ),2025,4715,10-K,2026-05-22,https://www.sec.gov/Archives/edgar/data/910521/000162828026037664/deck-20260331.htm
DECK,2025-03-31,annual,stock_based_compensation,37943000.0,USD,Stock-based compensation,2025,4799,10-K,2026-05-22,https://www.sec.gov/Archives/edgar/data/910521/000162828026037664/deck-20260331.htm
DECK,2025-03-31,instant,accounts_payable,417955000.0,USD,Trade accounts payable,2025,4683,10-K,2026-05-22,https://www.sec.gov/Archives/edgar/data/910521/000162828026037664/deck-20260331.htm
DECK,2025-03-31,instant,accounts_receivable,332872000.0,USD,"Trade accounts receivable, net of allowances ( $ 38,198 and $ 32,883 as of March 31, 2026 , and March 31, 2025 , respectively) ( Note 2 and Schedule II )",2025,4669,10-K,2026-05-22,https://www.sec.gov/Archives/edgar/data/910521/000162828026037664/deck-20260331.htm
DECK,2025-03-31,instant,cash_and_equivalents,1889188000.0,USD,Cash and cash equivalents,2025,4668,10-K,2026-05-22,https://www.sec.gov/Archives/edgar/data/910521/000162828026037664/deck-20260331.htm
DECK,2025-03-31,instant,current_assets,2860475000.0,USD,Total current assets,2025,4674,10-K,2026-05-22,https://www.sec.gov/Archives/edgar/data/910521/000162828026037664/deck-20260331.htm
DECK,2025-03-31,instant,current_liabilities,769941000.0,USD,Total current liabilities,2025,4689,10-K,2026-05-22,https://www.sec.gov/Archives/edgar/data/910521/000162828026037664/deck-20260331.htm
DECK,2025-03-31,instant,inventory,495226000.0,USD,Inventories,2025,4670,10-K,2026-05-22,https://www.sec.gov/Archives/edgar/data/910521/000162828026037664/deck-20260331.htm
DECK,2025-03-31,instant,other_current_assets,67282000.0,USD,Other current assets,2025,4672,10-K,2026-05-22,https://www.sec.gov/Archives/edgar/data/910521/000162828026037664/deck-20260331.htm
DECK,2025-03-31,instant,other_current_liabilities,142120000.0,USD,Other accrued expenses,2025,4686,10-K,2026-05-22,https://www.sec.gov/Archives/edgar/data/910521/000162828026037664/deck-20260331.htm
DECK,2025-06-30,3_months,capital_expenditures,23940000.0,USD,Purchases of property and equipment,2025,421,10-Q,2026-07-30,https://www.sec.gov/Archives/edgar/data/910521/000091052126000022/deck-20260630.htm
DECK,2025-06-30,3_months,cash_from_operations,36146000.0,USD,Net cash provided by operating activities,2025,419,10-Q,2026-07-30,https://www.sec.gov/Archives/edgar/data/910521/000091052126000022/deck-20260630.htm
DECK,2025-06-30,3_months,cost_of_revenue,426632000.0,USD,Cost of sales,2025,328,10-Q,2026-07-30,https://www.sec.gov/Archives/edgar/data/910521/000091052126000022/deck-20260630.htm
DECK,2025-06-30,3_months,depreciation_amortization,19424000.0,USD,"Depreciation, amortization, and accretion",2025,402,10-Q,2026-07-30,https://www.sec.gov/Archives/edgar/data/910521/000091052126000022/deck-20260630.htm
DECK,2025-06-30,3_months,gross_profit,537906000.0,USD,Gross profit,2025,329,10-Q,2026-07-30,https://www.sec.gov/Archives/edgar/data/910521/000091052126000022/deck-20260630.htm
DECK,2025-06-30,3_months,income_tax_expense,43863000.0,USD,Income tax expense ( Note 4 ),2025,337,10-Q,2026-07-30,https://www.sec.gov/Archives/edgar/data/910521/000091052126000022/deck-20260630.htm
DECK,2025-06-30,3_months,net_income,139203000.0,USD,Net income,2025,338,10-Q,2026-07-30,https://www.sec.gov/Archives/edgar/data/910521/000091052126000022/deck-20260630.htm
DECK,2025-06-30,3_months,operating_income,165287000.0,USD,Income from operations ( Note 10 ),2025,331,10-Q,2026-07-30,https://www.sec.gov/Archives/edgar/data/910521/000091052126000022/deck-20260630.htm
DECK,2025-06-30,3_months,pretax_income,183066000.0,USD,Income before income taxes,2025,336,10-Q,2026-07-30,https://www.sec.gov/Archives/edgar/data/910521/000091052126000022/deck-20260630.htm
DECK,2025-06-30,3_months,revenue,964538000.0,USD,Net sales ( Note 2 and Note 10 ),2025,327,10-Q,2026-07-30,https://www.sec.gov/Archives/edgar/data/910521/000091052126000022/deck-20260630.htm
DECK,2025-06-30,3_months,stock_based_compensation,8739000.0,USD,Stock-based compensation,2025,406,10-Q,2026-07-30,https://www.sec.gov/Archives/edgar/data/910521/000091052126000022/deck-20260630.htm
DECK,2026-03-31,annual,capital_expenditures,84623000.0,USD,Purchases of property and equipment,"Years Ended March 31, — 2026",4816,10-K,2026-05-22,https://www.sec.gov/Archives/edgar/data/910521/000162828026037664/deck-20260331.htm
DECK,2026-03-31,annual,cash_from_operations,1181955000.0,USD,Net cash provided by operating activities,"Years Ended March 31, — 2026",4814,10-K,2026-05-22,https://www.sec.gov/Archives/edgar/data/910521/000162828026037664/deck-20260331.htm
DECK,2026-03-31,annual,cost_of_revenue,2314570000.0,USD,Cost of sales,"Years Ended March 31, — 2026",4716,10-K,2026-05-22,https://www.sec.gov/Archives/edgar/data/910521/000162828026037664/deck-20260331.htm
DECK,2026-03-31,annual,depreciation_amortization,75773000.0,USD,"Depreciation, amortization, and accretion","Years Ended March 31, — 2026",4795,10-K,2026-05-22,https://www.sec.gov/Archives/edgar/data/910521/000162828026037664/deck-20260331.htm
DECK,2026-03-31,annual,gross_profit,3157726000.0,USD,Gross profit,"Years Ended March 31, — 2026",4717,10-K,2026-05-22,https://www.sec.gov/Archives/edgar/data/910521/000162828026037664/deck-20260331.htm
DECK,2026-03-31,annual,income_tax_expense,302285000.0,USD,Income tax expense ( Note 5 ),"Years Ended March 31, — 2026",4725,10-K,2026-05-22,https://www.sec.gov/Archives/edgar/data/910521/000162828026037664/deck-20260331.htm
DECK,2026-03-31,annual,net_income,1024071000.0,USD,Net income,"Years Ended March 31, — 2026",4726,10-K,2026-05-22,https://www.sec.gov/Archives/edgar/data/910521/000162828026037664/deck-20260331.htm
DECK,2026-03-31,annual,operating_income,1262903000.0,USD,Income from operations ( Note 13 ),"Years Ended March 31, — 2026",4719,10-K,2026-05-22,https://www.sec.gov/Archives/edgar/data/910521/000162828026037664/deck-20260331.htm
DECK,2026-03-31,annual,pretax_income,1326356000.0,USD,Income before income taxes,"Years Ended March 31, — 2026",4724,10-K,2026-05-22,https://www.sec.gov/Archives/edgar/data/910521/000162828026037664/deck-20260331.htm
DECK,2026-03-31,annual,revenue,5472296000.0,USD,Net sales ( Note 2 and Note 13 ),"Years Ended March 31, — 2026",4715,10-K,2026-05-22,https://www.sec.gov/Archives/edgar/data/910521/000162828026037664/deck-20260331.htm
DECK,2026-03-31,annual,stock_based_compensation,44835000.0,USD,Stock-based compensation,"Years Ended March 31, — 2026",4799,10-K,2026-05-22,https://www.sec.gov/Archives/edgar/data/910521/000162828026037664/deck-20260331.htm
DECK,2026-03-31,instant,accounts_payable,384529000.0,USD,Trade accounts payable,"March 31, 2026",295,10-Q,2026-07-30,https://www.sec.gov/Archives/edgar/data/910521/000091052126000022/deck-20260630.htm
DECK,2026-03-31,instant,accounts_receivable,318978000.0,USD,"Trade accounts receivable, net of allowances ( $ 28,669 and $ 38,198 as of June 30, 2026 , and March 31, 2026 , respectively) ( Note 2)","March 31, 2026",281,10-Q,2026-07-30,https://www.sec.gov/Archives/edgar/data/910521/000091052126000022/deck-20260630.htm
DECK,2026-03-31,instant,cash_and_equivalents,1907249000.0,USD,Cash and cash equivalents,"March 31, 2026",280,10-Q,2026-07-30,https://www.sec.gov/Archives/edgar/data/910521/000091052126000022/deck-20260630.htm
DECK,2026-03-31,instant,current_assets,2850420000.0,USD,Total current assets,"March 31, 2026",286,10-Q,2026-07-30,https://www.sec.gov/Archives/edgar/data/910521/000091052126000022/deck-20260630.htm
DECK,2026-03-31,instant,current_liabilities,804074000.0,USD,Total current liabilities,"March 31, 2026",301,10-Q,2026-07-30,https://www.sec.gov/Archives/edgar/data/910521/000091052126000022/deck-20260630.htm
DECK,2026-03-31,instant,inventory,487018000.0,USD,Inventories,"March 31, 2026",282,10-Q,2026-07-30,https://www.sec.gov/Archives/edgar/data/910521/000091052126000022/deck-20260630.htm
DECK,2026-03-31,instant,other_current_assets,82114000.0,USD,Other current assets,"March 31, 2026",284,10-Q,2026-07-30,https://www.sec.gov/Archives/edgar/data/910521/000091052126000022/deck-20260630.htm
DECK,2026-03-31,instant,other_current_liabilities,171173000.0,USD,Other accrued expenses,"March 31, 2026",298,10-Q,2026-07-30,https://www.sec.gov/Archives/edgar/data/910521/000091052126000022/deck-20260630.htm
DECK,2026-06-30,3_months,capital_expenditures,15222000.0,USD,Purchases of property and equipment,"Three Months Ended June 30, — 2026",421,10-Q,2026-07-30,https://www.sec.gov/Archives/edgar/data/910521/000091052126000022/deck-20260630.htm
DECK,2026-06-30,3_months,cash_from_operations,47904000.0,USD,Net cash provided by operating activities,"Three Months Ended June 30, — 2026",419,10-Q,2026-07-30,https://www.sec.gov/Archives/edgar/data/910521/000091052126000022/deck-20260630.htm
DECK,2026-06-30,3_months,cost_of_revenue,444368000.0,USD,Cost of sales,"Three Months Ended June 30, — 2026",328,10-Q,2026-07-30,https://www.sec.gov/Archives/edgar/data/910521/000091052126000022/deck-20260630.htm
DECK,2026-06-30,3_months,depreciation_amortization,17713000.0,USD,"Depreciation, amortization, and accretion","Three Months Ended June 30, — 2026",402,10-Q,2026-07-30,https://www.sec.gov/Archives/edgar/data/910521/000091052126000022/deck-20260630.htm
DECK,2026-06-30,3_months,gross_profit,575163000.0,USD,Gross profit,"Three Months Ended June 30, — 2026",329,10-Q,2026-07-30,https://www.sec.gov/Archives/edgar/data/910521/000091052126000022/deck-20260630.htm
DECK,2026-06-30,3_months,income_tax_expense,39078000.0,USD,Income tax expense ( Note 4 ),"Three Months Ended June 30, — 2026",337,10-Q,2026-07-30,https://www.sec.gov/Archives/edgar/data/910521/000091052126000022/deck-20260630.htm
DECK,2026-06-30,3_months,net_income,129972000.0,USD,Net income,"Three Months Ended June 30, — 2026",338,10-Q,2026-07-30,https://www.sec.gov/Archives/edgar/data/910521/000091052126000022/deck-20260630.htm
DECK,2026-06-30,3_months,operating_income,155301000.0,USD,Income from operations ( Note 10 ),"Three Months Ended June 30, — 2026",331,10-Q,2026-07-30,https://www.sec.gov/Archives/edgar/data/910521/000091052126000022/deck-20260630.htm
DECK,2026-06-30,3_months,pretax_income,169050000.0,USD,Income before income taxes,"Three Months Ended June 30, — 2026",336,10-Q,2026-07-30,https://www.sec.gov/Archives/edgar/data/910521/000091052126000022/deck-20260630.htm
DECK,2026-06-30,3_months,revenue,1019531000.0,USD,Net sales ( Note 2 and Note 10 ),"Three Months Ended June 30, — 2026",327,10-Q,2026-07-30,https://www.sec.gov/Archives/edgar/data/910521/000091052126000022/deck-20260630.htm
DECK,2026-06-30,3_months,stock_based_compensation,10741000.0,USD,Stock-based compensation,"Three Months Ended June 30, — 2026",406,10-Q,2026-07-30,https://www.sec.gov/Archives/edgar/data/910521/000091052126000022/deck-20260630.htm
DECK,2026-06-30,instant,accounts_payable,726407000.0,USD,Trade accounts payable,"June 30, 2026",295,10-Q,2026-07-30,https://www.sec.gov/Archives/edgar/data/910521/000091052126000022/deck-20260630.htm
DECK,2026-06-30,instant,accounts_receivable,378348000.0,USD,"Trade accounts receivable, net of allowances ( $ 28,669 and $ 38,198 as of June 30, 2026 , and March 31, 2026 , respectively) ( Note 2)","June 30, 2026",281,10-Q,2026-07-30,https://www.sec.gov/Archives/edgar/data/910521/000091052126000022/deck-20260630.htm
DECK,2026-06-30,instant,cash_and_equivalents,1602589000.0,USD,Cash and cash equivalents,"June 30, 2026",280,10-Q,2026-07-30,https://www.sec.gov/Archives/edgar/data/910521/000091052126000022/deck-20260630.htm
DECK,2026-06-30,instant,current_assets,2922029000.0,USD,Total current assets,"June 30, 2026",286,10-Q,2026-07-30,https://www.sec.gov/Archives/edgar/data/910521/000091052126000022/deck-20260630.htm
DECK,2026-06-30,instant,current_liabilities,1063631000.0,USD,Total current liabilities,"June 30, 2026",301,10-Q,2026-07-30,https://www.sec.gov/Archives/edgar/data/910521/000091052126000022/deck-20260630.htm
DECK,2026-06-30,instant,inventory,807580000.0,USD,Inventories,"June 30, 2026",282,10-Q,2026-07-30,https://www.sec.gov/Archives/edgar/data/910521/000091052126000022/deck-20260630.htm
DECK,2026-06-30,instant,other_current_assets,67940000.0,USD,Other current assets,"June 30, 2026",284,10-Q,2026-07-30,https://www.sec.gov/Archives/edgar/data/910521/000091052126000022/deck-20260630.htm
DECK,2026-06-30,instant,other_current_liabilities,146713000.0,USD,Other accrued expenses,"June 30, 2026",298,10-Q,2026-07-30,https://www.sec.gov/Archives/edgar/data/910521/000091052126000022/deck-20260630.htm
NKE,2017-05-31,annual,capital_expenditures,1105000000.0,USD,"Additions to property, plant and equipment",2017,1614,10-K,2019-07-23,https://www.sec.gov/Archives/edgar/data/320187/000032018719000051/nke-531201910k.htm
NKE,2017-05-31,annual,cost_of_revenue,19038000000.0,USD,Cost of sales,2017,1500,10-K,2019-07-23,https://www.sec.gov/Archives/edgar/data/320187/000032018719000051/nke-531201910k.htm
NKE,2017-05-31,annual,dividends_paid,1133000000.0,USD,Dividends — common and preferred,2017,1625,10-K,2019-07-23,https://www.sec.gov/Archives/edgar/data/320187/000032018719000051/nke-531201910k.htm
NKE,2017-05-31,annual,gross_profit,15312000000.0,USD,Gross profit,2017,1501,10-K,2019-07-23,https://www.sec.gov/Archives/edgar/data/320187/000032018719000051/nke-531201910k.htm
NKE,2017-05-31,annual,income_tax_expense,646000000.0,USD,Income tax expense,2017,1508,10-K,2019-07-23,https://www.sec.gov/Archives/edgar/data/320187/000032018719000051/nke-531201910k.htm
NKE,2017-05-31,annual,interest_paid,98000000.0,USD,"Interest, net of capitalized interest",2017,1634,10-K,2019-07-23,https://www.sec.gov/Archives/edgar/data/320187/000032018719000051/nke-531201910k.htm
NKE,2017-05-31,annual,net_income,4240000000.0,USD,NET INCOME,2017,1509,10-K,2019-07-23,https://www.sec.gov/Archives/edgar/data/320187/000032018719000051/nke-531201910k.htm
NKE,2017-05-31,annual,pretax_income,4886000000.0,USD,Income before income taxes,2017,1507,10-K,2019-07-23,https://www.sec.gov/Archives/edgar/data/320187/000032018719000051/nke-531201910k.htm
NKE,2017-05-31,annual,revenue,34350000000.0,USD,Revenues,2017,1499,10-K,2019-07-23,https://www.sec.gov/Archives/edgar/data/320187/000032018719000051/nke-531201910k.htm
NKE,2017-05-31,annual,selling_general_admin,10563000000.0,USD,Total selling and administrative expense,2017,1504,10-K,2019-07-23,https://www.sec.gov/Archives/edgar/data/320187/000032018719000051/nke-531201910k.htm
NKE,2017-05-31,annual,stock_based_compensation,215000000.0,USD,Stock-based compensation,2017,1601,10-K,2019-07-23,https://www.sec.gov/Archives/edgar/data/320187/000032018719000051/nke-531201910k.htm
NKE,2017-05-31,annual,weighted_average_basic_shares,1657800000.0,shares,Basic,2017,1514,10-K,2019-07-23,https://www.sec.gov/Archives/edgar/data/320187/000032018719000051/nke-531201910k.htm
NKE,2017-05-31,annual,weighted_average_diluted_shares,1692000000.0,shares,Diluted,2017,1515,10-K,2019-07-23,https://www.sec.gov/Archives/edgar/data/320187/000032018719000051/nke-531201910k.htm
NKE,2018-05-31,annual,capital_expenditures,1028000000.0,USD,"Additions to property, plant and equipment",2018,1768,10-K,2020-07-24,https://www.sec.gov/Archives/edgar/data/320187/000032018720000047/nke-531202010k.htm
NKE,2018-05-31,annual,cash_from_operations,4955000000.0,USD,Cash provided (used) by operations,2018,1763,10-K,2020-07-24,https://www.sec.gov/Archives/edgar/data/320187/000032018720000047/nke-531202010k.htm
NKE,2018-05-31,annual,cost_of_revenue,20441000000.0,USD,Cost of sales,2018,1651,10-K,2020-07-24,https://www.sec.gov/Archives/edgar/data/320187/000032018720000047/nke-531202010k.htm
NKE,2018-05-31,annual,dividends_paid,1243000000.0,USD,Dividends — common and preferred,2018,1776,10-K,2020-07-24,https://www.sec.gov/Archives/edgar/data/320187/000032018720000047/nke-531202010k.htm
NKE,2018-05-31,annual,gross_profit,15956000000.0,USD,Gross profit,2018,1652,10-K,2020-07-24,https://www.sec.gov/Archives/edgar/data/320187/000032018720000047/nke-531202010k.htm
NKE,2018-05-31,annual,income_tax_expense,2392000000.0,USD,Income tax expense,2018,1659,10-K,2020-07-24,https://www.sec.gov/Archives/edgar/data/320187/000032018720000047/nke-531202010k.htm
NKE,2018-05-31,annual,interest_paid,125000000.0,USD,"Interest, net of capitalized interest",2018,1785,10-K,2020-07-24,https://www.sec.gov/Archives/edgar/data/320187/000032018720000047/nke-531202010k.htm
NKE,2018-05-31,annual,net_income,1933000000.0,USD,NET INCOME,2018,1660,10-K,2020-07-24,https://www.sec.gov/Archives/edgar/data/320187/000032018720000047/nke-531202010k.htm
NKE,2018-05-31,annual,pretax_income,4325000000.0,USD,Income before income taxes,2018,1658,10-K,2020-07-24,https://www.sec.gov/Archives/edgar/data/320187/000032018720000047/nke-531202010k.htm
NKE,2018-05-31,annual,revenue,36397000000.0,USD,Revenues,2018,1650,10-K,2020-07-24,https://www.sec.gov/Archives/edgar/data/320187/000032018720000047/nke-531202010k.htm
NKE,2018-05-31,annual,selling_general_admin,11511000000.0,USD,Total selling and administrative expense,2018,1655,10-K,2020-07-24,https://www.sec.gov/Archives/edgar/data/320187/000032018720000047/nke-531202010k.htm
NKE,2018-05-31,annual,stock_based_compensation,218000000.0,USD,Stock-based compensation,2018,1755,10-K,2020-07-24,https://www.sec.gov/Archives/edgar/data/320187/000032018720000047/nke-531202010k.htm
NKE,2018-05-31,annual,weighted_average_basic_shares,1623800000.0,shares,Basic,2018,1665,10-K,2020-07-24,https://www.sec.gov/Archives/edgar/data/320187/000032018720000047/nke-531202010k.htm
NKE,2018-05-31,annual,weighted_average_diluted_shares,1659100000.0,shares,Diluted,2018,1666,10-K,2020-07-24,https://www.sec.gov/Archives/edgar/data/320187/000032018720000047/nke-531202010k.htm
NKE,2018-05-31,instant,accounts_payable,2279000000.0,USD,Accounts payable,2018,1566,10-K,2019-07-23,https://www.sec.gov/Archives/edgar/data/320187/000032018719000051/nke-531201910k.htm
NKE,2018-05-31,instant,accounts_receivable,3498000000.0,USD,"Accounts receivable, net",2018,1553,10-K,2019-07-23,https://www.sec.gov/Archives/edgar/data/320187/000032018719000051/nke-531201910k.htm
NKE,2018-05-31,instant,cash_and_equivalents,4249000000.0,USD,Cash and equivalents,2018,1551,10-K,2019-07-23,https://www.sec.gov/Archives/edgar/data/320187/000032018719000051/nke-531201910k.htm
NKE,2018-05-31,instant,class_a_shares_outstanding,329000000.0,shares,Class A shares outstanding,2018,1576,10-K,2019-07-23,https://www.sec.gov/Archives/edgar/data/320187/000032018719000051/nke-531201910k.htm
NKE,2018-05-31,instant,class_b_shares_outstanding,1272000000.0,shares,Class B shares outstanding,2018,1577,10-K,2019-07-23,https://www.sec.gov/Archives/edgar/data/320187/000032018719000051/nke-531201910k.htm
NKE,2018-05-31,instant,current_assets,15134000000.0,USD,Total current assets,2018,1556,10-K,2019-07-23,https://www.sec.gov/Archives/edgar/data/320187/000032018719000051/nke-531201910k.htm
NKE,2018-05-31,instant,current_debt,6000000.0,USD,Current portion of long-term debt,2018,1564,10-K,2019-07-23,https://www.sec.gov/Archives/edgar/data/320187/000032018719000051/nke-531201910k.htm
NKE,2018-05-31,instant,current_liabilities,6040000000.0,USD,Total current liabilities,2018,1569,10-K,2019-07-23,https://www.sec.gov/Archives/edgar/data/320187/000032018719000051/nke-531201910k.htm
NKE,2018-05-31,instant,inventory,5261000000.0,USD,Inventories,2018,1554,10-K,2019-07-23,https://www.sec.gov/Archives/edgar/data/320187/000032018719000051/nke-531201910k.htm
NKE,2018-05-31,instant,noncurrent_debt,3468000000.0,USD,Long-term debt,2018,1570,10-K,2019-07-23,https://www.sec.gov/Archives/edgar/data/320187/000032018719000051/nke-531201910k.htm
NKE,2018-05-31,instant,other_current_assets,1130000000.0,USD,Prepaid expenses and other current assets,2018,1555,10-K,2019-07-23,https://www.sec.gov/Archives/edgar/data/320187/000032018719000051/nke-531201910k.htm
NKE,2018-05-31,instant,other_current_liabilities,3269000000.0,USD,Accrued liabilities,2018,1567,10-K,2019-07-23,https://www.sec.gov/Archives/edgar/data/320187/000032018719000051/nke-531201910k.htm
NKE,2018-05-31,instant,short_term_investments,996000000.0,USD,Short-term investments,2018,1552,10-K,2019-07-23,https://www.sec.gov/Archives/edgar/data/320187/000032018719000051/nke-531201910k.htm
NKE,2019-05-31,annual,capital_expenditures,1119000000.0,USD,"Additions to property, plant and equipment",2019,1661,10-K,2021-07-20,https://www.sec.gov/Archives/edgar/data/320187/000032018721000028/nke-20210531.htm
NKE,2019-05-31,annual,cash_from_operations,5903000000.0,USD,Cash provided (used) by operations,2019,1656,10-K,2021-07-20,https://www.sec.gov/Archives/edgar/data/320187/000032018721000028/nke-20210531.htm
NKE,2019-05-31,annual,cost_of_revenue,21643000000.0,USD,Cost of sales,2019,1550,10-K,2021-07-20,https://www.sec.gov/Archives/edgar/data/320187/000032018721000028/nke-20210531.htm
NKE,2019-05-31,annual,dividends_paid,1332000000.0,USD,Dividends — common and preferred,2019,1670,10-K,2021-07-20,https://www.sec.gov/Archives/edgar/data/320187/000032018721000028/nke-20210531.htm
NKE,2019-05-31,annual,gross_profit,17474000000.0,USD,Gross profit,2019,1551,10-K,2021-07-20,https://www.sec.gov/Archives/edgar/data/320187/000032018721000028/nke-20210531.htm
NKE,2019-05-31,annual,income_tax_expense,772000000.0,USD,Income tax expense,2019,1558,10-K,2021-07-20,https://www.sec.gov/Archives/edgar/data/320187/000032018721000028/nke-20210531.htm
NKE,2019-05-31,annual,interest_paid,153000000.0,USD,"Interest, net of capitalized interest",2019,1679,10-K,2021-07-20,https://www.sec.gov/Archives/edgar/data/320187/000032018721000028/nke-20210531.htm
NKE,2019-05-31,annual,net_income,4029000000.0,USD,NET INCOME,2019,1559,10-K,2021-07-20,https://www.sec.gov/Archives/edgar/data/320187/000032018721000028/nke-20210531.htm
NKE,2019-05-31,annual,pretax_income,4801000000.0,USD,Income before income taxes,2019,1557,10-K,2021-07-20,https://www.sec.gov/Archives/edgar/data/320187/000032018721000028/nke-20210531.htm
NKE,2019-05-31,annual,revenue,39117000000.0,USD,Revenues,2019,1549,10-K,2021-07-20,https://www.sec.gov/Archives/edgar/data/320187/000032018721000028/nke-20210531.htm
NKE,2019-05-31,annual,selling_general_admin,12702000000.0,USD,Total selling and administrative expense,2019,1554,10-K,2021-07-20,https://www.sec.gov/Archives/edgar/data/320187/000032018721000028/nke-20210531.htm
NKE,2019-05-31,annual,stock_based_compensation,325000000.0,USD,Stock-based compensation,2019,1648,10-K,2021-07-20,https://www.sec.gov/Archives/edgar/data/320187/000032018721000028/nke-20210531.htm
NKE,2019-05-31,annual,weighted_average_basic_shares,1579700000.0,shares,Basic,2019,1564,10-K,2021-07-20,https://www.sec.gov/Archives/edgar/data/320187/000032018721000028/nke-20210531.htm
NKE,2019-05-31,annual,weighted_average_diluted_shares,1618400000.0,shares,Diluted,2019,1565,10-K,2021-07-20,https://www.sec.gov/Archives/edgar/data/320187/000032018721000028/nke-20210531.htm
NKE,2019-05-31,instant,accounts_payable,2612000000.0,USD,Accounts payable,2019,1718,10-K,2020-07-24,https://www.sec.gov/Archives/edgar/data/320187/000032018720000047/nke-531202010k.htm
NKE,2019-05-31,instant,accounts_receivable,4272000000.0,USD,"Accounts receivable, net",2019,1704,10-K,2020-07-24,https://www.sec.gov/Archives/edgar/data/320187/000032018720000047/nke-531202010k.htm
NKE,2019-05-31,instant,cash_and_equivalents,4466000000.0,USD,Cash and equivalents,2019,1702,10-K,2020-07-24,https://www.sec.gov/Archives/edgar/data/320187/000032018720000047/nke-531202010k.htm
NKE,2019-05-31,instant,class_a_shares_outstanding,315000000.0,shares,Class A shares outstanding,"MAY 31, — 2019",1576,10-K,2019-07-23,https://www.sec.gov/Archives/edgar/data/320187/000032018719000051/nke-531201910k.htm
NKE,2019-05-31,instant,class_b_shares_outstanding,1253000000.0,shares,Class B shares outstanding,"MAY 31, — 2019",1577,10-K,2019-07-23,https://www.sec.gov/Archives/edgar/data/320187/000032018719000051/nke-531201910k.htm
NKE,2019-05-31,instant,current_assets,16525000000.0,USD,Total current assets,2019,1707,10-K,2020-07-24,https://www.sec.gov/Archives/edgar/data/320187/000032018720000047/nke-531202010k.htm
NKE,2019-05-31,instant,current_debt,6000000.0,USD,Current portion of long-term debt,2019,1716,10-K,2020-07-24,https://www.sec.gov/Archives/edgar/data/320187/000032018720000047/nke-531202010k.htm
NKE,2019-05-31,instant,current_liabilities,7866000000.0,USD,Total current liabilities,2019,1722,10-K,2020-07-24,https://www.sec.gov/Archives/edgar/data/320187/000032018720000047/nke-531202010k.htm
NKE,2019-05-31,instant,inventory,5622000000.0,USD,Inventories,2019,1705,10-K,2020-07-24,https://www.sec.gov/Archives/edgar/data/320187/000032018720000047/nke-531202010k.htm
NKE,2019-05-31,instant,noncurrent_debt,3464000000.0,USD,Long-term debt,2019,1723,10-K,2020-07-24,https://www.sec.gov/Archives/edgar/data/320187/000032018720000047/nke-531202010k.htm
NKE,2019-05-31,instant,other_current_assets,1968000000.0,USD,Prepaid expenses and other current assets,2019,1706,10-K,2020-07-24,https://www.sec.gov/Archives/edgar/data/320187/000032018720000047/nke-531202010k.htm
NKE,2019-05-31,instant,other_current_liabilities,5010000000.0,USD,Accrued liabilities,2019,1720,10-K,2020-07-24,https://www.sec.gov/Archives/edgar/data/320187/000032018720000047/nke-531202010k.htm
NKE,2019-05-31,instant,short_term_investments,197000000.0,USD,Short-term investments,2019,1703,10-K,2020-07-24,https://www.sec.gov/Archives/edgar/data/320187/000032018720000047/nke-531202010k.htm
NKE,2020-05-31,annual,capital_expenditures,1086000000.0,USD,"Additions to property, plant and equipment",2020,1617,10-K,2022-07-21,https://www.sec.gov/Archives/edgar/data/320187/000032018722000038/nke-20220531.htm
NKE,2020-05-31,annual,cash_from_operations,2485000000.0,USD,Cash provided (used) by operations,2020,1612,10-K,2022-07-21,https://www.sec.gov/Archives/edgar/data/320187/000032018722000038/nke-20220531.htm
NKE,2020-05-31,annual,cost_of_revenue,21162000000.0,USD,Cost of sales,2020,1506,10-K,2022-07-21,https://www.sec.gov/Archives/edgar/data/320187/000032018722000038/nke-20220531.htm
NKE,2020-05-31,annual,dividends_paid,1452000000.0,USD,Dividends — common and preferred,2020,1626,10-K,2022-07-21,https://www.sec.gov/Archives/edgar/data/320187/000032018722000038/nke-20220531.htm
NKE,2020-05-31,annual,gross_profit,16241000000.0,USD,Gross profit,2020,1507,10-K,2022-07-21,https://www.sec.gov/Archives/edgar/data/320187/000032018722000038/nke-20220531.htm
NKE,2020-05-31,annual,income_tax_expense,348000000.0,USD,Income tax expense,2020,1514,10-K,2022-07-21,https://www.sec.gov/Archives/edgar/data/320187/000032018722000038/nke-20220531.htm
NKE,2020-05-31,annual,interest_paid,140000000.0,USD,"Interest, net of capitalized interest",2020,1635,10-K,2022-07-21,https://www.sec.gov/Archives/edgar/data/320187/000032018722000038/nke-20220531.htm
NKE,2020-05-31,annual,net_income,2539000000.0,USD,NET INCOME,2020,1515,10-K,2022-07-21,https://www.sec.gov/Archives/edgar/data/320187/000032018722000038/nke-20220531.htm
NKE,2020-05-31,annual,pretax_income,2887000000.0,USD,Income before income taxes,2020,1513,10-K,2022-07-21,https://www.sec.gov/Archives/edgar/data/320187/000032018722000038/nke-20220531.htm
NKE,2020-05-31,annual,revenue,37403000000.0,USD,Revenues,2020,1505,10-K,2022-07-21,https://www.sec.gov/Archives/edgar/data/320187/000032018722000038/nke-20220531.htm
NKE,2020-05-31,annual,selling_general_admin,13126000000.0,USD,Total selling and administrative expense,2020,1510,10-K,2022-07-21,https://www.sec.gov/Archives/edgar/data/320187/000032018722000038/nke-20220531.htm
NKE,2020-05-31,annual,stock_based_compensation,429000000.0,USD,Stock-based compensation,2020,1604,10-K,2022-07-21,https://www.sec.gov/Archives/edgar/data/320187/000032018722000038/nke-20220531.htm
NKE,2020-05-31,annual,weighted_average_basic_shares,1558800000.0,shares,Basic,2020,1520,10-K,2022-07-21,https://www.sec.gov/Archives/edgar/data/320187/000032018722000038/nke-20220531.htm
NKE,2020-05-31,annual,weighted_average_diluted_shares,1591600000.0,shares,Diluted,2020,1521,10-K,2022-07-21,https://www.sec.gov/Archives/edgar/data/320187/000032018722000038/nke-20220531.htm
NKE,2020-05-31,instant,accounts_payable,2248000000.0,USD,Accounts payable,2020,1613,10-K,2021-07-20,https://www.sec.gov/Archives/edgar/data/320187/000032018721000028/nke-20210531.htm
NKE,2020-05-31,instant,accounts_receivable,2749000000.0,USD,"Accounts receivable, net",2020,1599,10-K,2021-07-20,https://www.sec.gov/Archives/edgar/data/320187/000032018721000028/nke-20210531.htm
NKE,2020-05-31,instant,cash_and_equivalents,8348000000.0,USD,Cash and equivalents,2020,1597,10-K,2021-07-20,https://www.sec.gov/Archives/edgar/data/320187/000032018721000028/nke-20210531.htm
NKE,2020-05-31,instant,class_a_shares_outstanding,315000000.0,shares,Class A shares outstanding,2020,1625,10-K,2021-07-20,https://www.sec.gov/Archives/edgar/data/320187/000032018721000028/nke-20210531.htm
NKE,2020-05-31,instant,class_b_shares_outstanding,1243000000.0,shares,Class B shares outstanding,2020,1626,10-K,2021-07-20,https://www.sec.gov/Archives/edgar/data/320187/000032018721000028/nke-20210531.htm
NKE,2020-05-31,instant,current_assets,20556000000.0,USD,Total current assets,2020,1602,10-K,2021-07-20,https://www.sec.gov/Archives/edgar/data/320187/000032018721000028/nke-20210531.htm
NKE,2020-05-31,instant,current_debt,3000000.0,USD,Current portion of long-term debt,2020,1611,10-K,2021-07-20,https://www.sec.gov/Archives/edgar/data/320187/000032018721000028/nke-20210531.htm
NKE,2020-05-31,instant,current_lease_liabilities,445000000.0,USD,Current portion of operating lease liabilities,2020,1614,10-K,2021-07-20,https://www.sec.gov/Archives/edgar/data/320187/000032018721000028/nke-20210531.htm
NKE,2020-05-31,instant,current_liabilities,8284000000.0,USD,Total current liabilities,2020,1617,10-K,2021-07-20,https://www.sec.gov/Archives/edgar/data/320187/000032018721000028/nke-20210531.htm
NKE,2020-05-31,instant,inventory,7367000000.0,USD,Inventories,2020,1600,10-K,2021-07-20,https://www.sec.gov/Archives/edgar/data/320187/000032018721000028/nke-20210531.htm
NKE,2020-05-31,instant,noncurrent_debt,9406000000.0,USD,Long-term debt,2020,1618,10-K,2021-07-20,https://www.sec.gov/Archives/edgar/data/320187/000032018721000028/nke-20210531.htm
NKE,2020-05-31,instant,noncurrent_lease_liabilities,2913000000.0,USD,Operating lease liabilities,2020,1619,10-K,2021-07-20,https://www.sec.gov/Archives/edgar/data/320187/000032018721000028/nke-20210531.htm
NKE,2020-05-31,instant,other_current_assets,1653000000.0,USD,Prepaid expenses and other current assets,2020,1601,10-K,2021-07-20,https://www.sec.gov/Archives/edgar/data/320187/000032018721000028/nke-20210531.htm
NKE,2020-05-31,instant,other_current_liabilities,5184000000.0,USD,Accrued liabilities,2020,1615,10-K,2021-07-20,https://www.sec.gov/Archives/edgar/data/320187/000032018721000028/nke-20210531.htm
NKE,2020-05-31,instant,short_term_investments,439000000.0,USD,Short-term investments,2020,1598,10-K,2021-07-20,https://www.sec.gov/Archives/edgar/data/320187/000032018721000028/nke-20210531.htm
NKE,2021-05-31,annual,capital_expenditures,695000000.0,USD,"Additions to property, plant and equipment",2021,1667,10-K,2023-07-20,https://www.sec.gov/Archives/edgar/data/320187/000032018723000039/nke-20230531.htm
NKE,2021-05-31,annual,cash_from_operations,6657000000.0,USD,Cash provided (used) by operations,2021,1662,10-K,2023-07-20,https://www.sec.gov/Archives/edgar/data/320187/000032018723000039/nke-20230531.htm
NKE,2021-05-31,annual,cost_of_revenue,24576000000.0,USD,Cost of sales,2021,1556,10-K,2023-07-20,https://www.sec.gov/Archives/edgar/data/320187/000032018723000039/nke-20230531.htm
NKE,2021-05-31,annual,dividends_paid,1638000000.0,USD,Dividends — common and preferred,2021,1675,10-K,2023-07-20,https://www.sec.gov/Archives/edgar/data/320187/000032018723000039/nke-20230531.htm
NKE,2021-05-31,annual,gross_profit,19962000000.0,USD,Gross profit,2021,1557,10-K,2023-07-20,https://www.sec.gov/Archives/edgar/data/320187/000032018723000039/nke-20230531.htm
NKE,2021-05-31,annual,income_tax_expense,934000000.0,USD,Income tax expense,2021,1564,10-K,2023-07-20,https://www.sec.gov/Archives/edgar/data/320187/000032018723000039/nke-20230531.htm
NKE,2021-05-31,annual,interest_paid,293000000.0,USD,"Interest, net of capitalized interest",2021,1684,10-K,2023-07-20,https://www.sec.gov/Archives/edgar/data/320187/000032018723000039/nke-20230531.htm
NKE,2021-05-31,annual,net_income,5727000000.0,USD,NET INCOME,2021,1565,10-K,2023-07-20,https://www.sec.gov/Archives/edgar/data/320187/000032018723000039/nke-20230531.htm
NKE,2021-05-31,annual,pretax_income,6661000000.0,USD,Income before income taxes,2021,1563,10-K,2023-07-20,https://www.sec.gov/Archives/edgar/data/320187/000032018723000039/nke-20230531.htm
NKE,2021-05-31,annual,revenue,44538000000.0,USD,Revenues,2021,1555,10-K,2023-07-20,https://www.sec.gov/Archives/edgar/data/320187/000032018723000039/nke-20230531.htm
NKE,2021-05-31,annual,selling_general_admin,13025000000.0,USD,Total selling and administrative expense,2021,1560,10-K,2023-07-20,https://www.sec.gov/Archives/edgar/data/320187/000032018723000039/nke-20230531.htm
NKE,2021-05-31,annual,stock_based_compensation,611000000.0,USD,Stock-based compensation,2021,1654,10-K,2023-07-20,https://www.sec.gov/Archives/edgar/data/320187/000032018723000039/nke-20230531.htm
NKE,2021-05-31,annual,weighted_average_basic_shares,1573000000.0,shares,Basic,2021,1570,10-K,2023-07-20,https://www.sec.gov/Archives/edgar/data/320187/000032018723000039/nke-20230531.htm
NKE,2021-05-31,annual,weighted_average_diluted_shares,1609400000.0,shares,Diluted,2021,1571,10-K,2023-07-20,https://www.sec.gov/Archives/edgar/data/320187/000032018723000039/nke-20230531.htm
NKE,2021-05-31,instant,accounts_payable,2836000000.0,USD,Accounts payable,2021,1569,10-K,2022-07-21,https://www.sec.gov/Archives/edgar/data/320187/000032018722000038/nke-20220531.htm
NKE,2021-05-31,instant,accounts_receivable,4463000000.0,USD,"Accounts receivable, net",2021,1555,10-K,2022-07-21,https://www.sec.gov/Archives/edgar/data/320187/000032018722000038/nke-20220531.htm
NKE,2021-05-31,instant,cash_and_equivalents,9889000000.0,USD,Cash and equivalents,2021,1553,10-K,2022-07-21,https://www.sec.gov/Archives/edgar/data/320187/000032018722000038/nke-20220531.htm
NKE,2021-05-31,instant,class_a_shares_outstanding,305000000.0,shares,Class A shares outstanding,2021,1581,10-K,2022-07-21,https://www.sec.gov/Archives/edgar/data/320187/000032018722000038/nke-20220531.htm
NKE,2021-05-31,instant,class_b_shares_outstanding,1273000000.0,shares,Class B shares outstanding,2021,1582,10-K,2022-07-21,https://www.sec.gov/Archives/edgar/data/320187/000032018722000038/nke-20220531.htm
NKE,2021-05-31,instant,current_assets,26291000000.0,USD,Total current assets,2021,1558,10-K,2022-07-21,https://www.sec.gov/Archives/edgar/data/320187/000032018722000038/nke-20220531.htm
NKE,2021-05-31,instant,current_lease_liabilities,467000000.0,USD,Current portion of operating lease liabilities,2021,1570,10-K,2022-07-21,https://www.sec.gov/Archives/edgar/data/320187/000032018722000038/nke-20220531.htm
NKE,2021-05-31,instant,current_liabilities,9674000000.0,USD,Total current liabilities,2021,1573,10-K,2022-07-21,https://www.sec.gov/Archives/edgar/data/320187/000032018722000038/nke-20220531.htm
NKE,2021-05-31,instant,inventory,6854000000.0,USD,Inventories,2021,1556,10-K,2022-07-21,https://www.sec.gov/Archives/edgar/data/320187/000032018722000038/nke-20220531.htm
NKE,2021-05-31,instant,noncurrent_debt,9413000000.0,USD,Long-term debt,2021,1574,10-K,2022-07-21,https://www.sec.gov/Archives/edgar/data/320187/000032018722000038/nke-20220531.htm
NKE,2021-05-31,instant,noncurrent_lease_liabilities,2931000000.0,USD,Operating lease liabilities,2021,1575,10-K,2022-07-21,https://www.sec.gov/Archives/edgar/data/320187/000032018722000038/nke-20220531.htm
NKE,2021-05-31,instant,other_current_assets,1498000000.0,USD,Prepaid expenses and other current assets,2021,1557,10-K,2022-07-21,https://www.sec.gov/Archives/edgar/data/320187/000032018722000038/nke-20220531.htm
NKE,2021-05-31,instant,other_current_liabilities,6063000000.0,USD,Accrued liabilities,2021,1571,10-K,2022-07-21,https://www.sec.gov/Archives/edgar/data/320187/000032018722000038/nke-20220531.htm
NKE,2021-05-31,instant,short_term_investments,3587000000.0,USD,Short-term investments,2021,1554,10-K,2022-07-21,https://www.sec.gov/Archives/edgar/data/320187/000032018722000038/nke-20220531.htm
NKE,2022-05-31,annual,capital_expenditures,758000000.0,USD,"Additions to property, plant and equipment",2022,1714,10-K,2024-07-25,https://www.sec.gov/Archives/edgar/data/320187/000032018724000044/nke-20240531.htm
NKE,2022-05-31,annual,cash_from_operations,5188000000.0,USD,Cash provided (used) by operations,2022,1709,10-K,2024-07-25,https://www.sec.gov/Archives/edgar/data/320187/000032018724000044/nke-20240531.htm
NKE,2022-05-31,annual,cost_of_revenue,25231000000.0,USD,Cost of sales,2022,1603,10-K,2024-07-25,https://www.sec.gov/Archives/edgar/data/320187/000032018724000044/nke-20240531.htm
NKE,2022-05-31,annual,dividends_paid,1837000000.0,USD,Dividends — common and preferred,2022,1722,10-K,2024-07-25,https://www.sec.gov/Archives/edgar/data/320187/000032018724000044/nke-20240531.htm
NKE,2022-05-31,annual,gross_profit,21479000000.0,USD,Gross profit,2022,1604,10-K,2024-07-25,https://www.sec.gov/Archives/edgar/data/320187/000032018724000044/nke-20240531.htm
NKE,2022-05-31,annual,income_tax_expense,605000000.0,USD,Income tax expense,2022,1611,10-K,2024-07-25,https://www.sec.gov/Archives/edgar/data/320187/000032018724000044/nke-20240531.htm
NKE,2022-05-31,annual,interest_paid,290000000.0,USD,"Interest, net of capitalized interest",2022,1731,10-K,2024-07-25,https://www.sec.gov/Archives/edgar/data/320187/000032018724000044/nke-20240531.htm
NKE,2022-05-31,annual,net_income,6046000000.0,USD,NET INCOME,2022,1612,10-K,2024-07-25,https://www.sec.gov/Archives/edgar/data/320187/000032018724000044/nke-20240531.htm
NKE,2022-05-31,annual,pretax_income,6651000000.0,USD,Income before income taxes,2022,1610,10-K,2024-07-25,https://www.sec.gov/Archives/edgar/data/320187/000032018724000044/nke-20240531.htm
NKE,2022-05-31,annual,revenue,46710000000.0,USD,Revenues,2022,1602,10-K,2024-07-25,https://www.sec.gov/Archives/edgar/data/320187/000032018724000044/nke-20240531.htm
NKE,2022-05-31,annual,selling_general_admin,14804000000.0,USD,Total selling and administrative expense,2022,1607,10-K,2024-07-25,https://www.sec.gov/Archives/edgar/data/320187/000032018724000044/nke-20240531.htm
NKE,2022-05-31,annual,stock_based_compensation,638000000.0,USD,Stock-based compensation,2022,1701,10-K,2024-07-25,https://www.sec.gov/Archives/edgar/data/320187/000032018724000044/nke-20240531.htm
NKE,2022-05-31,annual,weighted_average_basic_shares,1578800000.0,shares,Basic,2022,1617,10-K,2024-07-25,https://www.sec.gov/Archives/edgar/data/320187/000032018724000044/nke-20240531.htm
NKE,2022-05-31,annual,weighted_average_diluted_shares,1610800000.0,shares,Diluted,2022,1618,10-K,2024-07-25,https://www.sec.gov/Archives/edgar/data/320187/000032018724000044/nke-20240531.htm
NKE,2022-05-31,instant,accounts_payable,3358000000.0,USD,Accounts payable,2022,1619,10-K,2023-07-20,https://www.sec.gov/Archives/edgar/data/320187/000032018723000039/nke-20230531.htm
NKE,2022-05-31,instant,accounts_receivable,4667000000.0,USD,"Accounts receivable, net",2022,1605,10-K,2023-07-20,https://www.sec.gov/Archives/edgar/data/320187/000032018723000039/nke-20230531.htm
NKE,2022-05-31,instant,cash_and_equivalents,8574000000.0,USD,Cash and equivalents,2022,1603,10-K,2023-07-20,https://www.sec.gov/Archives/edgar/data/320187/000032018723000039/nke-20230531.htm
NKE,2022-05-31,instant,class_a_shares_outstanding,305000000.0,shares,Class A shares outstanding,2022,1631,10-K,2023-07-20,https://www.sec.gov/Archives/edgar/data/320187/000032018723000039/nke-20230531.htm
NKE,2022-05-31,instant,class_b_shares_outstanding,1266000000.0,shares,Class B shares outstanding,2022,1632,10-K,2023-07-20,https://www.sec.gov/Archives/edgar/data/320187/000032018723000039/nke-20230531.htm
NKE,2022-05-31,instant,current_assets,28213000000.0,USD,Total current assets,2022,1608,10-K,2023-07-20,https://www.sec.gov/Archives/edgar/data/320187/000032018723000039/nke-20230531.htm
NKE,2022-05-31,instant,current_debt,500000000.0,USD,Current portion of long-term debt,2022,1617,10-K,2023-07-20,https://www.sec.gov/Archives/edgar/data/320187/000032018723000039/nke-20230531.htm
NKE,2022-05-31,instant,current_lease_liabilities,420000000.0,USD,Current portion of operating lease liabilities,2022,1620,10-K,2023-07-20,https://www.sec.gov/Archives/edgar/data/320187/000032018723000039/nke-20230531.htm
NKE,2022-05-31,instant,current_liabilities,10730000000.0,USD,Total current liabilities,2022,1623,10-K,2023-07-20,https://www.sec.gov/Archives/edgar/data/320187/000032018723000039/nke-20230531.htm
NKE,2022-05-31,instant,inventory,8420000000.0,USD,Inventories,2022,1606,10-K,2023-07-20,https://www.sec.gov/Archives/edgar/data/320187/000032018723000039/nke-20230531.htm
NKE,2022-05-31,instant,noncurrent_debt,8920000000.0,USD,Long-term debt,2022,1624,10-K,2023-07-20,https://www.sec.gov/Archives/edgar/data/320187/000032018723000039/nke-20230531.htm
NKE,2022-05-31,instant,noncurrent_lease_liabilities,2777000000.0,USD,Operating lease liabilities,2022,1625,10-K,2023-07-20,https://www.sec.gov/Archives/edgar/data/320187/000032018723000039/nke-20230531.htm
NKE,2022-05-31,instant,other_current_assets,2129000000.0,USD,Prepaid expenses and other current assets,2022,1607,10-K,2023-07-20,https://www.sec.gov/Archives/edgar/data/320187/000032018723000039/nke-20230531.htm
NKE,2022-05-31,instant,other_current_liabilities,6220000000.0,USD,Accrued liabilities,2022,1621,10-K,2023-07-20,https://www.sec.gov/Archives/edgar/data/320187/000032018723000039/nke-20230531.htm
NKE,2022-05-31,instant,short_term_investments,4423000000.0,USD,Short-term investments,2022,1604,10-K,2023-07-20,https://www.sec.gov/Archives/edgar/data/320187/000032018723000039/nke-20230531.htm
NKE,2023-05-31,annual,capital_expenditures,969000000.0,USD,"Additions to property, plant and equipment",2023,1751,10-K,2025-07-17,https://www.sec.gov/Archives/edgar/data/320187/000032018725000047/nke-20250531.htm
NKE,2023-05-31,annual,cash_from_operations,5841000000.0,USD,Cash provided (used) by operations,2023,1746,10-K,2025-07-17,https://www.sec.gov/Archives/edgar/data/320187/000032018725000047/nke-20250531.htm
NKE,2023-05-31,annual,cost_of_revenue,28925000000.0,USD,Cost of sales,2023,1640,10-K,2025-07-17,https://www.sec.gov/Archives/edgar/data/320187/000032018725000047/nke-20250531.htm
NKE,2023-05-31,annual,depreciation_amortization,703000000.0,USD,Depreciation and amortization,2023,1736,10-K,2025-07-17,https://www.sec.gov/Archives/edgar/data/320187/000032018725000047/nke-20250531.htm
NKE,2023-05-31,annual,dividends_paid,2012000000.0,USD,Dividends — common and preferred,2023,1759,10-K,2025-07-17,https://www.sec.gov/Archives/edgar/data/320187/000032018725000047/nke-20250531.htm
NKE,2023-05-31,annual,gross_profit,22292000000.0,USD,Gross profit,2023,1641,10-K,2025-07-17,https://www.sec.gov/Archives/edgar/data/320187/000032018725000047/nke-20250531.htm
NKE,2023-05-31,annual,income_tax_expense,1131000000.0,USD,Income tax expense,2023,1648,10-K,2025-07-17,https://www.sec.gov/Archives/edgar/data/320187/000032018725000047/nke-20250531.htm
NKE,2023-05-31,annual,interest_paid,347000000.0,USD,"Interest, net of capitalized interest",2023,1768,10-K,2025-07-17,https://www.sec.gov/Archives/edgar/data/320187/000032018725000047/nke-20250531.htm
NKE,2023-05-31,annual,net_income,5070000000.0,USD,NET INCOME,2023,1649,10-K,2025-07-17,https://www.sec.gov/Archives/edgar/data/320187/000032018725000047/nke-20250531.htm
NKE,2023-05-31,annual,pretax_income,6201000000.0,USD,Income before income taxes,2023,1647,10-K,2025-07-17,https://www.sec.gov/Archives/edgar/data/320187/000032018725000047/nke-20250531.htm
NKE,2023-05-31,annual,revenue,51217000000.0,USD,Revenues,2023,1639,10-K,2025-07-17,https://www.sec.gov/Archives/edgar/data/320187/000032018725000047/nke-20250531.htm
NKE,2023-05-31,annual,selling_general_admin,16377000000.0,USD,Total selling and administrative expense,2023,1644,10-K,2025-07-17,https://www.sec.gov/Archives/edgar/data/320187/000032018725000047/nke-20250531.htm
NKE,2023-05-31,annual,stock_based_compensation,755000000.0,USD,Stock-based compensation,2023,1738,10-K,2025-07-17,https://www.sec.gov/Archives/edgar/data/320187/000032018725000047/nke-20250531.htm
NKE,2023-05-31,annual,weighted_average_basic_shares,1551600000.0,shares,Basic,2023,1654,10-K,2025-07-17,https://www.sec.gov/Archives/edgar/data/320187/000032018725000047/nke-20250531.htm
NKE,2023-05-31,annual,weighted_average_diluted_shares,1569800000.0,shares,Diluted,2023,1655,10-K,2025-07-17,https://www.sec.gov/Archives/edgar/data/320187/000032018725000047/nke-20250531.htm
NKE,2023-05-31,instant,accounts_payable,2862000000.0,USD,Accounts payable,2023,1666,10-K,2024-07-25,https://www.sec.gov/Archives/edgar/data/320187/000032018724000044/nke-20240531.htm
NKE,2023-05-31,instant,accounts_receivable,4131000000.0,USD,"Accounts receivable, net",2023,1652,10-K,2024-07-25,https://www.sec.gov/Archives/edgar/data/320187/000032018724000044/nke-20240531.htm
NKE,2023-05-31,instant,cash_and_equivalents,7441000000.0,USD,Cash and equivalents,2023,1650,10-K,2024-07-25,https://www.sec.gov/Archives/edgar/data/320187/000032018724000044/nke-20240531.htm
NKE,2023-05-31,instant,class_a_shares_outstanding,305000000.0,shares,Class A shares outstanding,2023,1678,10-K,2024-07-25,https://www.sec.gov/Archives/edgar/data/320187/000032018724000044/nke-20240531.htm
NKE,2023-05-31,instant,class_b_shares_outstanding,1227000000.0,shares,Class B shares outstanding,2023,1679,10-K,2024-07-25,https://www.sec.gov/Archives/edgar/data/320187/000032018724000044/nke-20240531.htm
NKE,2023-05-31,instant,current_assets,25202000000.0,USD,Total current assets,2023,1655,10-K,2024-07-25,https://www.sec.gov/Archives/edgar/data/320187/000032018724000044/nke-20240531.htm
NKE,2023-05-31,instant,current_lease_liabilities,425000000.0,USD,Current portion of operating lease liabilities,2023,1667,10-K,2024-07-25,https://www.sec.gov/Archives/edgar/data/320187/000032018724000044/nke-20240531.htm
NKE,2023-05-31,instant,current_liabilities,9256000000.0,USD,Total current liabilities,2023,1670,10-K,2024-07-25,https://www.sec.gov/Archives/edgar/data/320187/000032018724000044/nke-20240531.htm
NKE,2023-05-31,instant,inventory,8454000000.0,USD,Inventories,2023,1653,10-K,2024-07-25,https://www.sec.gov/Archives/edgar/data/320187/000032018724000044/nke-20240531.htm
NKE,2023-05-31,instant,noncurrent_debt,8927000000.0,USD,Long-term debt,2023,1671,10-K,2024-07-25,https://www.sec.gov/Archives/edgar/data/320187/000032018724000044/nke-20240531.htm
NKE,2023-05-31,instant,noncurrent_lease_liabilities,2786000000.0,USD,Operating lease liabilities,2023,1672,10-K,2024-07-25,https://www.sec.gov/Archives/edgar/data/320187/000032018724000044/nke-20240531.htm
NKE,2023-05-31,instant,other_current_assets,1942000000.0,USD,Prepaid expenses and other current assets,2023,1654,10-K,2024-07-25,https://www.sec.gov/Archives/edgar/data/320187/000032018724000044/nke-20240531.htm
NKE,2023-05-31,instant,other_current_liabilities,5723000000.0,USD,Accrued liabilities,2023,1668,10-K,2024-07-25,https://www.sec.gov/Archives/edgar/data/320187/000032018724000044/nke-20240531.htm
NKE,2023-05-31,instant,short_term_investments,3234000000.0,USD,Short-term investments,2023,1651,10-K,2024-07-25,https://www.sec.gov/Archives/edgar/data/320187/000032018724000044/nke-20240531.htm
NKE,2024-05-31,annual,capital_expenditures,812000000.0,USD,"Additions to property, plant and equipment",2024,1706,10-K,2026-07-15,https://www.sec.gov/Archives/edgar/data/320187/000032018726000088/nke-20260531.htm
NKE,2024-05-31,annual,cash_from_operations,7429000000.0,USD,Cash provided (used) by operations,2024,1701,10-K,2026-07-15,https://www.sec.gov/Archives/edgar/data/320187/000032018726000088/nke-20260531.htm
NKE,2024-05-31,annual,cost_of_revenue,28475000000.0,USD,Cost of sales,2024,1596,10-K,2026-07-15,https://www.sec.gov/Archives/edgar/data/320187/000032018726000088/nke-20260531.htm
NKE,2024-05-31,annual,depreciation_amortization,796000000.0,USD,Depreciation and amortization,2024,1691,10-K,2026-07-15,https://www.sec.gov/Archives/edgar/data/320187/000032018726000088/nke-20260531.htm
NKE,2024-05-31,annual,dividends_paid,2169000000.0,USD,Dividends — common and preferred,2024,1713,10-K,2026-07-15,https://www.sec.gov/Archives/edgar/data/320187/000032018726000088/nke-20260531.htm
NKE,2024-05-31,annual,gross_profit,22887000000.0,USD,Gross profit,2024,1597,10-K,2026-07-15,https://www.sec.gov/Archives/edgar/data/320187/000032018726000088/nke-20260531.htm
NKE,2024-05-31,annual,income_tax_expense,1000000000.0,USD,Income tax expense,2024,1604,10-K,2026-07-15,https://www.sec.gov/Archives/edgar/data/320187/000032018726000088/nke-20260531.htm
NKE,2024-05-31,annual,interest_paid,381000000.0,USD,"Interest, net of capitalized interest",2024,1722,10-K,2026-07-15,https://www.sec.gov/Archives/edgar/data/320187/000032018726000088/nke-20260531.htm
NKE,2024-05-31,annual,net_income,5700000000.0,USD,NET INCOME,2024,1605,10-K,2026-07-15,https://www.sec.gov/Archives/edgar/data/320187/000032018726000088/nke-20260531.htm
NKE,2024-05-31,annual,pretax_income,6700000000.0,USD,Income before income taxes,2024,1603,10-K,2026-07-15,https://www.sec.gov/Archives/edgar/data/320187/000032018726000088/nke-20260531.htm
NKE,2024-05-31,annual,revenue,51362000000.0,USD,Revenues,2024,1595,10-K,2026-07-15,https://www.sec.gov/Archives/edgar/data/320187/000032018726000088/nke-20260531.htm
NKE,2024-05-31,annual,selling_general_admin,16576000000.0,USD,Total selling and administrative expense,2024,1600,10-K,2026-07-15,https://www.sec.gov/Archives/edgar/data/320187/000032018726000088/nke-20260531.htm
NKE,2024-05-31,annual,stock_based_compensation,804000000.0,USD,Stock-based compensation,2024,1693,10-K,2026-07-15,https://www.sec.gov/Archives/edgar/data/320187/000032018726000088/nke-20260531.htm
NKE,2024-05-31,annual,weighted_average_basic_shares,1517600000.0,shares,Basic,2024,1610,10-K,2026-07-15,https://www.sec.gov/Archives/edgar/data/320187/000032018726000088/nke-20260531.htm
NKE,2024-05-31,annual,weighted_average_diluted_shares,1529700000.0,shares,Diluted,2024,1611,10-K,2026-07-15,https://www.sec.gov/Archives/edgar/data/320187/000032018726000088/nke-20260531.htm
NKE,2024-05-31,instant,accounts_payable,2851000000.0,USD,Accounts payable,2024,1703,10-K,2025-07-17,https://www.sec.gov/Archives/edgar/data/320187/000032018725000047/nke-20250531.htm
NKE,2024-05-31,instant,accounts_receivable,4427000000.0,USD,"Accounts receivable, net",2024,1689,10-K,2025-07-17,https://www.sec.gov/Archives/edgar/data/320187/000032018725000047/nke-20250531.htm
NKE,2024-05-31,instant,cash_and_equivalents,9860000000.0,USD,Cash and equivalents,2024,1687,10-K,2025-07-17,https://www.sec.gov/Archives/edgar/data/320187/000032018725000047/nke-20250531.htm
NKE,2024-05-31,instant,class_a_shares_outstanding,298000000.0,shares,Class A shares outstanding,2024,1715,10-K,2025-07-17,https://www.sec.gov/Archives/edgar/data/320187/000032018725000047/nke-20250531.htm
NKE,2024-05-31,instant,class_b_shares_outstanding,1205000000.0,shares,Class B shares outstanding,2024,1716,10-K,2025-07-17,https://www.sec.gov/Archives/edgar/data/320187/000032018725000047/nke-20250531.htm
NKE,2024-05-31,instant,current_assets,25382000000.0,USD,Total current assets,2024,1692,10-K,2025-07-17,https://www.sec.gov/Archives/edgar/data/320187/000032018725000047/nke-20250531.htm
NKE,2024-05-31,instant,current_debt,1000000000.0,USD,Current portion of long-term debt,2024,1701,10-K,2025-07-17,https://www.sec.gov/Archives/edgar/data/320187/000032018725000047/nke-20250531.htm
NKE,2024-05-31,instant,current_lease_liabilities,477000000.0,USD,Current portion of operating lease liabilities,2024,1704,10-K,2025-07-17,https://www.sec.gov/Archives/edgar/data/320187/000032018725000047/nke-20250531.htm
NKE,2024-05-31,instant,current_liabilities,10593000000.0,USD,Total current liabilities,2024,1707,10-K,2025-07-17,https://www.sec.gov/Archives/edgar/data/320187/000032018725000047/nke-20250531.htm
NKE,2024-05-31,instant,inventory,7519000000.0,USD,Inventories,2024,1690,10-K,2025-07-17,https://www.sec.gov/Archives/edgar/data/320187/000032018725000047/nke-20250531.htm
NKE,2024-05-31,instant,noncurrent_debt,7903000000.0,USD,Long-term debt,2024,1708,10-K,2025-07-17,https://www.sec.gov/Archives/edgar/data/320187/000032018725000047/nke-20250531.htm
NKE,2024-05-31,instant,noncurrent_lease_liabilities,2566000000.0,USD,Operating lease liabilities,2024,1709,10-K,2025-07-17,https://www.sec.gov/Archives/edgar/data/320187/000032018725000047/nke-20250531.htm
NKE,2024-05-31,instant,other_current_assets,1854000000.0,USD,Prepaid expenses and other current assets,2024,1691,10-K,2025-07-17,https://www.sec.gov/Archives/edgar/data/320187/000032018725000047/nke-20250531.htm
NKE,2024-05-31,instant,other_current_liabilities,5725000000.0,USD,Accrued liabilities,2024,1705,10-K,2025-07-17,https://www.sec.gov/Archives/edgar/data/320187/000032018725000047/nke-20250531.htm
NKE,2024-05-31,instant,short_term_investments,1722000000.0,USD,Short-term investments,2024,1688,10-K,2025-07-17,https://www.sec.gov/Archives/edgar/data/320187/000032018725000047/nke-20250531.htm
NKE,2025-05-31,annual,capital_expenditures,430000000.0,USD,"Additions to property, plant and equipment",2025,1706,10-K,2026-07-15,https://www.sec.gov/Archives/edgar/data/320187/000032018726000088/nke-20260531.htm
NKE,2025-05-31,annual,cash_from_operations,3698000000.0,USD,Cash provided (used) by operations,2025,1701,10-K,2026-07-15,https://www.sec.gov/Archives/edgar/data/320187/000032018726000088/nke-20260531.htm
NKE,2025-05-31,annual,cost_of_revenue,26519000000.0,USD,Cost of sales,2025,1596,10-K,2026-07-15,https://www.sec.gov/Archives/edgar/data/320187/000032018726000088/nke-20260531.htm
NKE,2025-05-31,annual,depreciation_amortization,775000000.0,USD,Depreciation and amortization,2025,1691,10-K,2026-07-15,https://www.sec.gov/Archives/edgar/data/320187/000032018726000088/nke-20260531.htm
NKE,2025-05-31,annual,dividends_paid,2300000000.0,USD,Dividends — common and preferred,2025,1713,10-K,2026-07-15,https://www.sec.gov/Archives/edgar/data/320187/000032018726000088/nke-20260531.htm
NKE,2025-05-31,annual,gross_profit,19790000000.0,USD,Gross profit,2025,1597,10-K,2026-07-15,https://www.sec.gov/Archives/edgar/data/320187/000032018726000088/nke-20260531.htm
NKE,2025-05-31,annual,income_tax_expense,666000000.0,USD,Income tax expense,2025,1604,10-K,2026-07-15,https://www.sec.gov/Archives/edgar/data/320187/000032018726000088/nke-20260531.htm
NKE,2025-05-31,annual,interest_paid,389000000.0,USD,"Interest, net of capitalized interest",2025,1722,10-K,2026-07-15,https://www.sec.gov/Archives/edgar/data/320187/000032018726000088/nke-20260531.htm
NKE,2025-05-31,annual,net_income,3219000000.0,USD,NET INCOME,2025,1605,10-K,2026-07-15,https://www.sec.gov/Archives/edgar/data/320187/000032018726000088/nke-20260531.htm
NKE,2025-05-31,annual,pretax_income,3885000000.0,USD,Income before income taxes,2025,1603,10-K,2026-07-15,https://www.sec.gov/Archives/edgar/data/320187/000032018726000088/nke-20260531.htm
NKE,2025-05-31,annual,revenue,46309000000.0,USD,Revenues,2025,1595,10-K,2026-07-15,https://www.sec.gov/Archives/edgar/data/320187/000032018726000088/nke-20260531.htm
NKE,2025-05-31,annual,selling_general_admin,16088000000.0,USD,Total selling and administrative expense,2025,1600,10-K,2026-07-15,https://www.sec.gov/Archives/edgar/data/320187/000032018726000088/nke-20260531.htm
NKE,2025-05-31,annual,stock_based_compensation,709000000.0,USD,Stock-based compensation,2025,1693,10-K,2026-07-15,https://www.sec.gov/Archives/edgar/data/320187/000032018726000088/nke-20260531.htm
NKE,2025-05-31,annual,weighted_average_basic_shares,1484900000.0,shares,Basic,2025,1610,10-K,2026-07-15,https://www.sec.gov/Archives/edgar/data/320187/000032018726000088/nke-20260531.htm
NKE,2025-05-31,annual,weighted_average_diluted_shares,1487600000.0,shares,Diluted,2025,1611,10-K,2026-07-15,https://www.sec.gov/Archives/edgar/data/320187/000032018726000088/nke-20260531.htm
NKE,2025-05-31,instant,accounts_payable,3479000000.0,USD,Accounts payable,2025,1658,10-K,2026-07-15,https://www.sec.gov/Archives/edgar/data/320187/000032018726000088/nke-20260531.htm
NKE,2025-05-31,instant,accounts_receivable,4717000000.0,USD,"Accounts receivable, net",2025,1645,10-K,2026-07-15,https://www.sec.gov/Archives/edgar/data/320187/000032018726000088/nke-20260531.htm
NKE,2025-05-31,instant,cash_and_equivalents,7464000000.0,USD,Cash and equivalents,2025,1643,10-K,2026-07-15,https://www.sec.gov/Archives/edgar/data/320187/000032018726000088/nke-20260531.htm
NKE,2025-05-31,instant,class_a_shares_outstanding,290000000.0,shares,Class A shares outstanding,2025,1670,10-K,2026-07-15,https://www.sec.gov/Archives/edgar/data/320187/000032018726000088/nke-20260531.htm
NKE,2025-05-31,instant,class_b_shares_outstanding,1186000000.0,shares,Class B shares outstanding,2025,1671,10-K,2026-07-15,https://www.sec.gov/Archives/edgar/data/320187/000032018726000088/nke-20260531.htm
NKE,2025-05-31,instant,current_assets,23362000000.0,USD,Total current assets,2025,1648,10-K,2026-07-15,https://www.sec.gov/Archives/edgar/data/320187/000032018726000088/nke-20260531.htm
NKE,2025-05-31,instant,current_lease_liabilities,502000000.0,USD,Current portion of operating lease liabilities,2025,1659,10-K,2026-07-15,https://www.sec.gov/Archives/edgar/data/320187/000032018726000088/nke-20260531.htm
NKE,2025-05-31,instant,current_liabilities,10566000000.0,USD,Total current liabilities,2025,1662,10-K,2026-07-15,https://www.sec.gov/Archives/edgar/data/320187/000032018726000088/nke-20260531.htm
NKE,2025-05-31,instant,inventory,7489000000.0,USD,Inventories,2025,1646,10-K,2026-07-15,https://www.sec.gov/Archives/edgar/data/320187/000032018726000088/nke-20260531.htm
NKE,2025-05-31,instant,noncurrent_debt,7961000000.0,USD,Long-term debt,2025,1663,10-K,2026-07-15,https://www.sec.gov/Archives/edgar/data/320187/000032018726000088/nke-20260531.htm
NKE,2025-05-31,instant,noncurrent_lease_liabilities,2550000000.0,USD,Operating lease liabilities,2025,1664,10-K,2026-07-15,https://www.sec.gov/Archives/edgar/data/320187/000032018726000088/nke-20260531.htm
NKE,2025-05-31,instant,other_current_assets,2005000000.0,USD,Prepaid expenses and other current assets,2025,1647,10-K,2026-07-15,https://www.sec.gov/Archives/edgar/data/320187/000032018726000088/nke-20260531.htm
NKE,2025-05-31,instant,other_current_liabilities,5916000000.0,USD,Accrued liabilities,2025,1660,10-K,2026-07-15,https://www.sec.gov/Archives/edgar/data/320187/000032018726000088/nke-20260531.htm
NKE,2025-05-31,instant,short_term_investments,1687000000.0,USD,Short-term investments,2025,1644,10-K,2026-07-15,https://www.sec.gov/Archives/edgar/data/320187/000032018726000088/nke-20260531.htm
NKE,2026-05-31,annual,capital_expenditures,684000000.0,USD,"Additions to property, plant and equipment","YEAR ENDED MAY 31, — 2026",1706,10-K,2026-07-15,https://www.sec.gov/Archives/edgar/data/320187/000032018726000088/nke-20260531.htm
NKE,2026-05-31,annual,cash_from_operations,2868000000.0,USD,Cash provided (used) by operations,"YEAR ENDED MAY 31, — 2026",1701,10-K,2026-07-15,https://www.sec.gov/Archives/edgar/data/320187/000032018726000088/nke-20260531.htm
NKE,2026-05-31,annual,cost_of_revenue,26487000000.0,USD,Cost of sales,"YEAR ENDED MAY 31, — 2026",1596,10-K,2026-07-15,https://www.sec.gov/Archives/edgar/data/320187/000032018726000088/nke-20260531.htm
NKE,2026-05-31,annual,depreciation_amortization,747000000.0,USD,Depreciation and amortization,"YEAR ENDED MAY 31, — 2026",1691,10-K,2026-07-15,https://www.sec.gov/Archives/edgar/data/320187/000032018726000088/nke-20260531.htm
NKE,2026-05-31,annual,dividends_paid,2407000000.0,USD,Dividends — common and preferred,"YEAR ENDED MAY 31, — 2026",1713,10-K,2026-07-15,https://www.sec.gov/Archives/edgar/data/320187/000032018726000088/nke-20260531.htm
NKE,2026-05-31,annual,gross_profit,19911000000.0,USD,Gross profit,"YEAR ENDED MAY 31, — 2026",1597,10-K,2026-07-15,https://www.sec.gov/Archives/edgar/data/320187/000032018726000088/nke-20260531.htm
NKE,2026-05-31,annual,income_tax_expense,792000000.0,USD,Income tax expense,"YEAR ENDED MAY 31, — 2026",1604,10-K,2026-07-15,https://www.sec.gov/Archives/edgar/data/320187/000032018726000088/nke-20260531.htm
NKE,2026-05-31,annual,interest_paid,323000000.0,USD,"Interest, net of capitalized interest","YEAR ENDED MAY 31, — 2026",1722,10-K,2026-07-15,https://www.sec.gov/Archives/edgar/data/320187/000032018726000088/nke-20260531.htm
NKE,2026-05-31,annual,net_income,3108000000.0,USD,NET INCOME,"YEAR ENDED MAY 31, — 2026",1605,10-K,2026-07-15,https://www.sec.gov/Archives/edgar/data/320187/000032018726000088/nke-20260531.htm
NKE,2026-05-31,annual,pretax_income,3900000000.0,USD,Income before income taxes,"YEAR ENDED MAY 31, — 2026",1603,10-K,2026-07-15,https://www.sec.gov/Archives/edgar/data/320187/000032018726000088/nke-20260531.htm
NKE,2026-05-31,annual,revenue,46398000000.0,USD,Revenues,"YEAR ENDED MAY 31, — 2026",1595,10-K,2026-07-15,https://www.sec.gov/Archives/edgar/data/320187/000032018726000088/nke-20260531.htm
NKE,2026-05-31,annual,selling_general_admin,16114000000.0,USD,Total selling and administrative expense,"YEAR ENDED MAY 31, — 2026",1600,10-K,2026-07-15,https://www.sec.gov/Archives/edgar/data/320187/000032018726000088/nke-20260531.htm
NKE,2026-05-31,annual,stock_based_compensation,715000000.0,USD,Stock-based compensation,"YEAR ENDED MAY 31, — 2026",1693,10-K,2026-07-15,https://www.sec.gov/Archives/edgar/data/320187/000032018726000088/nke-20260531.htm
NKE,2026-05-31,annual,weighted_average_basic_shares,1479800000.0,shares,Basic,"YEAR ENDED MAY 31, — 2026",1610,10-K,2026-07-15,https://www.sec.gov/Archives/edgar/data/320187/000032018726000088/nke-20260531.htm
NKE,2026-05-31,annual,weighted_average_diluted_shares,1481000000.0,shares,Diluted,"YEAR ENDED MAY 31, — 2026",1611,10-K,2026-07-15,https://www.sec.gov/Archives/edgar/data/320187/000032018726000088/nke-20260531.htm
NKE,2026-05-31,instant,accounts_payable,3600000000.0,USD,Accounts payable,"MAY 31, — 2026",1658,10-K,2026-07-15,https://www.sec.gov/Archives/edgar/data/320187/000032018726000088/nke-20260531.htm
NKE,2026-05-31,instant,accounts_receivable,5931000000.0,USD,"Accounts receivable, net","MAY 31, — 2026",1645,10-K,2026-07-15,https://www.sec.gov/Archives/edgar/data/320187/000032018726000088/nke-20260531.htm
NKE,2026-05-31,instant,cash_and_equivalents,7563000000.0,USD,Cash and equivalents,"MAY 31, — 2026",1643,10-K,2026-07-15,https://www.sec.gov/Archives/edgar/data/320187/000032018726000088/nke-20260531.htm
NKE,2026-05-31,instant,class_a_shares_outstanding,281000000.0,shares,Class A shares outstanding,"MAY 31, — 2026",1670,10-K,2026-07-15,https://www.sec.gov/Archives/edgar/data/320187/000032018726000088/nke-20260531.htm
NKE,2026-05-31,instant,class_b_shares_outstanding,1202000000.0,shares,Class B shares outstanding,"MAY 31, — 2026",1671,10-K,2026-07-15,https://www.sec.gov/Archives/edgar/data/320187/000032018726000088/nke-20260531.htm
NKE,2026-05-31,instant,current_assets,24603000000.0,USD,Total current assets,"MAY 31, — 2026",1648,10-K,2026-07-15,https://www.sec.gov/Archives/edgar/data/320187/000032018726000088/nke-20260531.htm
NKE,2026-05-31,instant,current_debt,2000000000.0,USD,Current portion of long-term debt,"MAY 31, — 2026",1657,10-K,2026-07-15,https://www.sec.gov/Archives/edgar/data/320187/000032018726000088/nke-20260531.htm
NKE,2026-05-31,instant,current_lease_liabilities,478000000.0,USD,Current portion of operating lease liabilities,"MAY 31, — 2026",1659,10-K,2026-07-15,https://www.sec.gov/Archives/edgar/data/320187/000032018726000088/nke-20260531.htm
NKE,2026-05-31,instant,current_liabilities,12547000000.0,USD,Total current liabilities,"MAY 31, — 2026",1662,10-K,2026-07-15,https://www.sec.gov/Archives/edgar/data/320187/000032018726000088/nke-20260531.htm
NKE,2026-05-31,instant,inventory,7501000000.0,USD,Inventories,"MAY 31, — 2026",1646,10-K,2026-07-15,https://www.sec.gov/Archives/edgar/data/320187/000032018726000088/nke-20260531.htm
NKE,2026-05-31,instant,noncurrent_debt,5942000000.0,USD,Long-term debt,"MAY 31, — 2026",1663,10-K,2026-07-15,https://www.sec.gov/Archives/edgar/data/320187/000032018726000088/nke-20260531.htm
NKE,2026-05-31,instant,noncurrent_lease_liabilities,2613000000.0,USD,Operating lease liabilities,"MAY 31, — 2026",1664,10-K,2026-07-15,https://www.sec.gov/Archives/edgar/data/320187/000032018726000088/nke-20260531.htm
NKE,2026-05-31,instant,other_current_assets,2144000000.0,USD,Prepaid expenses and other current assets,"MAY 31, — 2026",1647,10-K,2026-07-15,https://www.sec.gov/Archives/edgar/data/320187/000032018726000088/nke-20260531.htm
NKE,2026-05-31,instant,other_current_liabilities,6092000000.0,USD,Accrued liabilities,"MAY 31, — 2026",1660,10-K,2026-07-15,https://www.sec.gov/Archives/edgar/data/320187/000032018726000088/nke-20260531.htm
NKE,2026-05-31,instant,short_term_investments,1464000000.0,USD,Short-term investments,"MAY 31, — 2026",1644,10-K,2026-07-15,https://www.sec.gov/Archives/edgar/data/320187/000032018726000088/nke-20260531.htm
ONON,2019-12-31,annual,cost_of_revenue,124003000.0,CHF,Cost of sales,2019,3414,20-F,2022-03-18,https://www.sec.gov/Archives/edgar/data/1858985/000185898522000006/onholdingag-20211231.htm
ONON,2019-12-31,annual,depreciation_amortization,5342000.0,CHF,Depreciation and amortization,2019,3491,20-F,2022-03-18,https://www.sec.gov/Archives/edgar/data/1858985/000185898522000006/onholdingag-20211231.htm
ONON,2019-12-31,annual,gross_profit,143117000.0,CHF,Gross profit,2019,3415,20-F,2022-03-18,https://www.sec.gov/Archives/edgar/data/1858985/000185898522000006/onholdingag-20211231.htm
ONON,2019-12-31,annual,operating_income,5689000.0,CHF,Operating result,2019,3417,20-F,2022-03-18,https://www.sec.gov/Archives/edgar/data/1858985/000185898522000006/onholdingag-20211231.htm
ONON,2019-12-31,annual,pretax_income,3147000.0,CHF,Income / (loss) before taxes,2019,3421,20-F,2022-03-18,https://www.sec.gov/Archives/edgar/data/1858985/000185898522000006/onholdingag-20211231.htm
ONON,2019-12-31,annual,revenue,267120000.0,CHF,Net sales,2019,3413,20-F,2022-03-18,https://www.sec.gov/Archives/edgar/data/1858985/000185898522000006/onholdingag-20211231.htm
ONON,2019-12-31,annual,selling_general_admin,137428000.0,CHF,"Selling, general and administrative expenses",2019,3416,20-F,2022-03-18,https://www.sec.gov/Archives/edgar/data/1858985/000185898522000006/onholdingag-20211231.htm
ONON,2019-12-31,annual,stock_based_compensation,18838000.0,CHF,Share-based compensation,2019,3489,20-F,2022-03-18,https://www.sec.gov/Archives/edgar/data/1858985/000185898522000006/onholdingag-20211231.htm
ONON,2020-12-31,annual,change_in_working_capital,-49200000.0,CHF,Change in working capital,2020,3696,20-F,2023-03-21,https://www.sec.gov/Archives/edgar/data/1858985/000185898523000011/onholdingag-20221231.htm
ONON,2020-12-31,annual,cost_of_revenue,194200000.0,CHF,Cost of sales,2020,3613,20-F,2023-03-21,https://www.sec.gov/Archives/edgar/data/1858985/000185898523000011/onholdingag-20221231.htm
ONON,2020-12-31,annual,depreciation_amortization,12100000.0,CHF,Depreciation and amortization,2020,3690,20-F,2023-03-21,https://www.sec.gov/Archives/edgar/data/1858985/000185898523000011/onholdingag-20221231.htm
ONON,2020-12-31,annual,gross_profit,231100000.0,CHF,Gross profit,2020,3614,20-F,2023-03-21,https://www.sec.gov/Archives/edgar/data/1858985/000185898523000011/onholdingag-20221231.htm
ONON,2020-12-31,annual,net_income,-27500000.0,CHF,Net income / (loss),2020,3622,20-F,2023-03-21,https://www.sec.gov/Archives/edgar/data/1858985/000185898523000011/onholdingag-20221231.htm
ONON,2020-12-31,annual,operating_income,-17100000.0,CHF,Operating result,2020,3616,20-F,2023-03-21,https://www.sec.gov/Archives/edgar/data/1858985/000185898523000011/onholdingag-20221231.htm
ONON,2020-12-31,annual,pretax_income,-24400000.0,CHF,Income / (loss) before taxes,2020,3620,20-F,2023-03-21,https://www.sec.gov/Archives/edgar/data/1858985/000185898523000011/onholdingag-20221231.htm
ONON,2020-12-31,annual,revenue,425300000.0,CHF,Net sales,2020,3612,20-F,2023-03-21,https://www.sec.gov/Archives/edgar/data/1858985/000185898523000011/onholdingag-20221231.htm
ONON,2020-12-31,annual,selling_general_admin,248200000.0,CHF,"Selling, general and administrative expenses",2020,3615,20-F,2023-03-21,https://www.sec.gov/Archives/edgar/data/1858985/000185898523000011/onholdingag-20221231.htm
ONON,2020-12-31,annual,stock_based_compensation,48600000.0,CHF,Share-based compensation,2020,3688,20-F,2023-03-21,https://www.sec.gov/Archives/edgar/data/1858985/000185898523000011/onholdingag-20221231.htm
ONON,2020-12-31,instant,accounts_payable,41543000.0,CHF,Trade payables,12/31/2020,3463,20-F,2022-03-18,https://www.sec.gov/Archives/edgar/data/1858985/000185898522000006/onholdingag-20211231.htm
ONON,2020-12-31,instant,accounts_receivable,51631000.0,CHF,Trade receivables,12/31/2020,3452,20-F,2022-03-18,https://www.sec.gov/Archives/edgar/data/1858985/000185898522000006/onholdingag-20211231.htm
ONON,2020-12-31,instant,cash_and_equivalents,90642000.0,CHF,Cash and cash equivalents,12/31/2020,3451,20-F,2022-03-18,https://www.sec.gov/Archives/edgar/data/1858985/000185898522000006/onholdingag-20211231.htm
ONON,2020-12-31,instant,current_assets,282264000.0,CHF,Current assets,12/31/2020,3456,20-F,2022-03-18,https://www.sec.gov/Archives/edgar/data/1858985/000185898522000006/onholdingag-20211231.htm
ONON,2020-12-31,instant,current_liabilities,86363000.0,CHF,Current liabilities,12/31/2020,3468,20-F,2022-03-18,https://www.sec.gov/Archives/edgar/data/1858985/000185898522000006/onholdingag-20211231.htm
ONON,2020-12-31,instant,inventory,102878000.0,CHF,Inventories,12/31/2020,3453,20-F,2022-03-18,https://www.sec.gov/Archives/edgar/data/1858985/000185898522000006/onholdingag-20211231.htm
ONON,2020-12-31,instant,other_current_assets,19979000.0,CHF,Other current operating assets,12/31/2020,3455,20-F,2022-03-18,https://www.sec.gov/Archives/edgar/data/1858985/000185898522000006/onholdingag-20211231.htm
ONON,2020-12-31,instant,other_current_liabilities,36113000.0,CHF,Other current operating liabilities,12/31/2020,3465,20-F,2022-03-18,https://www.sec.gov/Archives/edgar/data/1858985/000185898522000006/onholdingag-20211231.htm
ONON,2020-12-31,instant,short_term_investments,17135000.0,CHF,Other current financial assets,12/31/2020,3454,20-F,2022-03-18,https://www.sec.gov/Archives/edgar/data/1858985/000185898522000006/onholdingag-20211231.htm
ONON,2021-12-31,annual,change_in_working_capital,-74400000.0,CHF,Change in working capital,2021,3603,20-F,2024-03-12,https://www.sec.gov/Archives/edgar/data/1858985/000185898524000012/onholdingag-20231231.htm
ONON,2021-12-31,annual,cost_of_revenue,294300000.0,CHF,Cost of sales,2021,3520,20-F,2024-03-12,https://www.sec.gov/Archives/edgar/data/1858985/000185898524000012/onholdingag-20231231.htm
ONON,2021-12-31,annual,depreciation_amortization,31400000.0,CHF,Depreciation and amortization,2021,3597,20-F,2024-03-12,https://www.sec.gov/Archives/edgar/data/1858985/000185898524000012/onholdingag-20231231.htm
ONON,2021-12-31,annual,gross_profit,430300000.0,CHF,Gross profit,2021,3521,20-F,2024-03-12,https://www.sec.gov/Archives/edgar/data/1858985/000185898524000012/onholdingag-20231231.htm
ONON,2021-12-31,annual,income_tax_expense,10600000.0,CHF,Income tax benefit / (expense),2021,3528,20-F,2024-03-12,https://www.sec.gov/Archives/edgar/data/1858985/000185898524000012/onholdingag-20231231.htm
ONON,2021-12-31,annual,interest_paid,2800000.0,CHF,Interest paid,2021,3620,20-F,2024-03-12,https://www.sec.gov/Archives/edgar/data/1858985/000185898524000012/onholdingag-20231231.htm
ONON,2021-12-31,annual,net_income,-170200000.0,CHF,Net income / (loss),2021,3529,20-F,2024-03-12,https://www.sec.gov/Archives/edgar/data/1858985/000185898524000012/onholdingag-20231231.htm
ONON,2021-12-31,annual,operating_income,-141100000.0,CHF,Operating result,2021,3523,20-F,2024-03-12,https://www.sec.gov/Archives/edgar/data/1858985/000185898524000012/onholdingag-20231231.htm
ONON,2021-12-31,annual,pretax_income,-159600000.0,CHF,Income / (loss) before taxes,2021,3527,20-F,2024-03-12,https://www.sec.gov/Archives/edgar/data/1858985/000185898524000012/onholdingag-20231231.htm
ONON,2021-12-31,annual,revenue,724600000.0,CHF,Net sales,2021,3519,20-F,2024-03-12,https://www.sec.gov/Archives/edgar/data/1858985/000185898524000012/onholdingag-20231231.htm
ONON,2021-12-31,annual,selling_general_admin,571400000.0,CHF,"Selling, general and administrative expenses",2021,3522,20-F,2024-03-12,https://www.sec.gov/Archives/edgar/data/1858985/000185898524000012/onholdingag-20231231.htm
ONON,2021-12-31,annual,stock_based_compensation,192400000.0,CHF,Share-based compensation,2021,3595,20-F,2024-03-12,https://www.sec.gov/Archives/edgar/data/1858985/000185898524000012/onholdingag-20231231.htm
ONON,2021-12-31,instant,accounts_payable,45900000.0,CHF,Trade payables,12/31/2021,3662,20-F,2023-03-21,https://www.sec.gov/Archives/edgar/data/1858985/000185898523000011/onholdingag-20221231.htm
ONON,2021-12-31,instant,accounts_receivable,99300000.0,CHF,Trade receivables,12/31/2021,3651,20-F,2023-03-21,https://www.sec.gov/Archives/edgar/data/1858985/000185898523000011/onholdingag-20221231.htm
ONON,2021-12-31,instant,cash_and_equivalents,653100000.0,CHF,Cash and cash equivalents,12/31/2021,3650,20-F,2023-03-21,https://www.sec.gov/Archives/edgar/data/1858985/000185898523000011/onholdingag-20221231.htm
ONON,2021-12-31,instant,current_assets,964600000.0,CHF,Current assets,12/31/2021,3655,20-F,2023-03-21,https://www.sec.gov/Archives/edgar/data/1858985/000185898523000011/onholdingag-20221231.htm
ONON,2021-12-31,instant,current_liabilities,205000000.0,CHF,Current liabilities,12/31/2021,3667,20-F,2023-03-21,https://www.sec.gov/Archives/edgar/data/1858985/000185898523000011/onholdingag-20221231.htm
ONON,2021-12-31,instant,inventory,134200000.0,CHF,Inventories,12/31/2021,3652,20-F,2023-03-21,https://www.sec.gov/Archives/edgar/data/1858985/000185898523000011/onholdingag-20221231.htm
ONON,2021-12-31,instant,other_current_assets,48000000.0,CHF,Other current operating assets,12/31/2021,3654,20-F,2023-03-21,https://www.sec.gov/Archives/edgar/data/1858985/000185898523000011/onholdingag-20221231.htm
ONON,2021-12-31,instant,other_current_liabilities,121700000.0,CHF,Other current operating liabilities,12/31/2021,3664,20-F,2023-03-21,https://www.sec.gov/Archives/edgar/data/1858985/000185898523000011/onholdingag-20221231.htm
ONON,2021-12-31,instant,short_term_investments,30100000.0,CHF,Other current financial assets,12/31/2021,3653,20-F,2023-03-21,https://www.sec.gov/Archives/edgar/data/1858985/000185898523000011/onholdingag-20221231.htm
ONON,2022-12-31,annual,capital_expenditures,60300000.0,CHF,"Purchase of property, plant and equipment",2022,3595,20-F,2025-03-04,https://www.sec.gov/Archives/edgar/data/1858985/000185898525000003/onholdingag-20241231.htm
ONON,2022-12-31,annual,change_in_working_capital,-285800000.0,CHF,Change in working capital,2022,3586,20-F,2025-03-04,https://www.sec.gov/Archives/edgar/data/1858985/000185898525000003/onholdingag-20241231.htm
ONON,2022-12-31,annual,cost_of_revenue,537200000.0,CHF,Cost of sales,2022,3500,20-F,2025-03-04,https://www.sec.gov/Archives/edgar/data/1858985/000185898525000003/onholdingag-20241231.htm
ONON,2022-12-31,annual,depreciation_amortization,46400000.0,CHF,Depreciation and amortization,2022,3581,20-F,2025-03-04,https://www.sec.gov/Archives/edgar/data/1858985/000185898525000003/onholdingag-20241231.htm
ONON,2022-12-31,annual,gross_profit,684900000.0,CHF,Gross profit,2022,3501,20-F,2025-03-04,https://www.sec.gov/Archives/edgar/data/1858985/000185898525000003/onholdingag-20241231.htm
ONON,2022-12-31,annual,income_tax_expense,20200000.0,CHF,Income tax benefit / (expense),2022,3508,20-F,2025-03-04,https://www.sec.gov/Archives/edgar/data/1858985/000185898525000003/onholdingag-20241231.htm
ONON,2022-12-31,annual,interest_paid,4700000.0,CHF,Interest paid,2022,3602,20-F,2025-03-04,https://www.sec.gov/Archives/edgar/data/1858985/000185898525000003/onholdingag-20241231.htm
ONON,2022-12-31,annual,net_income,57700000.0,CHF,Net income,2022,3509,20-F,2025-03-04,https://www.sec.gov/Archives/edgar/data/1858985/000185898525000003/onholdingag-20241231.htm
ONON,2022-12-31,annual,operating_income,85100000.0,CHF,Operating result,2022,3503,20-F,2025-03-04,https://www.sec.gov/Archives/edgar/data/1858985/000185898525000003/onholdingag-20241231.htm
ONON,2022-12-31,annual,pretax_income,77900000.0,CHF,Income before taxes,2022,3507,20-F,2025-03-04,https://www.sec.gov/Archives/edgar/data/1858985/000185898525000003/onholdingag-20241231.htm
ONON,2022-12-31,annual,revenue,1222100000.0,CHF,Net sales,2022,3499,20-F,2025-03-04,https://www.sec.gov/Archives/edgar/data/1858985/000185898525000003/onholdingag-20241231.htm
ONON,2022-12-31,annual,selling_general_admin,599800000.0,CHF,"Selling, general and administrative expenses",2022,3502,20-F,2025-03-04,https://www.sec.gov/Archives/edgar/data/1858985/000185898525000003/onholdingag-20241231.htm
ONON,2022-12-31,annual,stock_based_compensation,38300000.0,CHF,Share-based compensation,2022,3579,20-F,2025-03-04,https://www.sec.gov/Archives/edgar/data/1858985/000185898525000003/onholdingag-20241231.htm
ONON,2022-12-31,instant,accounts_payable,111000000.0,CHF,Trade payables,12/31/2022,3569,20-F,2024-03-12,https://www.sec.gov/Archives/edgar/data/1858985/000185898524000012/onholdingag-20231231.htm
ONON,2022-12-31,instant,accounts_receivable,174600000.0,CHF,Trade receivables,12/31/2022,3558,20-F,2024-03-12,https://www.sec.gov/Archives/edgar/data/1858985/000185898524000012/onholdingag-20231231.htm
ONON,2022-12-31,instant,cash_and_equivalents,371000000.0,CHF,Cash and cash equivalents,12/31/2022,3557,20-F,2024-03-12,https://www.sec.gov/Archives/edgar/data/1858985/000185898524000012/onholdingag-20231231.htm
ONON,2022-12-31,instant,current_assets,1051500000.0,CHF,Current assets,12/31/2022,3562,20-F,2024-03-12,https://www.sec.gov/Archives/edgar/data/1858985/000185898524000012/onholdingag-20231231.htm
ONON,2022-12-31,instant,current_liabilities,242700000.0,CHF,Current liabilities,12/31/2022,3574,20-F,2024-03-12,https://www.sec.gov/Archives/edgar/data/1858985/000185898524000012/onholdingag-20231231.htm
ONON,2022-12-31,instant,inventory,395600000.0,CHF,Inventories,12/31/2022,3559,20-F,2024-03-12,https://www.sec.gov/Archives/edgar/data/1858985/000185898524000012/onholdingag-20231231.htm
ONON,2022-12-31,instant,other_current_assets,77000000.0,CHF,Other current operating assets,12/31/2022,3561,20-F,2024-03-12,https://www.sec.gov/Archives/edgar/data/1858985/000185898524000012/onholdingag-20231231.htm
ONON,2022-12-31,instant,other_current_liabilities,81700000.0,CHF,Other current operating liabilities,12/31/2022,3571,20-F,2024-03-12,https://www.sec.gov/Archives/edgar/data/1858985/000185898524000012/onholdingag-20231231.htm
ONON,2022-12-31,instant,short_term_investments,33200000.000000004,CHF,Other current financial assets,12/31/2022,3560,20-F,2024-03-12,https://www.sec.gov/Archives/edgar/data/1858985/000185898524000012/onholdingag-20231231.htm
ONON,2023-12-31,annual,capital_expenditures,42800000.0,CHF,"Purchase of property, plant and equipment",2023,3654,20-F,2026-03-03,https://www.sec.gov/Archives/edgar/data/1858985/000185898526000008/onholdingag-20251231.htm
ONON,2023-12-31,annual,cash_from_operations,232100000.0,CHF,Cash inflow from operating activities,2023,3653,20-F,2026-03-03,https://www.sec.gov/Archives/edgar/data/1858985/000185898526000008/onholdingag-20251231.htm
ONON,2023-12-31,annual,change_in_working_capital,-101200000.0,CHF,Change in working capital,2023,3645,20-F,2026-03-03,https://www.sec.gov/Archives/edgar/data/1858985/000185898526000008/onholdingag-20251231.htm
ONON,2023-12-31,annual,cost_of_revenue,724800000.0,CHF,Cost of sales,2023,3559,20-F,2026-03-03,https://www.sec.gov/Archives/edgar/data/1858985/000185898526000008/onholdingag-20251231.htm
ONON,2023-12-31,annual,depreciation_amortization,64900000.00000001,CHF,Depreciation and amortization,2023,3640,20-F,2026-03-03,https://www.sec.gov/Archives/edgar/data/1858985/000185898526000008/onholdingag-20251231.htm
ONON,2023-12-31,annual,gross_profit,1067200000.0,CHF,Gross profit,2023,3560,20-F,2026-03-03,https://www.sec.gov/Archives/edgar/data/1858985/000185898526000008/onholdingag-20251231.htm
ONON,2023-12-31,annual,income_tax_expense,10500000.0,CHF,Income tax benefit / (expense),2023,3567,20-F,2026-03-03,https://www.sec.gov/Archives/edgar/data/1858985/000185898526000008/onholdingag-20251231.htm
ONON,2023-12-31,annual,interest_paid,6500000.0,CHF,Interest paid,2023,3661,20-F,2026-03-03,https://www.sec.gov/Archives/edgar/data/1858985/000185898526000008/onholdingag-20251231.htm
ONON,2023-12-31,annual,net_income,79600000.0,CHF,Net income,2023,3568,20-F,2026-03-03,https://www.sec.gov/Archives/edgar/data/1858985/000185898526000008/onholdingag-20251231.htm
ONON,2023-12-31,annual,operating_income,180200000.0,CHF,Operating result,2023,3562,20-F,2026-03-03,https://www.sec.gov/Archives/edgar/data/1858985/000185898526000008/onholdingag-20251231.htm
ONON,2023-12-31,annual,pretax_income,69100000.0,CHF,Income before taxes,2023,3566,20-F,2026-03-03,https://www.sec.gov/Archives/edgar/data/1858985/000185898526000008/onholdingag-20251231.htm
ONON,2023-12-31,annual,revenue,1792100000.0,CHF,Net sales,2023,3558,20-F,2026-03-03,https://www.sec.gov/Archives/edgar/data/1858985/000185898526000008/onholdingag-20251231.htm
ONON,2023-12-31,annual,selling_general_admin,887000000.0,CHF,"Selling, general and administrative expenses",2023,3561,20-F,2026-03-03,https://www.sec.gov/Archives/edgar/data/1858985/000185898526000008/onholdingag-20251231.htm
ONON,2023-12-31,annual,stock_based_compensation,27300000.0,CHF,Share-based compensation,2023,3638,20-F,2026-03-03,https://www.sec.gov/Archives/edgar/data/1858985/000185898526000008/onholdingag-20251231.htm
ONON,2023-12-31,instant,accounts_payable,65099999.99999999,CHF,Trade payables,12/31/2023,3550,20-F,2025-03-04,https://www.sec.gov/Archives/edgar/data/1858985/000185898525000003/onholdingag-20241231.htm
ONON,2023-12-31,instant,accounts_receivable,204800000.0,CHF,Trade receivables,12/31/2023,3539,20-F,2025-03-04,https://www.sec.gov/Archives/edgar/data/1858985/000185898525000003/onholdingag-20241231.htm
ONON,2023-12-31,instant,cash_and_equivalents,494600000.0,CHF,Cash and cash equivalents,12/31/2023,3538,20-F,2025-03-04,https://www.sec.gov/Archives/edgar/data/1858985/000185898525000003/onholdingag-20241231.htm
ONON,2023-12-31,instant,current_assets,1151300000.0,CHF,Current assets,12/31/2023,3543,20-F,2025-03-04,https://www.sec.gov/Archives/edgar/data/1858985/000185898525000003/onholdingag-20241231.htm
ONON,2023-12-31,instant,current_lease_liabilities,38700000.0,CHF,Current lease liabilities,12/31/2023,3551,20-F,2025-03-04,https://www.sec.gov/Archives/edgar/data/1858985/000185898525000003/onholdingag-20241231.htm
ONON,2023-12-31,instant,current_liabilities,305600000.0,CHF,Current liabilities,12/31/2023,3556,20-F,2025-03-04,https://www.sec.gov/Archives/edgar/data/1858985/000185898525000003/onholdingag-20241231.htm
ONON,2023-12-31,instant,inventory,356500000.0,CHF,Inventories,12/31/2023,3540,20-F,2025-03-04,https://www.sec.gov/Archives/edgar/data/1858985/000185898525000003/onholdingag-20241231.htm
ONON,2023-12-31,instant,noncurrent_lease_liabilities,190300000.0,CHF,Non-current lease liabilities,12/31/2023,3559,20-F,2025-03-04,https://www.sec.gov/Archives/edgar/data/1858985/000185898525000003/onholdingag-20241231.htm
ONON,2023-12-31,instant,other_current_assets,61200000.0,CHF,Other current operating assets,12/31/2023,3542,20-F,2025-03-04,https://www.sec.gov/Archives/edgar/data/1858985/000185898525000003/onholdingag-20241231.htm
ONON,2023-12-31,instant,other_current_liabilities,156400000.0,CHF,Other current operating liabilities,12/31/2023,3553,20-F,2025-03-04,https://www.sec.gov/Archives/edgar/data/1858985/000185898525000003/onholdingag-20241231.htm
ONON,2023-12-31,instant,short_term_investments,34200000.0,CHF,Other current financial assets,12/31/2023,3541,20-F,2025-03-04,https://www.sec.gov/Archives/edgar/data/1858985/000185898525000003/onholdingag-20241231.htm
ONON,2024-12-31,annual,capital_expenditures,60500000.0,CHF,"Purchase of property, plant and equipment",2024,3654,20-F,2026-03-03,https://www.sec.gov/Archives/edgar/data/1858985/000185898526000008/onholdingag-20251231.htm
ONON,2024-12-31,annual,cash_from_operations,510600000.0,CHF,Cash inflow from operating activities,2024,3653,20-F,2026-03-03,https://www.sec.gov/Archives/edgar/data/1858985/000185898526000008/onholdingag-20251231.htm
ONON,2024-12-31,annual,change_in_working_capital,46100000.0,CHF,Change in working capital,2024,3645,20-F,2026-03-03,https://www.sec.gov/Archives/edgar/data/1858985/000185898526000008/onholdingag-20251231.htm
ONON,2024-12-31,annual,cost_of_revenue,912600000.0,CHF,Cost of sales,2024,3559,20-F,2026-03-03,https://www.sec.gov/Archives/edgar/data/1858985/000185898526000008/onholdingag-20251231.htm
ONON,2024-12-31,annual,depreciation_amortization,104600000.0,CHF,Depreciation and amortization,2024,3640,20-F,2026-03-03,https://www.sec.gov/Archives/edgar/data/1858985/000185898526000008/onholdingag-20251231.htm
ONON,2024-12-31,annual,gross_profit,1405700000.0,CHF,Gross profit,2024,3560,20-F,2026-03-03,https://www.sec.gov/Archives/edgar/data/1858985/000185898526000008/onholdingag-20251231.htm
ONON,2024-12-31,annual,income_tax_expense,37400000.0,CHF,Income tax benefit / (expense),2024,3567,20-F,2026-03-03,https://www.sec.gov/Archives/edgar/data/1858985/000185898526000008/onholdingag-20251231.htm
ONON,2024-12-31,annual,interest_paid,15300000.0,CHF,Interest paid,2024,3661,20-F,2026-03-03,https://www.sec.gov/Archives/edgar/data/1858985/000185898526000008/onholdingag-20251231.htm
ONON,2024-12-31,annual,net_income,242300000.0,CHF,Net income,2024,3568,20-F,2026-03-03,https://www.sec.gov/Archives/edgar/data/1858985/000185898526000008/onholdingag-20251231.htm
ONON,2024-12-31,annual,operating_income,211600000.0,CHF,Operating result,2024,3562,20-F,2026-03-03,https://www.sec.gov/Archives/edgar/data/1858985/000185898526000008/onholdingag-20251231.htm
ONON,2024-12-31,annual,pretax_income,279600000.0,CHF,Income before taxes,2024,3566,20-F,2026-03-03,https://www.sec.gov/Archives/edgar/data/1858985/000185898526000008/onholdingag-20251231.htm
ONON,2024-12-31,annual,revenue,2318300000.0,CHF,Net sales,2024,3558,20-F,2026-03-03,https://www.sec.gov/Archives/edgar/data/1858985/000185898526000008/onholdingag-20251231.htm
ONON,2024-12-31,annual,selling_general_admin,1194200000.0,CHF,"Selling, general and administrative expenses",2024,3561,20-F,2026-03-03,https://www.sec.gov/Archives/edgar/data/1858985/000185898526000008/onholdingag-20251231.htm
ONON,2024-12-31,annual,stock_based_compensation,57500000.0,CHF,Share-based compensation,2024,3638,20-F,2026-03-03,https://www.sec.gov/Archives/edgar/data/1858985/000185898526000008/onholdingag-20251231.htm
ONON,2024-12-31,instant,accounts_payable,166500000.0,CHF,Trade payables,12/31/2024,3609,20-F,2026-03-03,https://www.sec.gov/Archives/edgar/data/1858985/000185898526000008/onholdingag-20251231.htm
ONON,2024-12-31,instant,accounts_receivable,246100000.0,CHF,Trade receivables,12/31/2024,3598,20-F,2026-03-03,https://www.sec.gov/Archives/edgar/data/1858985/000185898526000008/onholdingag-20251231.htm
ONON,2024-12-31,instant,cash_and_equivalents,924300000.0,CHF,Cash and cash equivalents,12/31/2024,3597,20-F,2026-03-03,https://www.sec.gov/Archives/edgar/data/1858985/000185898526000008/onholdingag-20251231.htm
ONON,2024-12-31,instant,current_assets,1759700000.0,CHF,Current assets,12/31/2024,3602,20-F,2026-03-03,https://www.sec.gov/Archives/edgar/data/1858985/000185898526000008/onholdingag-20251231.htm
ONON,2024-12-31,instant,current_lease_liabilities,59100000.0,CHF,Current lease liabilities,12/31/2024,3610,20-F,2026-03-03,https://www.sec.gov/Archives/edgar/data/1858985/000185898526000008/onholdingag-20251231.htm
ONON,2024-12-31,instant,current_liabilities,660400000.0,CHF,Current liabilities,12/31/2024,3615,20-F,2026-03-03,https://www.sec.gov/Archives/edgar/data/1858985/000185898526000008/onholdingag-20251231.htm
ONON,2024-12-31,instant,inventory,419200000.0,CHF,Inventories,12/31/2024,3599,20-F,2026-03-03,https://www.sec.gov/Archives/edgar/data/1858985/000185898526000008/onholdingag-20251231.htm
ONON,2024-12-31,instant,noncurrent_lease_liabilities,288500000.0,CHF,Non-current lease liabilities,12/31/2024,3618,20-F,2026-03-03,https://www.sec.gov/Archives/edgar/data/1858985/000185898526000008/onholdingag-20251231.htm
ONON,2024-12-31,instant,other_current_assets,113700000.0,CHF,Other current operating assets,12/31/2024,3601,20-F,2026-03-03,https://www.sec.gov/Archives/edgar/data/1858985/000185898526000008/onholdingag-20251231.htm
ONON,2024-12-31,instant,other_current_liabilities,299300000.0,CHF,Other current operating liabilities,12/31/2024,3612,20-F,2026-03-03,https://www.sec.gov/Archives/edgar/data/1858985/000185898526000008/onholdingag-20251231.htm
ONON,2024-12-31,instant,short_term_investments,56400000.0,CHF,Other current financial assets,12/31/2024,3600,20-F,2026-03-03,https://www.sec.gov/Archives/edgar/data/1858985/000185898526000008/onholdingag-20251231.htm
ONON,2025-06-30,3_months,cost_of_revenue,288400000.0,CHF,Cost of sales,2025,28,6-K,2026-08-11,https://www.sec.gov/Archives/edgar/data/1858985/000185898526000018/onholdingag-20260630_d2.htm
ONON,2025-06-30,3_months,gross_profit,460800000.0,CHF,Gross profit,2025,29,6-K,2026-08-11,https://www.sec.gov/Archives/edgar/data/1858985/000185898526000018/onholdingag-20260630_d2.htm
ONON,2025-06-30,3_months,income_tax_expense,6400000.0,CHF,Income tax benefit / (expense),2025,36,6-K,2026-08-11,https://www.sec.gov/Archives/edgar/data/1858985/000185898526000018/onholdingag-20260630_d2.htm
ONON,2025-06-30,3_months,net_income,-40900000.0,CHF,Net income / (loss),2025,37,6-K,2026-08-11,https://www.sec.gov/Archives/edgar/data/1858985/000185898526000018/onholdingag-20260630_d2.htm
ONON,2025-06-30,3_months,operating_income,92800000.0,CHF,Operating result,2025,31,6-K,2026-08-11,https://www.sec.gov/Archives/edgar/data/1858985/000185898526000018/onholdingag-20260630_d2.htm
ONON,2025-06-30,3_months,pretax_income,-47300000.0,CHF,Income / (loss) before taxes,2025,35,6-K,2026-08-11,https://www.sec.gov/Archives/edgar/data/1858985/000185898526000018/onholdingag-20260630_d2.htm
ONON,2025-06-30,3_months,revenue,749200000.0,CHF,Net sales,2025,27,6-K,2026-08-11,https://www.sec.gov/Archives/edgar/data/1858985/000185898526000018/onholdingag-20260630_d2.htm
ONON,2025-06-30,3_months,selling_general_admin,368000000.0,CHF,"Selling, general and administrative expenses",2025,30,6-K,2026-08-11,https://www.sec.gov/Archives/edgar/data/1858985/000185898526000018/onholdingag-20260630_d2.htm
ONON,2025-06-30,6_months,capital_expenditures,27300000.0,CHF,"Purchase of property, plant and equipment",2025,117,6-K,2026-08-11,https://www.sec.gov/Archives/edgar/data/1858985/000185898526000018/onholdingag-20260630_d2.htm
ONON,2025-06-30,6_months,cash_from_operations,89100000.0,CHF,Cash inflow from operating activities,2025,116,6-K,2026-08-11,https://www.sec.gov/Archives/edgar/data/1858985/000185898526000018/onholdingag-20260630_d2.htm
ONON,2025-06-30,6_months,change_in_working_capital,-144100000.0,CHF,Change in working capital,2025,108,6-K,2026-08-11,https://www.sec.gov/Archives/edgar/data/1858985/000185898526000018/onholdingag-20260630_d2.htm
ONON,2025-06-30,6_months,cost_of_revenue,579700000.0,CHF,Cost of sales,2025,28,6-K,2026-08-11,https://www.sec.gov/Archives/edgar/data/1858985/000185898526000018/onholdingag-20260630_d2.htm
ONON,2025-06-30,6_months,depreciation_amortization,60700000.0,CHF,Depreciation and amortization,2025,103,6-K,2026-08-11,https://www.sec.gov/Archives/edgar/data/1858985/000185898526000018/onholdingag-20260630_d2.htm
ONON,2025-06-30,6_months,gross_profit,896100000.0,CHF,Gross profit,2025,29,6-K,2026-08-11,https://www.sec.gov/Archives/edgar/data/1858985/000185898526000018/onholdingag-20260630_d2.htm
ONON,2025-06-30,6_months,income_tax_expense,800000.0,CHF,Income tax benefit / (expense),2025,36,6-K,2026-08-11,https://www.sec.gov/Archives/edgar/data/1858985/000185898526000018/onholdingag-20260630_d2.htm
ONON,2025-06-30,6_months,interest_paid,9900000.0,CHF,Interest paid,2025,123,6-K,2026-08-11,https://www.sec.gov/Archives/edgar/data/1858985/000185898526000018/onholdingag-20260630_d2.htm
ONON,2025-06-30,6_months,net_income,15800000.0,CHF,Net income / (loss),2025,37,6-K,2026-08-11,https://www.sec.gov/Archives/edgar/data/1858985/000185898526000018/onholdingag-20260630_d2.htm
ONON,2025-06-30,6_months,operating_income,169800000.0,CHF,Operating result,2025,31,6-K,2026-08-11,https://www.sec.gov/Archives/edgar/data/1858985/000185898526000018/onholdingag-20260630_d2.htm
ONON,2025-06-30,6_months,pretax_income,16600000.000000002,CHF,Income / (loss) before taxes,2025,35,6-K,2026-08-11,https://www.sec.gov/Archives/edgar/data/1858985/000185898526000018/onholdingag-20260630_d2.htm
ONON,2025-06-30,6_months,revenue,1475800000.0,CHF,Net sales,2025,27,6-K,2026-08-11,https://www.sec.gov/Archives/edgar/data/1858985/000185898526000018/onholdingag-20260630_d2.htm
ONON,2025-06-30,6_months,selling_general_admin,726300000.0,CHF,"Selling, general and administrative expenses",2025,30,6-K,2026-08-11,https://www.sec.gov/Archives/edgar/data/1858985/000185898526000018/onholdingag-20260630_d2.htm
ONON,2025-06-30,6_months,stock_based_compensation,25200000.0,CHF,Share-based compensation,2025,101,6-K,2026-08-11,https://www.sec.gov/Archives/edgar/data/1858985/000185898526000018/onholdingag-20260630_d2.htm
ONON,2025-12-31,annual,capital_expenditures,72900000.0,CHF,"Purchase of property, plant and equipment","Year ended December 31, — 2025",3654,20-F,2026-03-03,https://www.sec.gov/Archives/edgar/data/1858985/000185898526000008/onholdingag-20251231.htm
ONON,2025-12-31,annual,cash_from_operations,359500000.0,CHF,Cash inflow from operating activities,"Year ended December 31, — 2025",3653,20-F,2026-03-03,https://www.sec.gov/Archives/edgar/data/1858985/000185898526000008/onholdingag-20251231.htm
ONON,2025-12-31,annual,change_in_working_capital,-187700000.0,CHF,Change in working capital,"Year ended December 31, — 2025",3645,20-F,2026-03-03,https://www.sec.gov/Archives/edgar/data/1858985/000185898526000008/onholdingag-20251231.htm
ONON,2025-12-31,annual,cost_of_revenue,1120300000.0,CHF,Cost of sales,"Year ended December 31, — 2025",3559,20-F,2026-03-03,https://www.sec.gov/Archives/edgar/data/1858985/000185898526000008/onholdingag-20251231.htm
ONON,2025-12-31,annual,depreciation_amortization,127400000.0,CHF,Depreciation and amortization,"Year ended December 31, — 2025",3640,20-F,2026-03-03,https://www.sec.gov/Archives/edgar/data/1858985/000185898526000008/onholdingag-20251231.htm
ONON,2025-12-31,annual,gross_profit,1893600000.0,CHF,Gross profit,"Year ended December 31, — 2025",3560,20-F,2026-03-03,https://www.sec.gov/Archives/edgar/data/1858985/000185898526000008/onholdingag-20251231.htm
ONON,2025-12-31,annual,income_tax_expense,1500000.0,CHF,Income tax benefit / (expense),"Year ended December 31, — 2025",3567,20-F,2026-03-03,https://www.sec.gov/Archives/edgar/data/1858985/000185898526000008/onholdingag-20251231.htm
ONON,2025-12-31,annual,interest_paid,21500000.0,CHF,Interest paid,"Year ended December 31, — 2025",3661,20-F,2026-03-03,https://www.sec.gov/Archives/edgar/data/1858985/000185898526000008/onholdingag-20251231.htm
ONON,2025-12-31,annual,net_income,203700000.0,CHF,Net income,"Year ended December 31, — 2025",3568,20-F,2026-03-03,https://www.sec.gov/Archives/edgar/data/1858985/000185898526000008/onholdingag-20251231.htm
ONON,2025-12-31,annual,operating_income,377000000.0,CHF,Operating result,"Year ended December 31, — 2025",3562,20-F,2026-03-03,https://www.sec.gov/Archives/edgar/data/1858985/000185898526000008/onholdingag-20251231.htm
ONON,2025-12-31,annual,pretax_income,205200000.0,CHF,Income before taxes,"Year ended December 31, — 2025",3566,20-F,2026-03-03,https://www.sec.gov/Archives/edgar/data/1858985/000185898526000008/onholdingag-20251231.htm
ONON,2025-12-31,annual,revenue,3014000000.0,CHF,Net sales,"Year ended December 31, — 2025",3558,20-F,2026-03-03,https://www.sec.gov/Archives/edgar/data/1858985/000185898526000008/onholdingag-20251231.htm
ONON,2025-12-31,annual,selling_general_admin,1516600000.0,CHF,"Selling, general and administrative expenses","Year ended December 31, — 2025",3561,20-F,2026-03-03,https://www.sec.gov/Archives/edgar/data/1858985/000185898526000008/onholdingag-20251231.htm
ONON,2025-12-31,annual,stock_based_compensation,66599999.99999999,CHF,Share-based compensation,"Year ended December 31, — 2025",3638,20-F,2026-03-03,https://www.sec.gov/Archives/edgar/data/1858985/000185898526000008/onholdingag-20251231.htm
ONON,2025-12-31,instant,accounts_payable,154800000.0,CHF,Trade payables,12/31/2025,74,6-K,2026-08-11,https://www.sec.gov/Archives/edgar/data/1858985/000185898526000018/onholdingag-20260630_d2.htm
ONON,2025-12-31,instant,accounts_receivable,305400000.0,CHF,Trade receivables,12/31/2025,63,6-K,2026-08-11,https://www.sec.gov/Archives/edgar/data/1858985/000185898526000018/onholdingag-20260630_d2.htm
ONON,2025-12-31,instant,cash_and_equivalents,1019900000.0,CHF,Cash and cash equivalents,12/31/2025,62,6-K,2026-08-11,https://www.sec.gov/Archives/edgar/data/1858985/000185898526000018/onholdingag-20260630_d2.htm
ONON,2025-12-31,instant,current_assets,1962400000.0,CHF,Current assets,12/31/2025,67,6-K,2026-08-11,https://www.sec.gov/Archives/edgar/data/1858985/000185898526000018/onholdingag-20260630_d2.htm
ONON,2025-12-31,instant,current_lease_liabilities,81200000.0,CHF,Current lease liabilities,12/31/2025,75,6-K,2026-08-11,https://www.sec.gov/Archives/edgar/data/1858985/000185898526000018/onholdingag-20260630_d2.htm
ONON,2025-12-31,instant,current_liabilities,724400000.0,CHF,Current liabilities,12/31/2025,80,6-K,2026-08-11,https://www.sec.gov/Archives/edgar/data/1858985/000185898526000018/onholdingag-20260630_d2.htm
ONON,2025-12-31,instant,inventory,419800000.0,CHF,Inventories,12/31/2025,64,6-K,2026-08-11,https://www.sec.gov/Archives/edgar/data/1858985/000185898526000018/onholdingag-20260630_d2.htm
ONON,2025-12-31,instant,noncurrent_lease_liabilities,440300000.0,CHF,Non-current lease liabilities,12/31/2025,83,6-K,2026-08-11,https://www.sec.gov/Archives/edgar/data/1858985/000185898526000018/onholdingag-20260630_d2.htm
ONON,2025-12-31,instant,other_current_assets,158200000.0,CHF,Other current operating assets,12/31/2025,66,6-K,2026-08-11,https://www.sec.gov/Archives/edgar/data/1858985/000185898526000018/onholdingag-20260630_d2.htm
ONON,2025-12-31,instant,other_current_liabilities,355400000.0,CHF,Other current operating liabilities,12/31/2025,77,6-K,2026-08-11,https://www.sec.gov/Archives/edgar/data/1858985/000185898526000018/onholdingag-20260630_d2.htm
ONON,2025-12-31,instant,short_term_investments,59200000.0,CHF,Other current financial assets,12/31/2025,65,6-K,2026-08-11,https://www.sec.gov/Archives/edgar/data/1858985/000185898526000018/onholdingag-20260630_d2.htm
ONON,2026-06-30,3_months,cost_of_revenue,294600000.0,CHF,Cost of sales,"Three-month period ended June 30, — 2026",28,6-K,2026-08-11,https://www.sec.gov/Archives/edgar/data/1858985/000185898526000018/onholdingag-20260630_d2.htm
ONON,2026-06-30,3_months,gross_profit,555700000.0,CHF,Gross profit,"Three-month period ended June 30, — 2026",29,6-K,2026-08-11,https://www.sec.gov/Archives/edgar/data/1858985/000185898526000018/onholdingag-20260630_d2.htm
ONON,2026-06-30,3_months,income_tax_expense,20700000.0,CHF,Income tax benefit / (expense),"Three-month period ended June 30, — 2026",36,6-K,2026-08-11,https://www.sec.gov/Archives/edgar/data/1858985/000185898526000018/onholdingag-20260630_d2.htm
ONON,2026-06-30,3_months,net_income,105000000.0,CHF,Net income / (loss),"Three-month period ended June 30, — 2026",37,6-K,2026-08-11,https://www.sec.gov/Archives/edgar/data/1858985/000185898526000018/onholdingag-20260630_d2.htm
ONON,2026-06-30,3_months,operating_income,119400000.0,CHF,Operating result,"Three-month period ended June 30, — 2026",31,6-K,2026-08-11,https://www.sec.gov/Archives/edgar/data/1858985/000185898526000018/onholdingag-20260630_d2.htm
ONON,2026-06-30,3_months,pretax_income,125700000.0,CHF,Income / (loss) before taxes,"Three-month period ended June 30, — 2026",35,6-K,2026-08-11,https://www.sec.gov/Archives/edgar/data/1858985/000185898526000018/onholdingag-20260630_d2.htm
ONON,2026-06-30,3_months,revenue,850300000.0,CHF,Net sales,"Three-month period ended June 30, — 2026",27,6-K,2026-08-11,https://www.sec.gov/Archives/edgar/data/1858985/000185898526000018/onholdingag-20260630_d2.htm
ONON,2026-06-30,3_months,selling_general_admin,436300000.0,CHF,"Selling, general and administrative expenses","Three-month period ended June 30, — 2026",30,6-K,2026-08-11,https://www.sec.gov/Archives/edgar/data/1858985/000185898526000018/onholdingag-20260630_d2.htm
ONON,2026-06-30,6_months,capital_expenditures,41900000.0,CHF,"Purchase of property, plant and equipment","Six-month period ended June 30, — 2026",117,6-K,2026-08-11,https://www.sec.gov/Archives/edgar/data/1858985/000185898526000018/onholdingag-20260630_d2.htm
ONON,2026-06-30,6_months,cash_from_operations,255000000.0,CHF,Cash inflow from operating activities,"Six-month period ended June 30, — 2026",116,6-K,2026-08-11,https://www.sec.gov/Archives/edgar/data/1858985/000185898526000018/onholdingag-20260630_d2.htm
ONON,2026-06-30,6_months,change_in_working_capital,-49500000.0,CHF,Change in working capital,"Six-month period ended June 30, — 2026",108,6-K,2026-08-11,https://www.sec.gov/Archives/edgar/data/1858985/000185898526000018/onholdingag-20260630_d2.htm
ONON,2026-06-30,6_months,cost_of_revenue,592200000.0,CHF,Cost of sales,"Six-month period ended June 30, — 2026",28,6-K,2026-08-11,https://www.sec.gov/Archives/edgar/data/1858985/000185898526000018/onholdingag-20260630_d2.htm
ONON,2026-06-30,6_months,depreciation_amortization,72100000.0,CHF,Depreciation and amortization,"Six-month period ended June 30, — 2026",103,6-K,2026-08-11,https://www.sec.gov/Archives/edgar/data/1858985/000185898526000018/onholdingag-20260630_d2.htm
ONON,2026-06-30,6_months,gross_profit,1090000000.0,CHF,Gross profit,"Six-month period ended June 30, — 2026",29,6-K,2026-08-11,https://www.sec.gov/Archives/edgar/data/1858985/000185898526000018/onholdingag-20260630_d2.htm
ONON,2026-06-30,6_months,income_tax_expense,33500000.0,CHF,Income tax benefit / (expense),"Six-month period ended June 30, — 2026",36,6-K,2026-08-11,https://www.sec.gov/Archives/edgar/data/1858985/000185898526000018/onholdingag-20260630_d2.htm
ONON,2026-06-30,6_months,interest_paid,12500000.0,CHF,Interest paid,"Six-month period ended June 30, — 2026",123,6-K,2026-08-11,https://www.sec.gov/Archives/edgar/data/1858985/000185898526000018/onholdingag-20260630_d2.htm
ONON,2026-06-30,6_months,net_income,208300000.0,CHF,Net income / (loss),"Six-month period ended June 30, — 2026",37,6-K,2026-08-11,https://www.sec.gov/Archives/edgar/data/1858985/000185898526000018/onholdingag-20260630_d2.htm
ONON,2026-06-30,6_months,operating_income,236900000.0,CHF,Operating result,"Six-month period ended June 30, — 2026",31,6-K,2026-08-11,https://www.sec.gov/Archives/edgar/data/1858985/000185898526000018/onholdingag-20260630_d2.htm
ONON,2026-06-30,6_months,pretax_income,241800000.0,CHF,Income / (loss) before taxes,"Six-month period ended June 30, — 2026",35,6-K,2026-08-11,https://www.sec.gov/Archives/edgar/data/1858985/000185898526000018/onholdingag-20260630_d2.htm
ONON,2026-06-30,6_months,revenue,1682200000.0,CHF,Net sales,"Six-month period ended June 30, — 2026",27,6-K,2026-08-11,https://www.sec.gov/Archives/edgar/data/1858985/000185898526000018/onholdingag-20260630_d2.htm
ONON,2026-06-30,6_months,selling_general_admin,853200000.0,CHF,"Selling, general and administrative expenses","Six-month period ended June 30, — 2026",30,6-K,2026-08-11,https://www.sec.gov/Archives/edgar/data/1858985/000185898526000018/onholdingag-20260630_d2.htm
ONON,2026-06-30,6_months,stock_based_compensation,30900000.0,CHF,Share-based compensation,"Six-month period ended June 30, — 2026",101,6-K,2026-08-11,https://www.sec.gov/Archives/edgar/data/1858985/000185898526000018/onholdingag-20260630_d2.htm
ONON,2026-06-30,instant,accounts_payable,211000000.0,CHF,Trade payables,6/30/2026,74,6-K,2026-08-11,https://www.sec.gov/Archives/edgar/data/1858985/000185898526000018/onholdingag-20260630_d2.htm
ONON,2026-06-30,instant,accounts_receivable,374000000.0,CHF,Trade receivables,6/30/2026,63,6-K,2026-08-11,https://www.sec.gov/Archives/edgar/data/1858985/000185898526000018/onholdingag-20260630_d2.htm
ONON,2026-06-30,instant,cash_and_equivalents,1205600000.0,CHF,Cash and cash equivalents,6/30/2026,62,6-K,2026-08-11,https://www.sec.gov/Archives/edgar/data/1858985/000185898526000018/onholdingag-20260630_d2.htm
ONON,2026-06-30,instant,current_assets,2293000000.0,CHF,Current assets,6/30/2026,67,6-K,2026-08-11,https://www.sec.gov/Archives/edgar/data/1858985/000185898526000018/onholdingag-20260630_d2.htm
ONON,2026-06-30,instant,current_lease_liabilities,87900000.0,CHF,Current lease liabilities,6/30/2026,75,6-K,2026-08-11,https://www.sec.gov/Archives/edgar/data/1858985/000185898526000018/onholdingag-20260630_d2.htm
ONON,2026-06-30,instant,current_liabilities,810000000.0,CHF,Current liabilities,6/30/2026,80,6-K,2026-08-11,https://www.sec.gov/Archives/edgar/data/1858985/000185898526000018/onholdingag-20260630_d2.htm
ONON,2026-06-30,instant,inventory,472900000.0,CHF,Inventories,6/30/2026,64,6-K,2026-08-11,https://www.sec.gov/Archives/edgar/data/1858985/000185898526000018/onholdingag-20260630_d2.htm
ONON,2026-06-30,instant,noncurrent_lease_liabilities,474600000.0,CHF,Non-current lease liabilities,6/30/2026,83,6-K,2026-08-11,https://www.sec.gov/Archives/edgar/data/1858985/000185898526000018/onholdingag-20260630_d2.htm
ONON,2026-06-30,instant,other_current_assets,162400000.0,CHF,Other current operating assets,6/30/2026,66,6-K,2026-08-11,https://www.sec.gov/Archives/edgar/data/1858985/000185898526000018/onholdingag-20260630_d2.htm
ONON,2026-06-30,instant,other_current_liabilities,371300000.0,CHF,Other current operating liabilities,6/30/2026,77,6-K,2026-08-11,https://www.sec.gov/Archives/edgar/data/1858985/000185898526000018/onholdingag-20260630_d2.htm
ONON,2026-06-30,instant,short_term_investments,78100000.0,CHF,Other current financial assets,6/30/2026,65,6-K,2026-08-11,https://www.sec.gov/Archives/edgar/data/1858985/000185898526000018/onholdingag-20260630_d2.htm
