date,open,high,low,close,adj_close,volume
2021-01-01,1.113089919090271,1.12386953830719,1.1123470067977903,1.11346173286438,1.11346173286438,0.0
2021-01-04,1.1323232650756836,1.1382391452789309,1.130607843399048,1.13237464427948,1.13237464427948,0.0
2021-01-05,1.134751796722412,1.1386020183563232,1.1343399286270142,1.1347646713256836,1.1347646713256836,0.0
2021-01-06,1.1387187242507937,1.1422044038772583,1.1338125467300415,1.1387187242507937,1.1387187242507937,0.0
2021-01-07,1.1388094425201416,1.1396141052246094,1.1286299228668213,1.1388614177703855,1.1388614177703855,0.0
2021-01-08,1.1295478343963623,1.1332343816757202,1.1256697177886963,1.1297520399093628,1.1297520399093628,0.0
2021-01-11,1.1268748044967651,1.1275991201400757,1.1210637092590332,1.1265828609466553,1.1265828609466553,0.0
2021-01-12,1.1241008043289185,1.1248594522476196,1.1216169595718384,1.124075412750244,1.124075412750244,0.0
2021-01-13,1.128795504570007,1.1298797130584717,1.1249985694885254,1.128795504570007,1.128795504570007,0.0
2021-01-14,1.1272051334381104,1.1281588077545166,1.121623158454895,1.1275228261947632,1.1275228261947632,0.0
2021-01-15,1.1258091926574707,1.127650022506714,1.12311589717865,1.1258091926574707,1.1258091926574707,0.0
2021-01-18,1.1206742525100708,1.1239112615585327,1.1205862760543823,1.1208499670028689,1.1208499670028689,0.0
2021-01-19,1.12251079082489,1.128413438796997,1.1217100620269775,1.1224603652954102,1.1224603652954102,0.0
2021-01-20,1.1259866952896118,1.1278661489486694,1.1211265325546265,1.1261261701583862,1.1261261701583862,0.0
2021-01-21,1.1248087882995603,1.1301988363265991,1.123721718788147,1.1245051622390747,1.1245051622390747,0.0
2021-01-22,1.1296755075454712,1.1314136981964111,1.1279170513153076,1.1294840574264526,1.1294840574264526,0.0
2021-01-25,1.1292799711227417,1.1303905248641968,1.124606370925903,1.1295312643051147,1.1295312643051147,0.0
2021-01-26,1.126037359237671,1.1278280019760132,1.1241639852523804,1.126100778579712,1.126100778579712,0.0
2021-01-27,1.1278789043426514,1.128795504570007,1.1217553615570068,1.1277772188186646,1.1277772188186646,0.0
2021-01-28,1.1247328519821167,1.1273956298828125,1.1213905811309814,1.124985933303833,1.124985933303833,0.0
2021-01-29,1.125568389892578,1.126887559890747,1.122725009918213,1.1253544092178345,1.1253544092178345,0.0
2021-02-01,1.1216672658920288,1.1228384971618652,1.1152374744415283,1.1218812465667725,1.1218812465667725,0.0
2021-02-02,1.1153743267059326,1.1177055835723877,1.1117781400680542,1.1154738664627075,1.1154738664627075,0.0
2021-02-03,1.1140199899673462,1.114951491355896,1.1108518838882446,1.1142061948776243,1.1142061948776243,0.0
2021-02-04,1.1131147146224976,1.1132138967514038,1.1062558889389038,1.113164305686951,1.113164305686951,0.0
2021-02-05,1.106157898902893,1.1122233867645264,1.1055954694747925,1.106157898902893,1.106157898902893,0.0
2021-02-08,1.1123223304748535,1.11346173286438,1.1087826490402222,1.112371802330017,1.112371802330017,0.0
2021-02-09,1.112681269645691,1.1200717687606812,1.112681269645691,1.11284339427948,1.11284339427948,0.0
2021-02-10,1.1204230785369873,1.124821424484253,1.1197456121444702,1.1205737590789795,1.1205737590789795,0.0
2021-02-11,1.123721718788147,1.1247328519821167,1.1225864887237549,1.1232850551605225,1.1232850551605225,0.0
2021-02-12,1.1234439611434937,1.123974323272705,1.1186808347702026,1.1234439611434937,1.1234439611434937,0.0
2021-02-15,1.1212396621704102,1.1242270469665527,1.1205360889434814,1.121379256248474,1.121379256248474,0.0
2021-02-16,1.1241008043289185,1.1273956298828125,1.119921088218689,1.1238051652908323,1.1238051652908323,0.0
2021-02-17,1.1191065311431885,1.1202723979949951,1.1123223304748535,1.1195476055145264,1.1195476055145264,0.0
2021-02-18,1.1128793954849243,1.1165075302124023,1.1117658615112305,1.1130527257919312,1.1130527257919312,0.0
2021-02-19,1.1162209510803225,1.119444727897644,1.1149640083312988,1.116308093070984,1.116308093070984,0.0
2021-02-22,1.1150137186050415,1.117817997932434,1.108426213264465,1.1152125597000122,1.1152125597000122,0.0
2021-02-23,1.1164439916610718,1.1176930665969849,1.1085245609283447,1.11645770072937,1.11645770072937,0.0
2021-02-24,1.1049295663833618,1.1051067113876345,1.099601984024048,1.1048502922058103,1.1048502922058103,0.0
2021-02-25,1.1028629541397097,1.1077386140823364,1.1013579368591309,1.1030223369598389,1.1030223369598389,0.0
2021-02-26,1.104472041130066,1.1079105138778689,1.0997591018676758,1.1042768955230713,1.1042768955230713,0.0
2021-03-01,1.1021713018417358,1.102657437324524,1.0923231840133667,1.1020498275756836,1.1020498275756836,0.0
2021-03-02,1.0929319858551023,1.0942115783691406,1.0879143476486206,1.0930156707763672,1.0930156707763672,0.0
2021-03-03,1.0930156707763672,1.0940918922424316,1.0883997678756714,1.0928961038589478,1.0928961038589478,0.0
2021-03-04,1.087074637413025,1.088387966156006,1.0801352262496948,1.087311029434204,1.087311029434204,0.0
2021-03-05,1.0762293338775637,1.0798436403274536,1.073203206062317,1.0761018991470337,1.0761018991470337,0.0
2021-03-08,1.0750607252120972,1.0757315158843994,1.068467378616333,1.0750375986099243,1.0750375986099243,0.0
2021-03-09,1.068296194076538,1.0769479274749756,1.0666667222976685,1.0686043500900269,1.0686043500900269,0.0
2021-03-10,1.0774468183517456,1.07758629322052,1.0727887153625488,1.0774236917495728,1.0774236917495728,0.0
2021-03-11,1.0754770040512085,1.0818997621536257,1.0743677616119385,1.0756157636642456,1.0756157636642456,0.0
2021-03-12,1.0813149213790894,1.0816657543182373,1.0726391077041626,1.0814785957336426,1.0814785957336426,0.0
2021-03-15,1.0760498046875,1.0781670808792114,1.0738486051559448,1.076119303703308,1.076119303703308,0.0
2021-03-16,1.0781193971633911,1.081946611404419,1.0767971277236938,1.0780508518218994,1.0780508518218994,0.0
2021-03-17,1.0811395645141602,1.0814317464828491,1.0757893323898315,1.0813149213790894,1.0813149213790894,0.0
2021-03-18,1.0841635465621948,1.0848339796066284,1.074806571006775,1.084316372871399,1.084316372871399,0.0
2021-03-19,1.078260064125061,1.0810810327529907,1.0731916427612305,1.0783764123916626,1.0783764123916626,0.0
2021-03-22,1.0752919912338257,1.084293007850647,1.0743331909179688,1.0752226114273071,1.0752226114273071,0.0
2021-03-23,1.0830832719802856,1.0831888914108276,1.0712602138519287,1.0831888914108276,1.0831888914108276,0.0
2021-03-24,1.0702054500579834,1.071237325668335,1.0673611164093018,1.0700680017471311,1.0700680017471311,0.0
2021-03-25,1.068455934524536,1.06963312625885,1.064384698867798,1.068387508392334,1.068387508392334,0.0
2021-03-26,1.0643279552459717,1.0649967193603516,1.061954379081726,1.064384698867798,1.064384698867798,0.0
2021-03-28,1.0643960237503052,1.067235827445984,1.0633772611618042,1.064339280128479,1.064339280128479,0.0
2021-03-29,1.0650761127471924,1.0654165744781494,1.059569001197815,1.0650761127471924,1.0650761127471924,0.0
2021-03-30,1.062022089958191,1.0633659362792969,1.0586267709732056,1.0619205236434937,1.0619205236434937,0.0
2021-03-31,1.0595465898513794,1.0630720853805542,1.0558212995529177,1.0594342947006226,1.0594342947006226,0.0
2021-04-01,1.0615485906600952,1.063490390777588,1.060490369796753,1.0614471435546875,1.0614471435546875,0.0
2021-04-04,1.0614134073257446,1.0691070556640625,1.059490442276001,1.0615711212158203,1.0615711212158203,0.0
2021-04-05,1.068467378616333,1.072961449623108,1.064497947692871,1.0683304071426392,1.0683304071426392,0.0
2021-04-06,1.0743216276168823,1.079074501991272,1.0735650062561035,1.0736525058746338,1.0736525058746338,0.0
2021-04-07,1.075893521308899,1.0823564529418943,1.0750375986099243,1.0760787725448608,1.0760787725448608,0.0
2021-04-08,1.0822510719299316,1.0829542875289917,1.0774236917495728,1.0820636749267578,1.0820636749267578,0.0
2021-04-11,1.0806137323379517,1.0854109525680542,1.0790047645568848,1.0807422399520874,1.0807422399520874,0.0
2021-04-12,1.0841635465621948,1.087074637413025,1.0801469087600708,1.084481120109558,1.084481120109558,0.0
2021-04-13,1.08672034740448,1.0886130332946775,1.0830364227294922,1.0868383646011353,1.0868383646011353,0.0
2021-04-14,1.083564519882202,1.0862244367599487,1.0817359685897827,1.0837758779525757,1.0837758779525757,0.0
2021-04-15,1.08477520942688,1.089205980300903,1.083118557929993,1.0847245454788208,1.0847245454788208,0.0
2021-04-18,1.0863189697265625,1.0954822301864624,1.085293173789978,1.086307168006897,1.086307168006897,0.0
2021-04-19,1.0932546854019165,1.0948957204818726,1.0906314849853516,1.0932546854019165,1.0932546854019165,0.0
2021-04-20,1.091701865196228,1.0926573276519775,1.0876659154891968,1.0918222665786743,1.0918222665786743,0.0
2021-04-21,1.0909645557403564,1.0938525199890137,1.0883761644363403,1.0908337831497192,1.0908337831497192,0.0
2021-04-22,1.090702772140503,1.0939722061157229,1.0901440382003784,1.0904649496078491,1.0904649496078491,0.0
2021-04-25,1.0941756963729858,1.096611499786377,1.0912504196166992,1.0942236185073853,1.0942236185073853,0.0
2021-04-26,1.0933741331100464,1.0960105657577517,1.0904886722564695,1.0933263301849363,1.0933263301849363,0.0
2021-04-27,1.0942115783691406,1.0966956615447998,1.0892653465270996,1.0940439701080322,1.0940439701080322,0.0
2021-04-28,1.100122094154358,1.1012367010116575,1.0968159437179563,1.100473165512085,1.100473165512085,0.0
2021-04-29,1.1003520488739014,1.101321578025818,1.094846487045288,1.1001100540161133,1.1001100540161133,0.0
2021-05-02,1.095242261886597,1.0997663736343384,1.0932188034057615,1.0954102277755735,1.0954102277755735,0.0
2021-05-03,1.097347855567932,1.0974539518356323,1.091786503791809,1.097044587135315,1.097044587135315,0.0
2021-05-04,1.0948106050491333,1.09631085395813,1.0913695096969604,1.0948106050491333,1.0948106050491333,0.0
2021-05-05,1.0952062606811523,1.1021713018417358,1.0935535430908203,1.095158338546753,1.095158338546753,0.0
2021-05-06,1.1018919944763184,1.1103708744049072,1.0997954607009888,1.1018191576004028,1.1018191576004028,0.0
2021-05-09,1.1102722883224487,1.113089919090271,1.108794927597046,1.11055588722229,1.11055588722229,0.0
2021-05-10,1.11055588722229,1.1111111640930176,1.1072357892990112,1.1106421947479248,1.1106421947479248,0.0
2021-05-11,1.106696605682373,1.107137680053711,1.1000736951828003,1.1063904762268066,1.1063904762268066,0.0
2021-05-12,1.1000858545303345,1.1048502922058103,1.0998317003250122,1.100594401359558,1.100594401359558,0.0
2021-05-13,1.1038014888763428,1.1096316576004028,1.1033508777618408,1.1038258075714111,1.1038258075714111,0.0
2021-05-16,1.1095085144042969,1.110987663269043,1.10765278339386,1.1096316576004028,1.1096316576004028,0.0
2021-05-17,1.107174515724182,1.1158223152160645,1.1069294214248655,1.1070151329040527,1.1070151329040527,0.0
2021-05-18,1.1143426895141602,1.1150758266448977,1.1075423955917358,1.1142929792404177,1.1142929792404177,0.0
2021-05-19,1.106439471244812,1.1133378744125366,1.1056320667266846,1.106096863746643,1.106096863746643,0.0
2021-05-20,1.1143550872802734,1.1168566942214966,1.1113333702087402,1.1144545078277588,1.1144545078277588,0.0
2021-05-23,1.1142061948776243,1.1165698766708374,1.1110987663269043,1.1143302917480469,1.1143302917480469,0.0
2021-05-24,1.114951491355896,1.1198208332061768,1.114740252494812,1.1148271560668943,1.1148271560668943,0.0
2021-05-25,1.1166571378707886,1.1185681819915771,1.1133378744125366,1.1165698766708374,1.1165698766708374,0.0
2021-05-26,1.1137222051620483,1.1159967184066772,1.110111951828003,1.1139206886291504,1.1139206886291504,0.0
2021-05-27,1.114951491355896,1.114951491355896,1.107530117034912,1.1147650480270386,1.1147650480270386,0.0
2021-05-30,1.110938310623169,1.11346173286438,1.1097030639648438,1.1109752655029297,1.1109752655029297,0.0
2021-05-31,1.113250970840454,1.117817997932434,1.1114075183868408,1.113089919090271,1.113089919090271,0.0
2021-06-01,1.1147526502609253,1.1154489517211914,1.1082665920257568,1.1148520708084106,1.1148520708084106,0.0
2021-06-02,1.1133378744125366,1.1140819787979126,1.1047916412353516,1.1133378744125366,1.1133378744125366,0.0
2021-06-03,1.1069294214248655,1.1132138967514038,1.1045939922332764,1.1068068742752075,1.1068068742752075,0.0
2021-06-06,1.111840009689331,1.1153244972229004,1.109939455986023,1.1122233867645264,1.1122233867645264,0.0
2021-06-07,1.1139206886291504,1.117193579673767,1.1126317977905271,1.1142061948776243,1.1142061948776243,0.0
2021-06-08,1.115200161933899,1.1203227043151855,1.114740252494812,1.1150758266448977,1.1150758266448977,0.0
2021-06-09,1.116071343421936,1.1185681819915771,1.112433671951294,1.1165698766708374,1.1165698766708374,0.0
2021-06-10,1.1178929805755615,1.1196954250335691,1.1111605167388916,1.1177555322647097,1.1177555322647097,0.0
2021-06-13,1.113833785057068,1.113833785057068,1.1112345457077026,1.1139429807662964,1.1139429807662964,0.0
2021-06-14,1.1123470067977903,1.1155734062194824,1.1103215217590332,1.1122233867645264,1.1122233867645264,0.0
2021-06-15,1.1132138967514038,1.1140819787979126,1.1111111640930176,1.1129660606384275,1.1129660606384275,0.0
2021-06-16,1.100509524345398,1.1020498275756836,1.089751958847046,1.1006791591644287,1.1006791591644287,0.0
2021-06-17,1.0898232460021973,1.0909883975982666,1.083282709121704,1.0897401571273804,1.0897401571273804,0.0
2021-06-20,1.0839638710021973,1.0897282361984253,1.0827432870864868,1.0840226411819458,1.0840226411819458,0.0
2021-06-21,1.0885419845581057,1.0890873670578003,1.0855759382247925,1.0885539054870603,1.0885539054870603,0.0
2021-06-22,1.0885419845581057,1.092418551445007,1.0870628356933594,1.0886249542236328,1.0886249542236328,0.0
2021-06-23,1.0893245935440063,1.0900845527648926,1.0870274305343628,1.0891940593719482,1.0891940593719482,0.0
2021-06-24,1.089111089706421,1.093780755996704,1.089111089706421,1.0891704559326172,1.0891704559326172,0.0
2021-06-27,1.09088134765625,1.09088134765625,1.0853874683380127,1.09088134765625,1.09088134765625,0.0
2021-06-28,1.0875475406646729,1.0882933139801023,1.0832358598709106,1.087417483329773,1.087417483329773,0.0
2021-06-29,1.0857999324798584,1.0864840745925903,1.080263614654541,1.085894227027893,1.085894227027893,0.0
2021-06-30,1.080987572669983,1.0826494693756104,1.078760266304016,1.0811395645141602,1.0811395645141602,0.0
2021-07-01,1.0800652503967283,1.0842812061309814,1.0783647298812866,1.0800302028656006,1.0800302028656006,0.0
2021-07-04,1.0847163200378418,1.0866022109985352,1.0832358598709106,1.0850694179534912,1.0850694179534912,0.0
2021-07-05,1.0844104290008545,1.0877841711044312,1.0813149213790894,1.084481120109558,1.084481120109558,0.0
2021-07-06,1.0813499689102173,1.0841283798217771,1.079214334487915,1.0814669132232666,1.0814669132232666,0.0
2021-07-07,1.080450415611267,1.094894528388977,1.0798436403274536,1.0806137323379517,1.0806137323379517,0.0
2021-07-08,1.0932546854019165,1.0939722061157229,1.0900251865386963,1.093206763267517,1.093206763267517,0.0
2021-07-11,1.094067931175232,1.09505033493042,1.09051251411438,1.0940439701080322,1.0940439701080322,0.0
2021-07-12,1.093135118484497,1.0940918922424316,1.0870510339736938,1.0928722620010376,1.0928722620010376,0.0
2021-07-13,1.0882813930511477,1.0926573276519775,1.087133765220642,1.0883761644363403,1.0883761644363403,0.0
2021-07-14,1.0933860540390017,1.0967594385147097,1.088459014892578,1.0932666063308716,1.0932666063308716,0.0
2021-07-15,1.0897995233535769,1.090274691581726,1.0867438316345217,1.089561939239502,1.089561939239502,0.0
2021-07-18,1.0884827375411987,1.0912741422653198,1.0845280885696411,1.0886961221694946,1.0886961221694946,0.0
2021-07-19,1.0885064601898191,1.0901321172714231,1.0833179950714111,1.0887316465377808,1.0887316465377808,0.0
2021-07-20,1.0855170488357544,1.0899977684020996,1.083435297012329,1.0855052471160889,1.0855052471160889,0.0
2021-07-21,1.0899182558059692,1.0923351049423218,1.0870628356933594,1.0898351669311523,1.0898351669311523,0.0
2021-07-22,1.0880564451217651,1.0888501405715942,1.084481120109558,1.0879971981048584,1.0879971981048584,0.0
2021-07-25,1.0875475406646729,1.0925379991531372,1.0867557525634766,1.0875121355056765,1.0875121355056765,0.0
2021-07-26,1.0922634601593018,1.0949784517288208,1.088660478591919,1.0923470258712769,1.0923470258712769,0.0
2021-07-27,1.0939244031906128,1.09505033493042,1.090893268585205,1.0936132669448853,1.0936132669448853,0.0
2021-07-28,1.099384307861328,1.1046061515808103,1.098876953125,1.0995051860809326,1.0995051860809326,0.0
2021-07-29,1.1041427850723269,1.106415033340454,1.1019283533096311,1.1040940284729004,1.1040940284729004,0.0
2021-08-01,1.1037527322769165,1.1066476106643677,1.1029858589172363,1.1038624048233032,1.1038624048233032,0.0
2021-08-02,1.1046550273895264,1.108401656150818,1.1041183471679688,1.1046428680419922,1.1046428680419922,0.0
2021-08-03,1.1066844463348389,1.1088072061538696,1.1018919944763184,1.106415033340454,1.106415033340454,0.0
2021-08-04,1.1030466556549072,1.1048502922058103,1.101770520210266,1.103265643119812,1.103265643119812,0.0
2021-08-05,1.10293710231781,1.1031439304351809,1.0930633544921875,1.1031439304351809,1.1031439304351809,0.0
2021-08-08,1.0922993421554563,1.0935415029525757,1.087417483329773,1.0921800136566162,1.0921800136566162,0.0
2021-08-09,1.086130142211914,1.087902545928955,1.0831419229507446,1.0862481594085691,1.0862481594085691,0.0
2021-08-10,1.083564519882202,1.0863661766052246,1.0820754766464231,1.083470582962036,1.083470582962036,0.0
2021-08-11,1.0852224826812744,1.085894227027893,1.0826611518859863,1.08523428440094,1.08523428440094,0.0
2021-08-12,1.0833179950714111,1.091941475868225,1.08241868019104,1.0833531618118286,1.0833531618118286,0.0
2021-08-15,1.0926573276519775,1.0977792739868164,1.091309905052185,1.092418551445007,1.092418551445007,0.0
2021-08-16,1.0958904027938845,1.0991426706314087,1.093147039413452,1.0958904027938845,1.0958904027938845,0.0
2021-08-17,1.0930395126342771,1.0957703590393066,1.087559461593628,1.093194842338562,1.093194842338562,0.0
2021-08-18,1.0900371074676514,1.0934937000274658,1.0863778591156006,1.089846968650818,1.089846968650818,0.0
2021-08-19,1.088245868682861,1.0919653177261353,1.088245868682861,1.0882340669631958,1.0882340669631958,0.0
2021-08-22,1.0904412269592283,1.095662236213684,1.089656949043274,1.0903698205947876,1.0903698205947876,0.0
2021-08-23,1.0962748527526855,1.0976948738098145,1.094762682914734,1.0961307287216189,1.0961307287216189,0.0
2021-08-24,1.0952062606811523,1.0957943201065063,1.092072606086731,1.095170259475708,1.095170259475708,0.0
2021-08-25,1.0944870710372925,1.0949305295944214,1.088008999824524,1.0945229530334473,1.0945229530334473,0.0
2021-08-26,1.0894314050674438,1.096575379371643,1.0870510339736938,1.0893957614898682,1.0893957614898682,0.0
2021-08-29,1.0973455905914309,1.0989010334014893,1.088767170906067,1.0974539518356323,1.0974539518356323,0.0
2021-08-30,1.090381741523743,1.0974539518356323,1.0902390480041504,1.0902985334396362,1.0902985334396362,0.0
2021-08-31,1.092418551445007,1.0942115783691406,1.0883642435073853,1.0925379991531372,1.0925379991531372,0.0
2021-09-01,1.092382788658142,1.0942115783691406,1.0910003185272217,1.092279076576233,1.092279076576233,0.0
2021-09-02,1.0936132669448853,1.0972130298614502,1.092251539230347,1.0935057401657104,1.0935057401657104,0.0
2021-09-05,1.094332575798035,1.094570875167847,1.090798020362854,1.0942834615707395,1.0942834615707395,0.0
2021-09-06,1.093135118484497,1.09505033493042,1.0883169174194336,1.0930395126342771,1.0930395126342771,0.0
2021-09-07,1.0875948667526243,1.0890161991119385,1.0829542875289917,1.0876067876815796,1.0876067876815796,0.0
2021-09-08,1.0849517583847046,1.090869426727295,1.0842459201812744,1.084786891937256,1.084786891937256,0.0
2021-09-09,1.0911074876785278,1.0930156707763672,1.0889450311660769,1.0910955667495728,1.0910955667495728,0.0
2021-09-12,1.089158535003662,1.0893245935440063,1.0822277069091797,1.089158535003662,1.089158535003662,0.0
2021-09-13,1.0843281745910645,1.088992476463318,1.083728909492493,1.0845986604690552,1.0845986604690552,0.0
2021-09-14,1.0868501663208008,1.0914647579193115,1.0864605903625488,1.0868619680404663,1.0868619680404663,0.0
2021-09-15,1.087228298187256,1.087902545928955,1.0787835121154783,1.0872992277145386,1.0872992277145386,0.0
2021-09-16,1.078283429145813,1.0801469087600708,1.073318362236023,1.0783299207687378,1.0783299207687378,0.0
2021-09-19,1.0730764865875244,1.078515887260437,1.0715816020965576,1.0729153156280518,1.0729153156280518,0.0
2021-09-20,1.0780508518218994,1.0841283798217771,1.077296018600464,1.0779695510864258,1.0779695510864258,0.0
2021-09-21,1.0828369855880735,1.0851871967315674,1.08125638961792,1.0828369855880735,1.0828369855880735,0.0
2021-09-22,1.0797970294952393,1.084728121757507,1.0784345865249634,1.079563856124878,1.079563856124878,0.0
2021-09-23,1.0817828178405762,1.0845986604690552,1.07991361618042,1.0816657543182373,1.0816657543182373,0.0
2021-09-26,1.0817828178405762,1.081841230392456,1.0764957666397097,1.0817008018493652,1.0817008018493652,0.0
2021-09-27,1.080263614654541,1.0806137323379517,1.0751993656158447,1.0803930759429932,1.0803930759429932,0.0
2021-09-28,1.0763335227966309,1.077818512916565,1.0708816051483154,1.07624089717865,1.07624089717865,0.0
2021-09-29,1.070343017578125,1.0728577375411987,1.0674409866333008,1.0703773498535156,1.0703773498535156,0.0
2021-09-30,1.0726161003112793,1.0773075819015503,1.0710766315460205,1.0724090337753296,1.0724090337753296,0.0
2021-10-03,1.0758472681045532,1.0833531618118286,1.0741831064224243,1.0757662057876587,1.0757662057876587,0.0
2021-10-04,1.0812681913375854,1.0816657543182373,1.0768088102340698,1.0811277627944946,1.0811277627944946,0.0
2021-10-05,1.0769015550613403,1.078399658203125,1.07449471950531,1.0771219730377195,1.0771219730377195,0.0
2021-10-06,1.077888250350952,1.080964207649231,1.0771567821502686,1.077934741973877,1.077934741973877,0.0
2021-10-07,1.0769479274749756,1.0799602270126345,1.0746794939041138,1.0771219730377195,1.0771219730377195,0.0
2021-10-10,1.0777952671051023,1.0813149213790894,1.0767855644226074,1.0777604579925537,1.0777604579925537,0.0
2021-10-11,1.0779578685760498,1.0803803205490112,1.074379324913025,1.0781090259552002,1.0781090259552002,0.0
2021-10-12,1.0746102333068848,1.0807305574417114,1.0744600296020508,1.074737310409546,1.074737310409546,0.0
2021-10-13,1.082473635673523,1.0876659154891968,1.0818296670913696,1.0824854373931885,1.0824854373931885,0.0
2021-10-14,1.0818530321121216,1.0841283798217771,1.0796687602996826,1.081817865371704,1.081817865371704,0.0
2021-10-17,1.0826963186264038,1.0838934183120728,1.0787136554718018,1.0828019380569458,1.0828019380569458,0.0
2021-10-18,1.0828253030776978,1.0889687538146973,1.0828253030776978,1.0830974578857422,1.0830974578857422,0.0
2021-10-19,1.0837758779525757,1.087748646736145,1.0808824300765991,1.0834236145019531,1.0834236145019531,0.0
2021-10-20,1.0882813930511477,1.09051251411438,1.0863189697265625,1.0883761644363403,1.0883761644363403,0.0
2021-10-21,1.0892534255981443,1.0927289724349976,1.088767170906067,1.0891940593719482,1.0891940593719482,0.0
2021-10-24,1.0911669731140137,1.0931984186172483,1.086980223655701,1.091044306755066,1.091044306755066,0.0
2021-10-25,1.087311029434204,1.0883761644363403,1.0841753482818604,1.08708655834198,1.08708655834198,0.0
2021-10-26,1.0872992277145386,1.0913456678390503,1.0865668058395386,1.0874292850494385,1.0874292850494385,0.0
2021-10-27,1.0891940593719482,1.0968520641326904,1.0876539945602417,1.0893245935440063,1.0893245935440063,0.0
2021-10-28,1.096864104270935,1.09863543510437,1.0898351669311523,1.097044587135315,1.097044587135315,0.0
2021-11-01,1.0917268991470337,1.098538875579834,1.090381741523743,1.0915361642837524,1.0915361642837524,0.0
2021-11-02,1.0998196601867676,1.100231051445007,1.0930156707763672,1.0996986627578735,1.0996986627578735,0.0
2021-11-03,1.093171000480652,1.098418354988098,1.0928363800048828,1.0933741331100464,1.0933741331100464,0.0
2021-11-04,1.0974297523498535,1.0976948738098145,1.0936132669448853,1.097321391105652,1.097321391105652,0.0
2021-11-05,1.0960105657577517,1.0964912176132202,1.090274691581726,1.0956742763519287,1.0956742763519287,0.0
2021-11-08,1.0965272188186646,1.0965933799743652,1.0923231840133667,1.0965272188186646,1.0965272188186646,0.0
2021-11-09,1.094894528388977,1.0972130298614502,1.0925737619400024,1.094954490661621,1.094954490661621,0.0
2021-11-10,1.0976948738098145,1.098149299621582,1.0907504558563232,1.098056435585022,1.098056435585022,0.0
2021-11-11,1.0892889499664309,1.089561939239502,1.0842106342315674,1.089538335800171,1.089538335800171,0.0
2021-11-12,1.0854227542877195,1.08695650100708,1.0827081203460691,1.08552885055542,1.08552885055542,0.0
2021-11-15,1.0856467485427856,1.0887316465377808,1.0841047763824463,1.0856584310531616,1.0856584310531616,0.0
2021-11-16,1.0807422399520874,1.0828369855880735,1.0755001306533811,1.0806721448898315,1.0806721448898315,0.0
2021-11-17,1.0746910572052002,1.0772379636764526,1.0719722509384155,1.0749105215072632,1.0749105215072632,0.0
2021-11-18,1.076855182647705,1.0805437564849854,1.0762988328933716,1.076971173286438,1.076971173286438,0.0
2021-11-19,1.0803803205490112,1.0810459852218628,1.076692819595337,1.0803803205490112,1.0803803205490112,0.0
2021-11-22,1.0760787725448608,1.079214334487915,1.073306918144226,1.0760787725448608,1.0760787725448608,0.0
2021-11-23,1.0723860263824463,1.0750954151153564,1.0704690217971802,1.0726161003112793,1.0726161003112793,0.0
2021-11-24,1.0712946653366089,1.072041153907776,1.0670422315597534,1.0713634490966797,1.0713634490966797,0.0
2021-11-25,1.0706064701080322,1.0726161003112793,1.0685244798660278,1.070893168449402,1.070893168449402,0.0
2021-11-26,1.069064736366272,1.0849541425704956,1.0690613985061646,1.069198489189148,1.069198489189148,0.0
2021-11-29,1.0817008018493652,1.0828956365585327,1.0786322355270386,1.0818763971328735,1.0818763971328735,0.0
2021-11-30,1.0836349725723269,1.0920010805130005,1.0799835920333862,1.083576202392578,1.083576202392578,0.0
2021-12-01,1.087559461593628,1.0906314849853516,1.084975242614746,1.0875475406646729,1.0875475406646729,0.0
2021-12-02,1.0866022109985352,1.089680790901184,1.0845516920089722,1.0862481594085691,1.0862481594085691,0.0
2021-12-03,1.08708655834198,1.090453028678894,1.084975242614746,1.0871928930282593,1.0871928930282593,0.0
2021-12-06,1.0886249542236328,1.0887197256088257,1.0797736644744873,1.0887434482574463,1.0887434482574463,0.0
2021-12-07,1.0806137323379517,1.083329677581787,1.0784229040145874,1.0804970264434814,1.0804970264434814,0.0
2021-12-08,1.0817126035690308,1.085281491279602,1.0808123350143433,1.0817828178405762,1.0817828178405762,0.0
2021-12-09,1.0866730213165283,1.0871928930282593,1.0795055627822876,1.08695650100708,1.08695650100708,0.0
2021-12-10,1.0825791358947754,1.0871455669403076,1.0807188749313354,1.0824971199035645,1.0824971199035645,0.0
2021-12-13,1.0854934453964231,1.0857763290405271,1.0803686380386353,1.0856938362121582,1.0856938362121582,0.0
2021-12-14,1.0841165781021118,1.0886130332946775,1.081934928894043,1.0841518640518188,1.0841518640518188,0.0
2021-12-15,1.0820754766464231,1.0831888914108276,1.0787835121154783,1.0822510719299316,1.0822510719299316,0.0
2021-12-16,1.0817008018493652,1.0871219635009766,1.0804152488708496,1.0817359685897827,1.0817359685897827,0.0
2021-12-17,1.0881510972976685,1.0901559591293335,1.0834001302719116,1.0883287191390991,1.0883287191390991,0.0
2021-12-20,1.0829660892486572,1.087902545928955,1.0810810327529907,1.0830832719802856,1.0830832719802856,0.0
2021-12-21,1.0849517583847046,1.0876659154891968,1.080952525138855,1.0849281549453735,1.0849281549453735,0.0
2021-12-22,1.083282709121704,1.0874292850494385,1.0808357000350952,1.0834001302719116,1.0834001302719116,0.0
2021-12-23,1.0876659154891968,1.0893245935440063,1.084810495376587,1.0876185894012451,1.0876185894012451,0.0
2021-12-24,1.0884946584701538,1.0907623767852783,1.0874292850494385,1.0886130332946775,1.0886130332946775,0.0
2021-12-27,1.0884069204330444,1.0903936624526978,1.0870392322540283,1.0883986949920654,1.0883986949920654,0.0
2021-12-28,1.090524435043335,1.091941475868225,1.0882813930511477,1.0903223752975464,1.0903223752975464,0.0
2021-12-29,1.0906314849853516,1.095710277557373,1.0870510339736938,1.0906314849853516,1.0906314849853516,0.0
2021-12-30,1.0942115783691406,1.0952903032302856,1.0892771482467651,1.094570875167847,1.094570875167847,0.0
2021-12-31,1.0942115783691406,1.0983338356018066,1.093206763267517,1.0944511890411377,1.0944511890411377,0.0
2022-01-03,1.096455216407776,1.0970927476882937,1.0870628356933594,1.096521258354187,1.096521258354187,0.0
2022-01-04,1.0889687538146973,1.0945110321044922,1.0879143476486206,1.0889331102371216,1.0889331102371216,0.0
2022-01-05,1.0917030572891235,1.0939722061157229,1.090786099433899,1.0914528369903564,1.0914528369903564,0.0
2022-01-06,1.0899419784545898,1.090869426727295,1.08695650100708,1.090048909187317,1.090048909187317,0.0
2022-01-07,1.0853402614593506,1.0881510972976685,1.0833063125610352,1.0853049755096436,1.0853049755096436,0.0
2022-01-10,1.088269591331482,1.0887316465377808,1.079202651977539,1.0883287191390991,1.0883287191390991,0.0
2022-01-11,1.0786091089248655,1.0830715894699097,1.077888250350952,1.078515887260437,1.078515887260437,0.0
2022-01-12,1.0831888914108276,1.09505033493042,1.081794500350952,1.0828369855880735,1.0828369855880735,0.0
2022-01-13,1.0939123630523682,1.0998680591583252,1.093182921409607,1.0939244031906128,1.0939244031906128,0.0
2022-01-14,1.0978153944015503,1.099650263786316,1.0946189165115356,1.0976465940475464,1.0976465940475464,0.0
2022-01-17,1.0935535430908203,1.0962508916854858,1.0919772386550903,1.09350323677063,1.09350323677063,0.0
2022-01-18,1.0941158533096311,1.0954102277755735,1.0904412269592283,1.0941996574401855,1.0941996574401855,0.0
2022-01-19,1.0904054641723633,1.0935295820236206,1.0897756814956665,1.0904293060302734,1.0904293060302734,0.0
2022-01-20,1.092418551445007,1.0943313837051392,1.0916672945022583,1.0921800136566162,1.0921800136566162,0.0
2022-01-21,1.0909883975982666,1.097887635231018,1.090346097946167,1.090702772140503,1.090702772140503,0.0
2022-01-24,1.0959384441375732,1.097935914993286,1.09192955493927,1.0957223176956177,1.0957223176956177,0.0
2022-01-25,1.094067931175232,1.094067931175232,1.0866258144378662,1.0939842462539673,1.0939842462539673,0.0
2022-01-26,1.0896095037460327,1.0906314849853516,1.0851401090621948,1.0896260738372805,1.0896260738372805,0.0
2022-01-27,1.0822510719299316,1.082602620124817,1.070939064025879,1.0823107957839966,1.0823107957839966,0.0
2022-01-28,1.0742985010147097,1.0761945247650146,1.0719492435455322,1.0742638111114502,1.0742638111114502,0.0
2022-01-31,1.0737563371658323,1.0759629011154177,1.0704002380371094,1.0739638805389404,1.0739638805389404,0.0
2022-02-01,1.0784927606582642,1.0864840745925903,1.0779463052749634,1.0786556005477903,1.0786556005477903,0.0
2022-02-02,1.0858588218688965,1.089372158050537,1.0843987464904783,1.0858471393585205,1.0858471393585205,0.0
2022-02-03,1.0881274938583374,1.0895501375198364,1.0830246210098269,1.0881866216659546,1.0881866216659546,0.0
2022-02-04,1.0864840745925903,1.088020920753479,1.0801118612289429,1.0865195989608765,1.0865195989608765,0.0
2022-02-07,1.0807539224624634,1.0845986604690552,1.0796804428100586,1.080940842628479,1.080940842628479,0.0
2022-02-08,1.0832123756408691,1.0839051008224487,1.0796804428100586,1.083364963531494,1.083364963531494,0.0
2022-02-09,1.0811045169830322,1.0843634605407717,1.0806137323379517,1.0810810327529907,1.0810810327529907,0.0
2022-02-10,1.081923246383667,1.0838934183120728,1.0757777690887451,1.0819934606552124,1.0819934606552124,0.0
2022-02-11,1.080100178718567,1.0814317464828491,1.0769363641738892,1.0803219079971311,1.0803219079971311,0.0
2022-02-14,1.0813733339309692,1.082461953163147,1.0787487030029297,1.0814083814620972,1.0814083814620972,0.0
2022-02-15,1.081654071807861,1.0837876796722412,1.078527569770813,1.081654071807861,1.081654071807861,0.0
2022-02-16,1.0805087089538574,1.0848339796066284,1.0798436403274536,1.0805671215057373,1.0805671215057373,0.0
2022-02-17,1.0849517583847046,1.0882576704025269,1.0836936235427856,1.0850694179534912,1.0850694179534912,0.0
2022-02-18,1.0871928930282593,1.0878432989120483,1.084975242614746,1.0874292850494385,1.0874292850494385,0.0
2022-02-21,1.0859578847885132,1.0930156707763672,1.0851283073425293,1.085894227027893,1.085894227027893,0.0
2022-02-22,1.0919772386550903,1.0926930904388428,1.0836936235427856,1.0920488834381104,1.0920488834381104,0.0
2022-02-23,1.0852224826812744,1.0907504558563232,1.084810495376587,1.0851165056228638,1.0851165056228638,0.0
2022-02-24,1.0898826122283936,1.090274691581726,1.0767507553100586,1.0900132656097412,1.0900132656097412,0.0
2022-02-25,1.080263614654541,1.0837758779525757,1.0773656368255615,1.080100178718567,1.080100178718567,0.0
2022-02-28,1.0789581537246704,1.0902034044265747,1.078027606010437,1.079217791557312,1.079217791557312,0.0
2022-03-01,1.089846968650818,1.0928961038589478,1.086708426475525,1.0899182558059692,1.0899182558059692,0.0
2022-03-02,1.0888501405715942,1.0909289121627808,1.0823330879211426,1.088660478591919,1.088660478591919,0.0
2022-03-03,1.0862599611282349,1.0893008708953855,1.0851283073425293,1.086342453956604,1.086342453956604,0.0
2022-03-04,1.089680790901184,1.0909050703048706,1.085835337638855,1.0894432067871094,1.0894432067871094,0.0
2022-03-07,1.0866612195968628,1.0876659154891968,1.0786556005477903,1.086767554283142,1.086767554283142,0.0
2022-03-08,1.0807305574417114,1.081209659576416,1.0747140645980835,1.0805553197860718,1.0805553197860718,0.0
2022-03-09,1.0758472681045532,1.080905795097351,1.0755001306533811,1.0757777690887451,1.0757777690887451,0.0
2022-03-10,1.0793192386627195,1.0805788040161133,1.074379324913025,1.079342484474182,1.079342484474182,0.0
2022-03-11,1.0760208368301392,1.0764586925506592,1.0711684226989746,1.07598614692688,1.07598614692688,0.0
2022-03-14,1.0697818994522097,1.0726275444030762,1.068090796470642,1.0697818994522097,1.0697818994522097,0.0
2022-03-15,1.065791368484497,1.0669511556625366,1.0618867874145508,1.065757155418396,1.065757155418396,0.0
2022-03-16,1.062902569770813,1.0649627447128296,1.0610079765319824,1.0629477500915527,1.0629477500915527,0.0
2022-03-17,1.0621123313903809,1.0695186853408811,1.0618867874145508,1.0620672702789309,1.0620672702789309,0.0
2022-03-18,1.068376064300537,1.071386456489563,1.0660299062728882,1.0683531761169434,1.0683531761169434,0.0
2022-03-21,1.0718573331832886,1.0759745836257937,1.0694386959075928,1.0718917846679688,1.0718917846679688,0.0
2022-03-22,1.0706866979599,1.0736525058746338,1.0666780471801758,1.0708013772964478,1.0708013772964478,0.0
2022-03-23,1.0714783668518066,1.073767900466919,1.068798542022705,1.071340560913086,1.071340560913086,0.0
2022-03-24,1.0744138956069946,1.0750722885131836,1.0704345703125,1.0744370222091677,1.0744370222091677,0.0
2022-03-25,1.075893521308899,1.0798319578170776,1.074310064315796,1.0758588314056396,1.0758588314056396,0.0
2022-03-27,1.073802471160889,1.0743446350097656,1.066086769104004,1.073802471160889,1.073802471160889,0.0
2022-03-28,1.07104229927063,1.0755001306533811,1.0668145418167114,1.07104229927063,1.07104229927063,0.0
2022-03-29,1.0739407539367676,1.0845516920089722,1.0738831758499146,1.0739407539367676,1.0739407539367676,0.0
2022-03-30,1.0834587812423706,1.0874292850494385,1.0801352262496948,1.0834587812423706,1.0834587812423706,0.0
2022-03-31,1.0832006931304932,1.0845280885696411,1.077783703804016,1.0832006931304932,1.0832006931304932,0.0
2022-04-03,1.0800302028656006,1.0816891193389893,1.0775513648986816,1.0800302028656006,1.0800302028656006,0.0
2022-04-04,1.0796804428100586,1.0822862386703491,1.0759745836257937,1.0796804428100586,1.0796804428100586,0.0
2022-04-05,1.0757315158843994,1.0758357048034668,1.0695873498916626,1.0757315158843994,1.0757315158843994,0.0
2022-04-06,1.071753978729248,1.073422074317932,1.069907784461975,1.071753978729248,1.071753978729248,0.0
2022-04-07,1.0701138973236084,1.0715816020965576,1.0669056177139282,1.0701138973236084,1.0701138973236084,0.0
2022-04-10,1.0703887939453125,1.074806571006775,1.0670992136001587,1.0703887939453125,1.0703887939453125,0.0
2022-04-11,1.073767900466919,1.0767507553100586,1.0702054500579834,1.073767900466919,1.073767900466919,0.0
2022-04-12,1.0722250938415527,1.0738831758499146,1.0689127445220947,1.0722250938415527,1.0722250938415527,0.0
2022-04-13,1.070835828781128,1.0725010633468628,1.060130596160889,1.070835828781128,1.070835828781128,0.0
2022-04-14,1.060546636581421,1.06251859664917,1.0591312646865845,1.060546636581421,1.060546636581421,0.0
2022-04-17,1.0611881017684937,1.0615711212158203,1.05840265750885,1.0611881017684937,1.0611881017684937,0.0
2022-04-18,1.0586491823196411,1.059827208518982,1.0529751777648926,1.0586491823196411,1.0586491823196411,0.0
2022-04-19,1.05035400390625,1.0573842525482178,1.0487127304077148,1.05035400390625,1.05035400390625,0.0
2022-04-20,1.0537407398223877,1.0570378303527832,1.0483938455581665,1.0537407398223877,1.0537407398223877,0.0
2022-04-21,1.0485477447509766,1.0495645999908447,1.0428072214126587,1.0485477447509766,1.0485477447509766,0.0
2022-04-24,1.046462893486023,1.0474494695663452,1.042035698890686,1.046462893486023,1.046462893486023,0.0
2022-04-25,1.043525457382202,1.0455876588821411,1.0404094457626345,1.043525457382202,1.043525457382202,0.0
2022-04-26,1.039252519607544,1.0400415658950806,1.0308853387832642,1.039252519607544,1.039252519607544,0.0
2022-04-27,1.0323432683944702,1.0327590703964231,1.0247896909713743,1.0323432683944702,1.0323432683944702,0.0
2022-04-28,1.0291242599487305,1.0338696241378784,1.0273374319076538,1.0291242599487305,1.0291242599487305,0.0
2022-05-01,1.0265148878097534,1.0293573141098022,1.0220768451690674,1.0265148878097534,1.0265148878097534,0.0
2022-05-02,1.0226621627807615,1.0287854671478271,1.0211479663848877,1.0226621627807615,1.0226621627807615,0.0
2022-05-03,1.0217009782791138,1.02228581905365,1.0163841247558594,1.0217009782791138,1.0217009782791138,0.0
2022-05-04,1.0275485515594482,1.029866099357605,1.0123711824417114,1.0275485515594482,1.0275485515594482,0.0
2022-05-05,1.0150223970413208,1.0175734758377075,1.011541724205017,1.0150223970413208,1.0150223970413208,0.0
2022-05-08,1.0107851028442385,1.0111019611358645,1.003572702407837,1.0107851028442385,1.0107851028442385,0.0
2022-05-09,1.007353663444519,1.0094178915023804,1.0025765895843506,1.007353663444519,1.007353663444519,0.0
2022-05-10,1.0043185949325562,1.0129454135894775,1.0037338733673096,1.0043185949325562,1.0043185949325562,0.0
2022-05-11,1.005570888519287,1.006795883178711,0.9995802044868468,1.005570888519287,1.005570888519287,0.0
2022-05-12,0.9969593286514282,1.000800609588623,0.9955300688743592,0.9969593286514282,0.9969593286514282,0.0
2022-05-15,0.99777489900589,0.9997400641441344,0.9937098026275636,0.99777489900589,0.99777489900589,0.0
2022-05-16,0.9982830286026,1.0083694458007812,0.99769526720047,0.9982830286026,0.9982830286026,0.0
2022-05-17,1.0062386989593506,1.0124224424362185,1.0016727447509766,1.0062386989593506,1.0062386989593506,0.0
2022-05-18,1.013027548789978,1.029834270477295,1.0127300024032593,1.013027548789978,1.013027548789978,0.0
2022-05-19,1.0286160707473757,1.0315020084381104,1.0248737335205078,1.0286160707473757,1.0286160707473757,0.0
2022-05-22,1.0256515741348269,1.0371291637420654,1.0257673263549805,1.0256515741348269,1.0256515741348269,0.0
2022-05-23,1.0352503061294556,1.0444191694259644,1.03419029712677,1.0352503061294556,1.0352503061294556,0.0
2022-05-24,1.0414496660232544,1.0414930582046509,1.037150740623474,1.0414496660232544,1.0414496660232544,0.0
2022-05-25,1.0400091409683228,1.0435471534729004,1.038184404373169,1.0400091409683228,1.0400091409683228,0.0
2022-05-26,1.04323148727417,1.0477787256240845,1.0414930582046509,1.04323148727417,1.04323148727417,0.0
2022-05-29,1.0440047979354858,1.046725869178772,1.041102647781372,1.0440047979354858,1.0440047979354858,0.0
2022-05-30,1.043590784072876,1.045117735862732,1.0397063493728638,1.043590784072876,1.043590784072876,0.0
2022-05-31,1.0421878099441528,1.0427855253219604,1.0355826616287231,1.0421878099441528,1.0421878099441528,0.0
2022-06-01,1.0383137464523315,1.0441683530807495,1.0378289222717283,1.0383137464523315,1.0383137464523315,0.0
2022-06-02,1.0444518327713013,1.046462893486023,1.037333607673645,1.0444518327713013,1.0444518327713013,0.0
2022-06-05,1.0392202138900757,1.0413411855697632,1.0316723585128784,1.0392202138900757,1.0392202138900757,0.0
2022-06-06,1.0295480489730835,1.0303436517715454,1.0226831436157229,1.0295480489730835,1.0295480489730835,0.0
2022-06-07,1.0272319316864014,1.0276013612747192,1.0216069221496582,1.0272319316864014,1.0272319316864014,0.0
2022-06-08,1.021617412567139,1.0282776355743408,1.02033531665802,1.021617412567139,1.021617412567139,0.0
2022-06-09,1.019991755485535,1.0239711999893188,1.0103459358215332,1.019991755485535,1.019991755485535,0.0
2022-06-12,1.01066255569458,1.0120433568954468,1.0023455619812012,1.01066255569458,1.01066255569458,0.0
2022-06-13,1.0033462047576904,1.0126582384109497,0.9973172545433044,1.0033462047576904,1.0033462047576904,0.0
2022-06-14,1.0005003213882446,1.00383460521698,0.9977052807807922,1.0005003213882446,1.0005003213882446,0.0
2022-06-15,1.0054091215133667,1.0349502563476562,1.0012415647506714,1.0054091215133667,1.0054091215133667,0.0
2022-06-16,1.0344042778015137,1.039511799812317,1.0277491807937622,1.0344042778015137,1.0344042778015137,0.0
2022-06-19,1.031395673751831,1.0391769409179688,1.0306090116500854,1.031395673751831,1.031395673751831,0.0
2022-06-20,1.0340192317962646,1.0381413698196411,1.0328657627105713,1.0340192317962646,1.0340192317962646,0.0
2022-06-21,1.035175323486328,1.0434927940368652,1.0320769548416138,1.035175323486328,1.035175323486328,0.0
2022-06-22,1.039771318435669,1.0447137355804443,1.0332820415496826,1.039771318435669,1.039771318435669,0.0
2022-06-23,1.0401930809020996,1.0502326488494873,1.0383676290512085,1.0401930809020996,1.0401930809020996,0.0
2022-06-26,1.0446155071258545,1.0478994846343994,1.039630651473999,1.0446155071258545,1.0446155071258545,0.0
2022-06-27,1.0458500385284424,1.0485917329788208,1.0432533025741575,1.0458500385284424,1.0458500385284424,0.0
2022-06-28,1.0452706813812256,1.0529086589813232,1.0441683530807495,1.0452706813812256,1.0452706813812256,0.0
2022-06-29,1.0480202436447144,1.0492078065872192,1.0412653684616089,1.0480202436447144,1.0480202436447144,0.0
2022-06-30,1.047021746635437,1.0475592613220217,1.0372475385665894,1.047021746635437,1.047021746635437,0.0
2022-07-03,1.0434056520462036,1.0446264743804932,1.039846897125244,1.0434056520462036,1.0434056520462036,0.0
2022-07-04,1.0407668352127075,1.0424375534057615,1.030651569366455,1.0407668352127075,1.0407668352127075,0.0
2022-07-05,1.032526612281799,1.0340192317962646,1.0266096591949463,1.032526612281799,1.032526612281799,0.0
2022-07-06,1.0307153463363647,1.0328657627105713,1.0267256498336792,1.0307153463363647,1.0307153463363647,0.0
2022-07-07,1.0269049406051636,1.0288065671920776,1.0207831859588623,1.0269049406051636,1.0269049406051636,0.0
2022-07-10,1.0227773189544678,1.0228818655014038,1.0160433053970337,1.0227773189544678,1.0227773189544678,0.0
2022-07-11,1.0175631046295166,1.019991755485535,1.0144251585006714,1.0175631046295166,1.0175631046295166,0.0
2022-07-12,1.0184648036956787,1.0247056484222412,1.0173767805099487,1.0184648036956787,1.0184648036956787,0.0
2022-07-13,1.019575834274292,1.0197526216506958,1.0118077993392944,1.019575834274292,1.019575834274292,0.0
2022-07-14,1.0172940492630005,1.023457646369934,1.0163943767547607,1.0172940492630005,1.0172940492630005,0.0
2022-07-17,1.0250102281570437,1.0276330709457395,1.0216904878616333,1.0250102281570437,1.0250102281570437,0.0
2022-07-18,1.0230178833007812,1.0357327461242676,1.0218888521194458,1.0230178833007812,1.0230178833007812,0.0
2022-07-19,1.0322047472000122,1.033484935760498,1.0279394388198853,1.0322047472000122,1.0322047472000122,0.0
2022-07-20,1.0293679237365725,1.0341368913650513,1.0268943309783936,1.0293679237365725,1.0293679237365725,0.0
2022-07-21,1.034982442855835,1.0417101383209229,1.0307577848434448,1.034982442855835,1.034982442855835,0.0
2022-07-24,1.038421630859375,1.0396090745925903,1.0352717638015747,1.038421630859375,1.038421630859375,0.0
2022-07-25,1.0370323657989502,1.0399442911148071,1.0345113277435305,1.0370323657989502,1.0370323657989502,0.0
2022-07-26,1.0392417907714844,1.0413411855697632,1.0356898307800293,1.0392417907714844,1.0392417907714844,0.0
2022-07-27,1.043634295463562,1.046233057975769,1.0384539365768433,1.043634295463562,1.043634295463562,0.0
2022-07-28,1.0477567911148071,1.0522992610931396,1.042535424232483,1.0477567911148071,1.0477567911148071,0.0
2022-07-31,1.0492409467697144,1.054741144180298,1.0495601892471311,1.0492409467697144,1.0492409467697144,0.0
2022-08-01,1.052520751953125,1.0559215545654297,1.0461344718933103,1.052520751953125,1.052520751953125,0.0
2022-08-02,1.0433186292648315,1.0479873418807983,1.036301612854004,1.0433186292648315,1.0433186292648315,0.0
2022-08-03,1.0403770208358765,1.0455876588821411,1.039252519607544,1.0403770208358765,1.0403770208358765,0.0
2022-08-04,1.0481301546096802,1.0485477447509766,1.03638756275177,1.0481301546096802,1.0481301546096802,0.0
2022-08-07,1.0392417907714844,1.0501112937927246,1.0379796028137207,1.0392417907714844,1.0392417907714844,0.0
2022-08-08,1.0472520589828491,1.051226258277893,1.04657244682312,1.0472520589828491,1.0472520589828491,0.0
2022-08-09,1.0480313301086426,1.0645092725753784,1.0477677583694458,1.0480313301086426,1.0480313301086426,0.0
2022-08-10,1.0612331628799438,1.0670194625854492,1.0587276220321655,1.0612331628799438,1.0612331628799438,0.0
2022-08-11,1.0623379945755005,1.0629477500915527,1.05840265750885,1.0623379945755005,1.0623379945755005,0.0
2022-08-14,1.0617965459823608,1.062925100326538,1.0564347505569458,1.0617965459823608,1.0617965459823608,0.0
2022-08-15,1.0571271181106567,1.0578652620315552,1.0511599779129028,1.0571271181106567,1.0571271181106567,0.0
2022-08-16,1.0530084371566772,1.0545408725738523,1.0479873418807983,1.0530084371566772,1.0530084371566772,0.0
2022-08-17,1.0511488914489746,1.0528643131256104,1.0473068952560425,1.0511488914489746,1.0511488914489746,0.0
2022-08-18,1.0453799962997437,1.0467915534973145,1.0420465469360352,1.0453799962997437,1.0453799962997437,0.0
2022-08-21,1.0429704189300537,1.0445064306259155,1.0357434749603271,1.0429704189300537,1.0429704189300537,0.0
2022-08-22,1.0369141101837158,1.041135311126709,1.0317788124084473,1.0369141101837158,1.0369141101837158,0.0
2022-08-23,1.036935567855835,1.0408318042755127,1.0323432683944702,1.036935567855835,1.036935567855835,0.0
2022-08-24,1.0347039699554443,1.040474534034729,1.0340726375579834,1.0347039699554443,1.0347039699554443,0.0
2022-08-25,1.0377211570739746,1.0436887741088867,1.0352824926376345,1.0377211570739746,1.0377211570739746,0.0
2022-08-28,1.0325244665145874,1.0351216793060305,1.0302904844284058,1.0325244665145874,1.0325244665145874,0.0
2022-08-29,1.033997893333435,1.0346611738204956,1.0244747400283811,1.033997893333435,1.033997893333435,0.0
2022-08-30,1.0267783403396606,1.0283833742141724,1.019794225692749,1.0267783403396606,1.0267783403396606,0.0
2022-08-31,1.021377444267273,1.0261883735656738,1.0147236585617063,1.021377444267273,1.021377444267273,0.0
2022-09-01,1.0190668106079102,1.021941065788269,1.0145280361175537,1.0190668106079102,1.0190668106079102,0.0
2022-09-04,1.0169318914413452,1.020762324333191,1.016621708869934,1.0169318914413452,1.0169318914413452,0.0
2022-09-05,1.0220768451690674,1.0241703987121582,1.0142605304718018,1.0220768451690674,1.0220768451690674,0.0
2022-09-06,1.0157233476638794,1.0203144550323486,1.013314962387085,1.0157233476638794,1.0157233476638794,0.0
2022-09-07,1.0235834121704102,1.029897928237915,1.022369384765625,1.0235834121704102,1.0235834121704102,0.0
2022-09-08,1.0323646068572998,1.0473507642745972,1.032268762588501,1.0323646068572998,1.0323646068572998,0.0
2022-09-11,1.0417535305023191,1.051535725593567,1.04086434841156,1.0417535305023191,1.0417535305023191,0.0
2022-09-12,1.049538254737854,1.0548522472381592,1.0383245944976809,1.049538254737854,1.049538254737854,0.0
2022-09-13,1.0413087606430054,1.0428507328033447,1.0387020111083984,1.0413087606430054,1.0413087606430054,0.0
2022-09-14,1.0396156311035156,1.04657244682312,1.0372583866119385,1.0396156311035156,1.0396156311035156,0.0
2022-09-15,1.039717197418213,1.0415689945220947,1.035947322845459,1.039717197418213,1.039717197418213,0.0
2022-09-18,1.038195252418518,1.0387344360351562,1.0314701795578003,1.038195252418518,1.038195252418518,0.0
2022-09-19,1.0372475385665894,1.038809895515442,1.03294038772583,1.0372475385665894,1.0372475385665894,0.0
2022-09-20,1.0376672744750977,1.0389610528945925,1.0331004858016968,1.0376672744750977,1.0376672744750977,0.0
2022-09-21,1.033121943473816,1.038885474205017,1.0157233476638794,1.033121943473816,1.033121943473816,0.0
2022-09-22,1.0249052047729492,1.0251363515853882,1.0171802043914795,1.0249052047729492,1.0249052047729492,0.0
2022-09-25,1.0179048776626587,1.01993989944458,1.007099986076355,1.0179048776626587,1.0179048776626587,0.0
2022-09-26,1.007932424545288,1.0151562690734863,1.0073131322860718,1.007932424545288,1.007932424545288,0.0
2022-09-27,1.0085525512695312,1.0251679420471191,1.004419445991516,1.0085525512695312,1.0085525512695312,0.0
2022-09-28,1.0228923559188845,1.0234366655349731,1.0146721601486206,1.0228923559188845,1.0228923559188845,0.0
2022-09-29,1.025714635848999,1.0267467498779297,1.015084147453308,1.025714635848999,1.025714635848999,0.0
2022-10-02,1.0145589113235474,1.0167664289474487,1.006907343864441,1.0145589113235474,1.0145589113235474,0.0
2022-10-03,1.0074957609176636,1.0209498405456543,1.0059552192687988,1.0074957609176636,1.0074957609176636,0.0
2022-10-04,1.0217739343643188,1.0220351219177246,1.0112961530685425,1.0217739343643188,1.0217739343643188,0.0
2022-10-05,1.019035577774048,1.022599458694458,1.008745789527893,1.019035577774048,1.019035577774048,0.0
2022-10-06,1.010131597518921,1.012248158454895,1.005105972290039,1.010131597518921,1.010131597518921,0.0
2022-10-09,1.005469799041748,1.00684654712677,0.9991806149482728,1.005469799041748,1.005469799041748,0.0
2022-10-10,1.0004903078079224,1.005995750427246,0.998013973236084,1.0004903078079224,1.0004903078079224,0.0
2022-10-11,1.0024057626724243,1.0067756175994873,0.9997100234031676,1.0024057626724243,1.0024057626724243,0.0
2022-10-12,1.0026168823242188,1.0037137269973757,0.9931570887565612,1.0026168823242188,1.0026168823242188,0.0
2022-10-13,0.998591959476471,1.003512263298035,0.9943125247955322,0.998591959476471,0.998591959476471,0.0
2022-10-16,0.996343433856964,1.0056315660476685,0.9956589937210084,0.996343433856964,0.996343433856964,0.0
2022-10-17,1.004520297050476,1.0080645084381104,1.0021445751190186,1.004520297050476,1.004520297050476,0.0
2022-10-18,1.0063601732254028,1.006745219230652,0.995411217212677,1.0063601732254028,1.0063601732254028,0.0
2022-10-19,0.9952130317687988,1.0004701614379885,0.9932458996772766,0.9952130317687988,0.9952130317687988,0.0
2022-10-20,0.996204435825348,1.00210440158844,0.9854838252067566,0.996204435825348,0.996204435825348,0.0
2022-10-23,1.002124547958374,1.0035022497177124,0.9969890713691713,1.002124547958374,1.002124547958374,0.0
2022-10-24,1.0006003379821775,1.0059046745300293,0.9969593286514282,1.0006003379821775,1.0006003379821775,0.0
2022-10-25,1.0053585767745972,1.0148162841796875,1.004006028175354,1.0053585767745972,1.0053585767745972,0.0
2022-10-26,1.0152181386947632,1.016115665435791,1.0077598094940186,1.0152181386947632,1.0152181386947632,0.0
2022-10-27,1.0096522569656372,1.0119510889053345,1.0021545886993408,1.0096522569656372,1.0096522569656372,0.0
2022-10-31,1.0036029815673828,1.004026174545288,0.99679034948349,1.0036029815673828,1.0036029815673828,0.0
2022-11-01,0.998591959476471,1.0085728168487549,0.998342752456665,0.998591959476471,0.998591959476471,0.0
2022-11-02,1.000300049781799,1.0056922435760498,0.9999099969863892,1.000300049781799,1.000300049781799,0.0
2022-11-03,0.9967306852340698,0.9994103908538818,0.985639214515686,0.9967306852340698,0.9967306852340698,0.0
2022-11-04,0.9867576956748962,1.0056922435760498,0.9866993427276612,0.9867576956748962,0.9867576956748962,0.0
2022-11-07,1.0032706260681152,1.0124942064285278,1.0024157762527466,1.0032706260681152,1.0032706260681152,0.0
2022-11-08,1.0112450122833252,1.0165907144546509,1.007556676864624,1.0112450122833252,1.0112450122833252,0.0
2022-11-09,1.0157955884933472,1.0199085474014282,1.0128531455993652,1.0157955884933472,1.0157955884933472,0.0
2022-11-10,1.0167768001556396,1.0348432064056396,1.0103765726089478,1.0167768001556396,1.0167768001556396,0.0
2022-11-11,1.0363661050796509,1.0586155652999878,1.0329937934875488,1.0363661050796509,1.0363661050796509,0.0
2022-11-14,1.0592659711837769,1.0615711212158203,1.054073929786682,1.0592659711837769,1.0592659711837769,0.0
2022-11-15,1.06022047996521,1.067862629890442,1.0574513673782349,1.06022047996521,1.06022047996521,0.0
2022-11-16,1.060546636581421,1.0653711557388306,1.0564124584197998,1.060546636581421,1.060546636581421,0.0
2022-11-17,1.0588958263397217,1.0600519180297852,1.0463863611221311,1.0588958263397217,1.0588958263397217,0.0
2022-11-18,1.0496704578399658,1.0527645349502563,1.0474823713302612,1.0496704578399658,1.0496704578399658,0.0
2022-11-21,1.048954725265503,1.0489766597747805,1.0420573949813845,1.048954725265503,1.048954725265503,0.0
2022-11-22,1.0433729887008667,1.0515689849853516,1.04312264919281,1.0433729887008667,1.0433729887008667,0.0
2022-11-23,1.051425218582153,1.061469793319702,1.0489877462387085,1.051425218582153,1.051425218582153,0.0
2022-11-24,1.0630381107330322,1.0654165744781494,1.058750033378601,1.0630381107330322,1.0630381107330322,0.0
2022-11-25,1.0600295066833496,1.0613007545471191,1.0526316165924072,1.0600295066833496,1.0600295066833496,0.0
2022-11-28,1.0555425882339478,1.06326425075531,1.0555649995803833,1.0555425882339478,1.0555425882339478,0.0
2022-11-29,1.0539740324020386,1.0570378303527832,1.0478335618972778,1.0539740324020386,1.0539740324020386,0.0
2022-11-30,1.047877550125122,1.0550860166549685,1.0476250648498535,1.047877550125122,1.047877550125122,0.0
2022-12-01,1.059456706047058,1.0672814846038818,1.0571048259735107,1.059456706047058,1.059456706047058,0.0
2022-12-02,1.0679311752319336,1.0720986127853394,1.0598160028457642,1.0679311752319336,1.0679311752319336,0.0
2022-12-05,1.067862629890442,1.071765422821045,1.0612106323242188,1.067862629890442,1.067862629890442,0.0
2022-12-06,1.0612331628799438,1.0659617185592651,1.057820439338684,1.0612331628799438,1.0612331628799438,0.0
2022-12-07,1.061537265777588,1.0678740739822388,1.0597598552703855,1.061537265777588,1.061537265777588,0.0
2022-12-08,1.0635242462158203,1.0701711177825928,1.0610755681991575,1.0635242462158203,1.0635242462158203,0.0
2022-12-09,1.0685359239578247,1.0739984512329102,1.06670081615448,1.0685359239578247,1.0685359239578247,0.0
2022-12-12,1.0695301294326782,1.0738831758499146,1.0674978494644165,1.0695301294326782,1.0695301294326782,0.0
2022-12-13,1.0686728954315186,1.0830012559890747,1.0667917728424072,1.0686728954315186,1.0686728954315186,0.0
2022-12-14,1.0764493942260742,1.0838934183120728,1.0757430791854858,1.0764493942260742,1.0764493942260742,0.0
2022-12-15,1.081841230392456,1.0827314853668213,1.074968338012695,1.081841230392456,1.081841230392456,0.0
2022-12-16,1.0780043601989746,1.0808240175247192,1.0712487697601318,1.0780043601989746,1.0780043601989746,0.0
2022-12-19,1.06999933719635,1.0770756006240845,1.0702078342437744,1.06999933719635,1.06999933719635,0.0
2022-12-20,1.0767391920089722,1.081911563873291,1.0745755434036257,1.0767391920089722,1.0767391920089722,0.0
2022-12-21,1.079692006111145,1.0822627544403076,1.076716065406799,1.079692006111145,1.079692006111145,0.0
2022-12-22,1.079563856124878,1.0837405920028689,1.0737563371658323,1.079563856124878,1.079563856124878,0.0
2022-12-23,1.074113845825195,1.0768088102340698,1.0705721378326416,1.074113845825195,1.074113845825195,0.0
2022-12-26,1.0719492435455322,1.0742292404174805,1.070778489112854,1.0719492435455322,1.0719492435455322,0.0
2022-12-27,1.0729498863220217,1.0788650512695312,1.0728577375411987,1.0729498863220217,1.0729498863220217,0.0
2022-12-28,1.0761945247650146,1.0815019607543943,1.0745755434036257,1.0761945247650146,1.0761945247650146,0.0
2022-12-29,1.077923059463501,1.0855523347854614,1.0767507553100586,1.077923059463501,1.077923059463501,0.0
2022-12-30,1.0835996866226196,1.086578607559204,1.0797853469848633,1.0835996866226196,1.0835996866226196,0.0
2023-01-02,1.0824854373931885,1.084481120109558,1.0801936388015747,1.0824854373931885,1.0824854373931885,0.0
2023-01-03,1.0822510719299316,1.0834119319915771,1.064056158065796,1.0822510719299316,1.0822510719299316,0.0
2023-01-04,1.0686043500900269,1.0803803205490112,1.0680338144302368,1.0686043500900269,1.0686043500900269,0.0
2023-01-05,1.0757430791854858,1.07991361618042,1.06654155254364,1.0757430791854858,1.0757430791854858,0.0
2023-01-06,1.0685701370239258,1.0763219594955444,1.0630720853805542,1.0685701370239258,1.0685701370239258,0.0
2023-01-09,1.0788999795913696,1.090869426727295,1.07767915725708,1.0788999795913696,1.0788999795913696,0.0
2023-01-10,1.0858588218688965,1.087559461593628,1.080905795097351,1.0858588218688965,1.0858588218688965,0.0
2023-01-11,1.084316372871399,1.0864014625549316,1.0735487937927246,1.084316372871399,1.084316372871399,0.0
2023-01-12,1.0742061138153076,1.079202651977539,1.0694957971572876,1.0742061138153076,1.0742061138153076,0.0
2023-01-13,1.078515887260437,1.0803920030593872,1.0733990669250488,1.078515887260437,1.078515887260437,0.0
2023-01-16,1.079074501991272,1.0849894285202026,1.0766812562942505,1.079074501991272,1.079074501991272,0.0
2023-01-17,1.0806254148483276,1.0883524417877195,1.0781670808792114,1.0806254148483276,1.0806254148483276,0.0
2023-01-18,1.0846928358078003,1.1004611253738403,1.0818763971328735,1.0846928358078003,1.0846928358078003,0.0
2023-01-19,1.091774582862854,1.0930156707763672,1.0883287191390991,1.091774582862854,1.091774582862854,0.0
2023-01-20,1.0922993421554563,1.0939123630523682,1.0829894542694092,1.0922993421554563,1.0922993421554563,0.0
2023-01-23,1.0870274305343628,1.0917030572891235,1.082403302192688,1.08708655834198,1.08708655834198,0.0
2023-01-24,1.0849870443344116,1.0878432989120483,1.07777202129364,1.0849870443344116,1.0849870443344116,0.0
2023-01-25,1.0842459201812744,1.0898826122283936,1.0818296670913696,1.0842459201812744,1.0842459201812744,0.0
2023-01-26,1.0905481576919556,1.0917030572891235,1.0840696096420288,1.0905481576919556,1.0905481576919556,0.0
2023-01-27,1.08672034740448,1.088020920753479,1.0823330879211426,1.08672034740448,1.08672034740448,0.0
2023-01-30,1.0859414339065552,1.089205980300903,1.082438588142395,1.0859414339065552,1.0859414339065552,0.0
2023-01-31,1.0807539224624634,1.091048002243042,1.076774001121521,1.0807539224624634,1.0807539224624634,0.0
2023-02-01,1.091405153274536,1.094570875167847,1.0902866125106812,1.091405153274536,1.091405153274536,0.0
2023-02-02,1.102219820022583,1.103691816329956,1.0948106050491333,1.102219820022583,1.102219820022583,0.0
2023-02-03,1.09505033493042,1.095710277557373,1.079097867012024,1.09505033493042,1.09505033493042,0.0
2023-02-06,1.0795289278030396,1.0836819410324097,1.0764610767364502,1.0795289278030396,1.0795289278030396,0.0
2023-02-07,1.0777372121810913,1.0837758779525757,1.0765305757522583,1.0777372121810913,1.0777372121810913,0.0
2023-02-08,1.0850105285644531,1.089680790901184,1.0842576026916504,1.0850105285644531,1.0850105285644531,0.0
2023-02-09,1.0858824253082275,1.091631531715393,1.0848222970962524,1.0858824253082275,1.0858824253082275,0.0
2023-02-10,1.0846292972564695,1.0870392322540283,1.081291437149048,1.0846292972564695,1.0846292972564695,0.0
2023-02-13,1.0824971199035645,1.0869210958480835,1.080100178718567,1.0824971199035645,1.0824971199035645,0.0
2023-02-14,1.088589429855347,1.0940320491790771,1.0831302404403689,1.088589429855347,1.088589429855347,0.0
2023-02-15,1.0851519107818604,1.0854227542877195,1.0796687602996826,1.0851519107818604,1.0851519107818604,0.0
2023-02-16,1.0830012559890747,1.0854227542877195,1.0786556005477903,1.0830012559890747,1.0830012559890747,0.0
2023-02-17,1.0793774127960205,1.0804853439331057,1.071684956550598,1.0793774127960205,1.0793774127960205,0.0
2023-02-20,1.0806721448898315,1.0845986604690552,1.0799602270126345,1.0806721448898315,1.0806721448898315,0.0
2023-02-21,1.0832123756408691,1.0834236145019531,1.0774468183517456,1.0832123756408691,1.0832123756408691,0.0
2023-02-22,1.0781670808792114,1.0807305574417114,1.0751532316207886,1.0781670808792114,1.0781670808792114,0.0
2023-02-23,1.0738370418548584,1.076658010482788,1.0700795650482178,1.0738370418548584,1.0738370418548584,0.0
2023-02-24,1.0710192918777466,1.0722709894180298,1.0636826753616333,1.0710192918777466,1.0710192918777466,0.0
2023-02-27,1.063795804977417,1.0701825618743896,1.060602784156799,1.063795804977417,1.063795804977417,0.0
2023-02-28,1.0688328742980957,1.0706638097763062,1.0650761127471924,1.0688328742980957,1.0688328742980957,0.0
2023-03-01,1.0617198944091797,1.069404363632202,1.0606478452682495,1.0617198944091797,1.0617198944091797,0.0
2023-03-02,1.0644299983978271,1.0646905899047852,1.0593669414520264,1.0644299983978271,1.0644299983978271,0.0
2023-03-03,1.0617176294326782,1.0673497915267944,1.061503529548645,1.0617176294326782,1.0617176294326782,0.0
2023-03-06,1.067463755607605,1.0744600296020508,1.0669739246368408,1.067463755607605,1.067463755607605,0.0
2023-03-07,1.0744715929031372,1.0769363641738892,1.0623153448104858,1.0744715929031372,1.0744715929031372,0.0
2023-03-08,1.061311960220337,1.065030813217163,1.0595465898513794,1.061311960220337,1.061311960220337,0.0
2023-03-09,1.062846064567566,1.0691757202148438,1.0621123313903809,1.062846064567566,1.062846064567566,0.0
2023-03-10,1.0719836950302124,1.089668869972229,1.0719722509384155,1.0719836950302124,1.0719836950302124,0.0
2023-03-13,1.0888501405715942,1.1023656129837036,1.086885690689087,1.0888501405715942,1.0888501405715942,0.0
2023-03-14,1.0959012508392334,1.0992151498794556,1.091309905052185,1.0959012508392334,1.0959012508392334,0.0
2023-03-15,1.0934937000274658,1.0961426496505735,1.0804035663604736,1.0934937000274658,1.0934937000274658,0.0
2023-03-16,1.0740792751312256,1.0832475423812866,1.0730304718017578,1.0740792751312256,1.0740792751312256,0.0
2023-03-17,1.0762293338775637,1.0820754766464231,1.0758357048034668,1.0762293338775637,1.0762293338775637,0.0
2023-03-20,1.0790512561798096,1.082040309906006,1.0740907192230225,1.0790512561798096,1.0790512561798096,0.0
2023-03-21,1.0761945247650146,1.0840461254119873,1.0733875036239624,1.0761945247650146,1.0761945247650146,0.0
2023-03-22,1.0852224826812744,1.086130142211914,1.0816657543182373,1.0852224826812744,1.0852224826812744,0.0
2023-03-23,1.0910836458206177,1.096214771270752,1.089858889579773,1.0910836458206177,1.0910836458206177,0.0
2023-03-24,1.091226577758789,1.0922993421554563,1.0851519107818604,1.091226577758789,1.091226577758789,0.0
2023-03-26,1.09051251411438,1.0921083688735962,1.087074637413025,1.087074637413025,1.087074637413025,0.0
2023-03-27,1.0928722620010376,1.094570875167847,1.0844576358795166,1.0928722620010376,1.0928722620010376,0.0
2023-03-28,1.0864840745925903,1.0909408330917358,1.084481120109558,1.0864840745925903,1.0864840745925903,0.0
2023-03-29,1.089205980300903,1.0956863164901731,1.0870037078857422,1.089205980300903,1.089205980300903,0.0
2023-03-30,1.094834566116333,1.0968159437179563,1.089680790901184,1.094834566116333,1.094834566116333,0.0
2023-04-02,1.0899064540863037,1.0967918634414673,1.0874884128570557,1.0899064540863037,1.0899064540863037,0.0
2023-04-03,1.0956382751464844,1.1028155088424685,1.0938166379928589,1.0956382751464844,1.0956382751464844,0.0
2023-04-04,1.1044842004776,1.1090285778045654,1.1037527322769165,1.1044842004776,1.1044842004776,0.0
2023-04-05,1.1033143997192385,1.1066844463348389,1.101976990699768,1.1033143997192385,1.1033143997192385,0.0
2023-04-06,1.105705499649048,1.107051968574524,1.1012609004974363,1.105705499649048,1.105705499649048,0.0
2023-04-09,1.105864405632019,1.1058276891708374,1.0965994596481323,1.105864405632019,1.105864405632019,0.0
2023-04-10,1.1003400087356567,1.107137680053711,1.100279450416565,1.1003400087356567,1.1003400087356567,0.0
2023-04-11,1.1075423955917358,1.118080496788025,1.106978416442871,1.1075423955917358,1.1075423955917358,0.0
2023-04-12,1.11635422706604,1.128668189048767,1.1143302917480469,1.11635422706604,1.11635422706604,0.0
2023-04-13,1.1248594522476196,1.127650022506714,1.11645770072937,1.1248594522476196,1.1248594522476196,0.0
2023-04-16,1.1175681352615356,1.120787262916565,1.1116422414779663,1.1175681352615356,1.1175681352615356,0.0
2023-04-17,1.1129536628723145,1.1168192625045776,1.112817406654358,1.1129536628723145,1.1129536628723145,0.0
2023-04-18,1.1161960363388062,1.116432785987854,1.110839605331421,1.1161960363388062,1.1161960363388062,0.0
2023-04-19,1.1139578819274902,1.1210134029388428,1.1133129596710205,1.1139578819274902,1.1139578819274902,0.0
2023-04-20,1.1206742525100708,1.1226242780685425,1.116994023323059,1.1206742525100708,1.1206742525100708,0.0
2023-04-23,1.1214534044265747,1.1259993314743042,1.1202096939086914,1.1214534044265747,1.1214534044265747,0.0
2023-04-24,1.1272813081741333,1.128795504570007,1.1203980445861816,1.1272813081741333,1.1272813081741333,0.0
2023-04-25,1.1213024854660034,1.129420280456543,1.1204482316970823,1.1213024854660034,1.1213024854660034,0.0
2023-04-26,1.1225738525390625,1.123342990875244,1.1142061948776243,1.1225738525390625,1.1225738525390625,0.0
2023-04-27,1.1187183856964111,1.1242270469665527,1.1143178939819336,1.1187183856964111,1.1187183856964111,0.0
2023-04-30,1.1175681352615356,1.1217050552368164,1.1153494119644165,1.1175681352615356,1.1175681352615356,0.0
2023-05-01,1.116233468055725,1.1199462413787842,1.1118029356002808,1.116233468055725,1.116233468055725,0.0
2023-05-02,1.1207621097564695,1.1282861232757568,1.1202723979949951,1.1207621097564695,1.1207621097564695,0.0
2023-05-03,1.1319644451141355,1.1337867975234983,1.124872088432312,1.1319644451141355,1.1319644451141355,0.0
2023-05-04,1.1296881437301636,1.1321182250976562,1.1153618097305298,1.1296881437301636,1.1296881437301636,0.0
2023-05-07,1.122120380401611,1.1275609731674194,1.1222211122512815,1.122120380401611,1.122120380401611,0.0
2023-05-08,1.123709201812744,1.125112533569336,1.1183805465698242,1.123709201812744,1.123709201812744,0.0
2023-05-09,1.1233935356140137,1.127650022506714,1.1202473640441897,1.1233935356140137,1.1233935356140137,0.0
2023-05-10,1.124492645263672,1.1254924535751345,1.116432785987854,1.124492645263672,1.124492645263672,0.0
2023-05-11,1.1185681819915771,1.1238480806350708,1.1142929792404177,1.1185681819915771,1.1185681819915771,0.0
2023-05-14,1.1131147146224976,1.117817997932434,1.112792730331421,1.1131147146224976,1.1131147146224976,0.0
2023-05-15,1.1167443990707395,1.121076226234436,1.114901781082153,1.1167443990707395,1.1167443990707395,0.0
2023-05-16,1.115635633468628,1.117468237876892,1.1082297563552856,1.115635633468628,1.115635633468628,0.0
2023-05-17,1.112666368484497,1.113833785057068,1.103460431098938,1.112666368484497,1.112666368484497,0.0
2023-05-18,1.1051311492919922,1.1140447854995728,1.103984236717224,1.1051311492919922,1.1051311492919922,0.0
2023-05-21,1.1133501529693604,1.1184931993484497,1.1115927696228027,1.1133501529693604,1.1133501529693604,0.0
2023-05-22,1.1132138967514038,1.114230990409851,1.107640504837036,1.1132138967514038,1.1132138967514038,0.0
2023-05-23,1.1094961166381836,1.1107407808303833,1.103850245475769,1.1094961166381836,1.1094961166381836,0.0
2023-05-24,1.1061947345733645,1.1065129041671753,1.1027425527572632,1.1061947345733645,1.1061947345733645,0.0
2023-05-25,1.1049113273620603,1.1087826490402222,1.102013349533081,1.1049113273620603,1.1049113273620603,0.0
2023-05-28,1.104130506515503,1.107714056968689,1.1036430597305298,1.104130506515503,1.104130506515503,0.0
2023-05-29,1.1056320667266846,1.1093976497650146,1.1008851528167725,1.1056320667266846,1.1056320667266846,0.0
2023-05-30,1.103996515274048,1.1043012142181396,1.0934937000274658,1.103996515274048,1.103996515274048,0.0
2023-05-31,1.0990339517593384,1.102657437324524,1.097285270690918,1.0990339517593384,1.0990339517593384,0.0
2023-06-01,1.1042524576187134,1.107051968574524,1.1003884077072144,1.1042524576187134,1.1042524576187134,0.0
2023-06-04,1.0992393493652344,1.1045695543289185,1.096731662750244,1.0992393493652344,1.0992393493652344,0.0
2023-06-05,1.1038745641708374,1.106855869293213,1.0992755889892578,1.1038745641708374,1.1038745641708374,0.0
2023-06-06,1.1023777723312378,1.10574209690094,1.0997470617294312,1.1023777723312378,1.1023777723312378,0.0
2023-06-07,1.0994569063186646,1.1113704442977903,1.098189115524292,1.0994569063186646,1.0994569063186646,0.0
2023-06-08,1.1127183437347412,1.113089919090271,1.1077508926391602,1.1127183437347412,1.1127183437347412,0.0
2023-06-11,1.107174515724182,1.1091639995574951,1.0988044738769531,1.107174515724182,1.107174515724182,0.0
2023-06-12,1.1009578704833984,1.1068804264068604,1.1002190113067627,1.1009578704833984,1.1009578704833984,0.0
2023-06-13,1.1046550273895264,1.115200161933899,1.1038624048233032,1.1046550273895264,1.1046550273895264,0.0
2023-06-14,1.11101233959198,1.1204482316970823,1.1043378114700315,1.11101233959198,1.11101233959198,0.0
2023-06-15,1.1215288639068604,1.1234692335128784,1.117830514907837,1.1215288639068604,1.1215288639068604,0.0
2023-06-18,1.11831796169281,1.1195701360702517,1.1143302917480469,1.11831796169281,1.11831796169281,0.0
2023-06-19,1.1163455247879028,1.1167320013046265,1.1110740900039673,1.1163455247879028,1.1163455247879028,0.0
2023-06-20,1.1139951944351196,1.1188185214996338,1.1115680932998655,1.1139951944351196,1.1139951944351196,0.0
2023-06-21,1.1206992864608765,1.122674584388733,1.1149141788482666,1.1206992864608765,1.1206992864608765,0.0
2023-06-22,1.117468237876892,1.117817997932434,1.1096808910369873,1.117468237876892,1.117468237876892,0.0
2023-06-25,1.1163455247879028,1.1218183040618896,1.1151753664016724,1.1163455247879028,1.1163455247879028,0.0
2023-06-26,1.116557478904724,1.1205737590789795,1.1148470640182495,1.116557478904724,1.116557478904724,0.0
2023-06-27,1.118881106376648,1.1198208332061768,1.1127803325653076,1.118881106376648,1.118881106376648,0.0
2023-06-28,1.1152499914169312,1.1181930303573608,1.1111481189727783,1.1152499914169312,1.1152499914169312,0.0
2023-06-29,1.1121737957000732,1.1191065311431885,1.109139323234558,1.1121737957000732,1.1121737957000732,0.0
2023-07-02,1.1173185110092163,1.1186933517456057,1.1107531785964966,1.1173185110092163,1.1173185110092163,0.0
2023-07-03,1.1163206100463867,1.117830514907837,1.1145166158676147,1.1163206100463867,1.1163206100463867,0.0
2023-07-04,1.1152747869491575,1.116071343421936,1.1119141578674316,1.1152747869491575,1.1152747869491575,0.0
2023-07-05,1.1129412651062012,1.1174432039260864,1.1115434169769287,1.1129412651062012,1.1129412651062012,0.0
2023-07-06,1.1169689893722534,1.1254924535751345,1.1148520708084106,1.1169689893722534,1.1169689893722534,0.0
2023-07-09,1.124985933303833,1.1278407573699951,1.1214659214019775,1.124985933303833,1.124985933303833,0.0
2023-07-10,1.1297775506973269,1.1357183456420898,1.129713773727417,1.1297775506973269,1.1297775506973269,0.0
2023-07-11,1.1379671096801758,1.154507756233215,1.1373976469039917,1.1379671096801758,1.1379671096801758,0.0
2023-07-12,1.153921604156494,1.1645103693008425,1.1534425020217896,1.153921604156494,1.153921604156494,0.0
2023-07-13,1.1639816761016846,1.1674060821533203,1.159057378768921,1.1639816761016846,1.1639816761016846,0.0
2023-07-16,1.1602274179458618,1.1657185554504397,1.1588425636291504,1.1602274179458618,1.1602274179458618,0.0
2023-07-17,1.1623176336288452,1.1678558588027954,1.161926031112671,1.1623176336288452,1.1623176336288452,0.0
2023-07-18,1.1659767627716064,1.1672561168670654,1.1611435413360596,1.1659767627716064,1.1659767627716064,0.0
2023-07-19,1.1655691862106323,1.1682379245758057,1.1530699729919434,1.1655691862106323,1.1655691862106323,0.0
2023-07-20,1.1543878316879272,1.1572332382202148,1.153203010559082,1.1543878316879272,1.1543878316879272,0.0
2023-07-23,1.154414415359497,1.157809495925903,1.1517021656036377,1.154414415359497,1.154414415359497,0.0
2023-07-24,1.1495707035064695,1.1573405265808103,1.1496235132217407,1.1495707035064695,1.1495707035064695,0.0
2023-07-25,1.1566978693008425,1.161440134048462,1.1553213596343994,1.1566978693008425,1.1566978693008425,0.0
2023-07-26,1.1607122421264648,1.169180393218994,1.1503905057907104,1.1607122421264648,1.1607122421264648,0.0
2023-07-27,1.1509466171264648,1.1545610427856443,1.1449507474899292,1.1509466171264648,1.1509466171264648,0.0
2023-07-30,1.1496632099151611,1.1539748907089231,1.1456197500228882,1.1496632099151611,1.1496632099151611,0.0
2023-07-31,1.147249460220337,1.1479737758636477,1.1392894983291626,1.147249460220337,1.147249460220337,0.0
2023-08-01,1.1462894678115845,1.1461317539215088,1.135731220245361,1.1462894678115845,1.1462894678115845,0.0
2023-08-02,1.139847993850708,1.1447935104370115,1.1366219520568848,1.139847993850708,1.139847993850708,0.0
2023-08-03,1.1438767910003662,1.1494120359420776,1.138757586479187,1.1438767910003662,1.1438767910003662,0.0
2023-08-06,1.1439684629440308,1.145081877708435,1.1399519443511963,1.1439684629440308,1.1439684629440308,0.0
2023-08-07,1.1458691358566284,1.1470520496368408,1.1386927366256714,1.1458691358566284,1.1458691358566284,0.0
2023-08-08,1.1420739889144895,1.145213007926941,1.1386798620224,1.1420739889144895,1.1420739889144895,0.0
2023-08-09,1.1406410932540894,1.150244951248169,1.1395102739334106,1.1406410932540894,1.1406410932540894,0.0
2023-08-10,1.1405240297317505,1.1449638605117798,1.1390559673309326,1.1405240297317505,1.1405240297317505,0.0
2023-08-13,1.1407451629638672,1.1422044038772583,1.132990479469299,1.1407451629638672,1.1407451629638672,0.0
2023-08-14,1.138978123664856,1.143458366394043,1.1372941732406616,1.138978123664856,1.138978123664856,0.0
2023-08-15,1.1381484270095823,1.1396141052246094,1.1349449157714844,1.1381484270095823,1.1381484270095823,0.0
2023-08-16,1.1361829042434692,1.141422152519226,1.1352155208587646,1.1361829042434692,1.1361829042434692,0.0
2023-08-17,1.1386408805847168,1.1399909257888794,1.1333242654800415,1.1386408805847168,1.1386408805847168,0.0
2023-08-20,1.1334398984909058,1.138057827949524,1.1328877210617063,1.1334398984909058,1.1334398984909058,0.0
2023-08-21,1.1383531093597412,1.1411616802215576,1.1352412700653076,1.1383531093597412,1.1383531093597412,0.0
2023-08-22,1.1366219520568848,1.1394842863082886,1.1343141794204712,1.1366219520568848,1.1366219520568848,0.0
2023-08-23,1.1397180557250977,1.1418131589889526,1.131567358970642,1.1397180557250977,1.1397180557250977,0.0
2023-08-24,1.1298158168792725,1.1332600116729736,1.1268240213394165,1.1298158168792725,1.1298158168792725,0.0
2023-08-27,1.1302883625030518,1.1339411735534668,1.1295478343963623,1.1302883625030518,1.1302883625030518,0.0
2023-08-28,1.131861925125122,1.1374752521514893,1.128846526145935,1.131861925125122,1.131861925125122,0.0
2023-08-29,1.1377081871032717,1.1434190273284912,1.1360150575637815,1.1377081871032717,1.1377081871032717,0.0
2023-08-30,1.1388094425201416,1.1401338577270508,1.1305310726165771,1.1388094425201416,1.1388094425201416,0.0
2023-08-31,1.1322463750839231,1.1367770433425903,1.128859281539917,1.1322463750839231,1.1322463750839231,0.0
2023-09-03,1.1295733451843262,1.1321951150894165,1.1293182373046875,1.1295733451843262,1.1295733451843262,0.0
2023-09-04,1.1302372217178345,1.1308379173278809,1.123317837715149,1.1302372217178345,1.1302372217178345,0.0
2023-09-05,1.1243661642074585,1.1260247230529783,1.1182680130004885,1.1243661642074585,1.1243661642074585,0.0
2023-09-06,1.1218812465667725,1.12271249294281,1.1186808347702026,1.1218812465667725,1.1218812465667725,0.0
2023-09-07,1.1202348470687866,1.1241259574890137,1.1196703910827637,1.1202348470687866,1.1202348470687866,0.0
2023-09-10,1.121076226234436,1.123974323272705,1.120862603187561,1.121076226234436,1.121076226234436,0.0
2023-09-11,1.1220699548721311,1.1234692335128784,1.1193069219589231,1.1220699548721311,1.1220699548721311,0.0
2023-09-12,1.121843338012695,1.1228384971618652,1.117643117904663,1.121843338012695,1.121843338012695,0.0
2023-09-13,1.1195701360702517,1.121956706047058,1.115138053894043,1.1195701360702517,1.1195701360702517,0.0
2023-09-14,1.1155734062194824,1.1179429292678833,1.1139330863952637,1.1155734062194824,1.1155734062194824,0.0
2023-09-17,1.114976406097412,1.1170687675476074,1.1133625507354736,1.114976406097412,1.114976406097412,0.0
2023-09-18,1.1145166158676147,1.1174432039260864,1.1132758855819702,1.1145166158676147,1.1145166158676147,0.0
2023-09-19,1.114441990852356,1.1186434030532837,1.113164305686951,1.114441990852356,1.114441990852356,0.0
2023-09-20,1.1120996475219729,1.112928867340088,1.1016126871109009,1.1120996475219729,1.1120996475219729,0.0
2023-09-21,1.1056197881698608,1.1059499979019165,1.102572321891785,1.1056197881698608,1.1056197881698608,0.0
2023-09-24,1.1024142503738403,1.1027790307998655,1.094822645187378,1.1024142503738403,1.1024142503738403,0.0
2023-09-25,1.0963950157165527,1.0969723463058472,1.0930395126342771,1.0963950157165527,1.0963950157165527,0.0
2023-09-26,1.0919891595840454,1.092418551445007,1.0870274305343628,1.0919891595840454,1.0919891595840454,0.0
2023-09-27,1.0859885215759275,1.0932307243347168,1.0851165056228638,1.0859885215759275,1.0859885215759275,0.0
2023-09-28,1.093182921409607,1.0999163389205933,1.0914766788482666,1.093182921409607,1.093182921409607,0.0
2023-10-01,1.0923231840133667,1.0976345539093018,1.0877013206481934,1.0923231840133667,1.0923231840133667,0.0
2023-10-02,1.0894432067871094,1.0892179012298584,1.0818880796432495,1.0894432067871094,1.0894432067871094,0.0
2023-10-03,1.0858116149902344,1.0935773849487305,1.0832475423812866,1.0858116149902344,1.0858116149902344,0.0
2023-10-04,1.0909764766693115,1.0950384140014648,1.0891348123550415,1.0909764766693115,1.0909764766693115,0.0
2023-10-05,1.0957822799682615,1.1021713018417358,1.089953899383545,1.0957822799682615,1.0957822799682615,0.0
2023-10-08,1.100473165512085,1.1036310195922852,1.0962508916854858,1.100473165512085,1.100473165512085,0.0
2023-10-09,1.1051677465438845,1.107174515724182,1.1009820699691772,1.1051677465438845,1.1051677465438845,0.0
2023-10-10,1.1055220365524292,1.1106297969818115,1.1046061515808103,1.1055220365524292,1.1055220365524292,0.0
2023-10-11,1.1098902225494385,1.112644076347351,1.1025844812393188,1.1098902225494385,1.1098902225494385,0.0
2023-10-12,1.101539969444275,1.1093361377716064,1.1008244752883911,1.101539969444275,1.101539969444275,0.0
2023-10-15,1.10804545879364,1.1103708744049072,1.1059499979019165,1.10804545879364,1.10804545879364,0.0
2023-10-16,1.1105310916900637,1.1127183437347412,1.107174515724182,1.1105310916900637,1.1105310916900637,0.0
2023-10-17,1.1109752655029297,1.1167196035385132,1.1101243495941162,1.1109752655029297,1.1109752655029297,0.0
2023-10-18,1.1128793954849243,1.1178804636001587,1.1109012365341189,1.1128793954849243,1.1128793954849243,0.0
2023-10-19,1.121340274810791,1.123141169548035,1.1193444728851318,1.121340274810791,1.121340274810791,0.0
2023-10-22,1.1195701360702517,1.1222084760665894,1.1167196035385132,1.1195701360702517,1.1195701360702517,0.0
2023-10-23,1.1228384971618652,1.1250745058059692,1.1175681352615356,1.1228384971618652,1.1228384971618652,0.0
2023-10-24,1.1197456121444702,1.1212018728256226,1.1155734062194824,1.1197456121444702,1.1197456121444702,0.0
2023-10-25,1.115200161933899,1.1155734062194824,1.111197590827942,1.115200161933899,1.115200161933899,0.0
2023-10-26,1.1125574111938477,1.1135857105255127,1.1069294214248655,1.1125574111938477,1.1125574111938477,0.0
2023-10-30,1.1081559658050537,1.1104941368103027,1.10527765750885,1.1081559658050537,1.1081559658050537,0.0
2023-10-31,1.1085737943649292,1.1100010871887207,1.0989010334014893,1.1085737943649292,1.1085737943649292,0.0
2023-11-01,1.0991426706314087,1.1023900508880615,1.0981045961380005,1.0991426706314087,1.0991426706314087,0.0
2023-11-02,1.1043012142181396,1.1092623472213743,1.1032291650772097,1.1043012142181396,1.1043012142181396,0.0
2023-11-03,1.1036310195922852,1.1139578819274902,1.1021713018417358,1.1036310195922852,1.1036310195922852,0.0
2023-11-06,1.1120872497558594,1.1169440746307373,1.111716389656067,1.1120872497558594,1.1120872497558594,0.0
2023-11-07,1.1120996475219729,1.1129660606384275,1.109139323234558,1.1120996475219729,1.1120996475219729,0.0
2023-11-08,1.1111481189727783,1.1142061948776243,1.1081929206848145,1.1111481189727783,1.1111481189727783,0.0
2023-11-09,1.1122480630874634,1.1128422021865845,1.109311580657959,1.1122480630874634,1.1122480630874634,0.0
2023-11-10,1.1072357892990112,1.110987663269043,1.1056076288223269,1.1072357892990112,1.1072357892990112,0.0
2023-11-13,1.108672022819519,1.1102476119995115,1.1047770977020264,1.108672022819519,1.108672022819519,0.0
2023-11-14,1.1096316576004028,1.123342990875244,1.107898235321045,1.1096316576004028,1.1096316576004028,0.0
2023-11-15,1.1247328519821167,1.128668189048767,1.1232799291610718,1.1247328519821167,1.1247328519821167,0.0
2023-11-16,1.1272940635681152,1.1295605897903442,1.1236965656280518,1.1272940635681152,1.1272940635681152,0.0
2023-11-17,1.125517725944519,1.128668189048767,1.1244040727615356,1.125517725944519,1.125517725944519,0.0
2023-11-20,1.128757357597351,1.1334012746810913,1.1280583143234253,1.128757357597351,1.128757357597351,0.0
2023-11-21,1.1307612657546997,1.1339154243469238,1.1305694580078125,1.1307612657546997,1.1307612657546997,0.0
2023-11-22,1.1322720050811768,1.1337867975234983,1.1268621683120728,1.1322720050811768,1.1322720050811768,0.0
2023-11-23,1.131183385848999,1.1341726779937744,1.130160570144653,1.131183385848999,1.131183385848999,0.0
2023-11-24,1.1306205987930298,1.1348934173583984,1.1301862001419067,1.1306205987930298,1.1306205987930298,0.0
2023-11-27,1.1334655284881592,1.137268304824829,1.1327837705612185,1.1334655284881592,1.1334655284881592,0.0
2023-11-28,1.1363636255264282,1.141422152519226,1.1340183019638062,1.1363636255264282,1.1363636255264282,0.0
2023-11-29,1.140380859375,1.145213007926941,1.1386150121688845,1.140380859375,1.140380859375,0.0
2023-11-30,1.145055651664734,1.150827407836914,1.140224814414978,1.145055651664734,1.145055651664734,0.0
2023-12-01,1.1433013677597046,1.1499539613723757,1.1405889987945557,1.1433013677597046,1.1433013677597046,0.0
2023-12-04,1.1522728204727173,1.1527338027954102,1.142361044883728,1.1522728204727173,1.1522728204727173,0.0
2023-12-05,1.1461186408996582,1.1478420495986938,1.1409013271331787,1.1461186408996582,1.1461186408996582,0.0
2023-12-06,1.1429407596588137,1.145737886428833,1.1418262720108032,1.1429407596588137,1.1429407596588137,0.0
2023-12-07,1.1433275938034058,1.1458691358566284,1.1388872861862185,1.1433275938034058,1.1433275938034058,0.0
2023-12-08,1.1422827243804932,1.1440469026565552,1.134854793548584,1.1422827243804932,1.1422827243804932,0.0
2023-12-11,1.1368545293807983,1.1383427381515503,1.134507179260254,1.1368545293807983,1.1368545293807983,0.0
2023-12-12,1.1388224363327026,1.1457115411758425,1.1384464502334597,1.1388224363327026,1.1388224363327026,0.0
2023-12-13,1.1426873207092283,1.143118381500244,1.139250636100769,1.1426873207092283,1.1426873207092283,0.0
2023-12-14,1.1481451988220217,1.1588828563690186,1.1456066370010376,1.1481451988220217,1.1481451988220217,0.0
2023-12-15,1.153229594230652,1.156203031539917,1.149716019630432,1.153229594230652,1.153229594230652,0.0
2023-12-18,1.1486172676086426,1.1538417339324951,1.1481056213378906,1.1486172676086426,1.1486172676086426,0.0
2023-12-19,1.1532561779022217,1.1637378931045532,1.1526845693588257,1.1532561779022217,1.1532561779022217,0.0
2023-12-20,1.1623852252960205,1.1626555919647217,1.1561496257781982,1.1623852252960205,1.1623852252960205,0.0
2023-12-21,1.1594740152359009,1.1678149700164795,1.1584935188293457,1.1594740152359009,1.1594740152359009,0.0
2023-12-22,1.1678558588027954,1.1743428707122805,1.166439175605774,1.1678558588027954,1.1678558588027954,0.0
2023-12-25,1.169494867324829,1.170238018035889,1.1653653383255005,1.169494867324829,1.169494867324829,0.0
2023-12-26,1.1685792207717896,1.170905351638794,1.1655826568603516,1.1685792207717896,1.1685792207717896,0.0
2023-12-27,1.1715363264083862,1.188806176185608,1.1700011491775513,1.1715363264083862,1.1715363264083862,0.0
2023-12-28,1.187183141708374,1.2004802227020264,1.1869436502456665,1.187183141708374,1.187183141708374,0.0
2023-12-29,1.185733199119568,1.1963152885437012,1.185494303703308,1.185733199119568,1.185733199119568,0.0
2024-01-01,1.1894015073776243,1.1894015073776243,1.1877895593643188,1.1894015073776243,1.1894015073776243,0.0
2024-01-02,1.1878036260604858,1.188085913658142,1.1762491464614868,1.1878036260604858,1.1878036260604858,0.0
2024-01-03,1.1763044595718384,1.178272724151611,1.1690436601638794,1.1763044595718384,1.1763044595718384,0.0
2024-01-04,1.177994966506958,1.1796486377716064,1.1725391149520874,1.177994966506958,1.177994966506958,0.0
2024-01-05,1.1764705181121826,1.182592272758484,1.1670244932174685,1.1764705181121826,1.1764705181121826,0.0
2024-01-08,1.1754610538482666,1.1823126077651978,1.1735711097717283,1.1754610538482666,1.1754610538482666,0.0
2024-01-09,1.1793843507766724,1.181376814842224,1.1723741292953491,1.1793843507766724,1.1793843507766724,0.0
2024-01-10,1.1731994152069092,1.1755025386810305,1.1717286109924316,1.1731994152069092,1.1731994152069092,0.0
2024-01-11,1.1757789850234983,1.178133845329285,1.1678286790847778,1.1757789850234983,1.1757789850234983,0.0
2024-01-12,1.175074338912964,1.177939534187317,1.1697137355804443,1.175074338912964,1.175074338912964,0.0
2024-01-15,1.1718933582305908,1.17205810546875,1.1688387393951416,1.1718933582305908,1.1718933582305908,0.0
2024-01-16,1.168251633644104,1.1684017181396484,1.1608604192733765,1.168251633644104,1.168251633644104,0.0
2024-01-17,1.161035656929016,1.1619800329208374,1.151463508605957,1.161035656929016,1.161035656929016,0.0
2024-01-18,1.1569762229919434,1.1586142778396606,1.150814175605774,1.1569762229919434,1.1569762229919434,0.0
2024-01-19,1.1519675254821775,1.152737736701965,1.1491082906723022,1.1519675254821775,1.1519675254821775,0.0
2024-01-22,1.1514369249343872,1.154068112373352,1.149504542350769,1.1514369249343872,1.1514369249343872,0.0
2024-01-23,1.150589108467102,1.1560693979263306,1.1458691358566284,1.150589108467102,1.150589108467102,0.0
2024-01-24,1.1499539613723757,1.1618449687957764,1.1495970487594604,1.1499539613723757,1.1499539613723757,0.0
2024-01-25,1.158721685409546,1.159151554107666,1.151596188545227,1.158721685409546,1.158721685409546,0.0
2024-01-26,1.1535356044769287,1.1606314182281494,1.1514900922775269,1.1535356044769287,1.1535356044769287,0.0
2024-01-29,1.1572198867797852,1.1621150970458984,1.156243085861206,1.1572198867797852,1.1572198867797852,0.0
2024-01-30,1.1610087156295776,1.1616425514221191,1.1570725440979004,1.1610087156295776,1.1610087156295776,0.0
2024-01-31,1.1602813005447388,1.1690573692321775,1.1571261882781982,1.1602813005447388,1.1602813005447388,0.0
2024-02-01,1.1596354246139526,1.1663848161697388,1.156176209449768,1.1596354246139526,1.1596354246139526,0.0
2024-02-02,1.1660175323486328,1.1694538593292236,1.1523923873901367,1.1660175323486328,1.1660175323486328,0.0
2024-02-05,1.15342915058136,1.153588891029358,1.147091507911682,1.15342915058136,1.15342915058136,0.0
2024-02-06,1.14850115776062,1.1508804559707642,1.144282579421997,1.14850115776062,1.14850115776062,0.0
2024-02-07,1.1500862836837769,1.151012897491455,1.1448982954025269,1.1500862836837769,1.1500862836837769,0.0
2024-02-08,1.144282579421997,1.1465259790420532,1.1415655612945557,1.144282579421997,1.144282579421997,0.0
2024-02-09,1.1448853015899658,1.1454753875732422,1.1413179636001587,1.1448853015899658,1.1448853015899658,0.0
2024-02-12,1.1439553499221802,1.1459217071533203,1.139964938163757,1.1439553499221802,1.1439553499221802,0.0
2024-02-13,1.1418131589889526,1.1423871517181396,1.1267224550247192,1.1418131589889526,1.1418131589889526,0.0
2024-02-14,1.1268748044967651,1.1300712823867798,1.125517725944519,1.1268748044967651,1.1268748044967651,0.0
2024-02-15,1.1298158168792725,1.1388224363327026,1.1290122270584106,1.1298158168792725,1.1298158168792725,0.0
2024-02-16,1.1366219520568848,1.1368803977966309,1.1315544843673706,1.1366219520568848,1.1366219520568848,0.0
2024-02-19,1.1354604959487915,1.1370097398757937,1.1336840391159058,1.135524868965149,1.135524868965149,0.0
2024-02-20,1.1328274011611938,1.1383039951324463,1.1315289735794067,1.1328274011611938,1.1328274011611938,0.0
2024-02-21,1.1340311765670776,1.1373976469039917,1.1338125467300415,1.1340311765670776,1.1340311765670776,0.0
2024-02-22,1.1373329162597656,1.1436413526535034,1.1337226629257202,1.1373329162597656,1.1373329162597656,0.0
2024-02-23,1.1364282369613647,1.138952136039734,1.1339668035507202,1.1364282369613647,1.1364282369613647,0.0
2024-02-26,1.134751796722412,1.1381744146347046,1.133594036102295,1.134751796722412,1.134751796722412,0.0
2024-02-27,1.1364928483963013,1.1383427381515503,1.1351382732391355,1.1364928483963013,1.1364928483963013,0.0
2024-02-28,1.1379153728485107,1.1384334564208984,1.1343655586242676,1.1379153728485107,1.1379153728485107,0.0
2024-02-29,1.1380319595336914,1.139211654663086,1.131874680519104,1.1380319595336914,1.1380319595336914,0.0
2024-03-01,1.1307101249694824,1.1314777135849,1.1246190071105957,1.1307101249694824,1.1307101249694824,0.0
2024-03-04,1.1320669651031494,1.1357183456420898,1.1282607316970823,1.1320669651031494,1.1320669651031494,0.0
2024-03-05,1.1296881437301636,1.1332728862762451,1.1279425621032717,1.1296881437301636,1.1296881437301636,0.0
2024-03-06,1.1317594051361084,1.135589361190796,1.1292927265167236,1.1317594051361084,1.1317594051361084,0.0
2024-03-07,1.1336582899093628,1.1398608684539795,1.1334398984909058,1.1336582899093628,1.1336582899093628,0.0
2024-03-08,1.1401208639144895,1.145370364189148,1.1393544673919678,1.1401208639144895,1.1401208639144895,0.0
2024-03-11,1.1395881175994873,1.1424654722213743,1.1371389627456665,1.1395881175994873,1.1395881175994873,0.0
2024-03-12,1.139925837516785,1.1429225206375122,1.1371259689331057,1.139925837516785,1.139925837516785,0.0
2024-03-13,1.1397439241409302,1.1409013271331787,1.137889385223389,1.1397439241409302,1.1397439241409302,0.0
2024-03-14,1.1384594440460205,1.1388224363327026,1.1316570043563845,1.1384594440460205,1.1384594440460205,0.0
2024-03-15,1.1308763027191162,1.1341726779937744,1.1296881437301636,1.1308763027191162,1.1308763027191162,0.0
2024-03-18,1.1317466497421265,1.1336582899093628,1.1281588077545166,1.1317466497421265,1.1317466497421265,0.0
2024-03-19,1.1267478466033936,1.1279042959213257,1.1238354444503784,1.1267478466033936,1.1267478466033936,0.0
2024-03-20,1.1254416704177856,1.1257457733154297,1.121340274810791,1.1254416704177856,1.1254416704177856,0.0
2024-03-21,1.129241704940796,1.1313496828079224,1.112050175666809,1.129241704940796,1.129241704940796,0.0
2024-03-22,1.1139826774597168,1.114951491355896,1.1087703704833984,1.1139826774597168,1.1139826774597168,0.0
2024-03-25,1.114057183265686,1.1150758266448977,1.1128422021865845,1.114057183265686,1.114057183265686,0.0
2024-03-26,1.1117658615112305,1.1125946044921875,1.1058155298233032,1.1117658615112305,1.1117658615112305,0.0
2024-03-27,1.1066231727600098,1.107174515724182,1.1023900508880615,1.1066231727600098,1.1066231727600098,0.0
2024-03-28,1.1043622493743896,1.1104449033737185,1.1032170057296753,1.1043622493743896,1.1043622493743896,0.0
2024-03-29,1.10979163646698,1.1107778549194336,1.1077386140823364,1.10979163646698,1.10979163646698,0.0
2024-03-31,1.1086474657058716,1.1106175184249878,1.104264736175537,1.1086474657058716,1.1086474657058716,0.0
2024-04-01,1.1048868894577026,1.1050944328308103,1.1001826524734497,1.1048868894577026,1.1048868894577026,0.0
2024-04-02,1.101539969444275,1.107174515724182,1.099541425704956,1.101539969444275,1.101539969444275,0.0
2024-04-03,1.10755455493927,1.108033299446106,1.1019890308380127,1.10755455493927,1.10755455493927,0.0
2024-04-04,1.1092500686645508,1.1114816665649414,1.1028155088424685,1.1092500686645508,1.1092500686645508,0.0
2024-04-07,1.1072112321853638,1.1082788705825806,1.1033265590667725,1.1072112321853638,1.1072112321853638,0.0
2024-04-08,1.1049602031707764,1.1096316576004028,1.104264736175537,1.1049602031707764,1.1049602031707764,0.0
2024-04-09,1.107444167137146,1.1077877283096311,1.0951943397521973,1.107444167137146,1.107444167137146,0.0
2024-04-10,1.095242261886597,1.1018555164337158,1.093398094177246,1.095242261886597,1.095242261886597,0.0
2024-04-11,1.0991064310073853,1.09966242313385,1.094546914100647,1.0991064310073853,1.0991064310073853,0.0
2024-04-14,1.094367265701294,1.0963709354400637,1.0927528142929075,1.094367265701294,1.094367265701294,0.0
2024-04-15,1.0969723463058472,1.0974177122116089,1.0939842462539673,1.0969723463058472,1.0969723463058472,0.0
2024-04-16,1.0958184003829956,1.0996261835098269,1.0950863361358645,1.0958184003829956,1.0958184003829956,0.0
2024-04-17,1.098418354988098,1.1014429330825806,1.0963349342346191,1.098418354988098,1.098418354988098,0.0
2024-04-18,1.0963709354400637,1.108856439590454,1.095710277557373,1.0963709354400637,1.0963709354400637,0.0
2024-04-21,1.0974539518356323,1.0991426706314087,1.096118688583374,1.0977152585983276,1.0977152585983276,0.0
2024-04-22,1.0966235399246216,1.1008366346359253,1.0953621864318848,1.0966235399246216,1.0966235399246216,0.0
2024-04-23,1.0972130298614502,1.0975743532180786,1.0926930904388428,1.0972130298614502,1.0972130298614502,0.0
2024-04-24,1.0935654640197754,1.0963709354400637,1.092144250869751,1.0935654640197754,1.0935654640197754,0.0
2024-04-25,1.0958664417266846,1.0992635488510132,1.0929797887802124,1.0958664417266846,1.0958664417266846,0.0
2024-04-28,1.0944654941558838,1.0995051860809326,1.0936850309371948,1.0944654941558838,1.0944654941558838,0.0
2024-04-29,1.0980323553085327,1.098418354988098,1.0895975828170776,1.0980323553085327,1.0980323553085327,0.0
2024-04-30,1.087559461593628,1.0884946584701538,1.084304690361023,1.087559461593628,1.087559461593628,0.0
2024-05-01,1.0912741422653198,1.0981770753860474,1.090179681777954,1.0912741422653198,1.0912741422653198,0.0
2024-05-02,1.099178910255432,1.110185980796814,1.0983821153640747,1.099178910255432,1.099178910255432,0.0
2024-05-05,1.1038258075714111,1.1069294214248655,1.1034361124038696,1.1038258075714111,1.1038258075714111,0.0
2024-05-06,1.1029006242752075,1.1042402982711792,1.1006306409835815,1.1029006242752075,1.1029006242752075,0.0
2024-05-07,1.1007397174835205,1.102292776107788,1.0995051860809326,1.1007397174835205,1.1007397174835205,0.0
2024-05-08,1.101333737373352,1.1037405729293823,1.099130630493164,1.101333737373352,1.101333737373352,0.0
2024-05-09,1.103935480117798,1.1043622493743896,1.1008366346359253,1.103935480117798,1.103935480117798,0.0
2024-05-12,1.1032048463821411,1.1055831909179688,1.1017826795578003,1.1032048463821411,1.1032048463821411,0.0
2024-05-13,1.1014429330825806,1.1043622493743896,1.0996744632720947,1.1014429330825806,1.1014429330825806,0.0
2024-05-14,1.1029006242752075,1.1088441610336304,1.102572321891785,1.1029006242752075,1.1029006242752075,0.0
2024-05-15,1.110457181930542,1.1125574111938477,1.104167103767395,1.110457181930542,1.110457181930542,0.0
2024-05-16,1.103764891624451,1.1037527322769165,1.099203109741211,1.103764891624451,1.103764891624451,0.0
2024-05-19,1.100473165512085,1.1015641689300537,1.0979238748550415,1.100473165512085,1.100473165512085,0.0
2024-05-20,1.098756194114685,1.100715398788452,1.097044587135315,1.098756194114685,1.098756194114685,0.0
2024-05-21,1.0975021123886108,1.0981770753860474,1.0920368432998655,1.0975021123886108,1.0975021123886108,0.0
2024-05-22,1.0928961038589478,1.0958904027938845,1.0925499200820925,1.0928961038589478,1.0928961038589478,0.0
2024-05-23,1.0936970710754397,1.094570875167847,1.0921083688735962,1.0936970710754397,1.0936970710754397,0.0
2024-05-26,1.0936132669448853,1.0952903032302856,1.0925618410110474,1.0936132669448853,1.0936132669448853,0.0
2024-05-27,1.09505033493042,1.1008366346359253,1.09505033493042,1.09505033493042,1.09505033493042,0.0
2024-05-28,1.0961426496505735,1.0976948738098145,1.0938645601272583,1.0961426496505735,1.0961426496505735,0.0
2024-05-29,1.0955302715301514,1.107174515724182,1.0940080881118774,1.0955302715301514,1.0955302715301514,0.0
2024-05-30,1.1070396900177002,1.110864281654358,1.1027911901474,1.1070396900177002,1.1070396900177002,0.0
2024-06-02,1.10948383808136,1.1175681352615356,1.1068068742752075,1.10948383808136,1.10948383808136,0.0
2024-06-03,1.1172934770584106,1.124353528022766,1.1149141788482666,1.1172934770584106,1.1172934770584106,0.0
2024-06-04,1.1236586570739746,1.1236839294433594,1.1175432205200195,1.1236586570739746,1.1236586570739746,0.0
2024-06-05,1.1204482316970823,1.1234692335128784,1.119758129119873,1.1204482316970823,1.1204482316970823,0.0
2024-06-06,1.1239490509033203,1.1259993314743042,1.1145787239074707,1.1239490509033203,1.1239490509033203,0.0
2024-06-09,1.115946888923645,1.1169440746307373,1.1132758855819702,1.115946888923645,1.115946888923645,0.0
2024-06-10,1.1153494119644165,1.1164453029632568,1.1120749711990356,1.1153494119644165,1.1153494119644165,0.0
2024-06-11,1.1138585805892944,1.1241133213043213,1.1132138967514038,1.1138585805892944,1.1138585805892944,0.0
2024-06-12,1.1182429790496826,1.1195701360702517,1.1152499914169312,1.1182429790496826,1.1182429790496826,0.0
2024-06-13,1.118655800819397,1.123822808265686,1.117643117904663,1.118655800819397,1.118655800819397,0.0
2024-06-16,1.122674584388733,1.1234692335128784,1.1195701360702517,1.122674584388733,1.122674584388733,0.0
2024-06-17,1.1257457733154297,1.1328877210617063,1.123709201812744,1.1257457733154297,1.1257457733154297,0.0
2024-06-18,1.1309914588928225,1.1321182250976562,1.1294457912445068,1.1309914588928225,1.1309914588928225,0.0
2024-06-19,1.1308379173278809,1.13237464427948,1.1203854084014893,1.1308379173278809,1.1308379173278809,0.0
2024-06-20,1.1217175722122192,1.1232168674468994,1.118105411529541,1.1217175722122192,1.1217175722122192,0.0
2024-06-23,1.1184431314468384,1.120824933052063,1.1180930137634275,1.1184431314468384,1.1184431314468384,0.0
2024-06-24,1.1195825338363647,1.1223344802856443,1.1176930665969849,1.1195825338363647,1.1195825338363647,0.0
2024-06-25,1.1170687675476074,1.117895483970642,1.113250970840454,1.1170687675476074,1.1170687675476074,0.0
2024-06-26,1.115200161933899,1.1165698766708374,1.1134741306304932,1.115200161933899,1.115200161933899,0.0
2024-06-27,1.1129412651062012,1.1136724948883057,1.1099765300750732,1.1129412651062012,1.1129412651062012,0.0
2024-06-30,1.110864281654358,1.113089919090271,1.105717658996582,1.110864281654358,1.110864281654358,0.0
2024-07-01,1.1072235107421875,1.1076650619506836,1.1050944328308103,1.1072235107421875,1.1072235107421875,0.0
2024-07-02,1.1065741777420044,1.113089919090271,1.1049479246139526,1.1065741777420044,1.1065741777420044,0.0
2024-07-03,1.110173583030701,1.1122233867645264,1.1063660383224487,1.110173583030701,1.110173583030701,0.0
2024-07-04,1.1108025312423706,1.1150758266448977,1.1107038259506226,1.1108025312423706,1.1108025312423706,0.0
2024-07-07,1.1170313358306885,1.11831796169281,1.1145166158676147,1.1170313358306885,1.1170313358306885,0.0
2024-07-08,1.1138213872909546,1.115200161933899,1.1123470067977903,1.1138213872909546,1.1138213872909546,0.0
2024-07-09,1.1143302917480469,1.1156978607177734,1.1115556955337524,1.1143302917480469,1.1143302917480469,0.0
2024-07-10,1.1120996475219729,1.1215791702270508,1.1114816665649414,1.1120996475219729,1.1120996475219729,0.0
2024-07-11,1.1160340309143066,1.1194196939468384,1.1149141788482666,1.1160340309143066,1.1160340309143066,0.0
2024-07-14,1.1149640083312988,1.1196954250335691,1.1147029399871826,1.1149640083312988,1.1149640083312988,0.0
2024-07-15,1.1167320013046265,1.1181930303573608,1.1139702796936035,1.1167320013046265,1.1167320013046265,0.0
2024-07-16,1.1195449829101562,1.131861925125122,1.1180305480957031,1.1195449829101562,1.1195449829101562,0.0
2024-07-17,1.1333370208740234,1.133735418319702,1.1289485692977903,1.1333370208740234,1.1333370208740234,0.0
2024-07-18,1.1270145177841189,1.12696373462677,1.1236839294433594,1.1270145177841189,1.1270145177841189,0.0
2024-07-21,1.1261134147644043,1.1273956298828125,1.123368263244629,1.1261134147644043,1.1261134147644043,0.0
2024-07-22,1.1242270469665527,1.1252391338348389,1.1206114292144775,1.1242270469665527,1.1242270469665527,0.0
2024-07-23,1.1216797828674316,1.132502794265747,1.120938062667847,1.1216797828674316,1.1216797828674316,0.0
2024-07-24,1.1299179792404177,1.1396011114120483,1.1294585466384888,1.1299179792404177,1.1299179792404177,0.0
2024-07-25,1.13553786277771,1.1362345218658447,1.1312345266342163,1.13553786277771,1.13553786277771,0.0
2024-07-28,1.1308379173278809,1.1340440511703491,1.127255916595459,1.1308379173278809,1.1308379173278809,0.0
2024-07-29,1.1285407543182373,1.1303266286849976,1.1267858743667605,1.1285407543182373,1.1285407543182373,0.0
2024-07-30,1.1337482929229736,1.140172839164734,1.1328877210617063,1.1337482929229736,1.1337482929229736,0.0
2024-07-31,1.138770580291748,1.1451736688613892,1.1386798620224,1.138770580291748,1.138770580291748,0.0
2024-08-01,1.1456066370010376,1.1657729148864746,1.145055651664734,1.1456066370010376,1.1456066370010376,0.0
2024-08-04,1.1680878400802612,1.1858879327774048,1.1667250394821167,1.1680878400802612,1.1680878400802612,0.0
2024-08-05,1.169823169708252,1.176276922225952,1.16690194606781,1.169823169708252,1.169823169708252,0.0
2024-08-06,1.1729516983032229,1.1732958555221558,1.1548144817352295,1.1729516983032229,1.1729516983032229,0.0
2024-08-07,1.16377854347229,1.1682379245758057,1.1530301570892334,1.16377854347229,1.16377854347229,0.0
2024-08-08,1.153602123260498,1.1586142778396606,1.1532561779022217,1.153602123260498,1.153602123260498,0.0
2024-08-11,1.1560158729553225,1.156738042831421,1.1479079723358154,1.1560158729553225,1.1560158729553225,0.0
2024-08-12,1.1564303636550903,1.1566041707992554,1.1521931886672974,1.1564303636550903,1.1564303636550903,0.0
2024-08-13,1.156203031539917,1.1602274179458618,1.1549744606018066,1.1560025215148926,1.1560025215148926,0.0
2024-08-14,1.1563286781311035,1.1566041707992554,1.1432491540908811,1.1563286781311035,1.1563286781311035,0.0
2024-08-15,1.146144986152649,1.154334545135498,1.1462106704711914,1.146144986152649,1.146144986152649,0.0
2024-08-18,1.1526315212249756,1.1609008312225342,1.152591586112976,1.1526315212249756,1.1526315212249756,0.0
2024-08-19,1.159595012664795,1.1673378944396973,1.1593934297561646,1.159595012664795,1.159595012664795,0.0
2024-08-20,1.1715638637542725,1.1750190258026123,1.1681697368621826,1.1715638637542725,1.1715638637542725,0.0
2024-08-21,1.1749500036239624,1.1779255867004397,1.171879529953003,1.1749500036239624,1.1749500036239624,0.0
2024-08-22,1.174122333526611,1.1806375980377195,1.1708916425704956,1.174122333526611,1.174122333526611,0.0
2024-08-25,1.1801916360855105,1.182592272758484,1.1787031888961792,1.1801916360855105,1.1801916360855105,0.0
2024-08-26,1.180498123168945,1.187281847000122,1.1787031888961792,1.180498123168945,1.180498123168945,0.0
2024-08-27,1.1880435943603516,1.189202070236206,1.1833620071411133,1.1880435943603516,1.1880435943603516,0.0
2024-08-28,1.1879024505615234,1.1907596588134766,1.1774957180023191,1.1879024505615234,1.1879024505615234,0.0
2024-08-29,1.1807211637496948,1.1810559034347534,1.1751985549926758,1.1807211637496948,1.1807211637496948,0.0
2024-09-01,1.1757789850234983,1.178828239440918,1.1717286109924316,1.1757789850234983,1.1757789850234983,0.0
2024-09-02,1.1745774745941162,1.1789672374725342,1.1714677810668943,1.1745774745941162,1.1745774745941162,0.0
2024-09-03,1.176567554473877,1.180386662483215,1.174149990081787,1.176567554473877,1.176567554473877,0.0
2024-09-04,1.181977152824402,1.1855363845825195,1.1779118776321411,1.181977152824402,1.181977152824402,0.0
2024-09-05,1.1851009130477903,1.1928192377090454,1.180052399635315,1.1851009130477903,1.1851009130477903,0.0
2024-09-08,1.1849182844161987,1.1853959560394287,1.1773293018341064,1.1849182844161987,1.1849182844161987,0.0
2024-09-09,1.1772323846817017,1.1824523210525513,1.1766921281814575,1.1772323846817017,1.1772323846817017,0.0
2024-09-10,1.181167483329773,1.187507390975952,1.1745359897613523,1.181167483329773,1.181167483329773,0.0
2024-09-11,1.1728830337524414,1.1742602586746216,1.169727444648743,1.1728830337524414,1.1728830337524414,0.0
2024-09-12,1.1766366958618164,1.184413194656372,1.1764568090438845,1.1766366958618164,1.1766366958618164,0.0
2024-09-15,1.179662585258484,1.1856770515441897,1.1791341304779053,1.179662585258484,1.179662585258484,0.0
2024-09-16,1.1840205192565918,1.186521053314209,1.179746150970459,1.1840205192565918,1.1840205192565918,0.0
2024-09-17,1.181572198867798,1.1872254610061646,1.181544303894043,1.181572198867798,1.181572198867798,0.0
2024-09-18,1.1802195310592651,1.183712124824524,1.1744533777236938,1.1802195310592651,1.1802195310592651,0.0
2024-09-19,1.179551362991333,1.1831519603729248,1.1741912364959717,1.179551362991333,1.179551362991333,0.0
2024-09-22,1.1752262115478516,1.1802195310592651,1.1740672588348389,1.1752262115478516,1.1752262115478516,0.0
2024-09-23,1.1801916360855105,1.183712124824524,1.1779255867004397,1.1801916360855105,1.1801916360855105,0.0
2024-09-24,1.1883400678634644,1.1886366605758667,1.1769413948059082,1.1883400678634644,1.1883400678634644,0.0
2024-09-25,1.1756821870803833,1.1820330619812012,1.1746878623962402,1.1756821870803833,1.1756821870803833,0.0
2024-09-26,1.1816978454589844,1.18948495388031,1.1774818897247314,1.1816978454589844,1.1816978454589844,0.0
2024-09-29,1.1889193058013916,1.18990957736969,1.1825222969055176,1.1897679567337036,1.1897679567337036,0.0
2024-09-30,1.1829979419708252,1.1859160661697388,1.1789950132369995,1.1829979419708252,1.1829979419708252,0.0
2024-10-01,1.1815582513809204,1.183712124824524,1.1754472255706787,1.1815582513809204,1.1815582513809204,0.0
2024-10-02,1.1765950918197632,1.1775789260864258,1.1707545518875122,1.1765950918197632,1.1765950918197632,0.0
2024-10-03,1.1739706993103027,1.1766090393066406,1.162006974220276,1.1739706993103027,1.1739706993103027,0.0
2024-10-06,1.164564609527588,1.1717147827148438,1.1645103693008425,1.164564609527588,1.164564609527588,0.0
2024-10-07,1.1701655387878418,1.1724703311920166,1.1650123596191406,1.1701655387878418,1.1701655387878418,0.0
2024-10-08,1.1663167476654053,1.1676785945892334,1.1630340814590454,1.1663167476654053,1.1663167476654053,0.0
2024-10-09,1.1621556282043457,1.1684973239898682,1.1612108945846558,1.1621556282043457,1.1621556282043457,0.0
2024-10-10,1.1674741506576538,1.1686338186264038,1.164985179901123,1.1674741506576538,1.1674741506576538,0.0
2024-10-13,1.1650937795639038,1.1657729148864746,1.1574074029922483,1.1650937795639038,1.1650937795639038,0.0
2024-10-14,1.1599582433700562,1.16225004196167,1.1578898429870603,1.1599582433700562,1.1599582433700562,0.0
2024-10-15,1.159366488456726,1.161170482635498,1.1552280187606812,1.159366488456726,1.159366488456726,0.0
2024-10-16,1.1556684970855713,1.1590172052383425,1.1534823179244995,1.1556684970855713,1.1556684970855713,0.0
2024-10-17,1.1548277139663696,1.156203031539917,1.1535356044769287,1.1548277139663696,1.1548277139663696,0.0
2024-10-20,1.156162977218628,1.1587486267089844,1.1548277139663696,1.156162977218628,1.156162977218628,0.0
2024-10-21,1.1555217504501345,1.1570056676864624,1.1544678211212158,1.1555217504501345,1.1555217504501345,0.0
2024-10-22,1.1553614139556885,1.1556684970855713,1.1513309478759766,1.1553614139556885,1.1553614139556885,0.0
2024-10-23,1.1537485122680664,1.156203031539917,1.153229594230652,1.1537485122680664,1.1537485122680664,0.0
2024-10-24,1.1549078226089478,1.156203031539917,1.1528706550598145,1.1549078226089478,1.1549078226089478,0.0
2024-10-28,1.151463508605957,1.1566041707992554,1.149491310119629,1.151463508605957,1.151463508605957,0.0
2024-10-29,1.1562565565109253,1.1569119691848757,1.1498217582702637,1.1562565565109253,1.1562565565109253,0.0
2024-10-30,1.1531099081039429,1.155001163482666,1.1504169702529907,1.1531099081039429,1.1531099081039429,0.0
2024-10-31,1.154334545135498,1.157809495925903,1.1541212797164917,1.154334545135498,1.154334545135498,0.0
2024-11-01,1.1580239534378052,1.158439874649048,1.1487518548965454,1.1580239534378052,1.1580239534378052,0.0
2024-11-04,1.1526048183441162,1.160739183425903,1.152578353881836,1.1526048183441162,1.1526048183441162,0.0
2024-11-05,1.1571797132492063,1.1609008312225342,1.1567245721817017,1.1571797132492063,1.1571797132492063,0.0
2024-11-06,1.1595412492752075,1.1602139472961426,1.1399778127670288,1.1595412492752075,1.1595412492752075,0.0
2024-11-07,1.1419435739517212,1.1481846570968628,1.1397050619125366,1.1419435739517212,1.1419435739517212,0.0
2024-11-08,1.1457641124725342,1.1494252681732178,1.1421393156051636,1.1457641124725342,1.1457641124725342,0.0
2024-11-11,1.1415525674819946,1.1420739889144895,1.135408878326416,1.1415525674819946,1.1415525674819946,0.0
2024-11-12,1.1360150575637815,1.1361054182052612,1.132554054260254,1.1360150575637815,1.1360150575637815,0.0
2024-11-13,1.1335811614990234,1.1361054182052612,1.1299946308135986,1.1335811614990234,1.1335811614990234,0.0
2024-11-14,1.128961205482483,1.129433035850525,1.1225738525390625,1.128961205482483,1.128961205482483,0.0
2024-11-15,1.1230403184890747,1.1278789043426514,1.1227880716323853,1.1230403184890747,1.1230403184890747,0.0
2024-11-18,1.125277042388916,1.1301988363265991,1.1254544258117676,1.125277042388916,1.125277042388916,0.0
2024-11-19,1.1322463750839231,1.1360409259796145,1.1310042142868042,1.1322463750839231,1.1322463750839231,0.0
2024-11-20,1.1336969137191772,1.1341211795806885,1.128426194190979,1.1336969137191772,1.1336969137191772,0.0
2024-11-21,1.1316697597503662,1.1339154243469238,1.127548336982727,1.1316697597503662,1.1316697597503662,0.0
2024-11-22,1.1275228261947632,1.1296881437301636,1.1167020797729492,1.1275228261947632,1.1275228261947632,0.0
2024-11-25,1.1230024099349976,1.1300073862075806,1.1215415000915527,1.1230024099349976,1.1230024099349976,0.0
2024-11-26,1.125112533569336,1.1312217712402344,1.124492645263672,1.125112533569336,1.125112533569336,0.0
2024-11-27,1.1283243894577026,1.1364411115646362,1.128438949584961,1.1283243894577026,1.1283243894577026,0.0
2024-11-28,1.1337867975234983,1.1332857608795166,1.1302499771118164,1.1337867975234983,1.1337867975234983,0.0
2024-11-29,1.133349895477295,1.1368803977966309,1.132900595664978,1.133349895477295,1.133349895477295,0.0
2024-12-02,1.1337740421295166,1.1337740421295166,1.125066876411438,1.1337522268295288,1.1337522268295288,0.0
2024-12-03,1.1283116340637207,1.132502794265747,1.125112533569336,1.1283116340637207,1.1283116340637207,0.0
2024-12-04,1.1281588077545166,1.1330161094665527,1.126278281211853,1.1281588077545166,1.1281588077545166,0.0
2024-12-05,1.131541728973389,1.1379153728485107,1.1297520399093628,1.131541728973389,1.131541728973389,0.0
2024-12-06,1.138407588005066,1.1441385746002195,1.1368415355682373,1.138407588005066,1.138407588005066,0.0
2024-12-09,1.1380836963653564,1.1419435739517212,1.1359764337539673,1.1380836963653564,1.1380836963653564,0.0
2024-12-10,1.138187289237976,1.1405109167099,1.132785081863403,1.138187289237976,1.138187289237976,0.0
2024-12-11,1.133144497871399,1.1347002983093262,1.1294713020324707,1.133144497871399,1.133144497871399,0.0
2024-12-12,1.132233500480652,1.134429931640625,1.123456597328186,1.132233500480652,1.132233500480652,0.0
2024-12-13,1.1210637092590332,1.1218308210372925,1.1180055141448977,1.1210637092590332,1.1210637092590332,0.0
2024-12-16,1.1213980913162231,1.1238480806350708,1.1174931526184082,1.1213980913162231,1.1213980913162231,0.0
2024-12-17,1.1185182332992554,1.1200717687606812,1.114268183708191,1.1185182332992554,1.1185182332992554,0.0
2024-12-18,1.1204732656478882,1.1215791702270508,1.1179429292678833,1.1204732656478882,1.1204732656478882,0.0
2024-12-19,1.1090162992477417,1.117193579673767,1.1092623472213743,1.1090162992477417,1.1090162992477417,0.0
2024-12-20,1.1123594045639038,1.1205737590789795,1.1124831438064575,1.1123594045639038,1.1123594045639038,0.0
2024-12-23,1.119758129119873,1.1203227043151855,1.1110000610351562,1.119758129119873,1.119758129119873,0.0
2024-12-24,1.1130032539367676,1.1133378744125366,1.109816312789917,1.1130032539367676,1.1130032539367676,0.0
2024-12-25,1.1107407808303833,1.1319899559020996,1.0981770753860474,1.1107407808303833,1.1107407808303833,0.0
2024-12-26,1.1118276119232178,1.11223566532135,1.109939455986023,1.1118276119232178,1.1118276119232178,0.0
2024-12-27,1.1124708652496338,1.1125946044921875,1.108745813369751,1.1124708652496338,1.1124708652496338,0.0
2024-12-30,1.1088441610336304,1.1100010871887207,1.1022562980651855,1.1088441610336304,1.1088441610336304,0.0
2024-12-31,1.1071254014968872,1.1082346439361572,1.1026087999343872,1.1071254014968872,1.1071254014968872,0.0
2025-01-02,1.101624846458435,1.1062558889389038,1.0945110321044922,1.101624846458435,1.101624846458435,0.0
2025-01-03,1.0964791774749756,1.1012003421783447,1.0959744453430176,1.0964791774749756,1.0964791774749756,0.0
2025-01-06,1.0997350215911863,1.1098779439926147,1.0983699560165403,1.0997350215911863,1.0997350215911863,0.0
2025-01-07,1.1049234867095947,1.1083157062530518,1.0994447469711304,1.1049234867095947,1.1049234867095947,0.0
2025-01-08,1.0995656251907349,1.100473165512085,1.0955302715301514,1.0995656251907349,1.0995656251907349,0.0
2025-01-09,1.0977550745010376,1.099384307861328,1.0953142642974854,1.0977550745010376,1.0977550745010376,0.0
2025-01-10,1.0964070558547974,1.0971167087554932,1.0884709358215332,1.0964070558547974,1.0964070558547974,0.0
2025-01-13,1.090786099433899,1.092418551445007,1.0870274305343628,1.090786099433899,1.090786099433899,0.0
2025-01-14,1.0919653177261353,1.095218300819397,1.0902866125106812,1.0919653177261353,1.0919653177261353,0.0
2025-01-15,1.0959384441375732,1.1011639833450315,1.0940918922424316,1.0959384441375732,1.0959384441375732,0.0
2025-01-16,1.0963469743728638,1.0983580350875854,1.0945948362350464,1.0963469743728638,1.0963469743728638,0.0
2025-01-17,1.0974900722503662,1.099323868751526,1.0930992364883425,1.0974900722503662,1.0974900722503662,0.0
2025-01-20,1.0933741331100464,1.102657437324524,1.0933741331100464,1.0933741331100464,1.0933741331100464,0.0
2025-01-21,1.103679656982422,1.1047770977020264,1.0972130298614502,1.103679656982422,1.103679656982422,0.0
2025-01-22,1.1028884649276731,1.1072970628738403,1.101964831352234,1.1028884649276731,1.1028884649276731,0.0
2025-01-23,1.1033751964569092,1.104130506515503,1.0982011556625366,1.1033751964569092,1.1033751964569092,0.0
2025-01-24,1.1019405126571655,1.1079105138778689,1.1018191576004028,1.1019405126571655,1.1019405126571655,0.0
2025-01-27,1.1027302742004397,1.1155734062194824,1.1022076606750488,1.1027302742004397,1.1027302742004397,0.0
2025-01-28,1.1061824560165403,1.1065618991851809,1.1026452779769895,1.1061824560165403,1.1061824560165403,0.0
2025-01-29,1.1060357093811035,1.1075423955917358,1.1011639833450315,1.1060357093811035,1.1060357093811035,0.0
2025-01-30,1.103423833847046,1.103996515274048,1.1003036499023438,1.103423833847046,1.103423833847046,0.0
2025-01-31,1.0996636152267456,1.1020255088806152,1.0970927476882937,1.0996636152267456,1.0996636152267456,0.0
2025-02-03,1.0926215648651123,1.0981649160385132,1.0875475406646729,1.0926215648651123,1.0926215648651123,0.0
2025-02-04,1.0969603061676023,1.1049723625183103,1.0953621864318848,1.0969603061676023,1.0969603061676023,0.0
2025-02-05,1.1046794652938845,1.1107407808303833,1.103899002075195,1.1046794652938845,1.1046794652938845,0.0
2025-02-06,1.109471559524536,1.1101243495941162,1.1036310195922852,1.109471559524536,1.109471559524536,0.0
2025-02-07,1.1048502922058103,1.1053754091262815,1.0986113548278809,1.1048502922058103,1.1048502922058103,0.0
2025-02-10,1.098008155822754,1.0997470617294312,1.096262812614441,1.098008155822754,1.098008155822754,0.0
2025-02-11,1.097297430038452,1.0978153944015503,1.0941996574401855,1.097297430038452,1.097297430038452,0.0
2025-02-12,1.0953022241592407,1.098659634590149,1.092418551445007,1.0953022241592407,1.0953022241592407,0.0
2025-02-13,1.0948106050491333,1.105717658996582,1.0942355394363403,1.0948106050491333,1.0948106050491333,0.0
2025-02-14,1.107113242149353,1.1145787239074707,1.1051188707351685,1.107113242149353,1.107113242149353,0.0
2025-02-17,1.1113210916519165,1.1122233867645264,1.1089794635772705,1.1113210916519165,1.1113210916519165,0.0
2025-02-18,1.1102229356765747,1.111605167388916,1.1069661378860474,1.1102229356765747,1.1102229356765747,0.0
2025-02-19,1.1066844463348389,1.108401656150818,1.1044963598251345,1.1066844463348389,1.1066844463348389,0.0
2025-02-20,1.105509877204895,1.1122851371765137,1.105509877204895,1.105509877204895,1.105509877204895,0.0
2025-02-21,1.113511323928833,1.1146035194396973,1.1107162237167358,1.113511323928833,1.113511323928833,0.0
2025-02-24,1.1130279302597046,1.1168941259384155,1.111469268798828,1.1130279302597046,1.1130279302597046,0.0
2025-02-25,1.1144545078277588,1.1220825910568235,1.1139330863952637,1.1144545078277588,1.1144545078277588,0.0
2025-02-26,1.1205737590789795,1.1217050552368164,1.1155734062194824,1.1205737590789795,1.1205737590789795,0.0
2025-02-27,1.1181930303573608,1.118067979812622,1.110457181930542,1.1181930303573608,1.1181930303573608,0.0
2025-02-28,1.1112098693847656,1.1133253574371338,1.1072235107421875,1.1112098693847656,1.1112098693847656,0.0
2025-03-03,1.1079473495483398,1.114864468574524,1.1073706150054932,1.1079473495483398,1.1079473495483398,0.0
2025-03-04,1.1153244972229004,1.1270780563354492,1.1147277355194092,1.1153244972229004,1.1153244972229004,0.0
2025-03-05,1.124050259590149,1.1293054819107056,1.122044801712036,1.124050259590149,1.124050259590149,0.0
2025-03-06,1.122725009918213,1.1326824426651,1.120410442352295,1.122725009918213,1.122725009918213,0.0
2025-03-07,1.1320925951004028,1.1404719352722168,1.1321053504943848,1.1320925951004028,1.1320925951004028,0.0
2025-03-10,1.1398088932037354,1.1417479515075684,1.1343141794204712,1.1398088932037354,1.1398088932037354,0.0
2025-03-11,1.1363893747329712,1.1398608684539795,1.1332087516784668,1.1363893747329712,1.1363893747329712,0.0
2025-03-12,1.1319388151168823,1.1363120079040527,1.1297008991241455,1.1319388151168823,1.1319388151168823,0.0
2025-03-13,1.134082555770874,1.1359118223190308,1.1294968128204346,1.134082555770874,1.134082555770874,0.0
2025-03-14,1.132990479469299,1.1336711645126345,1.1283243894577026,1.132990479469299,1.132990479469299,0.0
2025-03-17,1.1311064958572388,1.1365832090377808,1.1303138732910156,1.1311064958572388,1.1311064958572388,0.0
2025-03-18,1.1348135471343994,1.1405109167099,1.134005427360535,1.1348135471343994,1.1348135471343994,0.0
2025-03-19,1.14058256149292,1.1409013271331787,1.1352155208587646,1.14058256149292,1.14058256149292,0.0
2025-03-20,1.1410315036773682,1.1420739889144895,1.1310425996780396,1.1410315036773682,1.1410315036773682,0.0
2025-03-21,1.1345882415771484,1.1367381811141968,1.1312856674194336,1.1345882415771484,1.1345882415771484,0.0
2025-03-24,1.1326054334640503,1.1364023685455322,1.1305310726165771,1.1326054334640503,1.1326054334640503,0.0
2025-03-25,1.132900595664978,1.1362732648849487,1.1301862001419067,1.132900595664978,1.132900595664978,0.0
2025-03-26,1.1329518556594849,1.1332728862762451,1.130467176437378,1.1329518556594849,1.1329518556594849,0.0
2025-03-27,1.1310170888900757,1.1356925964355469,1.130365014076233,1.1310170888900757,1.1310170888900757,0.0
2025-03-28,1.1345586776733398,1.1362861394882202,1.132002830505371,1.1345586776733398,1.1345586776733398,0.0
2025-03-30,1.1352670192718506,1.138757586479187,1.1295605897903442,1.1352670192718506,1.1352670192718506,0.0
2025-03-31,1.1314520835876465,1.1343011856079102,1.1308379173278809,1.1314520835876465,1.1314520835876465,0.0
2025-04-01,1.1319899559020996,1.1345586776733398,1.1301988363265991,1.1319899559020996,1.1319899559020996,0.0
2025-04-02,1.1405240297317505,1.169768452644348,1.1378635168075562,1.1405240297317505,1.1405240297317505,0.0
2025-04-03,1.1638598442077637,1.1798018217086792,1.1634399890899658,1.1638598442077637,1.1638598442077637,0.0
2025-04-06,1.1742464303970337,1.1830259561538696,1.154414415359497,1.1742464303970337,1.1742464303970337,0.0
2025-04-07,1.1631829738616943,1.1737089157104492,1.1627095937728882,1.1631829738616943,1.1631829738616943,0.0
2025-04-08,1.18250834941864,1.1959433555603027,1.1814604997634888,1.18250834941864,1.18250834941864,0.0
2025-04-09,1.1689754724502563,1.2120771408081057,1.166534423828125,1.1689754724502563,1.1689754724502563,0.0
2025-04-10,1.2183829545974731,1.2344307899475098,1.2111963033676147,1.2183829545974731,1.2183829545974731,0.0
2025-04-13,1.2224042415618896,1.2313603162765503,1.2095555067062378,1.2224042415618896,1.2224042415618896,0.0
2025-04-14,1.2255502939224243,1.229755163192749,1.218026876449585,1.2255502939224243,1.2255502939224243,0.0
2025-04-15,1.2183680534362793,1.2303149700164795,1.218679904937744,1.2183680534362793,1.2183680534362793,0.0
2025-04-16,1.228878617286682,1.2289390563964844,1.2180415391921997,1.228878617286682,1.228878617286682,0.0
2025-04-21,1.2360174655914309,1.239587426185608,1.225505232810974,1.2360174655914309,1.2360174655914309,0.0
2025-04-22,1.210551142692566,1.2198245525360107,1.2074815034866333,1.210551142692566,1.210551142692566,0.0
2025-04-23,1.2051095962524414,1.213680624961853,1.2046886682510376,1.2051095962524414,1.2051095962524414,0.0
2025-04-24,1.2066510915756226,1.2074378728866575,1.1998463869094849,1.2066510915756226,1.2066510915756226,0.0
2025-04-27,1.2071462869644165,1.2127532958984375,1.2022699117660522,1.2071462869644165,1.2071462869644165,0.0
2025-04-28,1.2177449464797974,1.2183384895324707,1.2103021144866943,1.2177449464797974,1.2177449464797974,0.0
2025-04-29,1.214447021484375,1.2172558307647705,1.2103606462478638,1.214447021484375,1.214447021484375,0.0
2025-04-30,1.210712432861328,1.2115485668182373,1.2001488208770752,1.210712432861328,1.210712432861328,0.0
2025-05-01,1.2063016891479492,1.2179526090621948,1.202284336090088,1.2063016891479492,1.2063016891479492,0.0
2025-05-04,1.2134449481964111,1.2174187898635864,1.2087513208389282,1.2134449481964111,1.2134449481964111,0.0
2025-05-05,1.216854453086853,1.2165449857711792,1.2101995944976809,1.216854453086853,1.216854453086853,0.0
2025-05-06,1.2111963033676147,1.220405101776123,1.209160566329956,1.2111963033676147,1.2111963033676147,0.0
2025-05-07,1.2136658430099487,1.2160568237304688,1.2052984237670898,1.2136658430099487,1.2136658430099487,0.0
2025-05-08,1.20221209526062,1.209189772605896,1.1991413831710815,1.20221209526062,1.20221209526062,0.0
2025-05-11,1.1994291543960571,1.2004225254058838,1.1801778078079224,1.1994291543960571,1.1994291543960571,0.0
2025-05-12,1.1836141347885132,1.191043257713318,1.1837401390075684,1.1836141347885132,1.1836141347885132,0.0
2025-05-13,1.1912846565246582,1.201345443725586,1.189753770828247,1.1912846565246582,1.1912846565246582,0.0
2025-05-14,1.1887327432632446,1.1981500387191772,1.1881141662597656,1.1887327432632446,1.1887327432632446,0.0
2025-05-15,1.198178768157959,1.2008405923843384,1.1906888484954834,1.198178768157959,1.198178768157959,0.0
2025-05-18,1.1969597339630127,1.20221209526062,1.1954572200775146,1.1969597339630127,1.1969597339630127,0.0
2025-05-19,1.197619080543518,1.203659176826477,1.1960434913635254,1.197619080543518,1.197619080543518,0.0
2025-05-20,1.2096110582351685,1.218175172805786,1.2095993757247925,1.2096110582351685,1.2096110582351685,0.0
2025-05-21,1.212018370628357,1.2144765853881836,1.2048773765563965,1.212018370628357,1.212018370628357,0.0
2025-05-22,1.2071754932403564,1.2179526090621948,1.2065054178237915,1.2071754932403564,1.2071754932403564,0.0
2025-05-25,1.2159385681152344,1.2206733226776123,1.2147568464279177,1.2159385681152344,1.2159385681152344,0.0
2025-05-26,1.2188878059387207,1.2214486598968506,1.2078461647033691,1.2188878059387207,1.2188878059387207,0.0
2025-05-27,1.208809733390808,1.2127091884613037,1.2065054178237915,1.208809733390808,1.208809733390808,0.0
2025-05-28,1.2011290788650513,1.2155098915100098,1.198178768157959,1.2011290788650513,1.2011290788650513,0.0
2025-05-29,1.2165894508361816,1.2195419073104858,1.2123563289642334,1.2165894508361816,1.2165894508361816,0.0
2025-06-01,1.216145634651184,1.2260912656784058,1.2153326272964478,1.216145634651184,1.216145634651184,0.0
2025-06-02,1.2255803346633911,1.2257004976272583,1.21266508102417,1.2255803346633911,1.2255803346633911,0.0
2025-06-03,1.2152292728424072,1.222942352294922,1.2123857736587524,1.2152292728424072,1.2152292728424072,0.0
2025-06-04,1.222538709640503,1.2236157655715942,1.21761155128479,1.222538709640503,1.222538709640503,0.0
2025-06-05,1.2206286191940308,1.220703125,1.2125474214553833,1.2206286191940308,1.2206286191940308,0.0
2025-06-08,1.2176412343978882,1.2208521366119385,1.21592378616333,1.2176412343978882,1.2176412343978882,0.0
2025-06-09,1.217730164527893,1.218769073486328,1.2134891748428345,1.217730164527893,1.217730164527893,0.0
2025-06-10,1.216663479804993,1.2214486598968506,1.2144765853881836,1.216663479804993,1.216663479804993,0.0
2025-06-11,1.2218962907791138,1.2339584827423096,1.221359133720398,1.2218962907791138,1.2218962907791138,0.0
2025-06-12,1.2360938787460327,1.2412338256835938,1.227611422538757,1.2360938787460327,1.2360938787460327,0.0
2025-06-15,1.2311996221542358,1.2363996505737305,1.2294377088546753,1.2311996221542358,1.2311996221542358,0.0
2025-06-16,1.2289390563964844,1.2318304777145386,1.224919676780701,1.2289390563964844,1.2289390563964844,0.0
2025-06-17,1.2241849899291992,1.2266929149627686,1.2222697734832764,1.2241849899291992,1.2241849899291992,0.0
2025-06-18,1.220911741256714,1.2260912656784058,1.2173744440078735,1.220911741256714,1.220911741256714,0.0
2025-06-19,1.2249047756195068,1.2268433570861816,1.2221053838729858,1.2249047756195068,1.2249047756195068,0.0
2025-06-22,1.2228676080703735,1.2313754558563232,1.2204647064208984,1.2228676080703735,1.2228676080703735,0.0
2025-06-23,1.2306480407714844,1.244090557098389,1.230057716369629,1.2306480407714844,1.2306480407714844,0.0
2025-06-24,1.242004632949829,1.2439358234405518,1.2377768754959106,1.242004632949829,1.242004632949829,0.0
2025-06-25,1.2441989183425903,1.2529287338256836,1.2434872388839722,1.2441989183425903,1.2441989183425903,0.0
2025-06-26,1.2486108541488647,1.256265640258789,1.2473337650299072,1.2486108541488647,1.2486108541488647,0.0
2025-06-29,1.2527403831481934,1.2597631216049194,1.2510477304458618,1.2527403831481934,1.2527403831481934,0.0
2025-06-30,1.261479377746582,1.2700024843215942,1.2602870464324951,1.261479377746582,1.261479377746582,0.0
2025-07-01,1.2647181749343872,1.265310287475586,1.2593666315078735,1.2647181749343872,1.2647181749343872,0.0
2025-07-02,1.2634239196777344,1.2658227682113647,1.2522226572036743,1.2634239196777344,1.2634239196777344,0.0
2025-07-03,1.2592872381210327,1.2623074054718018,1.2580673694610596,1.2592872381210327,1.2592872381210327,0.0
2025-07-06,1.2593823671340942,1.260159969329834,1.2526148557662964,1.2593823671340942,1.2593823671340942,0.0
2025-07-07,1.2544533014297483,1.257071018218994,1.25101637840271,1.2544533014297483,1.2544533014297483,0.0
2025-07-08,1.2564866542816162,1.2596044540405271,1.2534626722335815,1.2564866542816162,1.2564866542816162,0.0
2025-07-09,1.2611453533172607,1.2629451751708984,1.252097249031067,1.2611453533172607,1.2611453533172607,0.0
2025-07-10,1.255146026611328,1.2575452327728271,1.2531170845031738,1.255146026611328,1.255146026611328,0.0
2025-07-13,1.2550358772277832,1.2569762468338013,1.2526932954788208,1.2550358772277832,1.2550358772277832,0.0
2025-07-14,1.253337025642395,1.2575452327728271,1.2473337650299072,1.253337025642395,1.253337025642395,0.0
2025-07-15,1.247785210609436,1.2576243877410889,1.240648627281189,1.247785210609436,1.247785210609436,0.0
2025-07-16,1.2485641241073608,1.248751163482666,1.2408795356750488,1.2485641241073608,1.2485641241073608,0.0
2025-07-17,1.2455161809921265,1.2521913051605225,1.2443692684173584,1.2455161809921265,1.2455161809921265,0.0
2025-07-20,1.2481589317321775,1.2556504011154177,1.246634006500244,1.2481589317321775,1.2481589317321775,0.0
2025-07-21,1.2530008554458618,1.2618296146392822,1.2514548301696775,1.2530008554458618,1.2530008554458618,0.0
2025-07-22,1.2600330114364624,1.264222502708435,1.2580673694610596,1.2600330114364624,1.2600330114364624,0.0
2025-07-23,1.2625513076782229,1.2634397745132446,1.2563129663467407,1.2625513076782229,1.2625513076782229,0.0
2025-07-24,1.2580673694610596,1.2586532831192017,1.2533841133117676,1.2580673694610596,1.2580673694610596,0.0
2025-07-27,1.2572765350341797,1.2587007284164429,1.2457178831100464,1.2572765350341797,1.2572765350341797,0.0
2025-07-28,1.245175004005432,1.2465718984603882,1.237991452217102,1.245175004005432,1.245175004005432,0.0
2025-07-29,1.2415112257003784,1.2441060543060305,1.2309813499450684,1.2415112257003784,1.2415112257003784,0.0
2025-07-30,1.2296946048736572,1.2328935861587524,1.2278677225112915,1.2296946048736572,1.2296946048736572,0.0
2025-07-31,1.2286521196365356,1.2455006837844849,1.2239452600479126,1.2286521196365356,1.2286521196365356,0.0
2025-08-03,1.2437657117843628,1.243982195854187,1.235284686088562,1.2437657117843628,1.2437657117843628,0.0
2025-08-04,1.2390192747116089,1.2399256229400637,1.2319822311401367,1.2390192747116089,1.2390192747116089,0.0
2025-08-05,1.2392802238464355,1.2417887449264526,1.2357274293899536,1.2392802238464355,1.2392802238464355,0.0
2025-08-06,1.2406178712844849,1.2434717416763306,1.2363537549972534,1.2406178712844849,1.2406178712844849,0.0
2025-08-07,1.241172194480896,1.241773247718811,1.2364147901535034,1.241172194480896,1.241172194480896,0.0
2025-08-10,1.2384361028671265,1.2410026788711548,1.229770302772522,1.2384361028671265,1.2384361028671265,0.0
2025-08-11,1.2318304777145386,1.2395414113998413,1.2313905954360962,1.2318304777145386,1.2318304777145386,0.0
2025-08-12,1.2404793500900269,1.2467273473739624,1.239111304283142,1.2404793500900269,1.2404793500900269,0.0
2025-08-13,1.2426682710647583,1.2431625127792358,1.2365524768829346,1.2426682710647583,1.2426682710647583,0.0
2025-08-14,1.238359451293945,1.2428690195083618,1.2378382682800293,1.238359451293945,1.238359451293945,0.0
2025-08-17,1.2397719621658323,1.2414032220840454,1.237470626831055,1.2397719621658323,1.2397719621658323,0.0
2025-08-18,1.2385281324386597,1.2428536415100098,1.2369654178619385,1.2385281324386597,1.2385281324386597,0.0
2025-08-19,1.2379761934280396,1.2447874546051023,1.2357732057571411,1.2379761934280396,1.2379761934280396,0.0
2025-08-20,1.2435646057128906,1.2437347173690796,1.236491322517395,1.2435646057128906,1.2435646057128906,0.0
2025-08-21,1.2365983724594116,1.249484658241272,1.2340041399002075,1.2365983724594116,1.2365983724594116,0.0
2025-08-24,1.2464786767959597,1.2476606369018557,1.244307279586792,1.2464786767959597,1.2464786767959597,0.0
2025-08-25,1.2404332160949707,1.2457022666931152,1.2388043403625488,1.2404332160949707,1.2404332160949707,0.0
2025-08-26,1.244152545928955,1.245298981666565,1.2385127544403076,1.244152545928955,1.244152545928955,0.0
2025-08-27,1.2476606369018557,1.2510946989059448,1.245438575744629,1.2476606369018557,1.2476606369018557,0.0
2025-08-28,1.2475205659866333,1.2521913051605225,1.2447874546051023,1.2475205659866333,1.2475205659866333,0.0
2025-08-31,1.2490007877349854,1.2523481845855713,1.2473959922790527,1.2490007877349854,1.2490007877349854,0.0
2025-09-01,1.2497657537460327,1.2497187852859497,1.2406023740768433,1.2497657537460327,1.2497657537460327,0.0
2025-09-02,1.2417887449264526,1.2459505796432495,1.239618182182312,1.2417887449264526,1.2417887449264526,0.0
2025-09-03,1.244090557098389,1.2445396184921265,1.239464521408081,1.244090557098389,1.244090557098389,0.0
2025-09-04,1.2420353889465332,1.256754994392395,1.2416653633117676,1.2420353889465332,1.2420353889465332,0.0
2025-09-07,1.2512825727462769,1.261193037033081,1.2510634660720823,1.2512825727462769,1.2512825727462769,0.0
2025-09-08,1.2613362073898315,1.2635835409164429,1.2558081150054932,1.2613362073898315,1.2613362073898315,0.0
2025-09-09,1.2542331218719482,1.2564393281936646,1.2515801191329956,1.2542331218719482,1.2542331218719482,0.0
2025-09-10,1.2520816326141355,1.2580199241638184,1.2495001554489136,1.2520816326141355,1.2520816326141355,0.0
2025-09-11,1.2563602924346924,1.257228970527649,1.2521599531173706,1.2563602924346924,1.2563602924346924,0.0
2025-09-14,1.255177617073059,1.259921908378601,1.2543431520462036,1.255177617073059,1.255177617073059,0.0
2025-09-15,1.2583998441696167,1.270163893699646,1.2582573890686035,1.2583998441696167,1.2583998441696167,0.0
2025-09-16,1.272410273551941,1.2727503776550293,1.269357681274414,1.272410273551941,1.272410273551941,0.0
2025-09-17,1.2684882879257202,1.2706480026245115,1.25985848903656,1.2684882879257202,1.2684882879257202,0.0
2025-09-18,1.261813759803772,1.262785792350769,1.2555716037750244,1.261813759803772,1.261813759803772,0.0
2025-09-21,1.2559185028076172,1.2615113258361816,1.2542959451675415,1.2559185028076172,1.2559185028076172,0.0
2025-09-22,1.262004852294922,1.264222502708435,1.2605571746826172,1.262004852294922,1.262004852294922,0.0
2025-09-23,1.2635356187820437,1.2636953592300415,1.257466197013855,1.2635356187820437,1.2635356187820437,0.0
2025-09-24,1.2583998441696167,1.258985996246338,1.248844861984253,1.2583998441696167,1.2583998441696167,0.0
2025-09-25,1.2499375343322754,1.2538870573043823,1.2490007877349854,1.2499375343322754,1.2499375343322754,0.0
2025-09-28,1.2539499998092651,1.257861614227295,1.2521286010742188,1.2539499998092651,1.2539499998092651,0.0
2025-09-29,1.2543903589248655,1.2579407691955566,1.2523481845855713,1.2543903589248655,1.2543903589248655,0.0
2025-09-30,1.2559658288955688,1.2613521814346311,1.2519874572753906,1.2559658288955688,1.2559658288955688,0.0
2025-10-01,1.2548468112945557,1.2580199241638184,1.2501249313354492,1.2548468112945557,1.2548468112945557,0.0
2025-10-02,1.2546736001968384,1.2583364248275757,1.2531641721725464,1.2546736001968384,1.2546736001968384,0.0
2025-10-05,1.2544060945510864,1.2580467462539673,1.251078963279724,1.2544060945510864,1.2544060945510864,0.0
2025-10-06,1.258004069328308,1.2581782341003418,1.2514704465866089,1.258004069328308,1.258004069328308,0.0
2025-10-07,1.2522070407867432,1.252238392829895,1.2463854551315308,1.2522070407867432,1.2522070407867432,0.0
2025-10-08,1.2476606369018557,1.249843716621399,1.239802598953247,1.2476606369018557,1.2476606369018557,0.0
2025-10-09,1.2404332160949707,1.2498124837875366,1.2396643161773682,1.2404332160949707,1.2404332160949707,0.0
2025-10-12,1.2463854551315308,1.250156283378601,1.241218328475952,1.2463854551315308,1.2463854551315308,0.0
2025-10-13,1.2433326244354248,1.2483770847320557,1.2423131465911863,1.2433326244354248,1.2433326244354248,0.0
2025-10-14,1.2476139068603516,1.2566128969192505,1.2476295232772827,1.2476139068603516,1.2476139068603516,0.0
2025-10-15,1.2554140090942385,1.2604459524154663,1.2526462078094482,1.2554140090942385,1.2554140090942385,0.0
2025-10-16,1.2628973722457886,1.270228385925293,1.2607160806655884,1.2628973722457886,1.2628973722457886,0.0
2025-10-19,1.260096549987793,1.264702081680298,1.259001851081848,1.260096549987793,1.260096549987793,0.0
2025-10-20,1.261988878250122,1.2635835409164429,1.2565182447433472,1.261988878250122,1.261988878250122,0.0
2025-10-21,1.255177617073059,1.2580199241638184,1.2541857957839966,1.255177617073059,1.255177617073059,0.0
2025-10-22,1.2561393976211548,1.2575452327728271,1.2521286010742188,1.2561393976211548,1.2561393976211548,0.0
2025-10-23,1.257735013961792,1.260159969329834,1.2549728155136108,1.257735013961792,1.257735013961792,0.0
2025-10-27,1.2562024593353271,1.2588117122650146,1.254327416419983,1.2562024593353271,1.2562024593353271,0.0
2025-10-28,1.2584789991378784,1.262148141860962,1.255256414413452,1.2584789991378784,1.2584789991378784,0.0
2025-10-29,1.261304497718811,1.2618296146392822,1.2533683776855469,1.261304497718811,1.261304497718811,0.0
2025-10-30,1.250312566757202,1.2538398504257202,1.2442917823791504,1.250312566757202,1.250312566757202,0.0
2025-10-31,1.2475205659866333,1.248751163482666,1.2424675226211548,1.2475205659866333,1.2475205659866333,0.0
2025-11-03,1.2423903942108154,1.2442454099655151,1.2358800172805786,1.2423903942108154,1.2423903942108154,0.0
2025-11-04,1.237424612045288,1.239618182182312,1.2341108322143557,1.237424612045288,1.237424612045288,0.0
2025-11-05,1.2340651750564575,1.237930178642273,1.2309964895248413,1.2340651750564575,1.2340651750564575,0.0
2025-11-06,1.2349796295166016,1.2397719621658323,1.2344764471054075,1.2349796295166016,1.2349796295166016,0.0
2025-11-07,1.2408487796783447,1.2450199127197266,1.237011432647705,1.2408487796783447,1.2408487796783447,0.0
2025-11-10,1.2402331829071045,1.2430081367492676,1.2391574382781982,1.2390192747116089,1.2390192747116089,0.0
2025-11-11,1.242004632949829,1.2521913051605225,1.240510106086731,1.2419891357421875,1.2419891357421875,0.0
2025-11-12,1.2496094703674316,1.2553352117538452,1.248283624649048,1.249484658241272,1.249484658241272,0.0
2025-11-13,1.25343120098114,1.2634239196777344,1.2510321140289309,1.253415584564209,1.253415584564209,0.0
2025-11-14,1.2607001066207886,1.2692288160324097,1.2596838474273682,1.2606048583984375,1.2606048583984375,0.0
2025-11-17,1.2588592767715454,1.26103413105011,1.2561235427856443,1.259001851081848,1.259001851081848,0.0
2025-11-18,1.2559185028076172,1.2600805759429932,1.2501094341278076,1.2559027671813965,1.2559027671813965,0.0
2025-11-19,1.2497657537460327,1.251877784729004,1.241757869720459,1.2496875524520874,1.2496875524520874,0.0
2025-11-20,1.2416036128997805,1.2421588897705078,1.238236665725708,1.2415882349014282,1.2415882349014282,0.0
2025-11-21,1.2416189908981323,1.2447099685668943,1.234842300415039,1.2414957284927368,1.2414957284927368,0.0
2025-11-24,1.2365983724594116,1.2408487796783447,1.2345831394195557,1.2365983724594116,1.2365983724594116,0.0
2025-11-25,1.236858367919922,1.240817904472351,1.2342631816864014,1.2366900444030762,1.2366900444030762,0.0
2025-11-26,1.2378076314926147,1.2436264753341677,1.2371797561645508,1.237654447555542,1.237654447555542,0.0
2025-11-27,1.2447099685668943,1.2461059093475342,1.240386962890625,1.2445706129074097,1.2445706129074097,0.0
2025-11-28,1.2428998947143557,1.2457643747329712,1.239126682281494,1.2428536415100098,1.2428536415100098,0.0
2025-12-01,1.2448184490203855,1.250484585762024,1.2428072690963743,1.244802951812744,1.244802951812744,0.0
2025-12-02,1.2426527738571167,1.2451905012130735,1.242112636566162,1.2428536415100098,1.2428536415100098,0.0
2025-12-03,1.2456557750701904,1.2510946989059448,1.245609164237976,1.2455471754074097,1.2455471754074097,0.0
2025-12-04,1.2503595352172852,1.2509382963180542,1.246494174003601,1.2503751516342163,1.2503751516342163,0.0
2025-12-05,1.2443846464157104,1.2473493814468384,1.2417423725128174,1.244121551513672,1.244121551513672,0.0
2025-12-08,1.2425601482391355,1.2459505796432495,1.2370266914367676,1.2424675226211548,1.2424675226211548,0.0
2025-12-09,1.2396950721740725,1.2423903942108154,1.237378716468811,1.239713430404663,1.239713430404663,0.0
2025-12-10,1.240679383277893,1.2461059093475342,1.2400178909301758,1.2408487796783447,1.2408487796783447,0.0
2025-12-11,1.251078963279724,1.261193037033081,1.24985933303833,1.2509695291519165,1.2509695291519165,0.0
2025-12-12,1.2584789991378784,1.259160399436951,1.2556504011154177,1.2581939697265625,1.2581939697265625,0.0
2025-12-15,1.2560604810714722,1.259477615356445,1.2541701793670654,1.2560604810714722,1.2560604810714722,0.0
2025-12-16,1.2559658288955688,1.2610816955566406,1.2547365427017212,1.256265640258789,1.256265640258789,0.0
2025-12-17,1.2574979066848757,1.2602394819259644,1.2520501613616943,1.2575452327728271,1.2575452327728271,0.0
2025-12-18,1.2575926780700684,1.261193037033081,1.255382418632507,1.2575452327728271,1.2575452327728271,0.0
2025-12-19,1.2593506574630735,1.2596044540405271,1.2559815645217896,1.2594300508499146,1.2594300508499146,0.0
2025-12-22,1.2572922706604004,1.262785792350769,1.2572606801986694,1.2565497159957886,1.2565497159957886,0.0
2025-12-23,1.2634397745132446,1.2710840702056885,1.2634397745132446,1.2635356187820437,1.2635356187820437,0.0
2025-12-24,1.269841194152832,1.27226459980011,1.2664319276809692,1.269921898841858,1.269921898841858,0.0
2025-12-26,1.2684882879257202,1.2700024843215942,1.2654703855514526,1.2689549922943115,1.2689549922943115,0.0
2025-12-29,1.267330765724182,1.269841194152832,1.2633440494537354,1.2670416831970217,1.2670416831970217,0.0
2025-12-30,1.267748475074768,1.269841194152832,1.2632005214691162,1.267909288406372,1.267909288406372,0.0
2025-12-31,1.2628655433654783,1.2635835409164429,1.259160399436951,1.2631046772003174,1.2631046772003174,0.0
2026-01-02,1.2626900672912598,1.2655985355377195,1.2593506574630735,1.2625784873962402,1.2625784873962402,0.0
2026-01-05,1.2607001066207886,1.2624667882919312,1.2551145553588867,1.260398268699646,1.260398268699646,0.0
2026-01-06,1.2625147104263306,1.2651821374893188,1.2566128969192505,1.2624667882919312,1.2624667882919312,0.0
2026-01-07,1.2567708492279053,1.2589701414108276,1.254374623298645,1.257071018218994,1.257071018218994,0.0
2026-01-08,1.253777027130127,1.2553352117538452,1.250781774520874,1.2536827325820925,1.2536827325820925,0.0
2026-01-09,1.2515331506729126,1.252018928527832,1.247302770614624,1.2515487670898438,1.2515487670898438,0.0
2026-01-12,1.2474738359451294,1.257228970527649,1.247411608695984,1.2476201057434082,1.2476201057434082,0.0
2026-01-13,1.2542487382888794,1.2554926872253418,1.2476917505264282,1.254138708114624,1.254138708114624,0.0
2026-01-14,1.2483927011489868,1.2528188228607178,1.2458264827728271,1.2484238147735596,1.2484238147735596,0.0
2026-01-15,1.2509382963180542,1.2510946989059448,1.2438429594039917,1.250437617301941,1.250437617301941,0.0
2026-01-16,1.245175004005432,1.24906325340271,1.2439203262329102,1.244678974151611,1.244678974151611,0.0
2026-01-19,1.2519404888153076,1.2558081150054932,1.2496719360351562,1.252003192901611,1.252003192901611,0.0
2026-01-20,1.253211259841919,1.268391728401184,1.252536416053772,1.2533055543899536,1.2533055543899536,0.0
2026-01-21,1.2662395238876345,1.267748475074768,1.2590969800949097,1.2666244506835938,1.2666244506835938,0.0
2026-01-22,1.2558554410934448,1.2663036584854126,1.2557923793792725,1.2556662559509275,1.2556662559509275,0.0
2026-01-23,1.2674272060394287,1.2700024843215942,1.2636314630508425,1.2674272060394287,1.2674272060394287,0.0
2026-01-26,1.2851983308792114,1.293359875679016,1.283186435699463,1.2855618000030518,1.2855618000030518,0.0
2026-01-27,1.2864383459091189,1.3058239221572876,1.28468656539917,1.286603927612305,1.286603927612305,0.0
2026-01-28,1.310753345489502,1.310787796974182,1.2960586547851562,1.3102725744247437,1.3102725744247437,0.0
2026-01-29,1.306045651435852,1.3077365159988403,1.298161864280701,1.3059263229370115,1.3059263229370115,0.0
2026-01-30,1.308284044265747,1.3092432022094729,1.2961090803146362,1.3081984519958496,1.3081984519958496,0.0
2026-02-02,1.292875051498413,1.2960586547851562,1.2794432640075684,1.292724609375,1.292724609375,0.0
2026-02-03,1.2836971282958984,1.2914557456970217,1.2835488319396973,1.2836805582046509,1.2836805582046509,0.0
2026-02-04,1.2891931533813477,1.2913223505020142,1.2862894535064695,1.2890584468841553,1.2890584468841553,0.0
2026-02-05,1.2865211963653564,1.2914056777954102,1.2843631505966189,1.2864879369735718,1.2864879369735718,0.0
2026-02-06,1.2859420776367188,1.2903226613998413,1.2844719886779783,1.2858428955078125,1.2858428955078125,0.0
2026-02-09,1.2889587879180908,1.3053808212280271,1.2879129648208618,1.2889422178268433,1.2889422178268433,0.0
2026-02-10,1.3036959171295166,1.310787796974182,1.302677035331726,1.3035770654678345,1.3035770654678345,0.0
2026-02-11,1.3009991645812988,1.3078734874725342,1.2937949895858765,1.3011176586151123,1.3011176586151123,0.0
2026-02-12,1.296730875968933,1.3046314716339111,1.2946324348449707,1.2967814207077026,1.2967814207077026,0.0
2026-02-13,1.299680233001709,1.3028297424316406,1.2961595058441162,1.2994606494903564,1.2994606494903564,0.0
2026-02-16,1.3017781972885132,1.3024225234985352,1.298161864280701,1.3017274141311646,1.3017274141311646,0.0
2026-02-17,1.2993594408035278,1.301236271858215,1.2922568321228027,1.299376368522644,1.299376368522644,0.0
2026-02-18,1.298380970954895,1.299038648605347,1.2949509620666504,1.2983640432357788,1.2983640432357788,0.0
2026-02-19,1.2945654392242432,1.2955045700073242,1.288294553756714,1.2950012683868408,1.2950012683868408,0.0
2026-02-20,1.2896901369094849,1.2933430671691897,1.2868191003799438,1.2897567749023438,1.2897567749023438,0.0
2026-02-23,1.2955213785171509,1.2969664335250854,1.2875149250030518,1.2958402633666992,1.2958402633666992,0.0
2026-02-24,1.2915891408920288,1.2936609983444214,1.2878299951553345,1.291605830192566,1.291605830192566,0.0
2026-02-25,1.2923235893249512,1.2956725358963013,1.2892080545425415,1.2924405336380005,1.2924405336380005,0.0
2026-02-26,1.2952144145965576,1.2970168590545654,1.2897900342941284,1.2951018810272217,1.2951018810272217,0.0
2026-02-27,1.293259620666504,1.3036110401153564,1.2922735214233398,1.2932761907577517,1.2932761907577517,0.0
2026-03-02,1.299545168876648,1.302405595779419,1.279967188835144,1.2994945049285889,1.2994945049285889,0.0
2026-03-03,1.2840760946273804,1.284488558769226,1.269357681274414,1.2841750383377075,1.2841750383377075,0.0
2026-03-04,1.2787396907806396,1.283861756324768,1.276487112045288,1.278903245925903,1.278903245925903,0.0
2026-03-05,1.283433437347412,1.2853471040725708,1.27681303024292,1.28344988822937,1.28344988822937,0.0
2026-03-06,1.2808197736740112,1.2866700887680054,1.2778899669647217,1.2809674739837646,1.2809674739837646,0.0
2026-03-09,1.2802129983901978,1.2858428955078125,1.2780206203460691,1.2800490856170654,1.2800490856170654,0.0
2026-03-10,1.285413146018982,1.290988802909851,1.2849836349487305,1.2855453491210938,1.2855453491210938,0.0
2026-03-11,1.2845380306243896,1.2878299951553345,1.281180739402771,1.2843928337097168,1.2843928337097168,0.0
2026-03-12,1.2790013551712036,1.2818869352340698,1.273836612701416,1.2791976928710938,1.2791976928710938,0.0
2026-03-13,1.2733501195907593,1.2746973037719729,1.26603102684021,1.2733337879180908,1.2733337879180908,0.0
2026-03-16,1.2660791873931885,1.2709709405899048,1.2623074054718018,1.2659510374069214,1.2659510374069214,0.0
2026-03-17,1.2687618732452393,1.2733986377716064,1.265854835510254,1.2689549922943115,1.2689549922943115,0.0
2026-03-18,1.2742263078689575,1.2747622728347778,1.2670094966888428,1.274258732795715,1.274258732795715,0.0
2026-03-19,1.2614476680755615,1.265214204788208,1.2567235231399536,1.261622667312622,1.261622667312622,0.0
2026-03-20,1.267459273338318,1.2729123830795288,1.265294313430786,1.267909288406372,1.267909288406372,0.0
2026-03-23,1.269615650177002,1.2758845090866089,1.2596203088760376,1.2693254947662354,1.2693254947662354,0.0
2026-03-24,1.2712295055389404,1.2720541954040527,1.2632802724838257,1.271617412567139,1.271617412567139,0.0
2026-03-25,1.2689871788024902,1.2706480026245115,1.2623871564865112,1.269035577774048,1.269035577774048,0.0
2026-03-26,1.2634239196777344,1.2640626430511477,1.259160399436951,1.2633440494537354,1.2633440494537354,0.0
2026-03-27,1.2586532831192017,1.2589701414108276,1.2531956434249878,1.2583681344985962,1.2583681344985962,0.0
2026-03-29,1.2502501010894775,1.2534469366073608,1.2480343580245972,1.250312566757202,1.250312566757202,0.0
2026-03-30,1.250296950340271,1.2534469366073608,1.2436264753341677,1.2501875162124634,1.2501875162124634,0.0
2026-03-31,1.2533526420593262,1.2643184661865234,1.2525520324707031,1.253714084625244,1.253714084625244,0.0
2026-04-01,1.2594616413116455,1.26103413105011,1.248751163482666,1.259525179862976,1.259525179862976,0.0
2026-04-02,1.2523324489593506,1.2537612915039062,1.249656319618225,1.2521443367004397,1.2521443367004397,0.0
2026-04-05,1.2483147382736206,1.2558711767196655,1.24725604057312,1.2482056617736816,1.2482056617736816,0.0
2026-04-06,1.252803087234497,1.2536041736602783,1.2483614683151243,1.2529758214950562,1.2529758214950562,0.0
2026-04-07,1.2654863595962524,1.270809531211853,1.2631845474243164,1.2651821374893188,1.2651821374893188,0.0
2026-04-08,1.2635515928268433,1.267748475074768,1.262434959411621,1.2635835409164429,1.2635835409164429,0.0
2026-04-09,1.264446258544922,1.273123025894165,1.2636314630508425,1.264430284500122,1.264430284500122,0.0
2026-04-12,1.2612248659133911,1.2706480026245115,1.261193037033081,1.261654496192932,1.261654496192932,0.0
2026-04-13,1.2764219045639038,1.2836971282958984,1.2759007215499878,1.27681303024292,1.27681303024292,0.0
2026-04-14,1.2804096937179563,1.2825446128845217,1.2770087718963623,1.2805572748184204,1.2805572748184204,0.0
2026-04-15,1.2799508571624756,1.282215595245361,1.275071144104004,1.2799016237258911,1.2799016237258911,0.0
2026-04-16,1.2766337394714355,1.2861074209213257,1.2755264043807983,1.27681303024292,1.27681303024292,0.0
2026-04-19,1.2760310173034668,1.2863390445709229,1.2760310173034668,1.2760635614395142,1.2760635614395142,0.0
2026-04-20,1.284521460533142,1.2848516702651978,1.2810165882110596,1.284505009651184,1.284505009651184,0.0
2026-04-21,1.2813448905944824,1.2833675146102903,1.276356816291809,1.2811479568481443,1.2811479568481443,0.0
2026-04-22,1.2740801572799685,1.2769761085510254,1.2723455429077148,1.2741774320602417,1.2741774320602417,0.0
2026-04-23,1.27192485332489,1.2746973037719729,1.2697445154190063,1.271876335144043,1.271876335144043,0.0
2026-04-26,1.2715365886688232,1.2771391868591309,1.2715365886688232,1.271779179573059,1.271779179573059,0.0
2026-04-27,1.273414969444275,1.2740639448165894,1.2640626430511477,1.273414969444275,1.273414969444275,0.0
2026-04-28,1.2676681280136108,1.2685364484786987,1.2633440494537354,1.2674431800842283,1.2674431800842283,0.0
2026-04-29,1.2651821374893188,1.2803276777267456,1.2622437477111816,1.2649260759353638,1.2649260759353638,0.0
2026-04-30,1.2793285846710205,1.2855123281478882,1.2772208452224731,1.2797542810440063,1.2797542810440063,0.0
2026-05-03,1.280032753944397,1.281952738761902,1.2744535207748413,1.2801966667175293,1.2801966667175293,0.0
2026-05-04,1.2755264043807983,1.2799180746078491,1.2742911577224731,1.2755590677261353,1.2755590677261353,0.0
2026-05-05,1.279737949371338,1.2866700887680054,1.27883780002594,1.2797870635986328,1.2797870635986328,0.0
2026-05-06,1.2839442491531372,1.2876641750335691,1.2832688093185425,1.2839277982711792,1.2839277982711792,0.0
2026-05-07,1.281328558921814,1.2876641750335691,1.2807377576828003,1.2817226648330688,1.2817226648330688,0.0
2026-05-10,1.2856941223144531,1.2876641750335691,1.2829229831695557,1.2857271432876587,1.2857271432876587,0.0
2026-05-11,1.2846699953079224,1.2853471040725708,1.2784616947174072,1.2850828170776367,1.2850828170776367,0.0
2026-05-12,1.281410574913025,1.2820841073989868,1.2771717309951782,1.2813777923583984,1.2813777923583984,0.0
2026-05-13,1.279361367225647,1.2807542085647583,1.2763893604278564,1.2795906066894531,1.2795906066894531,0.0
2026-05-14,1.2750873565673828,1.2757868766784668,1.270244598388672,1.2752174139022827,1.2752174139022827,0.0
2026-05-17,1.270163893699646,1.2748597860336304,1.269599437713623,1.2701799869537354,1.2701799869537354,0.0
2026-05-18,1.274616003036499,1.2748597860336304,1.2649741172790527,1.2747459411621094,1.2747459411621094,0.0
2026-05-19,1.2673628330230713,1.2724426984786987,1.2648141384124756,1.267748475074768,1.267748475074768,0.0
2026-05-20,1.2704704999923706,1.2725884914398191,1.2652462720870972,1.2707772254943848,1.2707772254943848,0.0
2026-05-21,1.2711325883865356,1.2744373083114624,1.269792914390564,1.2714558839797974,1.2714558839797974,0.0
2026-05-24,1.278380036354065,1.2807377576828003,1.2764219045639038,1.2782983779907229,1.2782983779907229,0.0
2026-05-25,1.277090311050415,1.2776286602020264,1.2716498374938965,1.277106523513794,1.277106523513794,0.0
2026-05-26,1.2739015817642212,1.2749735116958618,1.2703897953033447,1.2737069129943848,1.2737069129943848,0.0
2026-05-27,1.2691160440444946,1.2754125595092771,1.2659990787506104,1.269261121749878,1.269261121749878,0.0
2026-05-28,1.2759984731674194,1.282265067100525,1.2744535207748413,1.2760635614395142,1.2760635614395142,0.0
2026-05-31,1.278608798980713,1.2792631387710571,1.2685203552246094,1.2790013551712036,1.2790013551712036,0.0
2026-06-01,1.2721028327941897,1.275022268295288,1.2704542875289917,1.2720379829406738,1.2720379829406738,0.0
2026-06-02,1.2684721946716309,1.2703253030776978,1.2638709545135498,1.2686330080032349,1.2686330080032349,0.0
2026-06-03,1.2641266584396362,1.2709709405899048,1.2623074054718018,1.2641745805740356,1.2641745805740356,0.0
2026-06-04,1.2674753665924072,1.27048659324646,1.256865620613098,1.2675877809524536,1.2675877809524536,0.0
2026-06-07,1.2555242776870728,1.2582731246948242,1.2521599531173706,1.255618929862976,1.255618929862976,0.0
2026-06-08,1.2526462078094482,1.2580199241638184,1.2525520324707031,1.25286602973938,1.25286602973938,0.0
2026-06-09,1.2512356042861938,1.2558081150054932,1.2508443593978882,1.251157283782959,1.251157283782959,0.0
2026-06-10,1.2504220008850098,1.253289818763733,1.248907208442688,1.2500780820846558,1.2500780820846558,0.0
2026-06-11,1.2575452327728271,1.2581939697265625,1.2538713216781616,1.2577824592590332,1.2577824592590332,0.0
2026-06-14,1.2600648403167725,1.26262629032135,1.258320689201355,1.2596044540405271,1.2596044540405271,0.0
2026-06-15,1.2586848735809326,1.261988878250122,1.2564393281936646,1.258764147758484,1.258764147758484,0.0
2026-06-16,1.2608751058578491,1.2643823623657229,1.2599060535430908,1.260859131813049,1.260859131813049,0.0
2026-06-17,1.2516897916793823,1.2529758214950562,1.2423903942108154,1.2509225606918335,1.2509225606918335,0.0
2026-06-18,1.242714524269104,1.243255376815796,1.2360328435897827,1.2423903942108154,1.2423903942108154,0.0
2026-06-21,1.23763906955719,1.239464521408081,1.2351778745651243,1.2376697063446045,1.2376697063446045,0.0
2026-06-22,1.236537218093872,1.2384361028671265,1.234141230583191,1.2363996505737305,1.2363996505737305,0.0
2026-06-23,1.2350252866744995,1.2353914976119995,1.2286672592163086,1.235010027885437,1.235010027885437,0.0
2026-06-24,1.2305269241333008,1.2360938787460327,1.2293469905853271,1.2306480407714844,1.2306480407714844,0.0
2026-06-25,1.2339890003204346,1.239618182182312,1.232923984527588,1.2337758541107178,1.2337758541107178,0.0
2026-06-28,1.2343544960021973,1.237930178642273,1.2343544960021973,1.2344613075256348,1.2344613075256348,0.0
2026-06-29,1.2380222082138062,1.2401869297027588,1.2344155311584473,1.238236665725708,1.238236665725708,0.0
2026-06-30,1.2367665767669678,1.237930178642273,1.231618046760559,1.2365524768829346,1.2365524768829346,0.0
2026-07-01,1.2358494997024536,1.248455047607422,1.2351168394088743,1.2358648777008057,1.2358648777008057,0.0
2026-07-02,1.2433634996414185,1.2485953569412231,1.242791771888733,1.2431471347808838,1.2431471347808838,0.0
2026-07-05,1.243982195854187,1.2450199127197266,1.2387429475784302,1.244090557098389,1.244090557098389,0.0
2026-07-06,1.2420508861541748,1.242529273033142,1.238957762718201,1.242112636566162,1.242112636566162,0.0
2026-07-07,1.2361397743225098,1.240386962890625,1.2334105968475342,1.236369013786316,1.236369013786316,0.0
2026-07-08,1.2379761934280396,1.242081642150879,1.2376850843429563,1.2375319004058838,1.2375319004058838,0.0
2026-07-09,1.2399410009384155,1.2453300952911377,1.2372562885284424,1.2398641109466553,1.2398641109466553,0.0
2026-07-12,1.235605239868164,1.2384514808654783,1.230451226234436,1.2355440855026243,1.2355440855026243,0.0
2026-07-13,1.2275662422180176,1.2405717372894287,1.2269337177276611,1.227400541305542,1.227400541305542,0.0
2026-07-14,1.2360938787460327,1.2402331829071045,1.2324225902557373,1.2360023260116575,1.2360023260116575,0.0
2026-07-15,1.2430853843688965,1.2430853843688965,1.236445426940918,1.2427608966827393,1.2427608966827393,0.0
2026-07-16,1.2369195222854614,1.2406947612762451,1.2357884645462036,1.2371491193771362,1.2371491193771362,0.0
2026-07-19,1.2368888854980469,1.240417718887329,1.233638882637024,1.2369807958602903,1.2369807958602903,0.0
2026-07-20,1.2346594333648682,1.2359411716461182,1.2302544116973877,1.2345222234725952,1.2345222234725952,0.0
2026-07-21,1.230451226234436,1.2324377298355105,1.2288635969161987,1.2309207916259766,1.2309207916259766,0.0
2026-07-22,1.228380560874939,1.2303149700164795,1.2228227853775024,1.228199481964111,1.228199481964111,0.0
2026-07-23,1.2240052223205566,1.2266929149627686,1.2217769622802734,1.2241849899291992,1.2241849899291992,0.0
2026-07-26,1.2255502939224243,1.228712558746338,1.2210757732391355,1.2250999212265017,1.2250999212265017,0.0
2026-07-27,1.220256209373474,1.2244398593902588,1.21881365776062,1.2205779552459717,1.2205779552459717,0.0
2026-07-28,1.219943642616272,1.224289894104004,1.2188730239868164,1.2203158140182495,1.2203158140182495,0.0
2026-07-29,1.2294830083847046,1.2431317567825315,1.2233463525772097,1.2294225692749023,1.2294225692749023,0.0
2026-07-30,1.240971922874451,1.2414649724960327,1.2304966449737549,1.2410489320755005,1.2410489320755005,0.0
2026-08-02,1.2385895252227783,1.241187572479248,1.2324529886245728,1.2391574382781982,1.2391574382781982,0.0
2026-08-03,1.2342326641082764,1.2377768754959106,1.2336997985839844,1.2340041399002075,1.2340041399002075,0.0
2026-08-04,1.2358494997024536,1.240079402923584,1.2344307899475098,1.2359106540679932,1.2359106540679932,0.0
2026-08-05,1.239464521408081,1.2408487796783447,1.2292109727859497,1.2396643161773682,1.2396643161773682,0.0
2026-08-06,1.2306026220321655,1.2408795356750488,1.23016357421875,1.230905532836914,1.230905532836914,0.0
2026-08-09,1.237210392951965,1.2391726970672607,1.2343850135803225,1.237363338470459,1.237363338470459,0.0
2026-08-10,1.234948992729187,1.235635757446289,1.232103705406189,1.234842300415039,1.234842300415039,0.0
2026-08-11,1.232908844947815,1.2351778745651243,1.2303452491760254,1.2330151796340942,1.2330151796340942,0.0
2026-08-12,1.229770302772522,1.2326656579971311,1.2277621030807495,1.23016357421875,1.23016357421875,0.0
2026-08-13,1.2283201217651367,1.2339584827423096,1.2279430627822876,1.2283201217651367,1.2283201217651367,0.0
2026-08-16,1.2306783199310305,1.2387735843658447,1.2306783199310305,1.2305420637130735,1.2305420637130735,0.0
2026-08-17,1.233638882637024,1.2341108322143557,1.2302392721176147,1.233684539794922,1.233684539794922,0.0
2026-08-18,1.2311025857925415,1.2523324489593506,1.2304056882858276,1.2311631441116333,1.2311631441116333,0.0
2026-08-19,1.2535254955291748,1.2581782341003418,1.2491724491119385,1.2534940242767334,1.2534940242767334,0.0
2026-08-20,1.2503595352172852,1.2526618242263794,1.247007131576538,1.2506409883499146,1.2506409883499146,0.0
2026-08-23,1.249219298362732,1.250484585762024,1.2456713914871216,1.2490164041519165,1.2490164041519165,0.0
2026-08-24,1.246618628501892,1.2472249269485474,1.243610978126526,1.2468827962875366,1.2468827962875366,0.0
2026-08-25,1.2472249269485474,1.2478163242340088,1.2403100728988647,1.2473182678222656,1.2473182678222656,0.0
2026-08-26,1.2421588897705078,1.2453300952911377,1.2405869960784912,1.2421588897705078,1.2421588897705078,0.0
2026-08-27,1.244044065475464,1.2450199127197266,1.2366595268249512,1.244152545928955,1.244152545928955,0.0
2026-08-30,1.2364301681518557,1.2393723726272583,1.235193133354187,1.236338496208191,1.236338496208191,0.0
2026-08-31,1.23704195022583,1.2378076314926147,1.2313603162765503,1.237317442893982,1.237317442893982,0.0
2026-09-01,1.2317394018173218,1.2321339845657349,1.2261061668395996,1.2319822311401367,1.2319822311401367,0.0
2026-09-02,1.2301287651062012,1.240402340888977,1.2299367189407349,1.230042576789856,1.230042576789856,0.0
2026-09-03,1.238420844078064,1.2388503551483154,1.2310874462127686,1.2383747100830078,1.2383747100830078,0.0
2026-09-06,1.2347203493118286,1.2371643781661987,1.233228087425232,1.2346745729446411,1.2346745729446411,0.0
2026-09-07,1.236338496208191,1.237884283065796,1.2315573692321775,1.2361092567443848,1.2361092567443848,0.0
2026-09-08,1.2361702919006348,1.2397719621658323,1.2332433462142944,1.2359259128570557,1.2359259128570557,0.0
2026-09-09,1.2345983982086182,1.237317442893982,1.2275210618972778,1.2345678806304932,1.2345678806304932,0.0
2026-09-10,1.229921579360962,1.2309207916259766,1.2241250276565552,1.2296794652938845,1.2296794652938845,0.0
2026-09-13,1.2246947288513184,1.2252049446105957,1.2203158140182495,1.2245148420333862,1.2245148420333862,0.0
2026-09-14,1.2236007452011108,1.2243798971176147,1.219720482826233,1.2238404750823977,1.2238404750823977,0.0
2026-09-15,1.22089684009552,1.222942352294922,1.220077633857727,1.2209028005599976,1.2209028005599976,0.0
2026-09-16,1.2115777730941772,1.216071605682373,1.2104192972183228,1.2116512060165403,1.2116512060165403,0.0
2026-09-18,1.2136363983154297,1.2157611846923828,1.2106683254241943,1.2141964435577393,1.2141964435577393,0.0
