date,company,ticker,adj_close,source_url,base_date,base_adj_close,price_index
2019-01-02,Deckers,DECK,21.57333374023437,https://query2.finance.yahoo.com/v8/finance/chart/DECK,2019-01-02,21.57333374023437,100.0
2019-01-03,Deckers,DECK,20.96833229064941,https://query2.finance.yahoo.com/v8/finance/chart/DECK,2019-01-02,21.57333374023437,97.1956052000594
2019-01-04,Deckers,DECK,20.29833221435547,https://query2.finance.yahoo.com/v8/finance/chart/DECK,2019-01-02,21.57333374023437,94.08991887284894
2019-01-07,Deckers,DECK,20.850000381469727,https://query2.finance.yahoo.com/v8/finance/chart/DECK,2019-01-02,21.57333374023437,96.64709512459066
2019-01-08,Deckers,DECK,21.003332138061523,https://query2.finance.yahoo.com/v8/finance/chart/DECK,2019-01-02,21.57333374023437,97.35784181973789
2019-01-09,Deckers,DECK,21.10333251953125,https://query2.finance.yahoo.com/v8/finance/chart/DECK,2019-01-02,21.57333374023437,97.82137880791893
2019-01-10,Deckers,DECK,18.934999465942383,https://query2.finance.yahoo.com/v8/finance/chart/DECK,2019-01-02,21.57333374023437,87.77039141905323
2019-01-11,Deckers,DECK,18.88333320617676,https://query2.finance.yahoo.com/v8/finance/chart/DECK,2019-01-02,21.57333374023437,87.53090010821673
2019-01-14,Deckers,DECK,18.959999084472656,https://query2.finance.yahoo.com/v8/finance/chart/DECK,2019-01-02,21.57333374023437,87.88627345579032
2019-01-15,Deckers,DECK,18.97833251953125,https://query2.finance.yahoo.com/v8/finance/chart/DECK,2019-01-02,21.57333374023437,87.97125538431072
2019-01-16,Deckers,DECK,19.1433334350586,https://query2.finance.yahoo.com/v8/finance/chart/DECK,2019-01-02,21.57333374023437,88.73609274099437
2019-01-17,Deckers,DECK,19.59499931335449,https://query2.finance.yahoo.com/v8/finance/chart/DECK,2019-01-02,21.57333374023437,90.82972316332231
2019-01-18,Deckers,DECK,19.81166648864746,https://query2.finance.yahoo.com/v8/finance/chart/DECK,2019-01-02,21.57333374023437,91.83405183084248
2019-01-22,Deckers,DECK,20.18000030517578,https://query2.finance.yahoo.com/v8/finance/chart/DECK,2019-01-02,21.57333374023437,93.54140879738019
2019-01-23,Deckers,DECK,20.59166717529297,https://query2.finance.yahoo.com/v8/finance/chart/DECK,2019-01-02,21.57333374023437,95.44962972917537
2019-01-24,Deckers,DECK,20.48833274841309,https://query2.finance.yahoo.com/v8/finance/chart/DECK,2019-01-02,21.57333374023437,94.97063826626967
2019-01-25,Deckers,DECK,20.8933334350586,https://query2.finance.yahoo.com/v8/finance/chart/DECK,2019-01-02,21.57333374023437,96.8479590898482
2019-01-28,Deckers,DECK,20.99833297729492,https://query2.finance.yahoo.com/v8/finance/chart/DECK,2019-01-02,21.57333374023437,97.33466894888352
2019-01-29,Deckers,DECK,20.83666610717773,https://query2.finance.yahoo.com/v8/finance/chart/DECK,2019-01-02,21.57333374023437,96.5852860669246
2019-01-30,Deckers,DECK,21.18833351135254,https://query2.finance.yahoo.com/v8/finance/chart/DECK,2019-01-02,21.57333374023437,98.21538834230425
2019-01-31,Deckers,DECK,21.40833282470703,https://query2.finance.yahoo.com/v8/finance/chart/DECK,2019-01-02,21.57333374023437,99.2351626433164
2019-02-01,Deckers,DECK,23.64666748046875,https://query2.finance.yahoo.com/v8/finance/chart/DECK,2019-01-02,21.57333374023437,109.61063211277171
2019-02-04,Deckers,DECK,23.2549991607666,https://query2.finance.yahoo.com/v8/finance/chart/DECK,2019-01-02,21.57333374023437,107.79511150562658
2019-02-05,Deckers,DECK,23.225000381469727,https://query2.finance.yahoo.com/v8/finance/chart/DECK,2019-01-02,21.57333374023437,107.65605659803514
2019-02-06,Deckers,DECK,23.551666259765625,https://query2.finance.yahoo.com/v8/finance/chart/DECK,2019-01-02,21.57333374023437,109.17026799544502
2019-02-07,Deckers,DECK,23.45166778564453,https://query2.finance.yahoo.com/v8/finance/chart/DECK,2019-01-02,21.57333374023437,108.70673984849665
2019-02-08,Deckers,DECK,23.51000022888184,https://query2.finance.yahoo.com/v8/finance/chart/DECK,2019-01-02,21.57333374023437,108.97713126754988
2019-02-11,Deckers,DECK,23.976667404174805,https://query2.finance.yahoo.com/v8/finance/chart/DECK,2019-01-02,21.57333374023437,111.14029798490627
2019-02-12,Deckers,DECK,24.01000022888184,https://query2.finance.yahoo.com/v8/finance/chart/DECK,2019-01-02,21.57333374023437,111.2948073672224
2019-02-13,Deckers,DECK,23.96333312988281,https://query2.finance.yahoo.com/v8/finance/chart/DECK,2019-01-02,21.57333374023437,111.07848892724019
2019-02-14,Deckers,DECK,23.77666664123535,https://query2.finance.yahoo.com/v8/finance/chart/DECK,2019-01-02,21.57333374023437,110.21322400854419
2019-02-15,Deckers,DECK,24.38166618347168,https://query2.finance.yahoo.com/v8/finance/chart/DECK,2019-01-02,21.57333374023437,113.0176099672521
2019-02-19,Deckers,DECK,24.2683334350586,https://query2.finance.yahoo.com/v8/finance/chart/DECK,2019-01-02,21.57333374023437,112.49227276263773
2019-02-20,Deckers,DECK,23.96166610717773,https://query2.finance.yahoo.com/v8/finance/chart/DECK,2019-01-02,21.57333374023437,111.07076168987784
2019-02-21,Deckers,DECK,23.87666702270508,https://query2.finance.yahoo.com/v8/finance/chart/DECK,2019-01-02,21.57333374023437,110.67676099672525
2019-02-22,Deckers,DECK,24.15166664123535,https://query2.finance.yahoo.com/v8/finance/chart/DECK,2019-01-02,21.57333374023437,111.95148108329857
2019-02-25,Deckers,DECK,24.65999984741211,https://query2.finance.yahoo.com/v8/finance/chart/DECK,2019-01-02,21.57333374023437,114.30778452855013
2019-02-26,Deckers,DECK,24.76499938964844,https://query2.finance.yahoo.com/v8/finance/chart/DECK,2019-01-02,21.57333374023437,114.79449438758553
2019-02-27,Deckers,DECK,24.75666618347168,https://query2.finance.yahoo.com/v8/finance/chart/DECK,2019-01-02,21.57333374023437,114.75586704200649
2019-02-28,Deckers,DECK,24.65833282470703,https://query2.finance.yahoo.com/v8/finance/chart/DECK,2019-01-02,21.57333374023437,114.30005729118778
2019-03-01,Deckers,DECK,24.645000457763672,https://query2.finance.yahoo.com/v8/finance/chart/DECK,2019-01-02,21.57333374023437,114.23825707475442
2019-03-04,Deckers,DECK,24.161666870117188,https://query2.finance.yahoo.com/v8/finance/chart/DECK,2019-01-02,21.57333374023437,111.99783566623995
2019-03-05,Deckers,DECK,24.12166786193848,https://query2.finance.yahoo.com/v8/finance/chart/DECK,2019-01-02,21.57333374023437,111.81242617570716
2019-03-06,Deckers,DECK,23.84666633605957,https://query2.finance.yahoo.com/v8/finance/chart/DECK,2019-01-02,21.57333374023437,110.53769724790111
2019-03-07,Deckers,DECK,23.65999984741211,https://query2.finance.yahoo.com/v8/finance/chart/DECK,2019-01-02,21.57333374023437,109.67243232920508
2019-03-08,Deckers,DECK,23.50166702270508,https://query2.finance.yahoo.com/v8/finance/chart/DECK,2019-01-02,21.57333374023437,108.93850392197085
2019-03-11,Deckers,DECK,23.786666870117188,https://query2.finance.yahoo.com/v8/finance/chart/DECK,2019-01-02,21.57333374023437,110.25957859148556
2019-03-12,Deckers,DECK,23.63166618347168,https://query2.finance.yahoo.com/v8/finance/chart/DECK,2019-01-02,21.57333374023437,109.54109581774331
2019-03-13,Deckers,DECK,23.70833206176757,https://query2.finance.yahoo.com/v8/finance/chart/DECK,2019-01-02,21.57333374023437,109.89646916531689
2019-03-14,Deckers,DECK,23.780000686645508,https://query2.finance.yahoo.com/v8/finance/chart/DECK,2019-01-02,21.57333374023437,110.22867848326887
2019-03-15,Deckers,DECK,23.628332138061523,https://query2.finance.yahoo.com/v8/finance/chart/DECK,2019-01-02,21.57333374023437,109.52564134301862
2019-03-18,Deckers,DECK,24.100000381469727,https://query2.finance.yahoo.com/v8/finance/chart/DECK,2019-01-02,21.57333374023437,111.71198977246205
2019-03-19,Deckers,DECK,24.28333282470703,https://query2.finance.yahoo.com/v8/finance/chart/DECK,2019-01-02,21.57333374023437,112.5618002164334
2019-03-20,Deckers,DECK,24.06833267211914,https://query2.finance.yahoo.com/v8/finance/chart/DECK,2019-01-02,21.57333374023437,111.5651987862756
2019-03-21,Deckers,DECK,24.36833381652832,https://query2.finance.yahoo.com/v8/finance/chart/DECK,2019-01-02,21.57333374023437,112.95580975081872
2019-03-22,Deckers,DECK,23.418333053588867,https://query2.finance.yahoo.com/v8/finance/chart/DECK,2019-01-02,21.57333374023437,108.55222162494785
2019-03-25,Deckers,DECK,23.850000381469727,https://query2.finance.yahoo.com/v8/finance/chart/DECK,2019-01-02,21.57333374023437,110.5531517226258
2019-03-26,Deckers,DECK,23.8933334350586,https://query2.finance.yahoo.com/v8/finance/chart/DECK,2019-01-02,21.57333374023437,110.75401568788332
2019-03-27,Deckers,DECK,24.07999992370605,https://query2.finance.yahoo.com/v8/finance/chart/DECK,2019-01-02,21.57333374023437,111.6192806065793
2019-03-28,Deckers,DECK,24.49666786193848,https://query2.finance.yahoo.com/v8/finance/chart/DECK,2019-01-02,21.57333374023437,113.55068325046155
2019-03-29,Deckers,DECK,24.49833297729492,https://query2.finance.yahoo.com/v8/finance/chart/DECK,2019-01-02,21.57333374023437,113.55840164659118
2019-04-01,Deckers,DECK,24.47333335876465,https://query2.finance.yahoo.com/v8/finance/chart/DECK,2019-01-02,21.57333374023437,113.4425196098541
2019-04-02,Deckers,DECK,23.87166786193848,https://query2.finance.yahoo.com/v8/finance/chart/DECK,2019-01-02,21.57333374023437,110.6535881258709
2019-04-03,Deckers,DECK,23.89999961853028,https://query2.finance.yahoo.com/v8/finance/chart/DECK,2019-01-02,21.57333374023437,110.78491579610001
2019-04-04,Deckers,DECK,24.18833351135254,https://query2.finance.yahoo.com/v8/finance/chart/DECK,2019-01-02,21.57333374023437,112.12144494033939
2019-04-05,Deckers,DECK,24.48666763305664,https://query2.finance.yahoo.com/v8/finance/chart/DECK,2019-01-02,21.57333374023437,113.50432866752016
2019-04-08,Deckers,DECK,24.171667098999023,https://query2.finance.yahoo.com/v8/finance/chart/DECK,2019-01-02,21.57333374023437,112.04419024918133
2019-04-09,Deckers,DECK,24.308332443237305,https://query2.finance.yahoo.com/v8/finance/chart/DECK,2019-01-02,21.57333374023437,112.67768225317049
2019-04-10,Deckers,DECK,24.703332901000977,https://query2.finance.yahoo.com/v8/finance/chart/DECK,2019-01-02,21.57333374023437,114.50864849380761
2019-04-11,Deckers,DECK,24.99166679382324,https://query2.finance.yahoo.com/v8/finance/chart/DECK,2019-01-02,21.57333374023437,115.845177638047
2019-04-12,Deckers,DECK,25.270000457763672,https://query2.finance.yahoo.com/v8/finance/chart/DECK,2019-01-02,21.57333374023437,117.13535219934506
2019-04-15,Deckers,DECK,25.40833282470703,https://query2.finance.yahoo.com/v8/finance/chart/DECK,2019-01-02,21.57333374023437,117.77657144069657
2019-04-16,Deckers,DECK,25.21333312988281,https://query2.finance.yahoo.com/v8/finance/chart/DECK,2019-01-02,21.57333374023437,116.87267917642149
2019-04-17,Deckers,DECK,25.453332901000977,https://query2.finance.yahoo.com/v8/finance/chart/DECK,2019-01-02,21.57333374023437,117.9851626433164
2019-04-18,Deckers,DECK,25.56666755676269,https://query2.finance.yahoo.com/v8/finance/chart/DECK,2019-01-02,21.57333374023437,118.51050868916347
2019-04-22,Deckers,DECK,24.97833251953125,https://query2.finance.yahoo.com/v8/finance/chart/DECK,2019-01-02,21.57333374023437,115.78336858038097
2019-04-23,Deckers,DECK,25.328332901000977,https://query2.finance.yahoo.com/v8/finance/chart/DECK,2019-01-02,21.57333374023437,117.40574361839828
2019-04-24,Deckers,DECK,25.791667938232425,https://query2.finance.yahoo.com/v8/finance/chart/DECK,2019-01-02,21.57333374023437,119.55346470226269
2019-04-25,Deckers,DECK,25.76666641235352,https://query2.finance.yahoo.com/v8/finance/chart/DECK,2019-01-02,21.57333374023437,119.43757382429293
2019-04-26,Deckers,DECK,25.86166763305664,https://query2.finance.yahoo.com/v8/finance/chart/DECK,2019-01-02,21.57333374023437,119.87793794161959
2019-04-29,Deckers,DECK,26.27166748046875,https://query2.finance.yahoo.com/v8/finance/chart/DECK,2019-01-02,21.57333374023437,121.77843163605245
2019-04-30,Deckers,DECK,26.36833381652832,https://query2.finance.yahoo.com/v8/finance/chart/DECK,2019-01-02,21.57333374023437,122.2265141495088
2019-05-01,Deckers,DECK,26.09333229064941,https://query2.finance.yahoo.com/v8/finance/chart/DECK,2019-01-02,21.57333374023437,120.95178522170275
2019-05-02,Deckers,DECK,26.3700008392334,https://query2.finance.yahoo.com/v8/finance/chart/DECK,2019-01-02,21.57333374023437,122.23424138687115
2019-05-03,Deckers,DECK,26.483333587646484,https://query2.finance.yahoo.com/v8/finance/chart/DECK,2019-01-02,21.57333374023437,122.75957859148556
2019-05-06,Deckers,DECK,26.28499984741211,https://query2.finance.yahoo.com/v8/finance/chart/DECK,2019-01-02,21.57333374023437,121.84023185248581
2019-05-07,Deckers,DECK,25.25833320617676,https://query2.finance.yahoo.com/v8/finance/chart/DECK,2019-01-02,21.57333374023437,117.08127037904137
2019-05-08,Deckers,DECK,25.10333251953125,https://query2.finance.yahoo.com/v8/finance/chart/DECK,2019-01-02,21.57333374023437,116.3627876052991
2019-05-09,Deckers,DECK,24.815000534057617,https://query2.finance.yahoo.com/v8/finance/chart/DECK,2019-01-02,21.57333374023437,115.02626730229237
2019-05-10,Deckers,DECK,24.35333251953125,https://query2.finance.yahoo.com/v8/finance/chart/DECK,2019-01-02,21.57333374023437,112.88627345579032
2019-05-13,Deckers,DECK,23.058332443237305,https://query2.finance.yahoo.com/v8/finance/chart/DECK,2019-01-02,21.57333374023437,106.88349200398918
2019-05-14,Deckers,DECK,24.13833236694336,https://query2.finance.yahoo.com/v8/finance/chart/DECK,2019-01-02,21.57333374023437,111.88967202563252
2019-05-15,Deckers,DECK,23.87333297729492,https://query2.finance.yahoo.com/v8/finance/chart/DECK,2019-01-02,21.57333374023437,110.66130652200052
2019-05-16,Deckers,DECK,24.08333206176757,https://query2.finance.yahoo.com/v8/finance/chart/DECK,2019-01-02,21.57333374023437,111.63472624007127
2019-05-17,Deckers,DECK,23.7683334350586,https://query2.finance.yahoo.com/v8/finance/chart/DECK,2019-01-02,21.57333374023437,110.1745966629652
2019-05-20,Deckers,DECK,23.790000915527344,https://query2.finance.yahoo.com/v8/finance/chart/DECK,2019-01-02,21.57333374023437,110.27503306621024
2019-05-21,Deckers,DECK,24.77833366394043,https://query2.finance.yahoo.com/v8/finance/chart/DECK,2019-01-02,21.57333374023437,114.85630344525157
2019-05-22,Deckers,DECK,25.01499938964844,https://query2.finance.yahoo.com/v8/finance/chart/DECK,2019-01-02,21.57333374023437,115.95333243742179
2019-05-23,Deckers,DECK,24.56833267211914,https://query2.finance.yahoo.com/v8/finance/chart/DECK,2019-01-02,21.57333374023437,113.88287488594811
2019-05-24,Deckers,DECK,25.57666778564453,https://query2.finance.yahoo.com/v8/finance/chart/DECK,2019-01-02,21.57333374023437,118.55686327210486
2019-05-28,Deckers,DECK,25.1433334350586,https://query2.finance.yahoo.com/v8/finance/chart/DECK,2019-01-02,21.57333374023437,116.54820593706464
2019-05-29,Deckers,DECK,25.20833206176757,https://query2.finance.yahoo.com/v8/finance/chart/DECK,2019-01-02,21.57333374023437,116.84949746433445
2019-05-30,Deckers,DECK,25.288333892822266,https://query2.finance.yahoo.com/v8/finance/chart/DECK,2019-01-02,21.57333374023437,117.22033412786546
2019-05-31,Deckers,DECK,25.350000381469727,https://query2.finance.yahoo.com/v8/finance/chart/DECK,2019-01-02,21.57333374023437,117.50618002164336
2019-06-03,Deckers,DECK,25.703332901000977,https://query2.finance.yahoo.com/v8/finance/chart/DECK,2019-01-02,21.57333374023437,119.14400069315266
2019-06-04,Deckers,DECK,25.86333274841309,https://query2.finance.yahoo.com/v8/finance/chart/DECK,2019-01-02,21.57333374023437,119.88565633774928
2019-06-05,Deckers,DECK,25.96500015258789,https://query2.finance.yahoo.com/v8/finance/chart/DECK,2019-01-02,21.57333374023437,120.35692056329263
2019-06-06,Deckers,DECK,25.93833351135254,https://query2.finance.yahoo.com/v8/finance/chart/DECK,2019-01-02,21.57333374023437,120.23331128919321
2019-06-07,Deckers,DECK,26.72166633605957,https://query2.finance.yahoo.com/v8/finance/chart/DECK,2019-01-02,21.57333374023437,123.8643348210181
2019-06-10,Deckers,DECK,27.34833335876465,https://query2.finance.yahoo.com/v8/finance/chart/DECK,2019-01-02,21.57333374023437,126.7691571829711
2019-06-11,Deckers,DECK,27.953332901000977,https://query2.finance.yahoo.com/v8/finance/chart/DECK,2019-01-02,21.57333374023437,129.573543141679
2019-06-12,Deckers,DECK,28.71666717529297,https://query2.finance.yahoo.com/v8/finance/chart/DECK,2019-01-02,21.57333374023437,133.11186634885385
2019-06-13,Deckers,DECK,29.364999771118164,https://query2.finance.yahoo.com/v8/finance/chart/DECK,2019-01-02,21.57333374023437,136.11711627281923
2019-06-14,Deckers,DECK,29.06166648864746,https://query2.finance.yahoo.com/v8/finance/chart/DECK,2019-01-02,21.57333374023437,134.7110596747841
2019-06-17,Deckers,DECK,28.858333587646484,https://query2.finance.yahoo.com/v8/finance/chart/DECK,2019-01-02,21.57333374023437,133.76854006493002
2019-06-18,Deckers,DECK,29.13666725158692,https://query2.finance.yahoo.com/v8/finance/chart/DECK,2019-01-02,21.57333374023437,135.05871462622812
2019-06-19,Deckers,DECK,29.06666755676269,https://query2.finance.yahoo.com/v8/finance/chart/DECK,2019-01-02,21.57333374023437,134.73424138687113
2019-06-20,Deckers,DECK,29.00833320617676,https://query2.finance.yahoo.com/v8/finance/chart/DECK,2019-01-02,21.57333374023437,134.46384112658527
2019-06-21,Deckers,DECK,29.25,https://query2.finance.yahoo.com/v8/finance/chart/DECK,2019-01-02,21.57333374023437,135.5840518308425
2019-06-24,Deckers,DECK,28.89999961853028,https://query2.finance.yahoo.com/v8/finance/chart/DECK,2019-01-02,21.57333374023437,133.96167679282522
2019-06-25,Deckers,DECK,28.655000686645508,https://query2.finance.yahoo.com/v8/finance/chart/DECK,2019-01-02,21.57333374023437,132.82602045507596
2019-06-26,Deckers,DECK,28.94833374023437,https://query2.finance.yahoo.com/v8/finance/chart/DECK,2019-01-02,21.57333374023437,134.18572247016968
2019-06-27,Deckers,DECK,29.206666946411133,https://query2.finance.yahoo.com/v8/finance/chart/DECK,2019-01-02,21.57333374023437,135.383187865585
2019-06-28,Deckers,DECK,29.328332901000977,https://query2.finance.yahoo.com/v8/finance/chart/DECK,2019-01-02,21.57333374023437,135.94715241577845
2019-07-01,Deckers,DECK,29.29833221435547,https://query2.finance.yahoo.com/v8/finance/chart/DECK,2019-01-02,21.57333374023437,135.80808866695432
2019-07-02,Deckers,DECK,28.90166664123535,https://query2.finance.yahoo.com/v8/finance/chart/DECK,2019-01-02,21.57333374023437,133.96940403018752
2019-07-03,Deckers,DECK,29.34666633605957,https://query2.finance.yahoo.com/v8/finance/chart/DECK,2019-01-02,21.57333374023437,136.03213434429884
2019-07-05,Deckers,DECK,29.48666763305664,https://query2.finance.yahoo.com/v8/finance/chart/DECK,2019-01-02,21.57333374023437,136.68108966424538
2019-07-08,Deckers,DECK,29.65333366394043,https://query2.finance.yahoo.com/v8/finance/chart/DECK,2019-01-02,21.57333374023437,137.45364541705865
2019-07-09,Deckers,DECK,29.031667709350582,https://query2.finance.yahoo.com/v8/finance/chart/DECK,2019-01-02,21.57333374023437,134.57200476719265
2019-07-10,Deckers,DECK,29.2683334350586,https://query2.finance.yahoo.com/v8/finance/chart/DECK,2019-01-02,21.57333374023437,135.66903375936292
2019-07-11,Deckers,DECK,28.831666946411133,https://query2.finance.yahoo.com/v8/finance/chart/DECK,2019-01-02,21.57333374023437,133.6449307908306
2019-07-12,Deckers,DECK,29.74833297729492,https://query2.finance.yahoo.com/v8/finance/chart/DECK,2019-01-02,21.57333374023437,137.89400069315263
2019-07-15,Deckers,DECK,29.3933334350586,https://query2.finance.yahoo.com/v8/finance/chart/DECK,2019-01-02,21.57333374023437,136.24845278428106
2019-07-16,Deckers,DECK,29.39999961853028,https://query2.finance.yahoo.com/v8/finance/chart/DECK,2019-01-02,21.57333374023437,136.27935289249774
2019-07-17,Deckers,DECK,29.190000534057617,https://query2.finance.yahoo.com/v8/finance/chart/DECK,2019-01-02,21.57333374023437,135.30593317442694
2019-07-18,Deckers,DECK,29.39666748046875,https://query2.finance.yahoo.com/v8/finance/chart/DECK,2019-01-02,21.57333374023437,136.2639072590057
2019-07-19,Deckers,DECK,29.040000915527344,https://query2.finance.yahoo.com/v8/finance/chart/DECK,2019-01-02,21.57333374023437,134.61063211277173
2019-07-22,Deckers,DECK,29.25666618347168,https://query2.finance.yahoo.com/v8/finance/chart/DECK,2019-01-02,21.57333374023437,135.61495193905918
2019-07-23,Deckers,DECK,29.690000534057617,https://query2.finance.yahoo.com/v8/finance/chart/DECK,2019-01-02,21.57333374023437,137.62360927409946
2019-07-24,Deckers,DECK,29.84333229064941,https://query2.finance.yahoo.com/v8/finance/chart/DECK,2019-01-02,21.57333374023437,138.33435596924664
2019-07-25,Deckers,DECK,29.59666633605957,https://query2.finance.yahoo.com/v8/finance/chart/DECK,2019-01-02,21.57333374023437,137.19097239413512
2019-07-26,Deckers,DECK,26.58666610717773,https://query2.finance.yahoo.com/v8/finance/chart/DECK,2019-01-02,21.57333374023437,123.23856121315858
2019-07-29,Deckers,DECK,26.559999465942383,https://query2.finance.yahoo.com/v8/finance/chart/DECK,2019-01-02,21.57333374023437,123.11495193905917
2019-07-30,Deckers,DECK,25.933332443237305,https://query2.finance.yahoo.com/v8/finance/chart/DECK,2019-01-02,21.57333374023437,120.21012957710617
2019-07-31,Deckers,DECK,26.046667098999023,https://query2.finance.yahoo.com/v8/finance/chart/DECK,2019-01-02,21.57333374023437,120.73547562295327
2019-08-01,Deckers,DECK,24.94166755676269,https://query2.finance.yahoo.com/v8/finance/chart/DECK,2019-01-02,21.57333374023437,115.61341356457282
2019-08-02,Deckers,DECK,24.47166633605957,https://query2.finance.yahoo.com/v8/finance/chart/DECK,2019-01-02,21.57333374023437,113.43479237249176
2019-08-05,Deckers,DECK,24.26499938964844,https://query2.finance.yahoo.com/v8/finance/chart/DECK,2019-01-02,21.57333374023437,112.47681828791302
2019-08-06,Deckers,DECK,24.84833335876465,https://query2.finance.yahoo.com/v8/finance/chart/DECK,2019-01-02,21.57333374023437,115.18077668460849
2019-08-07,Deckers,DECK,24.683332443237305,https://query2.finance.yahoo.com/v8/finance/chart/DECK,2019-01-02,21.57333374023437,114.41593932792487
2019-08-08,Deckers,DECK,24.84666633605957,https://query2.finance.yahoo.com/v8/finance/chart/DECK,2019-01-02,21.57333374023437,115.17304944724616
2019-08-09,Deckers,DECK,24.155000686645508,https://query2.finance.yahoo.com/v8/finance/chart/DECK,2019-01-02,21.57333374023437,111.96693555802327
2019-08-12,Deckers,DECK,23.84499931335449,https://query2.finance.yahoo.com/v8/finance/chart/DECK,2019-01-02,21.57333374023437,110.52997001053875
2019-08-13,Deckers,DECK,24.356666564941406,https://query2.finance.yahoo.com/v8/finance/chart/DECK,2019-01-02,21.57333374023437,112.90172793051501
2019-08-14,Deckers,DECK,22.898332595825195,https://query2.finance.yahoo.com/v8/finance/chart/DECK,2019-01-02,21.57333374023437,106.14183635939258
2019-08-15,Deckers,DECK,22.156667709350582,https://query2.finance.yahoo.com/v8/finance/chart/DECK,2019-01-02,21.57333374023437,102.7039583966955
2019-08-16,Deckers,DECK,22.38166618347168,https://query2.finance.yahoo.com/v8/finance/chart/DECK,2019-01-02,21.57333374023437,103.74690556856201
2019-08-19,Deckers,DECK,22.956666946411133,https://query2.finance.yahoo.com/v8/finance/chart/DECK,2019-01-02,21.57333374023437,106.41223661967848
2019-08-20,Deckers,DECK,22.905000686645508,https://query2.finance.yahoo.com/v8/finance/chart/DECK,2019-01-02,21.57333374023437,106.17274530884195
2019-08-21,Deckers,DECK,23.37333297729492,https://query2.finance.yahoo.com/v8/finance/chart/DECK,2019-01-02,21.57333374023437,108.343630422328
2019-08-22,Deckers,DECK,23.670000076293945,https://query2.finance.yahoo.com/v8/finance/chart/DECK,2019-01-02,21.57333374023437,109.71878691214646
2019-08-23,Deckers,DECK,22.71166610717773,https://query2.finance.yahoo.com/v8/finance/chart/DECK,2019-01-02,21.57333374023437,105.27657144069654
2019-08-26,Deckers,DECK,23.09000015258789,https://query2.finance.yahoo.com/v8/finance/chart/DECK,2019-01-02,21.57333374023437,107.03028299017564
2019-08-27,Deckers,DECK,23.44166755676269,https://query2.finance.yahoo.com/v8/finance/chart/DECK,2019-01-02,21.57333374023437,108.66038526555526
2019-08-28,Deckers,DECK,23.82666778564453,https://query2.finance.yahoo.com/v8/finance/chart/DECK,2019-01-02,21.57333374023437,110.44499692325104
2019-08-29,Deckers,DECK,24.413333892822266,https://query2.finance.yahoo.com/v8/finance/chart/DECK,2019-01-02,21.57333374023437,113.16440095343854
2019-08-30,Deckers,DECK,24.575000762939453,https://query2.finance.yahoo.com/v8/finance/chart/DECK,2019-01-02,21.57333374023437,113.91378383539748
2019-09-03,Deckers,DECK,24.24333381652832,https://query2.finance.yahoo.com/v8/finance/chart/DECK,2019-01-02,21.57333374023437,112.37639072590059
2019-09-04,Deckers,DECK,24.489999771118164,https://query2.finance.yahoo.com/v8/finance/chart/DECK,2019-01-02,21.57333374023437,113.51977430101216
2019-09-05,Deckers,DECK,25.6433334350586,https://query2.finance.yahoo.com/v8/finance/chart/DECK,2019-01-02,21.57333374023437,118.86588203673715
2019-09-06,Deckers,DECK,25.46500015258789,https://query2.finance.yahoo.com/v8/finance/chart/DECK,2019-01-02,21.57333374023437,118.03924446362012
2019-09-09,Deckers,DECK,25.850000381469727,https://query2.finance.yahoo.com/v8/finance/chart/DECK,2019-01-02,21.57333374023437,119.82385612131588
2019-09-10,Deckers,DECK,25.229999542236328,https://query2.finance.yahoo.com/v8/finance/chart/DECK,2019-01-02,21.57333374023437,116.94993386757957
2019-09-11,Deckers,DECK,24.956666946411133,https://query2.finance.yahoo.com/v8/finance/chart/DECK,2019-01-02,21.57333374023437,115.68294101836857
2019-09-12,Deckers,DECK,25.12166786193848,https://query2.finance.yahoo.com/v8/finance/chart/DECK,2019-01-02,21.57333374023437,116.44777837505221
2019-09-13,Deckers,DECK,24.64999961853028,https://query2.finance.yahoo.com/v8/finance/chart/DECK,2019-01-02,21.57333374023437,114.2614299456088
2019-09-16,Deckers,DECK,24.17333221435547,https://query2.finance.yahoo.com/v8/finance/chart/DECK,2019-01-02,21.57333374023437,112.05190864531099
2019-09-17,Deckers,DECK,23.834999084472656,https://query2.finance.yahoo.com/v8/finance/chart/DECK,2019-01-02,21.57333374023437,110.4836154275974
2019-09-18,Deckers,DECK,23.301666259765625,https://query2.finance.yahoo.com/v8/finance/chart/DECK,2019-01-02,21.57333374023437,108.01142994560875
2019-09-19,Deckers,DECK,23.01000022888184,https://query2.finance.yahoo.com/v8/finance/chart/DECK,2019-01-02,21.57333374023437,106.65945516787737
2019-09-20,Deckers,DECK,22.70833206176757,https://query2.finance.yahoo.com/v8/finance/chart/DECK,2019-01-02,21.57333374023437,105.26111696597184
2019-09-23,Deckers,DECK,22.64666748046875,https://query2.finance.yahoo.com/v8/finance/chart/DECK,2019-01-02,21.57333374023437,104.97527991342666
2019-09-24,Deckers,DECK,22.170000076293945,https://query2.finance.yahoo.com/v8/finance/chart/DECK,2019-01-02,21.57333374023437,102.7657586131289
2019-09-25,Deckers,DECK,22.39999961853028,https://query2.finance.yahoo.com/v8/finance/chart/DECK,2019-01-02,21.57333374023437,103.83188749708245
2019-09-26,Deckers,DECK,23.40166664123535,https://query2.finance.yahoo.com/v8/finance/chart/DECK,2019-01-02,21.57333374023437,108.4749669337898
2019-09-27,Deckers,DECK,23.854999542236328,https://query2.finance.yahoo.com/v8/finance/chart/DECK,2019-01-02,21.57333374023437,110.57632459348014
2019-09-30,Deckers,DECK,24.559999465942383,https://query2.finance.yahoo.com/v8/finance/chart/DECK,2019-01-02,21.57333374023437,113.84424754036908
2019-10-01,Deckers,DECK,24.405000686645508,https://query2.finance.yahoo.com/v8/finance/chart/DECK,2019-01-02,21.57333374023437,113.12577360785951
2019-10-02,Deckers,DECK,24.036666870117188,https://query2.finance.yahoo.com/v8/finance/chart/DECK,2019-01-02,21.57333374023437,111.41841664132181
2019-10-03,Deckers,DECK,24.33333206176757,https://query2.finance.yahoo.com/v8/finance/chart/DECK,2019-01-02,21.57333374023437,112.79356428990754
2019-10-04,Deckers,DECK,24.39666748046875,https://query2.finance.yahoo.com/v8/finance/chart/DECK,2019-01-02,21.57333374023437,113.08714626228048
2019-10-07,Deckers,DECK,23.98500061035156,https://query2.finance.yahoo.com/v8/finance/chart/DECK,2019-01-02,21.57333374023437,111.17892533048527
2019-10-08,Deckers,DECK,23.74333381652832,https://query2.finance.yahoo.com/v8/finance/chart/DECK,2019-01-02,21.57333374023437,110.05871462622807
2019-10-09,Deckers,DECK,24.0049991607666,https://query2.finance.yahoo.com/v8/finance/chart/DECK,2019-01-02,21.57333374023437,111.27162565513537
2019-10-10,Deckers,DECK,23.95499992370605,https://query2.finance.yahoo.com/v8/finance/chart/DECK,2019-01-02,21.57333374023437,111.03986158166116
2019-10-11,Deckers,DECK,25.68000030517578,https://query2.finance.yahoo.com/v8/finance/chart/DECK,2019-01-02,21.57333374023437,119.03584589377792
2019-10-14,Deckers,DECK,25.565000534057617,https://query2.finance.yahoo.com/v8/finance/chart/DECK,2019-01-02,21.57333374023437,118.50278145180116
2019-10-15,Deckers,DECK,25.59333229064941,https://query2.finance.yahoo.com/v8/finance/chart/DECK,2019-01-02,21.57333374023437,118.63410912203022
2019-10-16,Deckers,DECK,25.61333274841309,https://query2.finance.yahoo.com/v8/finance/chart/DECK,2019-01-02,21.57333374023437,118.72681828791302
2019-10-17,Deckers,DECK,26.34833335876465,https://query2.finance.yahoo.com/v8/finance/chart/DECK,2019-01-02,21.57333374023437,122.13380498362606
2019-10-18,Deckers,DECK,26.15166664123535,https://query2.finance.yahoo.com/v8/finance/chart/DECK,2019-01-02,21.57333374023437,121.22218548198866
2019-10-21,Deckers,DECK,26.38833236694336,https://query2.finance.yahoo.com/v8/finance/chart/DECK,2019-01-02,21.57333374023437,122.31921447415887
2019-10-22,Deckers,DECK,26.33833312988281,https://query2.finance.yahoo.com/v8/finance/chart/DECK,2019-01-02,21.57333374023437,122.08745040068466
2019-10-23,Deckers,DECK,25.71500015258789,https://query2.finance.yahoo.com/v8/finance/chart/DECK,2019-01-02,21.57333374023437,119.19808251345637
2019-10-24,Deckers,DECK,26.003332138061523,https://query2.finance.yahoo.com/v8/finance/chart/DECK,2019-01-02,21.57333374023437,120.5346028164631
2019-10-25,Deckers,DECK,25.14666748046875,https://query2.finance.yahoo.com/v8/finance/chart/DECK,2019-01-02,21.57333374023437,116.56366041178927
2019-10-28,Deckers,DECK,24.68833351135254,https://query2.finance.yahoo.com/v8/finance/chart/DECK,2019-01-02,21.57333374023437,114.4391210400119
2019-10-29,Deckers,DECK,24.97166633605957,https://query2.finance.yahoo.com/v8/finance/chart/DECK,2019-01-02,21.57333374023437,115.75246847216428
2019-10-30,Deckers,DECK,25.19499969482422,https://query2.finance.yahoo.com/v8/finance/chart/DECK,2019-01-02,21.57333374023437,116.78769724790111
2019-10-31,Deckers,DECK,25.483333587646484,https://query2.finance.yahoo.com/v8/finance/chart/DECK,2019-01-02,21.57333374023437,118.12422639214051
2019-11-01,Deckers,DECK,25.858333587646484,https://query2.finance.yahoo.com/v8/finance/chart/DECK,2019-01-02,21.57333374023437,119.86248346689491
2019-11-04,Deckers,DECK,26.676666259765625,https://query2.finance.yahoo.com/v8/finance/chart/DECK,2019-01-02,21.57333374023437,123.65574361839828
2019-11-05,Deckers,DECK,27.13666725158692,https://query2.finance.yahoo.com/v8/finance/chart/DECK,2019-01-02,21.57333374023437,125.78801022753802
2019-11-06,Deckers,DECK,27.165000915527344,https://query2.finance.yahoo.com/v8/finance/chart/DECK,2019-01-02,21.57333374023437,125.91934673899976
2019-11-07,Deckers,DECK,27.01000022888184,https://query2.finance.yahoo.com/v8/finance/chart/DECK,2019-01-02,21.57333374023437,125.20086396525754
2019-11-08,Deckers,DECK,27.23500061035156,https://query2.finance.yahoo.com/v8/finance/chart/DECK,2019-01-02,21.57333374023437,126.24381997835667
2019-11-11,Deckers,DECK,27.411666870117188,https://query2.finance.yahoo.com/v8/finance/chart/DECK,2019-01-02,21.57333374023437,127.06273031411133
2019-11-12,Deckers,DECK,27.364999771118164,https://query2.finance.yahoo.com/v8/finance/chart/DECK,2019-01-02,21.57333374023437,126.84641187412916
2019-11-13,Deckers,DECK,27.446666717529297,https://query2.finance.yahoo.com/v8/finance/chart/DECK,2019-01-02,21.57333374023437,127.2249669337898
2019-11-14,Deckers,DECK,27.51666641235352,https://query2.finance.yahoo.com/v8/finance/chart/DECK,2019-01-02,21.57333374023437,127.54944017314675
2019-11-15,Deckers,DECK,27.90166664123535,https://query2.finance.yahoo.com/v8/finance/chart/DECK,2019-01-02,21.57333374023437,129.3340518308425
2019-11-18,Deckers,DECK,27.81999969482422,https://query2.finance.yahoo.com/v8/finance/chart/DECK,2019-01-02,21.57333374023437,128.95549677118186
2019-11-19,Deckers,DECK,27.36166763305664,https://query2.finance.yahoo.com/v8/finance/chart/DECK,2019-01-02,21.57333374023437,126.83096624063715
2019-11-20,Deckers,DECK,26.70833206176757,https://query2.finance.yahoo.com/v8/finance/chart/DECK,2019-01-02,21.57333374023437,123.80252576335201
2019-11-21,Deckers,DECK,26.21333312988281,https://query2.finance.yahoo.com/v8/finance/chart/DECK,2019-01-02,21.57333374023437,121.50803137576654
2019-11-22,Deckers,DECK,26.59166717529297,https://query2.finance.yahoo.com/v8/finance/chart/DECK,2019-01-02,21.57333374023437,123.26174292524563
2019-11-25,Deckers,DECK,27.420000076293945,https://query2.finance.yahoo.com/v8/finance/chart/DECK,2019-01-02,21.57333374023437,127.10135765969036
2019-11-26,Deckers,DECK,27.93000030517578,https://query2.finance.yahoo.com/v8/finance/chart/DECK,2019-01-02,21.57333374023437,129.46538834230427
2019-11-27,Deckers,DECK,28.145000457763672,https://query2.finance.yahoo.com/v8/finance/chart/DECK,2019-01-02,21.57333374023437,130.46198977246206
2019-11-29,Deckers,DECK,28.030000686645508,https://query2.finance.yahoo.com/v8/finance/chart/DECK,2019-01-02,21.57333374023437,129.9289253304853
2019-12-02,Deckers,DECK,27.12666702270508,https://query2.finance.yahoo.com/v8/finance/chart/DECK,2019-01-02,21.57333374023437,125.74165564459663
2019-12-03,Deckers,DECK,26.48666763305664,https://query2.finance.yahoo.com/v8/finance/chart/DECK,2019-01-02,21.57333374023437,122.77503306621024
2019-12-04,Deckers,DECK,26.926666259765625,https://query2.finance.yahoo.com/v8/finance/chart/DECK,2019-01-02,21.57333374023437,124.81458166823454
2019-12-05,Deckers,DECK,27.39999961853028,https://query2.finance.yahoo.com/v8/finance/chart/DECK,2019-01-02,21.57333374023437,127.00864849380767
2019-12-06,Deckers,DECK,27.06333351135254,https://query2.finance.yahoo.com/v8/finance/chart/DECK,2019-01-02,21.57333374023437,125.44808251345637
2019-12-09,Deckers,DECK,27.22166633605957,https://query2.finance.yahoo.com/v8/finance/chart/DECK,2019-01-02,21.57333374023437,126.18201092069063
2019-12-10,Deckers,DECK,26.95166778564453,https://query2.finance.yahoo.com/v8/finance/chart/DECK,2019-01-02,21.57333374023437,124.9304725462043
2019-12-11,Deckers,DECK,26.84166717529297,https://query2.finance.yahoo.com/v8/finance/chart/DECK,2019-01-02,21.57333374023437,124.42058097508189
2019-12-12,Deckers,DECK,26.96500015258789,https://query2.finance.yahoo.com/v8/finance/chart/DECK,2019-01-02,21.57333374023437,124.99227276263768
2019-12-13,Deckers,DECK,27.08833312988281,https://query2.finance.yahoo.com/v8/finance/chart/DECK,2019-01-02,21.57333374023437,125.56396455019345
2019-12-16,Deckers,DECK,27.26666641235352,https://query2.finance.yahoo.com/v8/finance/chart/DECK,2019-01-02,21.57333374023437,126.39060212331049
2019-12-17,Deckers,DECK,27.290000915527344,https://query2.finance.yahoo.com/v8/finance/chart/DECK,2019-01-02,21.57333374023437,126.49876576391789
2019-12-18,Deckers,DECK,27.70833206176757,https://query2.finance.yahoo.com/v8/finance/chart/DECK,2019-01-02,21.57333374023437,128.43787796269706
2019-12-19,Deckers,DECK,27.26499938964844,https://query2.finance.yahoo.com/v8/finance/chart/DECK,2019-01-02,21.57333374023437,126.38287488594814
2019-12-20,Deckers,DECK,27.906667709350582,https://query2.finance.yahoo.com/v8/finance/chart/DECK,2019-01-02,21.57333374023437,129.3572335429295
2019-12-23,Deckers,DECK,27.411666870117188,https://query2.finance.yahoo.com/v8/finance/chart/DECK,2019-01-02,21.57333374023437,127.06273031411133
2019-12-24,Deckers,DECK,27.416667938232425,https://query2.finance.yahoo.com/v8/finance/chart/DECK,2019-01-02,21.57333374023437,127.08591202619839
2019-12-26,Deckers,DECK,27.86666679382324,https://query2.finance.yahoo.com/v8/finance/chart/DECK,2019-01-02,21.57333374023437,129.171815211164
2019-12-27,Deckers,DECK,27.90833282470703,https://query2.finance.yahoo.com/v8/finance/chart/DECK,2019-01-02,21.57333374023437,129.36495193905918
2019-12-30,Deckers,DECK,28.1433334350586,https://query2.finance.yahoo.com/v8/finance/chart/DECK,2019-01-02,21.57333374023437,130.45426253509976
2019-12-31,Deckers,DECK,28.1433334350586,https://query2.finance.yahoo.com/v8/finance/chart/DECK,2019-01-02,21.57333374023437,130.45426253509976
2020-01-02,Deckers,DECK,28.69499969482422,https://query2.finance.yahoo.com/v8/finance/chart/DECK,2019-01-02,21.57333374023437,133.01142994560877
2020-01-03,Deckers,DECK,28.90999984741211,https://query2.finance.yahoo.com/v8/finance/chart/DECK,2019-01-02,21.57333374023437,134.00803137576656
2020-01-06,Deckers,DECK,29.08333206176757,https://query2.finance.yahoo.com/v8/finance/chart/DECK,2019-01-02,21.57333374023437,134.8114872367965
2020-01-07,Deckers,DECK,28.858333587646484,https://query2.finance.yahoo.com/v8/finance/chart/DECK,2019-01-02,21.57333374023437,133.76854006493002
2020-01-08,Deckers,DECK,28.13833236694336,https://query2.finance.yahoo.com/v8/finance/chart/DECK,2019-01-02,21.57333374023437,130.43108082301268
2020-01-09,Deckers,DECK,28.21500015258789,https://query2.finance.yahoo.com/v8/finance/chart/DECK,2019-01-02,21.57333374023437,130.786463011819
2020-01-10,Deckers,DECK,27.5049991607666,https://query2.finance.yahoo.com/v8/finance/chart/DECK,2019-01-02,21.57333374023437,127.49535835284301
2020-01-13,Deckers,DECK,27.96500015258789,https://query2.finance.yahoo.com/v8/finance/chart/DECK,2019-01-02,21.57333374023437,129.62762496198272
2020-01-14,Deckers,DECK,28.081666946411133,https://query2.finance.yahoo.com/v8/finance/chart/DECK,2019-01-02,21.57333374023437,130.1684166413218
2020-01-15,Deckers,DECK,28.13666725158692,https://query2.finance.yahoo.com/v8/finance/chart/DECK,2019-01-02,21.57333374023437,130.42336242688307
2020-01-16,Deckers,DECK,28.77666664123535,https://query2.finance.yahoo.com/v8/finance/chart/DECK,2019-01-02,21.57333374023437,133.3899850052694
2020-01-17,Deckers,DECK,28.920000076293945,https://query2.finance.yahoo.com/v8/finance/chart/DECK,2019-01-02,21.57333374023437,134.05438595870794
2020-01-21,Deckers,DECK,29.165000915527344,https://query2.finance.yahoo.com/v8/finance/chart/DECK,2019-01-02,21.57333374023437,135.19005113768984
2020-01-22,Deckers,DECK,29.22166633605957,https://query2.finance.yahoo.com/v8/finance/chart/DECK,2019-01-02,21.57333374023437,135.4527153193807
2020-01-23,Deckers,DECK,29.168333053588867,https://query2.finance.yahoo.com/v8/finance/chart/DECK,2019-01-02,21.57333374023437,135.20549677118186
2020-01-24,Deckers,DECK,29.61000061035156,https://query2.finance.yahoo.com/v8/finance/chart/DECK,2019-01-02,21.57333374023437,137.25278145180113
2020-01-27,Deckers,DECK,29.21666717529297,https://query2.finance.yahoo.com/v8/finance/chart/DECK,2019-01-02,21.57333374023437,135.42954244852638
2020-01-28,Deckers,DECK,29.174999237060547,https://query2.finance.yahoo.com/v8/finance/chart/DECK,2019-01-02,21.57333374023437,135.23639687939854
2020-01-29,Deckers,DECK,29.433332443237305,https://query2.finance.yahoo.com/v8/finance/chart/DECK,2019-01-02,21.57333374023437,136.43386227481383
2020-01-30,Deckers,DECK,29.56333351135254,https://query2.finance.yahoo.com/v8/finance/chart/DECK,2019-01-02,21.57333374023437,137.036463011819
2020-01-31,Deckers,DECK,31.81833267211914,https://query2.finance.yahoo.com/v8/finance/chart/DECK,2019-01-02,21.57333374023437,147.48917833119967
2020-02-03,Deckers,DECK,31.2683334350586,https://query2.finance.yahoo.com/v8/finance/chart/DECK,2019-01-02,21.57333374023437,144.93973815805302
2020-02-04,Deckers,DECK,31.61333274841309,https://query2.finance.yahoo.com/v8/finance/chart/DECK,2019-01-02,21.57333374023437,146.53893148398328
2020-02-05,Deckers,DECK,32.13999938964844,https://query2.finance.yahoo.com/v8/finance/chart/DECK,2019-01-02,21.57333374023437,148.9802168577552
2020-02-06,Deckers,DECK,32.008331298828125,https://query2.finance.yahoo.com/v8/finance/chart/DECK,2019-01-02,21.57333374023437,148.3698888833877
2020-02-07,Deckers,DECK,31.89666748046875,https://query2.finance.yahoo.com/v8/finance/chart/DECK,2019-01-02,21.57333374023437,147.85228775736832
2020-02-10,Deckers,DECK,32.17499923706055,https://query2.finance.yahoo.com/v8/finance/chart/DECK,2019-01-02,21.57333374023437,149.14245347743366
2020-02-11,Deckers,DECK,32.21833419799805,https://query2.finance.yahoo.com/v8/finance/chart/DECK,2019-01-02,21.57333374023437,149.34332628392383
2020-02-12,Deckers,DECK,33.231666564941406,https://query2.finance.yahoo.com/v8/finance/chart/DECK,2019-01-02,21.57333374023437,154.04047869970225
2020-02-13,Deckers,DECK,33.42499923706055,https://query2.finance.yahoo.com/v8/finance/chart/DECK,2019-01-02,21.57333374023437,154.93664372661496
2020-02-14,Deckers,DECK,33.426666259765625,https://query2.finance.yahoo.com/v8/finance/chart/DECK,2019-01-02,21.57333374023437,154.94437096397732
2020-02-18,Deckers,DECK,33.529998779296875,https://query2.finance.yahoo.com/v8/finance/chart/DECK,2019-01-02,21.57333374023437,155.42335358565035
2020-02-19,Deckers,DECK,33.52000045776367,https://query2.finance.yahoo.com/v8/finance/chart/DECK,2019-01-02,21.57333374023437,155.37700784394167
2020-02-20,Deckers,DECK,33.1783332824707,https://query2.finance.yahoo.com/v8/finance/chart/DECK,2019-01-02,21.57333374023437,153.79326015150338
2020-02-21,Deckers,DECK,32.426666259765625,https://query2.finance.yahoo.com/v8/finance/chart/DECK,2019-01-02,21.57333374023437,150.30901876463227
2020-02-24,Deckers,DECK,31.24666786193848,https://query2.finance.yahoo.com/v8/finance/chart/DECK,2019-01-02,21.57333374023437,144.83931059604058
2020-02-25,Deckers,DECK,30.36000061035156,https://query2.finance.yahoo.com/v8/finance/chart/DECK,2019-01-02,21.57333374023437,140.72929560130993
2020-02-26,Deckers,DECK,30.24333381652832,https://query2.finance.yahoo.com/v8/finance/chart/DECK,2019-01-02,21.57333374023437,140.18850392197083
2020-02-27,Deckers,DECK,28.98666763305664,https://query2.finance.yahoo.com/v8/finance/chart/DECK,2019-01-02,21.57333374023437,134.36341356457285
2020-02-28,Deckers,DECK,28.96666717529297,https://query2.finance.yahoo.com/v8/finance/chart/DECK,2019-01-02,21.57333374023437,134.2707043986901
2020-03-02,Deckers,DECK,29.82333374023437,https://query2.finance.yahoo.com/v8/finance/chart/DECK,2019-01-02,21.57333374023437,138.2416556445966
2020-03-03,Deckers,DECK,29.15166664123535,https://query2.finance.yahoo.com/v8/finance/chart/DECK,2019-01-02,21.57333374023437,135.1282420800238
2020-03-04,Deckers,DECK,29.98500061035156,https://query2.finance.yahoo.com/v8/finance/chart/DECK,2019-01-02,21.57333374023437,138.99103852655554
2020-03-05,Deckers,DECK,28.786666870117188,https://query2.finance.yahoo.com/v8/finance/chart/DECK,2019-01-02,21.57333374023437,133.43633958821076
2020-03-06,Deckers,DECK,28.77166748046875,https://query2.finance.yahoo.com/v8/finance/chart/DECK,2019-01-02,21.57333374023437,133.36681213441506
2020-03-09,Deckers,DECK,27.00166702270508,https://query2.finance.yahoo.com/v8/finance/chart/DECK,2019-01-02,21.57333374023437,125.16223661967851
2020-03-10,Deckers,DECK,27.808332443237305,https://query2.finance.yahoo.com/v8/finance/chart/DECK,2019-01-02,21.57333374023437,128.90141495087812
2020-03-11,Deckers,DECK,25.56166648864746,https://query2.finance.yahoo.com/v8/finance/chart/DECK,2019-01-02,21.57333374023437,118.48732697707648
2020-03-12,Deckers,DECK,21.850000381469727,https://query2.finance.yahoo.com/v8/finance/chart/DECK,2019-01-02,21.57333374023437,101.28244732393571
2020-03-13,Deckers,DECK,21.604999542236328,https://query2.finance.yahoo.com/v8/finance/chart/DECK,2019-01-02,21.57333374023437,100.14678214495379
2020-03-16,Deckers,DECK,18.55666732788086,https://query2.finance.yahoo.com/v8/finance/chart/DECK,2019-01-02,21.57333374023437,86.01668871080683
2020-03-17,Deckers,DECK,18.45499992370605,https://query2.finance.yahoo.com/v8/finance/chart/DECK,2019-01-02,21.57333374023437,85.54542448526342
2020-03-18,Deckers,DECK,15.19333267211914,https://query2.finance.yahoo.com/v8/finance/chart/DECK,2019-01-02,21.57333374023437,70.42644801708835
2020-03-19,Deckers,DECK,17.293333053588867,https://query2.finance.yahoo.com/v8/finance/chart/DECK,2019-01-02,21.57333374023437,80.16068940395947
2020-03-20,Deckers,DECK,17.316667556762695,https://query2.finance.yahoo.com/v8/finance/chart/DECK,2019-01-02,21.57333374023437,80.2688530445669
2020-03-23,Deckers,DECK,18.94833374023437,https://query2.finance.yahoo.com/v8/finance/chart/DECK,2019-01-02,21.57333374023437,87.83220047671927
2020-03-24,Deckers,DECK,22.23833274841309,https://query2.finance.yahoo.com/v8/finance/chart/DECK,2019-01-02,21.57333374023437,103.0825046151235
2020-03-25,Deckers,DECK,21.59166717529297,https://query2.finance.yahoo.com/v8/finance/chart/DECK,2019-01-02,21.57333374023437,100.08498192852042
2020-03-26,Deckers,DECK,23.428333282470703,https://query2.finance.yahoo.com/v8/finance/chart/DECK,2019-01-02,21.57333374023437,108.59857620788922
2020-03-27,Deckers,DECK,22.18166732788086,https://query2.finance.yahoo.com/v8/finance/chart/DECK,2019-01-02,21.57333374023437,102.8198404334326
2020-03-30,Deckers,DECK,23.18833351135254,https://query2.finance.yahoo.com/v8/finance/chart/DECK,2019-01-02,21.57333374023437,107.48609274099434
2020-03-31,Deckers,DECK,22.33333206176757,https://query2.finance.yahoo.com/v8/finance/chart/DECK,2019-01-02,21.57333374023437,103.52285989121745
2020-04-01,Deckers,DECK,20.625,https://query2.finance.yahoo.com/v8/finance/chart/DECK,2019-01-02,21.57333374023437,95.60413911149149
2020-04-02,Deckers,DECK,21.114999771118164,https://query2.finance.yahoo.com/v8/finance/chart/DECK,2019-01-02,21.57333374023437,97.87546062822264
2020-04-03,Deckers,DECK,20.351667404174805,https://query2.finance.yahoo.com/v8/finance/chart/DECK,2019-01-02,21.57333374023437,94.33714626228048
2020-04-06,Deckers,DECK,23.059999465942383,https://query2.finance.yahoo.com/v8/finance/chart/DECK,2019-01-02,21.57333374023437,106.89121924135152
2020-04-07,Deckers,DECK,23.52833366394043,https://query2.finance.yahoo.com/v8/finance/chart/DECK,2019-01-02,21.57333374023437,109.06211319607027
2020-04-08,Deckers,DECK,24.18000030517578,https://query2.finance.yahoo.com/v8/finance/chart/DECK,2019-01-02,21.57333374023437,112.08281759476036
2020-04-09,Deckers,DECK,24.81333351135254,https://query2.finance.yahoo.com/v8/finance/chart/DECK,2019-01-02,21.57333374023437,115.01854006493004
2020-04-13,Deckers,DECK,23.89166641235352,https://query2.finance.yahoo.com/v8/finance/chart/DECK,2019-01-02,21.57333374023437,110.74628845052096
2020-04-14,Deckers,DECK,24.24833297729492,https://query2.finance.yahoo.com/v8/finance/chart/DECK,2019-01-02,21.57333374023437,112.39956359675492
2020-04-15,Deckers,DECK,23.155000686645508,https://query2.finance.yahoo.com/v8/finance/chart/DECK,2019-01-02,21.57333374023437,107.33158335867822
2020-04-16,Deckers,DECK,23.209999084472656,https://query2.finance.yahoo.com/v8/finance/chart/DECK,2019-01-02,21.57333374023437,107.58652030300675
2020-04-17,Deckers,DECK,24.27499961853028,https://query2.finance.yahoo.com/v8/finance/chart/DECK,2019-01-02,21.57333374023437,112.52317287085441
2020-04-20,Deckers,DECK,23.44333267211914,https://query2.finance.yahoo.com/v8/finance/chart/DECK,2019-01-02,21.57333374023437,108.66810366168494
2020-04-21,Deckers,DECK,21.9950008392334,https://query2.finance.yahoo.com/v8/finance/chart/DECK,2019-01-02,21.57333374023437,101.95457551473659
2020-04-22,Deckers,DECK,22.128332138061523,https://query2.finance.yahoo.com/v8/finance/chart/DECK,2019-01-02,21.57333374023437,102.57261304400106
2020-04-23,Deckers,DECK,22.125,https://query2.finance.yahoo.com/v8/finance/chart/DECK,2019-01-02,21.57333374023437,102.55716741050907
2020-04-24,Deckers,DECK,22.90333366394043,https://query2.finance.yahoo.com/v8/finance/chart/DECK,2019-01-02,21.57333374023437,106.16501807147962
2020-04-27,Deckers,DECK,24.39999961853028,https://query2.finance.yahoo.com/v8/finance/chart/DECK,2019-01-02,21.57333374023437,113.10259189577253
2020-04-28,Deckers,DECK,24.65333366394043,https://query2.finance.yahoo.com/v8/finance/chart/DECK,2019-01-02,21.57333374023437,114.27688442033345
2020-04-29,Deckers,DECK,25.93000030517578,https://query2.finance.yahoo.com/v8/finance/chart/DECK,2019-01-02,21.57333374023437,120.19468394361418
2020-04-30,Deckers,DECK,24.793333053588867,https://query2.finance.yahoo.com/v8/finance/chart/DECK,2019-01-02,21.57333374023437,114.92583089904728
2020-05-01,Deckers,DECK,23.88166618347168,https://query2.finance.yahoo.com/v8/finance/chart/DECK,2019-01-02,21.57333374023437,110.69993386757957
2020-05-04,Deckers,DECK,23.375,https://query2.finance.yahoo.com/v8/finance/chart/DECK,2019-01-02,21.57333374023437,108.35135765969036
2020-05-05,Deckers,DECK,23.933332443237305,https://query2.finance.yahoo.com/v8/finance/chart/DECK,2019-01-02,21.57333374023437,110.93942517841609
2020-05-06,Deckers,DECK,23.773332595825195,https://query2.finance.yahoo.com/v8/finance/chart/DECK,2019-01-02,21.57333374023437,110.1977695338195
2020-05-07,Deckers,DECK,24.09333229064941,https://query2.finance.yahoo.com/v8/finance/chart/DECK,2019-01-02,21.57333374023437,111.68108082301266
2020-05-08,Deckers,DECK,24.86333274841309,https://query2.finance.yahoo.com/v8/finance/chart/DECK,2019-01-02,21.57333374023437,115.25030413840423
2020-05-11,Deckers,DECK,24.558332443237305,https://query2.finance.yahoo.com/v8/finance/chart/DECK,2019-01-02,21.57333374023437,113.83652030300675
2020-05-12,Deckers,DECK,23.084999084472656,https://query2.finance.yahoo.com/v8/finance/chart/DECK,2019-01-02,21.57333374023437,107.00710127808861
2020-05-13,Deckers,DECK,22.578332901000977,https://query2.finance.yahoo.com/v8/finance/chart/DECK,2019-01-02,21.57333374023437,104.6585250701994
2020-05-14,Deckers,DECK,23.253332138061523,https://query2.finance.yahoo.com/v8/finance/chart/DECK,2019-01-02,21.57333374023437,107.78738426826423
2020-05-15,Deckers,DECK,23.47166633605957,https://query2.finance.yahoo.com/v8/finance/chart/DECK,2019-01-02,21.57333374023437,108.79944017314672
2020-05-18,Deckers,DECK,25.4950008392334,https://query2.finance.yahoo.com/v8/finance/chart/DECK,2019-01-02,21.57333374023437,118.17830821244424
2020-05-19,Deckers,DECK,25.75166702270508,https://query2.finance.yahoo.com/v8/finance/chart/DECK,2019-01-02,21.57333374023437,119.3680463704972
2020-05-20,Deckers,DECK,27.084999084472656,https://query2.finance.yahoo.com/v8/finance/chart/DECK,2019-01-02,21.57333374023437,125.54851007546878
2020-05-21,Deckers,DECK,28.0049991607666,https://query2.finance.yahoo.com/v8/finance/chart/DECK,2019-01-02,21.57333374023437,129.81303445251552
2020-05-22,Deckers,DECK,29.87333297729492,https://query2.finance.yahoo.com/v8/finance/chart/DECK,2019-01-02,21.57333374023437,138.47341971807077
2020-05-26,Deckers,DECK,30.00833320617676,https://query2.finance.yahoo.com/v8/finance/chart/DECK,2019-01-02,21.57333374023437,139.09919332593032
2020-05-27,Deckers,DECK,32.54666519165039,https://query2.finance.yahoo.com/v8/finance/chart/DECK,2019-01-02,21.57333374023437,150.86525607746336
2020-05-28,Deckers,DECK,31.065000534057617,https://query2.finance.yahoo.com/v8/finance/chart/DECK,2019-01-02,21.57333374023437,143.9972185481989
2020-05-29,Deckers,DECK,30.421667098999023,https://query2.finance.yahoo.com/v8/finance/chart/DECK,2019-01-02,21.57333374023437,141.01514149508785
2020-06-01,Deckers,DECK,32.63666534423828,https://query2.finance.yahoo.com/v8/finance/chart/DECK,2019-01-02,21.57333374023437,151.28243848270304
2020-06-02,Deckers,DECK,33.994998931884766,https://query2.finance.yahoo.com/v8/finance/chart/DECK,2019-01-02,21.57333374023437,157.57879306564442
2020-06-03,Deckers,DECK,35.43000030517578,https://query2.finance.yahoo.com/v8/finance/chart/DECK,2019-01-02,21.57333374023437,164.23052983739208
2020-06-04,Deckers,DECK,34.0,https://query2.finance.yahoo.com/v8/finance/chart/DECK,2019-01-02,21.57333374023437,157.60197477773144
2020-06-05,Deckers,DECK,34.176666259765625,https://query2.finance.yahoo.com/v8/finance/chart/DECK,2019-01-02,21.57333374023437,158.4208851134861
2020-06-08,Deckers,DECK,33.40833282470703,https://query2.finance.yahoo.com/v8/finance/chart/DECK,2019-01-02,21.57333374023437,154.8593890354569
2020-06-09,Deckers,DECK,32.573333740234375,https://query2.finance.yahoo.com/v8/finance/chart/DECK,2019-01-02,21.57333374023437,150.9888741927955
2020-06-10,Deckers,DECK,33.025001525878906,https://query2.finance.yahoo.com/v8/finance/chart/DECK,2019-01-02,21.57333374023437,153.08251345635617
2020-06-11,Deckers,DECK,31.83666610717773,https://query2.finance.yahoo.com/v8/finance/chart/DECK,2019-01-02,21.57333374023437,147.57416025972006
2020-06-12,Deckers,DECK,32.68166732788086,https://query2.finance.yahoo.com/v8/finance/chart/DECK,2019-01-02,21.57333374023437,151.49103852655554
2020-06-15,Deckers,DECK,32.18333435058594,https://query2.finance.yahoo.com/v8/finance/chart/DECK,2019-01-02,21.57333374023437,149.18108966424538
2020-06-16,Deckers,DECK,32.813331604003906,https://query2.finance.yahoo.com/v8/finance/chart/DECK,2019-01-02,21.57333374023437,152.1013488184577
2020-06-17,Deckers,DECK,33.064998626708984,https://query2.finance.yahoo.com/v8/finance/chart/DECK,2019-01-02,21.57333374023437,153.2679141056563
2020-06-18,Deckers,DECK,33.40833282470703,https://query2.finance.yahoo.com/v8/finance/chart/DECK,2019-01-02,21.57333374023437,154.8593890354569
2020-06-19,Deckers,DECK,32.668331146240234,https://query2.finance.yahoo.com/v8/finance/chart/DECK,2019-01-02,21.57333374023437,151.4292206276568
2020-06-22,Deckers,DECK,33.45500183105469,https://query2.finance.yahoo.com/v8/finance/chart/DECK,2019-01-02,21.57333374023437,155.07571631667176
2020-06-23,Deckers,DECK,33.689998626708984,https://query2.finance.yahoo.com/v8/finance/chart/DECK,2019-01-02,21.57333374023437,156.16500923024694
2020-06-24,Deckers,DECK,32.41999816894531,https://query2.finance.yahoo.com/v8/finance/chart/DECK,2019-01-02,21.57333374023437,150.2781098151829
2020-06-25,Deckers,DECK,32.176666259765625,https://query2.finance.yahoo.com/v8/finance/chart/DECK,2019-01-02,21.57333374023437,149.150180714796
2020-06-26,Deckers,DECK,31.0183334350586,https://query2.finance.yahoo.com/v8/finance/chart/DECK,2019-01-02,21.57333374023437,143.78090010821674
2020-06-29,Deckers,DECK,32.44499969482422,https://query2.finance.yahoo.com/v8/finance/chart/DECK,2019-01-02,21.57333374023437,150.39400069315266
2020-06-30,Deckers,DECK,32.731666564941406,https://query2.finance.yahoo.com/v8/finance/chart/DECK,2019-01-02,21.57333374023437,151.72280260002972
2020-07-01,Deckers,DECK,32.39166641235352,https://query2.finance.yahoo.com/v8/finance/chart/DECK,2019-01-02,21.57333374023437,150.14678214495385
2020-07-02,Deckers,DECK,32.366668701171875,https://query2.finance.yahoo.com/v8/finance/chart/DECK,2019-01-02,21.57333374023437,150.03090894944938
2020-07-06,Deckers,DECK,32.483333587646484,https://query2.finance.yahoo.com/v8/finance/chart/DECK,2019-01-02,21.57333374023437,150.5716917875558
2020-07-07,Deckers,DECK,31.51666641235352,https://query2.finance.yahoo.com/v8/finance/chart/DECK,2019-01-02,21.57333374023437,146.0908489705269
2020-07-08,Deckers,DECK,32.22666549682617,https://query2.finance.yahoo.com/v8/finance/chart/DECK,2019-01-02,21.57333374023437,149.38194478827018
2020-07-09,Deckers,DECK,31.670000076293945,https://query2.finance.yahoo.com/v8/finance/chart/DECK,2019-01-02,21.57333374023437,146.80160450690678
2020-07-10,Deckers,DECK,32.67333221435547,https://query2.finance.yahoo.com/v8/finance/chart/DECK,2019-01-02,21.57333374023437,151.45240233974386
2020-07-13,Deckers,DECK,32.290000915527344,https://query2.finance.yahoo.com/v8/finance/chart/DECK,2019-01-02,21.57333374023437,149.6755267606431
2020-07-14,Deckers,DECK,33.0716667175293,https://query2.finance.yahoo.com/v8/finance/chart/DECK,2019-01-02,21.57333374023437,153.29882305510566
2020-07-15,Deckers,DECK,33.65833282470703,https://query2.finance.yahoo.com/v8/finance/chart/DECK,2019-01-02,21.57333374023437,156.01822708529318
2020-07-16,Deckers,DECK,33.779998779296875,https://query2.finance.yahoo.com/v8/finance/chart/DECK,2019-01-02,21.57333374023437,156.58219163548662
2020-07-17,Deckers,DECK,33.55833435058594,https://query2.finance.yahoo.com/v8/finance/chart/DECK,2019-01-02,21.57333374023437,155.5546989383448
2020-07-20,Deckers,DECK,32.711666107177734,https://query2.finance.yahoo.com/v8/finance/chart/DECK,2019-01-02,21.57333374023437,151.630093434147
2020-07-21,Deckers,DECK,33.54999923706055,https://query2.finance.yahoo.com/v8/finance/chart/DECK,2019-01-02,21.57333374023437,155.5160627515331
2020-07-22,Deckers,DECK,34.40666580200195,https://query2.finance.yahoo.com/v8/finance/chart/DECK,2019-01-02,21.57333374023437,159.48701399743962
2020-07-23,Deckers,DECK,34.40833282470703,https://query2.finance.yahoo.com/v8/finance/chart/DECK,2019-01-02,21.57333374023437,159.49474123480195
2020-07-24,Deckers,DECK,34.29666519165039,https://query2.finance.yahoo.com/v8/finance/chart/DECK,2019-01-02,21.57333374023437,158.97712242631718
2020-07-27,Deckers,DECK,35.186668395996094,https://query2.finance.yahoo.com/v8/finance/chart/DECK,2019-01-02,21.57333374023437,163.1026007370052
2020-07-28,Deckers,DECK,35.10333251953125,https://query2.finance.yahoo.com/v8/finance/chart/DECK,2019-01-02,21.57333374023437,162.71630959874952
2020-07-29,Deckers,DECK,36.4716682434082,https://query2.finance.yahoo.com/v8/finance/chart/DECK,2019-01-02,21.57333374023437,169.05902760586494
2020-07-30,Deckers,DECK,35.69166564941406,https://query2.finance.yahoo.com/v8/finance/chart/DECK,2019-01-02,21.57333374023437,165.44344086629937
2020-07-31,Deckers,DECK,34.875,https://query2.finance.yahoo.com/v8/finance/chart/DECK,2019-01-02,21.57333374023437,161.65790795215835
2020-08-03,Deckers,DECK,34.436668395996094,https://query2.finance.yahoo.com/v8/finance/chart/DECK,2019-01-02,21.57333374023437,159.6260865874964
2020-08-04,Deckers,DECK,34.24333190917969,https://query2.finance.yahoo.com/v8/finance/chart/DECK,2019-01-02,21.57333374023437,158.72990387811834
2020-08-05,Deckers,DECK,35.24333190917969,https://query2.finance.yahoo.com/v8/finance/chart/DECK,2019-01-02,21.57333374023437,163.36525607746336
2020-08-06,Deckers,DECK,34.418331146240234,https://query2.finance.yahoo.com/v8/finance/chart/DECK,2019-01-02,21.57333374023437,159.54108697651063
2020-08-07,Deckers,DECK,35.09333419799805,https://query2.finance.yahoo.com/v8/finance/chart/DECK,2019-01-02,21.57333374023437,162.66996385704084
2020-08-10,Deckers,DECK,36.41666793823242,https://query2.finance.yahoo.com/v8/finance/chart/DECK,2019-01-02,21.57333374023437,168.80408182030374
2020-08-11,Deckers,DECK,37.220001220703125,https://query2.finance.yahoo.com/v8/finance/chart/DECK,2019-01-02,21.57333374023437,172.52781451801138
2020-08-12,Deckers,DECK,36.811668395996094,https://query2.finance.yahoo.com/v8/finance/chart/DECK,2019-01-02,21.57333374023437,170.63504806094087
2020-08-13,Deckers,DECK,36.31666564941406,https://query2.finance.yahoo.com/v8/finance/chart/DECK,2019-01-02,21.57333374023437,168.34053599089003
2020-08-14,Deckers,DECK,35.95166778564453,https://query2.finance.yahoo.com/v8/finance/chart/DECK,2019-01-02,21.57333374023437,166.6486423403097
2020-08-17,Deckers,DECK,35.36000061035156,https://query2.finance.yahoo.com/v8/finance/chart/DECK,2019-01-02,21.57333374023437,163.90605659803515
2020-08-18,Deckers,DECK,35.13833236694336,https://query2.finance.yahoo.com/v8/finance/chart/DECK,2019-01-02,21.57333374023437,162.87854621842797
2020-08-19,Deckers,DECK,34.616668701171875,https://query2.finance.yahoo.com/v8/finance/chart/DECK,2019-01-02,21.57333374023437,160.46045139797573
2020-08-20,Deckers,DECK,34.62666702270508,https://query2.finance.yahoo.com/v8/finance/chart/DECK,2019-01-02,21.57333374023437,160.50679713968444
2020-08-21,Deckers,DECK,34.89833450317383,https://query2.finance.yahoo.com/v8/finance/chart/DECK,2019-01-02,21.57333374023437,161.76607159276577
2020-08-24,Deckers,DECK,34.880001068115234,https://query2.finance.yahoo.com/v8/finance/chart/DECK,2019-01-02,21.57333374023437,161.68108966424538
2020-08-25,Deckers,DECK,34.956668853759766,https://query2.finance.yahoo.com/v8/finance/chart/DECK,2019-01-02,21.57333374023437,162.03647185305167
2020-08-26,Deckers,DECK,35.26499938964844,https://query2.finance.yahoo.com/v8/finance/chart/DECK,2019-01-02,21.57333374023437,163.46569248070847
2020-08-27,Deckers,DECK,35.13666534423828,https://query2.finance.yahoo.com/v8/finance/chart/DECK,2019-01-02,21.57333374023437,162.87081898106564
2020-08-28,Deckers,DECK,35.064998626708984,https://query2.finance.yahoo.com/v8/finance/chart/DECK,2019-01-02,21.57333374023437,162.53861850434637
2020-08-31,Deckers,DECK,33.97833251953125,https://query2.finance.yahoo.com/v8/finance/chart/DECK,2019-01-02,21.57333374023437,157.50153837448636
2020-09-01,Deckers,DECK,34.994998931884766,https://query2.finance.yahoo.com/v8/finance/chart/DECK,2019-01-02,21.57333374023437,162.21414526498944
2020-09-02,Deckers,DECK,34.60499954223633,https://query2.finance.yahoo.com/v8/finance/chart/DECK,2019-01-02,21.57333374023437,160.40636073643935
2020-09-03,Deckers,DECK,33.040000915527344,https://query2.finance.yahoo.com/v8/finance/chart/DECK,2019-01-02,21.57333374023437,153.15204091015187
2020-09-04,Deckers,DECK,32.8466682434082,https://query2.finance.yahoo.com/v8/finance/chart/DECK,2019-01-02,21.57333374023437,152.25587588323916
2020-09-08,Deckers,DECK,33.314998626708984,https://query2.finance.yahoo.com/v8/finance/chart/DECK,2019-01-02,21.57333374023437,154.42675215549255
2020-09-09,Deckers,DECK,33.82833480834961,https://query2.finance.yahoo.com/v8/finance/chart/DECK,2019-01-02,21.57333374023437,156.8062461540638
2020-09-10,Deckers,DECK,33.04833221435547,https://query2.finance.yahoo.com/v8/finance/chart/DECK,2019-01-02,21.57333374023437,153.19065941449824
2020-09-11,Deckers,DECK,33.86833190917969,https://query2.finance.yahoo.com/v8/finance/chart/DECK,2019-01-02,21.57333374023437,156.99164680336395
2020-09-14,Deckers,DECK,34.698333740234375,https://query2.finance.yahoo.com/v8/finance/chart/DECK,2019-01-02,21.57333374023437,160.8389976164037
2020-09-15,Deckers,DECK,35.73833465576172,https://query2.finance.yahoo.com/v8/finance/chart/DECK,2019-01-02,21.57333374023437,165.65976814751423
2020-09-16,Deckers,DECK,36.56499862670898,https://query2.finance.yahoo.com/v8/finance/chart/DECK,2019-01-02,21.57333374023437,169.4916468033639
2020-09-17,Deckers,DECK,35.55500030517578,https://query2.finance.yahoo.com/v8/finance/chart/DECK,2019-01-02,21.57333374023437,164.8099488623102
2020-09-18,Deckers,DECK,34.81833267211914,https://query2.finance.yahoo.com/v8/finance/chart/DECK,2019-01-02,21.57333374023437,161.3952349292348
2020-09-21,Deckers,DECK,34.508331298828125,https://query2.finance.yahoo.com/v8/finance/chart/DECK,2019-01-02,21.57333374023437,159.9582693817503
2020-09-22,Deckers,DECK,35.61166763305664,https://query2.finance.yahoo.com/v8/finance/chart/DECK,2019-01-02,21.57333374023437,165.07262188523376
2020-09-23,Deckers,DECK,35.75166702270508,https://query2.finance.yahoo.com/v8/finance/chart/DECK,2019-01-02,21.57333374023437,165.7215683639476
2020-09-24,Deckers,DECK,36.275001525878906,https://query2.finance.yahoo.com/v8/finance/chart/DECK,2019-01-02,21.57333374023437,168.14740810422757
2020-09-25,Deckers,DECK,35.86833190917969,https://query2.finance.yahoo.com/v8/finance/chart/DECK,2019-01-02,21.57333374023437,166.26235120205402
2020-09-28,Deckers,DECK,36.54499816894531,https://query2.finance.yahoo.com/v8/finance/chart/DECK,2019-01-02,21.57333374023437,169.3989376374812
2020-09-29,Deckers,DECK,36.31833267211914,https://query2.finance.yahoo.com/v8/finance/chart/DECK,2019-01-02,21.57333374023437,168.34826322825236
2020-09-30,Deckers,DECK,36.66833114624024,https://query2.finance.yahoo.com/v8/finance/chart/DECK,2019-01-02,21.57333374023437,169.97062942503703
2020-10-01,Deckers,DECK,39.26666641235352,https://query2.finance.yahoo.com/v8/finance/chart/DECK,2019-01-02,21.57333374023437,182.014828515451
2020-10-02,Deckers,DECK,39.56333160400391,https://query2.finance.yahoo.com/v8/finance/chart/DECK,2019-01-02,21.57333374023437,183.38997616403677
2020-10-05,Deckers,DECK,39.75,https://query2.finance.yahoo.com/v8/finance/chart/DECK,2019-01-02,21.57333374023437,184.25524992396544
2020-10-06,Deckers,DECK,39.16166687011719,https://query2.finance.yahoo.com/v8/finance/chart/DECK,2019-01-02,21.57333374023437,181.5281186564156
2020-10-07,Deckers,DECK,40.05666732788086,https://query2.finance.yahoo.com/v8/finance/chart/DECK,2019-01-02,21.57333374023437,185.67676099672525
2020-10-08,Deckers,DECK,40.87666702270508,https://query2.finance.yahoo.com/v8/finance/chart/DECK,2019-01-02,21.57333374023437,189.47774838559096
2020-10-09,Deckers,DECK,41.86833190917969,https://query2.finance.yahoo.com/v8/finance/chart/DECK,2019-01-02,21.57333374023437,194.07446439812426
2020-10-12,Deckers,DECK,42.223331451416016,https://query2.finance.yahoo.com/v8/finance/chart/DECK,2019-01-02,21.57333374023437,195.72001230699593
2020-10-13,Deckers,DECK,42.27166748046875,https://query2.finance.yahoo.com/v8/finance/chart/DECK,2019-01-02,21.57333374023437,195.94406682557312
2020-10-14,Deckers,DECK,42.68333435058594,https://query2.finance.yahoo.com/v8/finance/chart/DECK,2019-01-02,21.57333374023437,197.85228775736832
2020-10-15,Deckers,DECK,43.68333435058594,https://query2.finance.yahoo.com/v8/finance/chart/DECK,2019-01-02,21.57333374023437,202.48763995671337
2020-10-16,Deckers,DECK,43.720001220703125,https://query2.finance.yahoo.com/v8/finance/chart/DECK,2019-01-02,21.57333374023437,202.65760381375415
2020-10-19,Deckers,DECK,42.16666793823242,https://query2.finance.yahoo.com/v8/finance/chart/DECK,2019-01-02,21.57333374023437,195.45735696653773
2020-10-20,Deckers,DECK,41.58666610717773,https://query2.finance.yahoo.com/v8/finance/chart/DECK,2019-01-02,21.57333374023437,192.7688442033342
2020-10-21,Deckers,DECK,41.27333450317383,https://query2.finance.yahoo.com/v8/finance/chart/DECK,2019-01-02,21.57333374023437,191.31644186359043
2020-10-22,Deckers,DECK,41.28666687011719,https://query2.finance.yahoo.com/v8/finance/chart/DECK,2019-01-02,21.57333374023437,191.3782420800238
2020-10-23,Deckers,DECK,42.53499984741211,https://query2.finance.yahoo.com/v8/finance/chart/DECK,2019-01-02,21.57333374023437,197.16470509184276
2020-10-26,Deckers,DECK,43.633331298828125,https://query2.finance.yahoo.com/v8/finance/chart/DECK,2019-01-02,21.57333374023437,202.25585820077382
2020-10-27,Deckers,DECK,43.67166519165039,https://query2.finance.yahoo.com/v8/finance/chart/DECK,2019-01-02,21.57333374023437,202.43354929517696
2020-10-28,Deckers,DECK,41.70166778564453,https://query2.finance.yahoo.com/v8/finance/chart/DECK,2019-01-02,21.57333374023437,193.3019174865437
2020-10-29,Deckers,DECK,42.96166610717773,https://query2.finance.yahoo.com/v8/finance/chart/DECK,2019-01-02,21.57333374023437,199.14245347743363
2020-10-30,Deckers,DECK,42.22833251953125,https://query2.finance.yahoo.com/v8/finance/chart/DECK,2019-01-02,21.57333374023437,195.74319401908295
2020-11-02,Deckers,DECK,42.48333358764648,https://query2.finance.yahoo.com/v8/finance/chart/DECK,2019-01-02,21.57333374023437,196.9252137810062
2020-11-03,Deckers,DECK,41.93166732788086,https://query2.finance.yahoo.com/v8/finance/chart/DECK,2019-01-02,21.57333374023437,194.36804637049718
2020-11-04,Deckers,DECK,43.5099983215332,https://query2.finance.yahoo.com/v8/finance/chart/DECK,2019-01-02,21.57333374023437,201.68416641321804
2020-11-05,Deckers,DECK,46.4283332824707,https://query2.finance.yahoo.com/v8/finance/chart/DECK,2019-01-02,21.57333374023437,215.2116767928252
2020-11-06,Deckers,DECK,45.04833221435547,https://query2.finance.yahoo.com/v8/finance/chart/DECK,2019-01-02,21.57333374023437,208.81488580663873
2020-11-09,Deckers,DECK,42.459999084472656,https://query2.finance.yahoo.com/v8/finance/chart/DECK,2019-01-02,21.57333374023437,196.8170501403988
2020-11-10,Deckers,DECK,41.92166519165039,https://query2.finance.yahoo.com/v8/finance/chart/DECK,2019-01-02,21.57333374023437,194.32168294632314
2020-11-11,Deckers,DECK,42.27000045776367,https://query2.finance.yahoo.com/v8/finance/chart/DECK,2019-01-02,21.57333374023437,195.93633958821079
2020-11-12,Deckers,DECK,41.375,https://query2.finance.yahoo.com/v8/finance/chart/DECK,2019-01-02,21.57333374023437,191.78769724790112
2020-11-13,Deckers,DECK,41.84999847412109,https://query2.finance.yahoo.com/v8/finance/chart/DECK,2019-01-02,21.57333374023437,193.98948246960384
2020-11-16,Deckers,DECK,41.643333435058594,https://query2.finance.yahoo.com/v8/finance/chart/DECK,2019-01-02,21.57333374023437,193.0315172262578
2020-11-17,Deckers,DECK,42.38666534423828,https://query2.finance.yahoo.com/v8/finance/chart/DECK,2019-01-02,21.57333374023437,196.4771224263172
2020-11-18,Deckers,DECK,41.98666763305664,https://query2.finance.yahoo.com/v8/finance/chart/DECK,2019-01-02,21.57333374023437,194.6229921560584
2020-11-19,Deckers,DECK,41.45000076293945,https://query2.finance.yahoo.com/v8/finance/chart/DECK,2019-01-02,21.57333374023437,192.13535219934508
2020-11-20,Deckers,DECK,41.20166778564453,https://query2.finance.yahoo.com/v8/finance/chart/DECK,2019-01-02,21.57333374023437,190.98424138687116
2020-11-23,Deckers,DECK,42.9033317565918,https://query2.finance.yahoo.com/v8/finance/chart/DECK,2019-01-02,21.57333374023437,198.8720532171478
2020-11-24,Deckers,DECK,43.24833297729492,https://query2.finance.yahoo.com/v8/finance/chart/DECK,2019-01-02,21.57333374023437,200.47125538431072
2020-11-25,Deckers,DECK,44.081668853759766,https://query2.finance.yahoo.com/v8/finance/chart/DECK,2019-01-02,21.57333374023437,204.33406067207517
2020-11-27,Deckers,DECK,43.36166763305664,https://query2.finance.yahoo.com/v8/finance/chart/DECK,2019-01-02,21.57333374023437,200.99660143015782
2020-11-30,Deckers,DECK,42.43166732788086,https://query2.finance.yahoo.com/v8/finance/chart/DECK,2019-01-02,21.57333374023437,196.6857224701697
2020-12-01,Deckers,DECK,44.07500076293945,https://query2.finance.yahoo.com/v8/finance/chart/DECK,2019-01-02,21.57333374023437,204.3031517226258
2020-12-02,Deckers,DECK,44.8650016784668,https://query2.finance.yahoo.com/v8/finance/chart/DECK,2019-01-02,21.57333374023437,207.9650842039001
2020-12-03,Deckers,DECK,46.676666259765625,https://query2.finance.yahoo.com/v8/finance/chart/DECK,2019-01-02,21.57333374023437,216.3627876052991
2020-12-04,Deckers,DECK,48.10333251953125,https://query2.finance.yahoo.com/v8/finance/chart/DECK,2019-01-02,21.57333374023437,222.97588819023508
2020-12-07,Deckers,DECK,48.16666793823242,https://query2.finance.yahoo.com/v8/finance/chart/DECK,2019-01-02,21.57333374023437,223.269470162608
2020-12-08,Deckers,DECK,49.19333267211914,https://query2.finance.yahoo.com/v8/finance/chart/DECK,2019-01-02,21.57333374023437,228.0284227948198
2020-12-09,Deckers,DECK,49.54333114624024,https://query2.finance.yahoo.com/v8/finance/chart/DECK,2019-01-02,21.57333374023437,229.65078899160446
2020-12-10,Deckers,DECK,48.606666564941406,https://query2.finance.yahoo.com/v8/finance/chart/DECK,2019-01-02,21.57333374023437,225.30901876463227
2020-12-11,Deckers,DECK,48.651668548583984,https://query2.finance.yahoo.com/v8/finance/chart/DECK,2019-01-02,21.57333374023437,225.5176188084848
2020-12-14,Deckers,DECK,49.150001525878906,https://query2.finance.yahoo.com/v8/finance/chart/DECK,2019-01-02,21.57333374023437,227.82756767079496
2020-12-15,Deckers,DECK,50.71166610717773,https://query2.finance.yahoo.com/v8/finance/chart/DECK,2019-01-02,21.57333374023437,235.0664330223577
2020-12-16,Deckers,DECK,50.03166580200195,https://query2.finance.yahoo.com/v8/finance/chart/DECK,2019-01-02,21.57333374023437,231.9143921122059
2020-12-17,Deckers,DECK,50.15999984741211,https://query2.finance.yahoo.com/v8/finance/chart/DECK,2019-01-02,21.57333374023437,232.50926561184872
2020-12-18,Deckers,DECK,49.119998931884766,https://query2.finance.yahoo.com/v8/finance/chart/DECK,2019-01-02,21.57333374023437,227.68849508073816
2020-12-21,Deckers,DECK,50.00333404541016,https://query2.finance.yahoo.com/v8/finance/chart/DECK,2019-01-02,21.57333374023437,231.78306444197685
2020-12-22,Deckers,DECK,48.99333190917969,https://query2.finance.yahoo.com/v8/finance/chart/DECK,2019-01-02,21.57333374023437,227.1013488184577
2020-12-23,Deckers,DECK,49.258331298828125,https://query2.finance.yahoo.com/v8/finance/chart/DECK,2019-01-02,21.57333374023437,228.32971432208967
2020-12-24,Deckers,DECK,48.790000915527344,https://query2.finance.yahoo.com/v8/finance/chart/DECK,2019-01-02,21.57333374023437,226.1588380498363
2020-12-28,Deckers,DECK,48.48833465576172,https://query2.finance.yahoo.com/v8/finance/chart/DECK,2019-01-02,21.57333374023437,224.76050868916352
2020-12-29,Deckers,DECK,47.90833282470703,https://query2.finance.yahoo.com/v8/finance/chart/DECK,2019-01-02,21.57333374023437,222.07199592596
2020-12-30,Deckers,DECK,47.66666793823242,https://query2.finance.yahoo.com/v8/finance/chart/DECK,2019-01-02,21.57333374023437,220.95179406293548
2020-12-31,Deckers,DECK,47.79666519165039,https://query2.finance.yahoo.com/v8/finance/chart/DECK,2019-01-02,21.57333374023437,221.55437711747527
2021-01-04,Deckers,DECK,47.24166870117188,https://query2.finance.yahoo.com/v8/finance/chart/DECK,2019-01-02,21.57333374023437,218.98177291470694
2021-01-05,Deckers,DECK,48.99666595458984,https://query2.finance.yahoo.com/v8/finance/chart/DECK,2019-01-02,21.57333374023437,227.11680329318236
2021-01-06,Deckers,DECK,52.061668395996094,https://query2.finance.yahoo.com/v8/finance/chart/DECK,2019-01-02,21.57333374023437,241.32416910095276
2021-01-07,Deckers,DECK,52.810001373291016,https://query2.finance.yahoo.com/v8/finance/chart/DECK,2019-01-02,21.57333374023437,244.7929560130992
2021-01-08,Deckers,DECK,52.40499877929688,https://query2.finance.yahoo.com/v8/finance/chart/DECK,2019-01-02,21.57333374023437,242.91562634828807
2021-01-11,Deckers,DECK,54.48666763305664,https://query2.finance.yahoo.com/v8/finance/chart/DECK,2019-01-02,21.57333374023437,252.56489464787143
2021-01-12,Deckers,DECK,55.436668395996094,https://query2.finance.yahoo.com/v8/finance/chart/DECK,2019-01-02,21.57333374023437,256.96848277374227
2021-01-13,Deckers,DECK,54.05666732788086,https://query2.finance.yahoo.com/v8/finance/chart/DECK,2019-01-02,21.57333374023437,250.57169178755584
2021-01-14,Deckers,DECK,53.97666549682617,https://query2.finance.yahoo.com/v8/finance/chart/DECK,2019-01-02,21.57333374023437,250.20085512402486
2021-01-15,Deckers,DECK,54.33333206176758,https://query2.finance.yahoo.com/v8/finance/chart/DECK,2019-01-02,21.57333374023437,251.85413027025885
2021-01-19,Deckers,DECK,53.84999847412109,https://query2.finance.yahoo.com/v8/finance/chart/DECK,2019-01-02,21.57333374023437,249.61370886174433
2021-01-20,Deckers,DECK,55.15666580200195,https://query2.finance.yahoo.com/v8/finance/chart/DECK,2019-01-02,21.57333374023437,255.67057213384922
2021-01-21,Deckers,DECK,53.83333206176758,https://query2.finance.yahoo.com/v8/finance/chart/DECK,2019-01-02,21.57333374023437,249.53645417058632
2021-01-22,Deckers,DECK,53.31333160400391,https://query2.finance.yahoo.com/v8/finance/chart/DECK,2019-01-02,21.57333374023437,247.1260689050311
2021-01-25,Deckers,DECK,52.39500045776367,https://query2.finance.yahoo.com/v8/finance/chart/DECK,2019-01-02,21.57333374023437,242.86928060657934
2021-01-26,Deckers,DECK,50.70500183105469,https://query2.finance.yahoo.com/v8/finance/chart/DECK,2019-01-02,21.57333374023437,235.03554175537374
2021-01-27,Deckers,DECK,46.435001373291016,https://query2.finance.yahoo.com/v8/finance/chart/DECK,2019-01-02,21.57333374023437,215.24258574227457
2021-01-28,Deckers,DECK,48.44166564941406,https://query2.finance.yahoo.com/v8/finance/chart/DECK,2019-01-02,21.57333374023437,224.54418140794866
2021-01-29,Deckers,DECK,48.663333892822266,https://query2.finance.yahoo.com/v8/finance/chart/DECK,2019-01-02,21.57333374023437,225.57169178755584
2021-02-01,Deckers,DECK,49.88999938964844,https://query2.finance.yahoo.com/v8/finance/chart/DECK,2019-01-02,21.57333374023437,231.2577183961297
2021-02-02,Deckers,DECK,52.00166702270508,https://query2.finance.yahoo.com/v8/finance/chart/DECK,2019-01-02,21.57333374023437,241.04604160330453
2021-02-03,Deckers,DECK,51.595001220703125,https://query2.finance.yahoo.com/v8/finance/chart/DECK,2019-01-02,21.57333374023437,239.16100238359638
2021-02-04,Deckers,DECK,52.81333160400391,https://query2.finance.yahoo.com/v8/finance/chart/DECK,2019-01-02,21.57333374023437,244.80839280535858
2021-02-05,Deckers,DECK,52.788333892822266,https://query2.finance.yahoo.com/v8/finance/chart/DECK,2019-01-02,21.57333374023437,244.69251960985412
2021-02-08,Deckers,DECK,53.36666870117188,https://query2.finance.yahoo.com/v8/finance/chart/DECK,2019-01-02,21.57333374023437,247.37330513569532
2021-02-09,Deckers,DECK,54.25,https://query2.finance.yahoo.com/v8/finance/chart/DECK,2019-01-02,21.57333374023437,251.46785681446855
2021-02-10,Deckers,DECK,53.46833419799805,https://query2.finance.yahoo.com/v8/finance/chart/DECK,2019-01-02,21.57333374023437,247.84456052000598
2021-02-11,Deckers,DECK,53.2400016784668,https://query2.finance.yahoo.com/v8/finance/chart/DECK,2019-01-02,21.57333374023437,246.78615887341482
2021-02-12,Deckers,DECK,53.88666534423828,https://query2.finance.yahoo.com/v8/finance/chart/DECK,2019-01-02,21.57333374023437,249.7836727187852
2021-02-16,Deckers,DECK,53.96833419799805,https://query2.finance.yahoo.com/v8/finance/chart/DECK,2019-01-02,21.57333374023437,250.1622366196785
2021-02-17,Deckers,DECK,53.94333267211914,https://query2.finance.yahoo.com/v8/finance/chart/DECK,2019-01-02,21.57333374023437,250.04634574170873
2021-02-18,Deckers,DECK,53.87166595458984,https://query2.finance.yahoo.com/v8/finance/chart/DECK,2019-01-02,21.57333374023437,249.7141452649894
2021-02-19,Deckers,DECK,55.19333267211914,https://query2.finance.yahoo.com/v8/finance/chart/DECK,2019-01-02,21.57333374023437,255.84053599089003
2021-02-22,Deckers,DECK,54.67333221435547,https://query2.finance.yahoo.com/v8/finance/chart/DECK,2019-01-02,21.57333374023437,253.43015072533478
2021-02-23,Deckers,DECK,54.05833435058594,https://query2.finance.yahoo.com/v8/finance/chart/DECK,2019-01-02,21.57333374023437,250.57941902491817
2021-02-24,Deckers,DECK,55.24666595458984,https://query2.finance.yahoo.com/v8/finance/chart/DECK,2019-01-02,21.57333374023437,256.08775453908885
2021-02-25,Deckers,DECK,53.176666259765625,https://query2.finance.yahoo.com/v8/finance/chart/DECK,2019-01-02,21.57333374023437,246.4925769010419
2021-02-26,Deckers,DECK,54.35166549682617,https://query2.finance.yahoo.com/v8/finance/chart/DECK,2019-01-02,21.57333374023437,251.93911219877924
2021-03-01,Deckers,DECK,55.255001068115234,https://query2.finance.yahoo.com/v8/finance/chart/DECK,2019-01-02,21.57333374023437,256.1263907259006
2021-03-02,Deckers,DECK,54.28166580200195,https://query2.finance.yahoo.com/v8/finance/chart/DECK,2019-01-02,21.57333374023437,251.6146389594223
2021-03-03,Deckers,DECK,53.494998931884766,https://query2.finance.yahoo.com/v8/finance/chart/DECK,2019-01-02,21.57333374023437,247.96816095287272
2021-03-04,Deckers,DECK,51.73333358764648,https://query2.finance.yahoo.com/v8/finance/chart/DECK,2019-01-02,21.57333374023437,239.80222162494783
2021-03-05,Deckers,DECK,52.731666564941406,https://query2.finance.yahoo.com/v8/finance/chart/DECK,2019-01-02,21.57333374023437,244.42984658693058
2021-03-08,Deckers,DECK,52.82833480834961,https://query2.finance.yahoo.com/v8/finance/chart/DECK,2019-01-02,21.57333374023437,244.87793794161962
2021-03-09,Deckers,DECK,53.77166748046875,https://query2.finance.yahoo.com/v8/finance/chart/DECK,2019-01-02,21.57333374023437,249.2506171180411
2021-03-10,Deckers,DECK,52.65666580200195,https://query2.finance.yahoo.com/v8/finance/chart/DECK,2019-01-02,21.57333374023437,244.08219163548662
2021-03-11,Deckers,DECK,54.52333450317383,https://query2.finance.yahoo.com/v8/finance/chart/DECK,2019-01-02,21.57333374023437,252.73485850491224
2021-03-12,Deckers,DECK,54.709999084472656,https://query2.finance.yahoo.com/v8/finance/chart/DECK,2019-01-02,21.57333374023437,253.60011458237557
2021-03-15,Deckers,DECK,57.22499847412109,https://query2.finance.yahoo.com/v8/finance/chart/DECK,2019-01-02,21.57333374023437,265.25802253453384
2021-03-16,Deckers,DECK,56.45000076293945,https://query2.finance.yahoo.com/v8/finance/chart/DECK,2019-01-02,21.57333374023437,261.6656351895207
2021-03-17,Deckers,DECK,57.35499954223633,https://query2.finance.yahoo.com/v8/finance/chart/DECK,2019-01-02,21.57333374023437,265.86062327153905
2021-03-18,Deckers,DECK,55.15999984741211,https://query2.finance.yahoo.com/v8/finance/chart/DECK,2019-01-02,21.57333374023437,255.6860266085739
2021-03-19,Deckers,DECK,56.45000076293945,https://query2.finance.yahoo.com/v8/finance/chart/DECK,2019-01-02,21.57333374023437,261.6656351895207
2021-03-22,Deckers,DECK,55.46666717529297,https://query2.finance.yahoo.com/v8/finance/chart/DECK,2019-01-02,21.57333374023437,257.1075376813337
2021-03-23,Deckers,DECK,53.10499954223633,https://query2.finance.yahoo.com/v8/finance/chart/DECK,2019-01-02,21.57333374023437,246.16037642432264
2021-03-24,Deckers,DECK,51.95500183105469,https://query2.finance.yahoo.com/v8/finance/chart/DECK,2019-01-02,21.57333374023437,240.82973200455504
2021-03-25,Deckers,DECK,53.625,https://query2.finance.yahoo.com/v8/finance/chart/DECK,2019-01-02,21.57333374023437,248.57076168987788
2021-03-26,Deckers,DECK,55.63999938964844,https://query2.finance.yahoo.com/v8/finance/chart/DECK,2019-01-02,21.57333374023437,257.9109935423637
2021-03-29,Deckers,DECK,53.38833236694336,https://query2.finance.yahoo.com/v8/finance/chart/DECK,2019-01-02,21.57333374023437,247.473723856475
2021-03-30,Deckers,DECK,54.27999877929688,https://query2.finance.yahoo.com/v8/finance/chart/DECK,2019-01-02,21.57333374023437,251.60691172206003
2021-03-31,Deckers,DECK,55.06999969482422,https://query2.finance.yahoo.com/v8/finance/chart/DECK,2019-01-02,21.57333374023437,255.26884420333425
2021-04-01,Deckers,DECK,55.08666610717773,https://query2.finance.yahoo.com/v8/finance/chart/DECK,2019-01-02,21.57333374023437,255.34609889449226
2021-04-05,Deckers,DECK,55.16666793823242,https://query2.finance.yahoo.com/v8/finance/chart/DECK,2019-01-02,21.57333374023437,255.7169355580233
2021-04-06,Deckers,DECK,56.494998931884766,https://query2.finance.yahoo.com/v8/finance/chart/DECK,2019-01-02,21.57333374023437,261.8742175509079
2021-04-07,Deckers,DECK,56.5533332824707,https://query2.finance.yahoo.com/v8/finance/chart/DECK,2019-01-02,21.57333374023437,262.14461781119377
2021-04-08,Deckers,DECK,56.0966682434082,https://query2.finance.yahoo.com/v8/finance/chart/DECK,2019-01-02,21.57333374023437,260.0278145180114
2021-04-09,Deckers,DECK,57.06666564941406,https://query2.finance.yahoo.com/v8/finance/chart/DECK,2019-01-02,21.57333374023437,264.52409412729963
2021-04-12,Deckers,DECK,57.65666580200195,https://query2.finance.yahoo.com/v8/finance/chart/DECK,2019-01-02,21.57333374023437,267.25895263221184
2021-04-13,Deckers,DECK,55.96666717529297,https://query2.finance.yahoo.com/v8/finance/chart/DECK,2019-01-02,21.57333374023437,259.4252137810062
2021-04-14,Deckers,DECK,56.02333450317383,https://query2.finance.yahoo.com/v8/finance/chart/DECK,2019-01-02,21.57333374023437,259.6878868039298
2021-04-15,Deckers,DECK,56.58833312988281,https://query2.finance.yahoo.com/v8/finance/chart/DECK,2019-01-02,21.57333374023437,262.3068544308722
2021-04-16,Deckers,DECK,56.84333419799805,https://query2.finance.yahoo.com/v8/finance/chart/DECK,2019-01-02,21.57333374023437,263.4888741927955
2021-04-19,Deckers,DECK,56.209999084472656,https://query2.finance.yahoo.com/v8/finance/chart/DECK,2019-01-02,21.57333374023437,260.5531428813931
2021-04-20,Deckers,DECK,54.64166641235352,https://query2.finance.yahoo.com/v8/finance/chart/DECK,2019-01-02,21.57333374023437,253.28336858038102
2021-04-21,Deckers,DECK,55.494998931884766,https://query2.finance.yahoo.com/v8/finance/chart/DECK,2019-01-02,21.57333374023437,257.2388653515628
2021-04-22,Deckers,DECK,55.77000045776367,https://query2.finance.yahoo.com/v8/finance/chart/DECK,2019-01-02,21.57333374023437,258.5135942793689
2021-04-23,Deckers,DECK,57.29499816894531,https://query2.finance.yahoo.com/v8/finance/chart/DECK,2019-01-02,21.57333374023437,265.5824957738908
2021-04-26,Deckers,DECK,56.49666595458984,https://query2.finance.yahoo.com/v8/finance/chart/DECK,2019-01-02,21.57333374023437,261.8819447882702
2021-04-27,Deckers,DECK,57.78166580200195,https://query2.finance.yahoo.com/v8/finance/chart/DECK,2019-01-02,21.57333374023437,267.83837165713
2021-04-28,Deckers,DECK,58.26333236694336,https://query2.finance.yahoo.com/v8/finance/chart/DECK,2019-01-02,21.57333374023437,270.0710658282821
2021-04-29,Deckers,DECK,58.55666732788086,https://query2.finance.yahoo.com/v8/finance/chart/DECK,2019-01-02,21.57333374023437,271.43077668460853
2021-04-30,Deckers,DECK,56.36666870117188,https://query2.finance.yahoo.com/v8/finance/chart/DECK,2019-01-02,21.57333374023437,261.27936173373047
2021-05-03,Deckers,DECK,57.768333435058594,https://query2.finance.yahoo.com/v8/finance/chart/DECK,2019-01-02,21.57333374023437,267.7765714406966
2021-05-04,Deckers,DECK,58.30500030517578,https://query2.finance.yahoo.com/v8/finance/chart/DECK,2019-01-02,21.57333374023437,270.2642113974099
2021-05-05,Deckers,DECK,57.456668853759766,https://query2.finance.yahoo.com/v8/finance/chart/DECK,2019-01-02,21.57333374023437,266.3318963383151
2021-05-06,Deckers,DECK,56.73666763305664,https://query2.finance.yahoo.com/v8/finance/chart/DECK,2019-01-02,21.57333374023437,262.99443709639775
2021-05-07,Deckers,DECK,56.88166809082031,https://query2.finance.yahoo.com/v8/finance/chart/DECK,2019-01-02,21.57333374023437,263.66656528719864
2021-05-10,Deckers,DECK,55.00166702270508,https://query2.finance.yahoo.com/v8/finance/chart/DECK,2019-01-02,21.57333374023437,254.95209820133965
2021-05-11,Deckers,DECK,53.94499969482422,https://query2.finance.yahoo.com/v8/finance/chart/DECK,2019-01-02,21.57333374023437,250.05407297907107
2021-05-12,Deckers,DECK,52.33666610717773,https://query2.finance.yahoo.com/v8/finance/chart/DECK,2019-01-02,21.57333374023437,242.5988803462934
2021-05-13,Deckers,DECK,53.88833236694336,https://query2.finance.yahoo.com/v8/finance/chart/DECK,2019-01-02,21.57333374023437,249.79139995614753
2021-05-14,Deckers,DECK,55.95833206176758,https://query2.finance.yahoo.com/v8/finance/chart/DECK,2019-01-02,21.57333374023437,259.38657759419453
2021-05-17,Deckers,DECK,56.87333297729492,https://query2.finance.yahoo.com/v8/finance/chart/DECK,2019-01-02,21.57333374023437,263.62792910038695
2021-05-18,Deckers,DECK,55.41999816894531,https://query2.finance.yahoo.com/v8/finance/chart/DECK,2019-01-02,21.57333374023437,256.8912104001189
2021-05-19,Deckers,DECK,53.86000061035156,https://query2.finance.yahoo.com/v8/finance/chart/DECK,2019-01-02,21.57333374023437,249.66007228591843
2021-05-20,Deckers,DECK,51.869998931884766,https://query2.finance.yahoo.com/v8/finance/chart/DECK,2019-01-02,21.57333374023437,240.43571362893704
2021-05-21,Deckers,DECK,55.959999084472656,https://query2.finance.yahoo.com/v8/finance/chart/DECK,2019-01-02,21.57333374023437,259.3943048315569
2021-05-24,Deckers,DECK,56.44333267211914,https://query2.finance.yahoo.com/v8/finance/chart/DECK,2019-01-02,21.57333374023437,261.63472624007136
2021-05-25,Deckers,DECK,55.92166519165039,https://query2.finance.yahoo.com/v8/finance/chart/DECK,2019-01-02,21.57333374023437,259.21661373715375
2021-05-26,Deckers,DECK,57.038333892822266,https://query2.finance.yahoo.com/v8/finance/chart/DECK,2019-01-02,21.57333374023437,264.39276645707054
2021-05-27,Deckers,DECK,56.518333435058594,https://query2.finance.yahoo.com/v8/finance/chart/DECK,2019-01-02,21.57333374023437,261.9823811915153
2021-05-28,Deckers,DECK,55.90666580200195,https://query2.finance.yahoo.com/v8/finance/chart/DECK,2019-01-02,21.57333374023437,259.147086283358
2021-06-01,Deckers,DECK,56.973331451416016,https://query2.finance.yahoo.com/v8/finance/chart/DECK,2019-01-02,21.57333374023437,264.0914572473353
2021-06-02,Deckers,DECK,55.15999984741211,https://query2.finance.yahoo.com/v8/finance/chart/DECK,2019-01-02,21.57333374023437,255.6860266085739
2021-06-03,Deckers,DECK,54.80666732788086,https://query2.finance.yahoo.com/v8/finance/chart/DECK,2019-01-02,21.57333374023437,254.0482059370646
2021-06-04,Deckers,DECK,53.99666595458984,https://query2.finance.yahoo.com/v8/finance/chart/DECK,2019-01-02,21.57333374023437,250.29356428990755
2021-06-07,Deckers,DECK,54.133331298828125,https://query2.finance.yahoo.com/v8/finance/chart/DECK,2019-01-02,21.57333374023437,250.92705629389675
2021-06-08,Deckers,DECK,54.25,https://query2.finance.yahoo.com/v8/finance/chart/DECK,2019-01-02,21.57333374023437,251.46785681446855
2021-06-09,Deckers,DECK,53.96833419799805,https://query2.finance.yahoo.com/v8/finance/chart/DECK,2019-01-02,21.57333374023437,250.1622366196785
2021-06-10,Deckers,DECK,54.16666793823242,https://query2.finance.yahoo.com/v8/finance/chart/DECK,2019-01-02,21.57333374023437,251.08158335867824
2021-06-11,Deckers,DECK,55.74166870117188,https://query2.finance.yahoo.com/v8/finance/chart/DECK,2019-01-02,21.57333374023437,258.3822666091398
2021-06-14,Deckers,DECK,55.76333236694336,https://query2.finance.yahoo.com/v8/finance/chart/DECK,2019-01-02,21.57333374023437,258.4826853299195
2021-06-15,Deckers,DECK,55.65499877929688,https://query2.finance.yahoo.com/v8/finance/chart/DECK,2019-01-02,21.57333374023437,257.98052099615944
2021-06-16,Deckers,DECK,54.508331298828125,https://query2.finance.yahoo.com/v8/finance/chart/DECK,2019-01-02,21.57333374023437,252.66531336865114
2021-06-17,Deckers,DECK,54.268333435058594,https://query2.finance.yahoo.com/v8/finance/chart/DECK,2019-01-02,21.57333374023437,251.55283874298894
2021-06-18,Deckers,DECK,54.22833251953125,https://query2.finance.yahoo.com/v8/finance/chart/DECK,2019-01-02,21.57333374023437,251.36742041122346
2021-06-21,Deckers,DECK,56.119998931884766,https://query2.finance.yahoo.com/v8/finance/chart/DECK,2019-01-02,21.57333374023437,260.13596047615346
2021-06-22,Deckers,DECK,58.025001525878906,https://query2.finance.yahoo.com/v8/finance/chart/DECK,2019-01-02,21.57333374023437,268.9663184399822
2021-06-23,Deckers,DECK,58.70000076293945,https://query2.finance.yahoo.com/v8/finance/chart/DECK,2019-01-02,21.57333374023437,272.09517763804706
2021-06-24,Deckers,DECK,59.31333160400391,https://query2.finance.yahoo.com/v8/finance/chart/DECK,2019-01-02,21.57333374023437,274.93818210110135
2021-06-25,Deckers,DECK,63.44333267211914,https://query2.finance.yahoo.com/v8/finance/chart/DECK,2019-01-02,21.57333374023437,294.08219163548665
2021-06-28,Deckers,DECK,63.72833251953125,https://query2.finance.yahoo.com/v8/finance/chart/DECK,2019-01-02,21.57333374023437,295.40326630500135
2021-06-29,Deckers,DECK,63.79999923706055,https://query2.finance.yahoo.com/v8/finance/chart/DECK,2019-01-02,21.57333374023437,295.7354667817206
2021-06-30,Deckers,DECK,64.01166534423828,https://query2.finance.yahoo.com/v8/finance/chart/DECK,2019-01-02,21.57333374023437,296.71661373715375
2021-07-01,Deckers,DECK,64.97666931152344,https://query2.finance.yahoo.com/v8/finance/chart/DECK,2019-01-02,21.57333374023437,301.18974699928566
2021-07-02,Deckers,DECK,65.4383316040039,https://query2.finance.yahoo.com/v8/finance/chart/DECK,2019-01-02,21.57333374023437,303.32971432208967
2021-07-06,Deckers,DECK,64.55833435058594,https://query2.finance.yahoo.com/v8/finance/chart/DECK,2019-01-02,21.57333374023437,299.25061711804113
2021-07-07,Deckers,DECK,65.0999984741211,https://query2.finance.yahoo.com/v8/finance/chart/DECK,2019-01-02,21.57333374023437,301.7614211043761
2021-07-08,Deckers,DECK,63.95333480834961,https://query2.finance.yahoo.com/v8/finance/chart/DECK,2019-01-02,21.57333374023437,296.4462311593332
2021-07-09,Deckers,DECK,65.0,https://query2.finance.yahoo.com/v8/finance/chart/DECK,2019-01-02,21.57333374023437,301.29789295742773
2021-07-12,Deckers,DECK,65.65666961669922,https://query2.finance.yahoo.com/v8/finance/chart/DECK,2019-01-02,21.57333374023437,304.3417879094375
2021-07-13,Deckers,DECK,64.83499908447266,https://query2.finance.yahoo.com/v8/finance/chart/DECK,2019-01-02,21.57333374023437,300.53305560074415
2021-07-14,Deckers,DECK,64.32167053222656,https://query2.finance.yahoo.com/v8/finance/chart/DECK,2019-01-02,21.57333374023437,298.15359696710357
2021-07-15,Deckers,DECK,63.47666549682617,https://query2.finance.yahoo.com/v8/finance/chart/DECK,2019-01-02,21.57333374023437,294.2367010178028
2021-07-16,Deckers,DECK,62.46500015258789,https://query2.finance.yahoo.com/v8/finance/chart/DECK,2019-01-02,21.57333374023437,289.54727583938666
2021-07-19,Deckers,DECK,62.4716682434082,https://query2.finance.yahoo.com/v8/finance/chart/DECK,2019-01-02,21.57333374023437,289.57818478883604
2021-07-20,Deckers,DECK,64.30833435058594,https://query2.finance.yahoo.com/v8/finance/chart/DECK,2019-01-02,21.57333374023437,298.09177906820486
2021-07-21,Deckers,DECK,64.5,https://query2.finance.yahoo.com/v8/finance/chart/DECK,2019-01-02,21.57333374023437,298.98021685775524
2021-07-22,Deckers,DECK,66.11166381835938,https://query2.finance.yahoo.com/v8/finance/chart/DECK,2019-01-02,21.57333374023437,306.45084628279216
2021-07-23,Deckers,DECK,67.65333557128906,https://query2.finance.yahoo.com/v8/finance/chart/DECK,2019-01-02,21.57333374023437,313.5970378334029
2021-07-26,Deckers,DECK,68.48332977294922,https://query2.finance.yahoo.com/v8/finance/chart/DECK,2019-01-02,21.57333374023437,317.44435328151195
2021-07-27,Deckers,DECK,66.36333465576172,https://query2.finance.yahoo.com/v8/finance/chart/DECK,2019-01-02,21.57333374023437,307.61742925245613
2021-07-28,Deckers,DECK,67.40833282470703,https://query2.finance.yahoo.com/v8/finance/chart/DECK,2019-01-02,21.57333374023437,312.4613638131883
2021-07-29,Deckers,DECK,67.78166961669922,https://query2.finance.yahoo.com/v8/finance/chart/DECK,2019-01-02,21.57333374023437,314.19191133304577
2021-07-30,Deckers,DECK,68.4749984741211,https://query2.finance.yahoo.com/v8/finance/chart/DECK,2019-01-02,21.57333374023437,317.4057347771656
2021-08-02,Deckers,DECK,70.74666595458984,https://query2.finance.yahoo.com/v8/finance/chart/DECK,2019-01-02,21.57333374023437,327.93571362893704
2021-08-03,Deckers,DECK,71.73999786376953,https://query2.finance.yahoo.com/v8/finance/chart/DECK,2019-01-02,21.57333374023437,332.5401568788327
2021-08-04,Deckers,DECK,72.76166534423828,https://query2.finance.yahoo.com/v8/finance/chart/DECK,2019-01-02,21.57333374023437,337.27594548142287
2021-08-05,Deckers,DECK,72.50166320800781,https://query2.finance.yahoo.com/v8/finance/chart/DECK,2019-01-02,21.57333374023437,336.07074400741254
2021-08-06,Deckers,DECK,72.44999694824219,https://query2.finance.yahoo.com/v8/finance/chart/DECK,2019-01-02,21.57333374023437,335.83125269657603
2021-08-09,Deckers,DECK,72.16500091552734,https://query2.finance.yahoo.com/v8/finance/chart/DECK,2019-01-02,21.57333374023437,334.51019570952667
2021-08-10,Deckers,DECK,71.84166717529297,https://query2.finance.yahoo.com/v8/finance/chart/DECK,2019-01-02,21.57333374023437,333.01142994560877
2021-08-11,Deckers,DECK,72.34333038330078,https://query2.finance.yahoo.com/v8/finance/chart/DECK,2019-01-02,21.57333374023437,335.3368156001783
2021-08-12,Deckers,DECK,71.69499969482422,https://query2.finance.yahoo.com/v8/finance/chart/DECK,2019-01-02,21.57333374023437,332.3315745174456
2021-08-13,Deckers,DECK,72.40833282470703,https://query2.finance.yahoo.com/v8/finance/chart/DECK,2019-01-02,21.57333374023437,335.63812480991356
2021-08-16,Deckers,DECK,72.38166809082031,https://query2.finance.yahoo.com/v8/finance/chart/DECK,2019-01-02,21.57333374023437,335.5145243770468
2021-08-17,Deckers,DECK,70.34833526611328,https://query2.finance.yahoo.com/v8/finance/chart/DECK,2019-01-02,21.57333374023437,326.0893105960406
2021-08-18,Deckers,DECK,71.3566665649414,https://query2.finance.yahoo.com/v8/finance/chart/DECK,2019-01-02,21.57333374023437,330.763281299732
2021-08-19,Deckers,DECK,71.27166748046875,https://query2.finance.yahoo.com/v8/finance/chart/DECK,2019-01-02,21.57333374023437,330.36928060657937
2021-08-20,Deckers,DECK,72.42333221435547,https://query2.finance.yahoo.com/v8/finance/chart/DECK,2019-01-02,21.57333374023437,335.7076522637093
2021-08-23,Deckers,DECK,72.25,https://query2.finance.yahoo.com/v8/finance/chart/DECK,2019-01-02,21.57333374023437,334.9041964026793
2021-08-24,Deckers,DECK,72.538330078125,https://query2.finance.yahoo.com/v8/finance/chart/DECK,2019-01-02,21.57333374023437,336.2407078644533
2021-08-25,Deckers,DECK,71.97166442871094,https://query2.finance.yahoo.com/v8/finance/chart/DECK,2019-01-02,21.57333374023437,333.6140130001486
2021-08-26,Deckers,DECK,70.5199966430664,https://query2.finance.yahoo.com/v8/finance/chart/DECK,2019-01-02,21.57333374023437,326.88502153724284
2021-08-27,Deckers,DECK,70.55833435058594,https://query2.finance.yahoo.com/v8/finance/chart/DECK,2019-01-02,21.57333374023437,327.0627303141114
2021-08-30,Deckers,DECK,70.27999877929688,https://query2.finance.yahoo.com/v8/finance/chart/DECK,2019-01-02,21.57333374023437,325.77254691158066
2021-08-31,Deckers,DECK,69.74166870117188,https://query2.finance.yahoo.com/v8/finance/chart/DECK,2019-01-02,21.57333374023437,323.27719739997036
2021-09-01,Deckers,DECK,69.38500213623047,https://query2.finance.yahoo.com/v8/finance/chart/DECK,2019-01-02,21.57333374023437,321.62392225373634
2021-09-02,Deckers,DECK,67.77333068847656,https://query2.finance.yahoo.com/v8/finance/chart/DECK,2019-01-02,21.57333374023437,314.1532574637687
2021-09-03,Deckers,DECK,68.3499984741211,https://query2.finance.yahoo.com/v8/finance/chart/DECK,2019-01-02,21.57333374023437,316.82631575224747
2021-09-07,Deckers,DECK,68.05500030517578,https://query2.finance.yahoo.com/v8/finance/chart/DECK,2019-01-02,21.57333374023437,315.45889534102406
2021-09-08,Deckers,DECK,66.87999725341797,https://query2.finance.yahoo.com/v8/finance/chart/DECK,2019-01-02,21.57333374023437,310.0123423608214
2021-09-09,Deckers,DECK,67.79499816894531,https://query2.finance.yahoo.com/v8/finance/chart/DECK,2019-01-02,21.57333374023437,314.2536938670138
2021-09-10,Deckers,DECK,69.31666564941406,https://query2.finance.yahoo.com/v8/finance/chart/DECK,2019-01-02,21.57333374023437,321.3071585692764
2021-09-13,Deckers,DECK,69.80500030517578,https://query2.finance.yahoo.com/v8/finance/chart/DECK,2019-01-02,21.57333374023437,323.5707616898779
2021-09-14,Deckers,DECK,72.77166748046875,https://query2.finance.yahoo.com/v8/finance/chart/DECK,2019-01-02,21.57333374023437,337.3223089055969
2021-09-15,Deckers,DECK,72.70833587646484,https://query2.finance.yahoo.com/v8/finance/chart/DECK,2019-01-02,21.57333374023437,337.02874461568933
2021-09-16,Deckers,DECK,73.32333374023438,https://query2.finance.yahoo.com/v8/finance/chart/DECK,2019-01-02,21.57333374023437,339.879476316106
2021-09-17,Deckers,DECK,72.49833679199219,https://query2.finance.yahoo.com/v8/finance/chart/DECK,2019-01-02,21.57333374023437,336.05532489761856
2021-09-20,Deckers,DECK,70.98999786376953,https://query2.finance.yahoo.com/v8/finance/chart/DECK,2019-01-02,21.57333374023437,329.06364272932393
2021-09-21,Deckers,DECK,70.41666412353516,https://query2.finance.yahoo.com/v8/finance/chart/DECK,2019-01-02,21.57333374023437,326.4060389155698
2021-09-22,Deckers,DECK,70.8116683959961,https://query2.finance.yahoo.com/v8/finance/chart/DECK,2019-01-02,21.57333374023437,328.2370228386723
2021-09-23,Deckers,DECK,71.16666412353516,https://query2.finance.yahoo.com/v8/finance/chart/DECK,2019-01-02,21.57333374023437,329.8825530650786
2021-09-24,Deckers,DECK,64.79166412353516,https://query2.finance.yahoo.com/v8/finance/chart/DECK,2019-01-02,21.57333374023437,300.332182794254
2021-09-27,Deckers,DECK,63.74833297729492,https://query2.finance.yahoo.com/v8/finance/chart/DECK,2019-01-02,21.57333374023437,295.4959754708841
2021-09-28,Deckers,DECK,62.57833480834961,https://query2.finance.yahoo.com/v8/finance/chart/DECK,2019-01-02,21.57333374023437,290.0726218852338
2021-09-29,Deckers,DECK,62.051666259765625,https://query2.finance.yahoo.com/v8/finance/chart/DECK,2019-01-02,21.57333374023437,287.63132767022915
2021-09-30,Deckers,DECK,60.03333282470703,https://query2.finance.yahoo.com/v8/finance/chart/DECK,2019-01-02,21.57333374023437,278.27564134301866
2021-10-01,Deckers,DECK,60.91166687011719,https://query2.finance.yahoo.com/v8/finance/chart/DECK,2019-01-02,21.57333374023437,282.34702899217024
2021-10-04,Deckers,DECK,61.11166763305664,https://query2.finance.yahoo.com/v8/finance/chart/DECK,2019-01-02,21.57333374023437,283.2741029685323
2021-10-05,Deckers,DECK,60.82666778564453,https://query2.finance.yahoo.com/v8/finance/chart/DECK,2019-01-02,21.57333374023437,281.9530282990176
2021-10-06,Deckers,DECK,60.64500045776367,https://query2.finance.yahoo.com/v8/finance/chart/DECK,2019-01-02,21.57333374023437,281.11093625117593
2021-10-07,Deckers,DECK,62.686668395996094,https://query2.finance.yahoo.com/v8/finance/chart/DECK,2019-01-02,21.57333374023437,290.57478621899384
2021-10-08,Deckers,DECK,59.973331451416016,https://query2.finance.yahoo.com/v8/finance/chart/DECK,2019-01-02,21.57333374023437,277.9975138453704
2021-10-11,Deckers,DECK,55.11666870117188,https://query2.finance.yahoo.com/v8/finance/chart/DECK,2019-01-02,21.57333374023437,255.48517148454914
2021-10-12,Deckers,DECK,56.48833465576172,https://query2.finance.yahoo.com/v8/finance/chart/DECK,2019-01-02,21.57333374023437,261.84332628392383
2021-10-13,Deckers,DECK,57.89500045776367,https://query2.finance.yahoo.com/v8/finance/chart/DECK,2019-01-02,21.57333374023437,268.36371770297706
2021-10-14,Deckers,DECK,58.63666534423828,https://query2.finance.yahoo.com/v8/finance/chart/DECK,2019-01-02,21.57333374023437,271.80159566567414
2021-10-15,Deckers,DECK,59.71166610717773,https://query2.finance.yahoo.com/v8/finance/chart/DECK,2019-01-02,21.57333374023437,276.78460281646306
2021-10-18,Deckers,DECK,61.26166534423828,https://query2.finance.yahoo.com/v8/finance/chart/DECK,2019-01-02,21.57333374023437,283.9693951889549
2021-10-19,Deckers,DECK,60.39833450317383,https://query2.finance.yahoo.com/v8/finance/chart/DECK,2019-01-02,21.57333374023437,279.9675526760644
2021-10-20,Deckers,DECK,59.87833404541016,https://query2.finance.yahoo.com/v8/finance/chart/DECK,2019-01-02,21.57333374023437,277.5571674105091
2021-10-21,Deckers,DECK,63.28166580200195,https://query2.finance.yahoo.com/v8/finance/chart/DECK,2019-01-02,21.57333374023437,293.3328087535277
2021-10-22,Deckers,DECK,63.176666259765625,https://query2.finance.yahoo.com/v8/finance/chart/DECK,2019-01-02,21.57333374023437,292.8460988944923
2021-10-25,Deckers,DECK,64.29833221435547,https://query2.finance.yahoo.com/v8/finance/chart/DECK,2019-01-02,21.57333374023437,298.0454156440308
2021-10-26,Deckers,DECK,62.959999084472656,https://query2.finance.yahoo.com/v8/finance/chart/DECK,2019-01-02,21.57333374023437,291.8417702269722
2021-10-27,Deckers,DECK,62.720001220703125,https://query2.finance.yahoo.com/v8/finance/chart/DECK,2019-01-02,21.57333374023437,290.72929560130996
2021-10-28,Deckers,DECK,63.39166641235352,https://query2.finance.yahoo.com/v8/finance/chart/DECK,2019-01-02,21.57333374023437,293.84270032465014
2021-10-29,Deckers,DECK,65.88500213623047,https://query2.finance.yahoo.com/v8/finance/chart/DECK,2019-01-02,21.57333374023437,305.4001895560287
2021-11-01,Deckers,DECK,68.54499816894531,https://query2.finance.yahoo.com/v8/finance/chart/DECK,2019-01-02,21.57333374023437,317.73020801652257
2021-11-02,Deckers,DECK,65.92832946777344,https://query2.finance.yahoo.com/v8/finance/chart/DECK,2019-01-02,21.57333374023437,305.6010269975882
2021-11-03,Deckers,DECK,68.03500366210938,https://query2.finance.yahoo.com/v8/finance/chart/DECK,2019-01-02,21.57333374023437,315.3662038576067
2021-11-04,Deckers,DECK,69.3499984741211,https://query2.finance.yahoo.com/v8/finance/chart/DECK,2019-01-02,21.57333374023437,321.4616679515925
2021-11-05,Deckers,DECK,70.5683364868164,https://query2.finance.yahoo.com/v8/finance/chart/DECK,2019-01-02,21.57333374023437,327.1090937382854
2021-11-08,Deckers,DECK,69.61166381835938,https://query2.finance.yahoo.com/v8/finance/chart/DECK,2019-01-02,21.57333374023437,322.6745789804998
2021-11-09,Deckers,DECK,70.86499786376953,https://query2.finance.yahoo.com/v8/finance/chart/DECK,2019-01-02,21.57333374023437,328.4842237044058
2021-11-10,Deckers,DECK,70.4433364868164,https://query2.finance.yahoo.com/v8/finance/chart/DECK,2019-01-02,21.57333374023437,326.5296747133673
2021-11-11,Deckers,DECK,70.55500030517578,https://query2.finance.yahoo.com/v8/finance/chart/DECK,2019-01-02,21.57333374023437,327.04727583938666
2021-11-12,Deckers,DECK,71.2249984741211,https://query2.finance.yahoo.com/v8/finance/chart/DECK,2019-01-02,21.57333374023437,330.1529533253645
2021-11-15,Deckers,DECK,69.61499786376953,https://query2.finance.yahoo.com/v8/finance/chart/DECK,2019-01-02,21.57333374023437,322.6900334552245
2021-11-16,Deckers,DECK,71.44999694824219,https://query2.finance.yahoo.com/v8/finance/chart/DECK,2019-01-02,21.57333374023437,331.195900497231
2021-11-17,Deckers,DECK,72.80833435058594,https://query2.finance.yahoo.com/v8/finance/chart/DECK,2019-01-02,21.57333374023437,337.4922727626377
2021-11-18,Deckers,DECK,73.05000305175781,https://query2.finance.yahoo.com/v8/finance/chart/DECK,2019-01-02,21.57333374023437,338.6124923081276
2021-11-19,Deckers,DECK,72.41666412353516,https://query2.finance.yahoo.com/v8/finance/chart/DECK,2019-01-02,21.57333374023437,335.6767433142599
2021-11-22,Deckers,DECK,71.84333038330078,https://query2.finance.yahoo.com/v8/finance/chart/DECK,2019-01-02,21.57333374023437,333.0191395005058
2021-11-23,Deckers,DECK,70.98332977294922,https://query2.finance.yahoo.com/v8/finance/chart/DECK,2019-01-02,21.57333374023437,329.0327337798746
2021-11-24,Deckers,DECK,71.00666809082031,https://query2.finance.yahoo.com/v8/finance/chart/DECK,2019-01-02,21.57333374023437,329.14091510294736
2021-11-26,Deckers,DECK,69.08833312988281,https://query2.finance.yahoo.com/v8/finance/chart/DECK,2019-01-02,21.57333374023437,320.24875692268523
2021-11-29,Deckers,DECK,69.19999694824219,https://query2.finance.yahoo.com/v8/finance/chart/DECK,2019-01-02,21.57333374023437,320.76635804870466
2021-11-30,Deckers,DECK,67.56666564941406,https://query2.finance.yahoo.com/v8/finance/chart/DECK,2019-01-02,21.57333374023437,313.1952922204226
2021-12-01,Deckers,DECK,66.26499938964844,https://query2.finance.yahoo.com/v8/finance/chart/DECK,2019-01-02,21.57333374023437,307.1616106604048
2021-12-02,Deckers,DECK,67.33833312988281,https://query2.finance.yahoo.com/v8/finance/chart/DECK,2019-01-02,21.57333374023437,312.1368905738314
2021-12-03,Deckers,DECK,65.01667022705078,https://query2.finance.yahoo.com/v8/finance/chart/DECK,2019-01-02,21.57333374023437,301.37516533105116
2021-12-06,Deckers,DECK,64.27666473388672,https://query2.finance.yahoo.com/v8/finance/chart/DECK,2019-01-02,21.57333374023437,297.9449792407857
2021-12-07,Deckers,DECK,67.50166320800781,https://query2.finance.yahoo.com/v8/finance/chart/DECK,2019-01-02,21.57333374023437,312.89398301068735
2021-12-08,Deckers,DECK,67.61166381835938,https://query2.finance.yahoo.com/v8/finance/chart/DECK,2019-01-02,21.57333374023437,313.40387458180976
2021-12-09,Deckers,DECK,65.8116683959961,https://query2.finance.yahoo.com/v8/finance/chart/DECK,2019-01-02,21.57333374023437,305.0602618419471
2021-12-10,Deckers,DECK,64.97166442871094,https://query2.finance.yahoo.com/v8/finance/chart/DECK,2019-01-02,21.57333374023437,301.1665476047333
2021-12-13,Deckers,DECK,63.05666732788086,https://query2.finance.yahoo.com/v8/finance/chart/DECK,2019-01-02,21.57333374023437,292.2898615816612
2021-12-14,Deckers,DECK,62.04333114624024,https://query2.finance.yahoo.com/v8/finance/chart/DECK,2019-01-02,21.57333374023437,287.59269148341747
2021-12-15,Deckers,DECK,63.10499954223633,https://query2.finance.yahoo.com/v8/finance/chart/DECK,2019-01-02,21.57333374023437,292.513898417773
2021-12-16,Deckers,DECK,59.39166641235352,https://query2.finance.yahoo.com/v8/finance/chart/DECK,2019-01-02,21.57333374023437,275.30129152727
2021-12-17,Deckers,DECK,59.34999847412109,https://query2.finance.yahoo.com/v8/finance/chart/DECK,2019-01-02,21.57333374023437,275.1081459581421
2021-12-20,Deckers,DECK,56.50666809082031,https://query2.finance.yahoo.com/v8/finance/chart/DECK,2019-01-02,21.57333374023437,261.9283082124443
2021-12-21,Deckers,DECK,58.48666763305664,https://query2.finance.yahoo.com/v8/finance/chart/DECK,2019-01-02,21.57333374023437,271.10630344525157
2021-12-22,Deckers,DECK,57.981666564941406,https://query2.finance.yahoo.com/v8/finance/chart/DECK,2019-01-02,21.57333374023437,268.76544563349205
2021-12-23,Deckers,DECK,59.42166519165039,https://query2.finance.yahoo.com/v8/finance/chart/DECK,2019-01-02,21.57333374023437,275.4403464348614
2021-12-27,Deckers,DECK,59.76166534423828,https://query2.finance.yahoo.com/v8/finance/chart/DECK,2019-01-02,21.57333374023437,277.01636688993733
2021-12-28,Deckers,DECK,59.83833312988281,https://query2.finance.yahoo.com/v8/finance/chart/DECK,2019-01-02,21.57333374023437,277.3717490787436
2021-12-29,Deckers,DECK,60.97666549682617,https://query2.finance.yahoo.com/v8/finance/chart/DECK,2019-01-02,21.57333374023437,282.6483205194402
2021-12-30,Deckers,DECK,61.31833267211914,https://query2.finance.yahoo.com/v8/finance/chart/DECK,2019-01-02,21.57333374023437,284.2320682118784
2021-12-31,Deckers,DECK,61.051666259765625,https://query2.finance.yahoo.com/v8/finance/chart/DECK,2019-01-02,21.57333374023437,282.9959754708841
2022-01-03,Deckers,DECK,61.323333740234375,https://query2.finance.yahoo.com/v8/finance/chart/DECK,2019-01-02,21.57333374023437,284.25524992396544
2022-01-04,Deckers,DECK,59.70166778564453,https://query2.finance.yahoo.com/v8/finance/chart/DECK,2019-01-02,21.57333374023437,276.7382570747544
2022-01-05,Deckers,DECK,57.03333282470703,https://query2.finance.yahoo.com/v8/finance/chart/DECK,2019-01-02,21.57333374023437,264.3695847449835
2022-01-06,Deckers,DECK,58.13833236694336,https://query2.finance.yahoo.com/v8/finance/chart/DECK,2019-01-02,21.57333374023437,269.49164680336395
2022-01-07,Deckers,DECK,56.34999847412109,https://query2.finance.yahoo.com/v8/finance/chart/DECK,2019-01-02,21.57333374023437,261.2020893601069
2022-01-10,Deckers,DECK,55.28499984741211,https://query2.finance.yahoo.com/v8/finance/chart/DECK,2019-01-02,21.57333374023437,256.26544563349205
2022-01-11,Deckers,DECK,56.56333160400391,https://query2.finance.yahoo.com/v8/finance/chart/DECK,2019-01-02,21.57333374023437,262.1909635529025
2022-01-12,Deckers,DECK,56.86166763305664,https://query2.finance.yahoo.com/v8/finance/chart/DECK,2019-01-02,21.57333374023437,263.5738561213159
2022-01-13,Deckers,DECK,55.68833160400391,https://query2.finance.yahoo.com/v8/finance/chart/DECK,2019-01-02,21.57333374023437,258.13503037847556
2022-01-14,Deckers,DECK,53.970001220703125,https://query2.finance.yahoo.com/v8/finance/chart/DECK,2019-01-02,21.57333374023437,250.16996385704084
2022-01-18,Deckers,DECK,53.79833221435547,https://query2.finance.yahoo.com/v8/finance/chart/DECK,2019-01-02,21.57333374023437,249.37421755090787
2022-01-19,Deckers,DECK,52.91666793823242,https://query2.finance.yahoo.com/v8/finance/chart/DECK,2019-01-02,21.57333374023437,245.28739310949695
2022-01-20,Deckers,DECK,52.025001525878906,https://query2.finance.yahoo.com/v8/finance/chart/DECK,2019-01-02,21.57333374023437,241.15420524391197
2022-01-21,Deckers,DECK,51.94499969482422,https://query2.finance.yahoo.com/v8/finance/chart/DECK,2019-01-02,21.57333374023437,240.783368580381
2022-01-24,Deckers,DECK,53.49666595458984,https://query2.finance.yahoo.com/v8/finance/chart/DECK,2019-01-02,21.57333374023437,247.97588819023503
2022-01-25,Deckers,DECK,51.18999862670898,https://query2.finance.yahoo.com/v8/finance/chart/DECK,2019-01-02,21.57333374023437,237.28367271878514
2022-01-26,Deckers,DECK,49.811668395996094,https://query2.finance.yahoo.com/v8/finance/chart/DECK,2019-01-02,21.57333374023437,230.89462665242644
2022-01-27,Deckers,DECK,49.80666732788086,https://query2.finance.yahoo.com/v8/finance/chart/DECK,2019-01-02,21.57333374023437,230.8714449403394
2022-01-28,Deckers,DECK,50.834999084472656,https://query2.finance.yahoo.com/v8/finance/chart/DECK,2019-01-02,21.57333374023437,235.63812480991353
2022-01-31,Deckers,DECK,53.37166595458984,https://query2.finance.yahoo.com/v8/finance/chart/DECK,2019-01-02,21.57333374023437,247.39646916531692
2022-02-01,Deckers,DECK,54.87666702270508,https://query2.finance.yahoo.com/v8/finance/chart/DECK,2019-01-02,21.57333374023437,254.37267917642154
2022-02-02,Deckers,DECK,55.073333740234375,https://query2.finance.yahoo.com/v8/finance/chart/DECK,2019-01-02,21.57333374023437,255.28429867805895
2022-02-03,Deckers,DECK,53.69166564941406,https://query2.finance.yahoo.com/v8/finance/chart/DECK,2019-01-02,21.57333374023437,248.87978045451013
2022-02-04,Deckers,DECK,50.62833404541016,https://query2.finance.yahoo.com/v8/finance/chart/DECK,2019-01-02,21.57333374023437,234.68015956656748
2022-02-07,Deckers,DECK,49.36166763305664,https://query2.finance.yahoo.com/v8/finance/chart/DECK,2019-01-02,21.57333374023437,228.8087146262281
2022-02-08,Deckers,DECK,50.02166748046875,https://query2.finance.yahoo.com/v8/finance/chart/DECK,2019-01-02,21.57333374023437,231.8680463704972
2022-02-09,Deckers,DECK,51.56666564941406,https://query2.finance.yahoo.com/v8/finance/chart/DECK,2019-01-02,21.57333374023437,239.02965703090192
2022-02-10,Deckers,DECK,51.0283317565918,https://query2.finance.yahoo.com/v8/finance/chart/DECK,2019-01-02,21.57333374023437,236.53428983682625
2022-02-11,Deckers,DECK,50.685001373291016,https://query2.finance.yahoo.com/v8/finance/chart/DECK,2019-01-02,21.57333374023437,234.942832589491
2022-02-14,Deckers,DECK,50.1783332824707,https://query2.finance.yahoo.com/v8/finance/chart/DECK,2019-01-02,21.57333374023437,232.5942475403691
2022-02-15,Deckers,DECK,52.33000183105469,https://query2.finance.yahoo.com/v8/finance/chart/DECK,2019-01-02,21.57333374023437,242.56798907930943
2022-02-16,Deckers,DECK,54.0966682434082,https://query2.finance.yahoo.com/v8/finance/chart/DECK,2019-01-02,21.57333374023437,250.7571101193213
2022-02-17,Deckers,DECK,49.96500015258789,https://query2.finance.yahoo.com/v8/finance/chart/DECK,2019-01-02,21.57333374023437,231.60537334757365
2022-02-18,Deckers,DECK,49.37666702270508,https://query2.finance.yahoo.com/v8/finance/chart/DECK,2019-01-02,21.57333374023437,228.8782420800238
2022-02-22,Deckers,DECK,47.606666564941406,https://query2.finance.yahoo.com/v8/finance/chart/DECK,2019-01-02,21.57333374023437,220.67366656528725
2022-02-23,Deckers,DECK,46.63666534423828,https://query2.finance.yahoo.com/v8/finance/chart/DECK,2019-01-02,21.57333374023437,216.17736927353363
2022-02-24,Deckers,DECK,47.45333480834961,https://query2.finance.yahoo.com/v8/finance/chart/DECK,2019-01-02,21.57333374023437,219.96291987014
2022-02-25,Deckers,DECK,47.92499923706055,https://query2.finance.yahoo.com/v8/finance/chart/DECK,2019-01-02,21.57333374023437,222.14925061711807
2022-02-28,Deckers,DECK,48.106666564941406,https://query2.finance.yahoo.com/v8/finance/chart/DECK,2019-01-02,21.57333374023437,222.99134266495975
2022-03-01,Deckers,DECK,45.23666763305664,https://query2.finance.yahoo.com/v8/finance/chart/DECK,2019-01-02,21.57333374023437,209.68788680392979
2022-03-02,Deckers,DECK,46.9283332824707,https://query2.finance.yahoo.com/v8/finance/chart/DECK,2019-01-02,21.57333374023437,217.5293528924977
2022-03-03,Deckers,DECK,44.7216682434082,https://query2.finance.yahoo.com/v8/finance/chart/DECK,2019-01-02,21.57333374023437,207.30068325046156
2022-03-04,Deckers,DECK,40.926666259765625,https://query2.finance.yahoo.com/v8/finance/chart/DECK,2019-01-02,21.57333374023437,189.70951245906514
2022-03-07,Deckers,DECK,39.133331298828125,https://query2.finance.yahoo.com/v8/finance/chart/DECK,2019-01-02,21.57333374023437,181.39677330372112
2022-03-08,Deckers,DECK,40.27999877929688,https://query2.finance.yahoo.com/v8/finance/chart/DECK,2019-01-02,21.57333374023437,186.71198093122942
2022-03-09,Deckers,DECK,41.92166519165039,https://query2.finance.yahoo.com/v8/finance/chart/DECK,2019-01-02,21.57333374023437,194.32168294632314
2022-03-10,Deckers,DECK,43.231666564941406,https://query2.finance.yahoo.com/v8/finance/chart/DECK,2019-01-02,21.57333374023437,200.39400069315266
2022-03-11,Deckers,DECK,42.901668548583984,https://query2.finance.yahoo.com/v8/finance/chart/DECK,2019-01-02,21.57333374023437,198.8643436622508
2022-03-14,Deckers,DECK,41.79499816894531,https://query2.finance.yahoo.com/v8/finance/chart/DECK,2019-01-02,21.57333374023437,193.73453668404267
2022-03-15,Deckers,DECK,43.32833480834961,https://query2.finance.yahoo.com/v8/finance/chart/DECK,2019-01-02,21.57333374023437,200.8420920478417
2022-03-16,Deckers,DECK,45.92333221435547,https://query2.finance.yahoo.com/v8/finance/chart/DECK,2019-01-02,21.57333374023437,212.87081898106564
2022-03-17,Deckers,DECK,46.07833480834961,https://query2.finance.yahoo.com/v8/finance/chart/DECK,2019-01-02,21.57333374023437,213.58931059604058
2022-03-18,Deckers,DECK,48.52999877929688,https://query2.finance.yahoo.com/v8/finance/chart/DECK,2019-01-02,21.57333374023437,224.95363657582604
2022-03-21,Deckers,DECK,46.38166809082031,https://query2.finance.yahoo.com/v8/finance/chart/DECK,2019-01-02,21.57333374023437,214.9953671940757
2022-03-22,Deckers,DECK,46.709999084472656,https://query2.finance.yahoo.com/v8/finance/chart/DECK,2019-01-02,21.57333374023437,216.51729698761523
2022-03-23,Deckers,DECK,44.90499877929688,https://query2.finance.yahoo.com/v8/finance/chart/DECK,2019-01-02,21.57333374023437,208.15048485320025
2022-03-24,Deckers,DECK,45.0099983215332,https://query2.finance.yahoo.com/v8/finance/chart/DECK,2019-01-02,21.57333374023437,208.63719471223558
2022-03-25,Deckers,DECK,44.78166580200195,https://query2.finance.yahoo.com/v8/finance/chart/DECK,2019-01-02,21.57333374023437,207.57879306564442
2022-03-28,Deckers,DECK,45.93166732788086,https://query2.finance.yahoo.com/v8/finance/chart/DECK,2019-01-02,21.57333374023437,212.90945516787735
2022-03-29,Deckers,DECK,48.16666793823242,https://query2.finance.yahoo.com/v8/finance/chart/DECK,2019-01-02,21.57333374023437,223.269470162608
2022-03-30,Deckers,DECK,46.89833450317383,https://query2.finance.yahoo.com/v8/finance/chart/DECK,2019-01-02,21.57333374023437,217.39029798490628
2022-03-31,Deckers,DECK,45.62833404541016,https://query2.finance.yahoo.com/v8/finance/chart/DECK,2019-01-02,21.57333374023437,211.5033985698423
2022-04-01,Deckers,DECK,46.11166763305664,https://query2.finance.yahoo.com/v8/finance/chart/DECK,2019-01-02,21.57333374023437,213.7438199783567
2022-04-04,Deckers,DECK,47.79999923706055,https://query2.finance.yahoo.com/v8/finance/chart/DECK,2019-01-02,21.57333374023437,221.56983159219996
2022-04-05,Deckers,DECK,46.025001525878906,https://query2.finance.yahoo.com/v8/finance/chart/DECK,2019-01-02,21.57333374023437,213.3420920478417
2022-04-06,Deckers,DECK,44.706668853759766,https://query2.finance.yahoo.com/v8/finance/chart/DECK,2019-01-02,21.57333374023437,207.23115579666583
2022-04-07,Deckers,DECK,44.65999984741211,https://query2.finance.yahoo.com/v8/finance/chart/DECK,2019-01-02,21.57333374023437,207.01482851545097
2022-04-08,Deckers,DECK,43.95500183105469,https://query2.finance.yahoo.com/v8/finance/chart/DECK,2019-01-02,21.57333374023437,203.7469144097947
2022-04-11,Deckers,DECK,43.393333435058594,https://query2.finance.yahoo.com/v8/finance/chart/DECK,2019-01-02,21.57333374023437,201.1433835751116
2022-04-12,Deckers,DECK,44.22499847412109,https://query2.finance.yahoo.com/v8/finance/chart/DECK,2019-01-02,21.57333374023437,204.9984439430483
2022-04-13,Deckers,DECK,45.30500030517578,https://query2.finance.yahoo.com/v8/finance/chart/DECK,2019-01-02,21.57333374023437,210.00463280592436
2022-04-14,Deckers,DECK,45.206668853759766,https://query2.finance.yahoo.com/v8/finance/chart/DECK,2019-01-02,21.57333374023437,209.54883189633836
2022-04-18,Deckers,DECK,45.163333892822266,https://query2.finance.yahoo.com/v8/finance/chart/DECK,2019-01-02,21.57333374023437,209.3479590898482
2022-04-19,Deckers,DECK,48.393333435058594,https://query2.finance.yahoo.com/v8/finance/chart/DECK,2019-01-02,21.57333374023437,224.32014457183683
2022-04-20,Deckers,DECK,48.27166748046875,https://query2.finance.yahoo.com/v8/finance/chart/DECK,2019-01-02,21.57333374023437,223.7561800216434
2022-04-21,Deckers,DECK,48.19166564941406,https://query2.finance.yahoo.com/v8/finance/chart/DECK,2019-01-02,21.57333374023437,223.3853433581124
2022-04-22,Deckers,DECK,45.65999984741211,https://query2.finance.yahoo.com/v8/finance/chart/DECK,2019-01-02,21.57333374023437,211.65018071479602
2022-04-25,Deckers,DECK,46.41999816894531,https://query2.finance.yahoo.com/v8/finance/chart/DECK,2019-01-02,21.57333374023437,215.1730406060135
2022-04-26,Deckers,DECK,43.698333740234375,https://query2.finance.yahoo.com/v8/finance/chart/DECK,2019-01-02,21.57333374023437,202.55716741050907
2022-04-27,Deckers,DECK,44.163333892822266,https://query2.finance.yahoo.com/v8/finance/chart/DECK,2019-01-02,21.57333374023437,204.71260689050314
2022-04-28,Deckers,DECK,45.5533332824707,https://query2.finance.yahoo.com/v8/finance/chart/DECK,2019-01-02,21.57333374023437,211.15574361839828
2022-04-29,Deckers,DECK,44.29166793823242,https://query2.finance.yahoo.com/v8/finance/chart/DECK,2019-01-02,21.57333374023437,205.30748039014594
2022-05-02,Deckers,DECK,45.51333236694336,https://query2.finance.yahoo.com/v8/finance/chart/DECK,2019-01-02,21.57333374023437,210.9703252866328
2022-05-03,Deckers,DECK,45.24166870117188,https://query2.finance.yahoo.com/v8/finance/chart/DECK,2019-01-02,21.57333374023437,209.71106851601687
2022-05-04,Deckers,DECK,46.51333236694336,https://query2.finance.yahoo.com/v8/finance/chart/DECK,2019-01-02,21.57333374023437,215.60567748597785
2022-05-05,Deckers,DECK,43.165000915527344,https://query2.finance.yahoo.com/v8/finance/chart/DECK,2019-01-02,21.57333374023437,200.08498192852045
2022-05-06,Deckers,DECK,41.10833358764648,https://query2.finance.yahoo.com/v8/finance/chart/DECK,2019-01-02,21.57333374023437,190.55160450690676
2022-05-09,Deckers,DECK,39.5,https://query2.finance.yahoo.com/v8/finance/chart/DECK,2019-01-02,21.57333374023437,183.09641187412916
2022-05-10,Deckers,DECK,39.41833114624024,https://query2.finance.yahoo.com/v8/finance/chart/DECK,2019-01-02,21.57333374023437,182.7178479732359
2022-05-11,Deckers,DECK,38.18999862670898,https://query2.finance.yahoo.com/v8/finance/chart/DECK,2019-01-02,21.57333374023437,177.0240941272996
2022-05-12,Deckers,DECK,39.45000076293945,https://query2.finance.yahoo.com/v8/finance/chart/DECK,2019-01-02,21.57333374023437,182.86464780065498
2022-05-13,Deckers,DECK,41.084999084472656,https://query2.finance.yahoo.com/v8/finance/chart/DECK,2019-01-02,21.57333374023437,190.44344086629937
2022-05-16,Deckers,DECK,39.83333206176758,https://query2.finance.yahoo.com/v8/finance/chart/DECK,2019-01-02,21.57333374023437,184.64152337975574
2022-05-17,Deckers,DECK,40.70000076293945,https://query2.finance.yahoo.com/v8/finance/chart/DECK,2019-01-02,21.57333374023437,188.6588380498363
2022-05-18,Deckers,DECK,37.88166809082031,https://query2.finance.yahoo.com/v8/finance/chart/DECK,2019-01-02,21.57333374023437,175.59487349964283
2022-05-19,Deckers,DECK,37.79833221435547,https://query2.finance.yahoo.com/v8/finance/chart/DECK,2019-01-02,21.57333374023437,175.2085823613872
2022-05-20,Deckers,DECK,42.54666519165039,https://query2.finance.yahoo.com/v8/finance/chart/DECK,2019-01-02,21.57333374023437,197.2187780709138
2022-05-23,Deckers,DECK,41.35499954223633,https://query2.finance.yahoo.com/v8/finance/chart/DECK,2019-01-02,21.57333374023437,191.69498808201837
2022-05-24,Deckers,DECK,40.1533317565918,https://query2.finance.yahoo.com/v8/finance/chart/DECK,2019-01-02,21.57333374023437,186.12483466894892
2022-05-25,Deckers,DECK,41.26499938964844,https://query2.finance.yahoo.com/v8/finance/chart/DECK,2019-01-02,21.57333374023437,191.2778056767787
2022-05-26,Deckers,DECK,43.69333267211914,https://query2.finance.yahoo.com/v8/finance/chart/DECK,2019-01-02,21.57333374023437,202.53398569842204
2022-05-27,Deckers,DECK,45.30833435058594,https://query2.finance.yahoo.com/v8/finance/chart/DECK,2019-01-02,21.57333374023437,210.02008728064905
2022-05-31,Deckers,DECK,44.7599983215332,https://query2.finance.yahoo.com/v8/finance/chart/DECK,2019-01-02,21.57333374023437,207.47835666239934
2022-06-01,Deckers,DECK,43.508331298828125,https://query2.finance.yahoo.com/v8/finance/chart/DECK,2019-01-02,21.57333374023437,201.67643917585568
2022-06-02,Deckers,DECK,45.4466667175293,https://query2.finance.yahoo.com/v8/finance/chart/DECK,2019-01-02,21.57333374023437,210.66130652200056
2022-06-03,Deckers,DECK,45.095001220703125,https://query2.finance.yahoo.com/v8/finance/chart/DECK,2019-01-02,21.57333374023437,209.0312130878536
2022-06-06,Deckers,DECK,45.81999969482422,https://query2.finance.yahoo.com/v8/finance/chart/DECK,2019-01-02,21.57333374023437,212.3918363593926
2022-06-07,Deckers,DECK,45.41166687011719,https://query2.finance.yahoo.com/v8/finance/chart/DECK,2019-01-02,21.57333374023437,210.4990699023221
2022-06-08,Deckers,DECK,46.026668548583984,https://query2.finance.yahoo.com/v8/finance/chart/DECK,2019-01-02,21.57333374023437,213.34981928520406
2022-06-09,Deckers,DECK,45.8849983215332,https://query2.finance.yahoo.com/v8/finance/chart/DECK,2019-01-02,21.57333374023437,212.6931278866625
2022-06-10,Deckers,DECK,44.994998931884766,https://query2.finance.yahoo.com/v8/finance/chart/DECK,2019-01-02,21.57333374023437,208.56766725843988
2022-06-13,Deckers,DECK,41.810001373291016,https://query2.finance.yahoo.com/v8/finance/chart/DECK,2019-01-02,21.57333374023437,193.80408182030374
2022-06-14,Deckers,DECK,41.956668853759766,https://query2.finance.yahoo.com/v8/finance/chart/DECK,2019-01-02,21.57333374023437,194.48393724846696
2022-06-15,Deckers,DECK,42.97833251953125,https://query2.finance.yahoo.com/v8/finance/chart/DECK,2019-01-02,21.57333374023437,199.21970816859172
2022-06-16,Deckers,DECK,40.27166748046875,https://query2.finance.yahoo.com/v8/finance/chart/DECK,2019-01-02,21.57333374023437,186.67336242688305
2022-06-17,Deckers,DECK,41.71833419799805,https://query2.finance.yahoo.com/v8/finance/chart/DECK,2019-01-02,21.57333374023437,193.37917217770175
2022-06-21,Deckers,DECK,43.040000915527344,https://query2.finance.yahoo.com/v8/finance/chart/DECK,2019-01-02,21.57333374023437,199.5055629036023
2022-06-22,Deckers,DECK,42.505001068115234,https://query2.finance.yahoo.com/v8/finance/chart/DECK,2019-01-02,21.57333374023437,197.02565018425133
2022-06-23,Deckers,DECK,43.47833251953125,https://query2.finance.yahoo.com/v8/finance/chart/DECK,2019-01-02,21.57333374023437,201.53738426826425
2022-06-24,Deckers,DECK,45.5533332824707,https://query2.finance.yahoo.com/v8/finance/chart/DECK,2019-01-02,21.57333374023437,211.15574361839828
2022-06-27,Deckers,DECK,44.72666549682617,https://query2.finance.yahoo.com/v8/finance/chart/DECK,2019-01-02,21.57333374023437,207.3238472800832
2022-06-28,Deckers,DECK,43.915000915527344,https://query2.finance.yahoo.com/v8/finance/chart/DECK,2019-01-02,21.57333374023437,203.56149607802922
2022-06-29,Deckers,DECK,43.37333297729492,https://query2.finance.yahoo.com/v8/finance/chart/DECK,2019-01-02,21.57333374023437,201.05067440922886
2022-06-30,Deckers,DECK,42.55833435058594,https://query2.finance.yahoo.com/v8/finance/chart/DECK,2019-01-02,21.57333374023437,197.27286873245018
2022-07-01,Deckers,DECK,40.7783317565918,https://query2.finance.yahoo.com/v8/finance/chart/DECK,2019-01-02,21.57333374023437,189.02192979353956
2022-07-05,Deckers,DECK,43.78499984741211,https://query2.finance.yahoo.com/v8/finance/chart/DECK,2019-01-02,21.57333374023437,202.95889534102406
2022-07-06,Deckers,DECK,43.35166549682617,https://query2.finance.yahoo.com/v8/finance/chart/DECK,2019-01-02,21.57333374023437,200.95023800598378
2022-07-07,Deckers,DECK,45.36666870117188,https://query2.finance.yahoo.com/v8/finance/chart/DECK,2019-01-02,21.57333374023437,210.29048754093498
2022-07-08,Deckers,DECK,44.93000030517578,https://query2.finance.yahoo.com/v8/finance/chart/DECK,2019-01-02,21.57333374023437,208.26637573116997
2022-07-11,Deckers,DECK,43.606666564941406,https://query2.finance.yahoo.com/v8/finance/chart/DECK,2019-01-02,21.57333374023437,202.13225776790708
2022-07-12,Deckers,DECK,43.96333312988281,https://query2.finance.yahoo.com/v8/finance/chart/DECK,2019-01-02,21.57333374023437,203.78553291414104
2022-07-13,Deckers,DECK,45.15999984741211,https://query2.finance.yahoo.com/v8/finance/chart/DECK,2019-01-02,21.57333374023437,209.3325046151235
2022-07-14,Deckers,DECK,44.22833251953125,https://query2.finance.yahoo.com/v8/finance/chart/DECK,2019-01-02,21.57333374023437,205.01389841777302
2022-07-15,Deckers,DECK,45.12333297729492,https://query2.finance.yahoo.com/v8/finance/chart/DECK,2019-01-02,21.57333374023437,209.16254075808268
2022-07-18,Deckers,DECK,45.98500061035156,https://query2.finance.yahoo.com/v8/finance/chart/DECK,2019-01-02,21.57333374023437,213.15667371607623
2022-07-19,Deckers,DECK,48.26166534423828,https://query2.finance.yahoo.com/v8/finance/chart/DECK,2019-01-02,21.57333374023437,223.7098165974693
2022-07-20,Deckers,DECK,49.45500183105469,https://query2.finance.yahoo.com/v8/finance/chart/DECK,2019-01-02,21.57333374023437,229.24135150619244
2022-07-21,Deckers,DECK,49.77166748046875,https://query2.finance.yahoo.com/v8/finance/chart/DECK,2019-01-02,21.57333374023437,230.70920832066093
2022-07-22,Deckers,DECK,48.98833465576172,https://query2.finance.yahoo.com/v8/finance/chart/DECK,2019-01-02,21.57333374023437,227.07818478883604
2022-07-25,Deckers,DECK,48.525001525878906,https://query2.finance.yahoo.com/v8/finance/chart/DECK,2019-01-02,21.57333374023437,224.93047254620433
2022-07-26,Deckers,DECK,45.99666595458984,https://query2.finance.yahoo.com/v8/finance/chart/DECK,2019-01-02,21.57333374023437,213.2107466951472
2022-07-27,Deckers,DECK,46.89500045776367,https://query2.finance.yahoo.com/v8/finance/chart/DECK,2019-01-02,21.57333374023437,217.3748435101816
2022-07-28,Deckers,DECK,47.900001525878906,https://query2.finance.yahoo.com/v8/finance/chart/DECK,2019-01-02,21.57333374023437,222.03337742161366
2022-07-29,Deckers,DECK,52.20166778564453,https://query2.finance.yahoo.com/v8/finance/chart/DECK,2019-01-02,21.57333374023437,241.97311557966663
2022-08-01,Deckers,DECK,52.334999084472656,https://query2.finance.yahoo.com/v8/finance/chart/DECK,2019-01-02,21.57333374023437,242.5911531089311
2022-08-02,Deckers,DECK,51.25,https://query2.finance.yahoo.com/v8/finance/chart/DECK,2019-01-02,21.57333374023437,237.56180021643343
2022-08-03,Deckers,DECK,52.69166564941406,https://query2.finance.yahoo.com/v8/finance/chart/DECK,2019-01-02,21.57333374023437,244.24442825516508
2022-08-04,Deckers,DECK,52.22499847412109,https://query2.finance.yahoo.com/v8/finance/chart/DECK,2019-01-02,21.57333374023437,242.08126153780864
2022-08-05,Deckers,DECK,52.88666534423828,https://query2.finance.yahoo.com/v8/finance/chart/DECK,2019-01-02,21.57333374023437,245.14832051944015
2022-08-08,Deckers,DECK,53.36000061035156,https://query2.finance.yahoo.com/v8/finance/chart/DECK,2019-01-02,21.57333374023437,247.3423961862459
2022-08-09,Deckers,DECK,52.051666259765625,https://query2.finance.yahoo.com/v8/finance/chart/DECK,2019-01-02,21.57333374023437,241.2778056767787
2022-08-10,Deckers,DECK,54.538333892822266,https://query2.finance.yahoo.com/v8/finance/chart/DECK,2019-01-02,21.57333374023437,252.80438595870794
2022-08-11,Deckers,DECK,54.84166717529297,https://query2.finance.yahoo.com/v8/finance/chart/DECK,2019-01-02,21.57333374023437,254.21044255674306
2022-08-12,Deckers,DECK,55.56333160400391,https://query2.finance.yahoo.com/v8/finance/chart/DECK,2019-01-02,21.57333374023437,257.5556113535574
2022-08-15,Deckers,DECK,56.43833160400391,https://query2.finance.yahoo.com/v8/finance/chart/DECK,2019-01-02,21.57333374023437,261.61154452798434
2022-08-16,Deckers,DECK,56.94166564941406,https://query2.finance.yahoo.com/v8/finance/chart/DECK,2019-01-02,21.57333374023437,263.9446751023815
2022-08-17,Deckers,DECK,56.11666870117188,https://query2.finance.yahoo.com/v8/finance/chart/DECK,2019-01-02,21.57333374023437,260.1205236838942
2022-08-18,Deckers,DECK,56.18833160400391,https://query2.finance.yahoo.com/v8/finance/chart/DECK,2019-01-02,21.57333374023437,260.4527064781481
2022-08-19,Deckers,DECK,54.551666259765625,https://query2.finance.yahoo.com/v8/finance/chart/DECK,2019-01-02,21.57333374023437,252.86618617514134
2022-08-22,Deckers,DECK,54.72666549682617,https://query2.finance.yahoo.com/v8/finance/chart/DECK,2019-01-02,21.57333374023437,253.67736927353363
2022-08-23,Deckers,DECK,54.40499877929688,https://query2.finance.yahoo.com/v8/finance/chart/DECK,2019-01-02,21.57333374023437,252.18633074697814
2022-08-24,Deckers,DECK,54.04166793823242,https://query2.finance.yahoo.com/v8/finance/chart/DECK,2019-01-02,21.57333374023437,250.5021643337601
2022-08-25,Deckers,DECK,55.4900016784668,https://query2.finance.yahoo.com/v8/finance/chart/DECK,2019-01-02,21.57333374023437,257.21570132194114
2022-08-26,Deckers,DECK,54.74166870117188,https://query2.finance.yahoo.com/v8/finance/chart/DECK,2019-01-02,21.57333374023437,253.74691440979475
2022-08-29,Deckers,DECK,54.650001525878906,https://query2.finance.yahoo.com/v8/finance/chart/DECK,2019-01-02,21.57333374023437,253.3220047671927
2022-08-30,Deckers,DECK,54.09333419799805,https://query2.finance.yahoo.com/v8/finance/chart/DECK,2019-01-02,21.57333374023437,250.74165564459662
2022-08-31,Deckers,DECK,53.595001220703125,https://query2.finance.yahoo.com/v8/finance/chart/DECK,2019-01-02,21.57333374023437,248.43170678228645
2022-09-01,Deckers,DECK,53.311668395996094,https://query2.finance.yahoo.com/v8/finance/chart/DECK,2019-01-02,21.57333374023437,247.11835935013409
2022-09-02,Deckers,DECK,52.88666534423828,https://query2.finance.yahoo.com/v8/finance/chart/DECK,2019-01-02,21.57333374023437,245.14832051944015
2022-09-06,Deckers,DECK,54.10333251953125,https://query2.finance.yahoo.com/v8/finance/chart/DECK,2019-01-02,21.57333374023437,250.78800138630533
2022-09-07,Deckers,DECK,56.56999969482422,https://query2.finance.yahoo.com/v8/finance/chart/DECK,2019-01-02,21.57333374023437,262.2218725023518
2022-09-08,Deckers,DECK,58.14833450317383,https://query2.finance.yahoo.com/v8/finance/chart/DECK,2019-01-02,21.57333374023437,269.538010227538
2022-09-09,Deckers,DECK,58.11666870117188,https://query2.finance.yahoo.com/v8/finance/chart/DECK,2019-01-02,21.57333374023437,269.3912280825843
2022-09-12,Deckers,DECK,59.61166763305664,https://query2.finance.yahoo.com/v8/finance/chart/DECK,2019-01-02,21.57333374023437,276.32107466951476
2022-09-13,Deckers,DECK,55.61333465576172,https://query2.finance.yahoo.com/v8/finance/chart/DECK,2019-01-02,21.57333374023437,257.7873931094969
2022-09-14,Deckers,DECK,55.72499847412109,https://query2.finance.yahoo.com/v8/finance/chart/DECK,2019-01-02,21.57333374023437,258.3049942355163
2022-09-15,Deckers,DECK,56.54999923706055,https://query2.finance.yahoo.com/v8/finance/chart/DECK,2019-01-02,21.57333374023437,262.12916333646905
2022-09-16,Deckers,DECK,56.20000076293945,https://query2.finance.yahoo.com/v8/finance/chart/DECK,2019-01-02,21.57333374023437,260.50679713968447
2022-09-19,Deckers,DECK,57.15499877929688,https://query2.finance.yahoo.com/v8/finance/chart/DECK,2019-01-02,21.57333374023437,264.93354929517704
2022-09-20,Deckers,DECK,56.1533317565918,https://query2.finance.yahoo.com/v8/finance/chart/DECK,2019-01-02,21.57333374023437,260.2904698584696
2022-09-21,Deckers,DECK,54.95000076293945,https://query2.finance.yahoo.com/v8/finance/chart/DECK,2019-01-02,21.57333374023437,254.71260689050314
2022-09-22,Deckers,DECK,53.64666748046875,https://query2.finance.yahoo.com/v8/finance/chart/DECK,2019-01-02,21.57333374023437,248.67119809312297
2022-09-23,Deckers,DECK,53.33000183105469,https://query2.finance.yahoo.com/v8/finance/chart/DECK,2019-01-02,21.57333374023437,247.20334127865448
2022-09-26,Deckers,DECK,52.3466682434082,https://query2.finance.yahoo.com/v8/finance/chart/DECK,2019-01-02,21.57333374023437,242.6452437704675
2022-09-27,Deckers,DECK,53.16833114624024,https://query2.finance.yahoo.com/v8/finance/chart/DECK,2019-01-02,21.57333374023437,246.4539407142302
2022-09-28,Deckers,DECK,55.02000045776367,https://query2.finance.yahoo.com/v8/finance/chart/DECK,2019-01-02,21.57333374023437,255.03708012986007
2022-09-29,Deckers,DECK,53.84999847412109,https://query2.finance.yahoo.com/v8/finance/chart/DECK,2019-01-02,21.57333374023437,249.61370886174433
2022-09-30,Deckers,DECK,52.10166549682617,https://query2.finance.yahoo.com/v8/finance/chart/DECK,2019-01-02,21.57333374023437,241.5095697502529
2022-10-03,Deckers,DECK,53.831668853759766,https://query2.finance.yahoo.com/v8/finance/chart/DECK,2019-01-02,21.57333374023437,249.52874461568933
2022-10-04,Deckers,DECK,55.67166519165039,https://query2.finance.yahoo.com/v8/finance/chart/DECK,2019-01-02,21.57333374023437,258.0577756873175
2022-10-05,Deckers,DECK,56.83666610717773,https://query2.finance.yahoo.com/v8/finance/chart/DECK,2019-01-02,21.57333374023437,263.4579652433461
2022-10-06,Deckers,DECK,56.73833465576172,https://query2.finance.yahoo.com/v8/finance/chart/DECK,2019-01-02,21.57333374023437,263.0021643337601
2022-10-07,Deckers,DECK,55.81499862670898,https://query2.finance.yahoo.com/v8/finance/chart/DECK,2019-01-02,21.57333374023437,258.72217664075595
2022-10-10,Deckers,DECK,55.20000076293945,https://query2.finance.yahoo.com/v8/finance/chart/DECK,2019-01-02,21.57333374023437,255.87144494033942
2022-10-11,Deckers,DECK,56.25333404541016,https://query2.finance.yahoo.com/v8/finance/chart/DECK,2019-01-02,21.57333374023437,260.75401568788334
2022-10-12,Deckers,DECK,56.4033317565918,https://query2.finance.yahoo.com/v8/finance/chart/DECK,2019-01-02,21.57333374023437,261.44930790830585
2022-10-13,Deckers,DECK,57.198333740234375,https://query2.finance.yahoo.com/v8/finance/chart/DECK,2019-01-02,21.57333374023437,265.13442210166716
2022-10-14,Deckers,DECK,56.84000015258789,https://query2.finance.yahoo.com/v8/finance/chart/DECK,2019-01-02,21.57333374023437,263.47341971807083
2022-10-17,Deckers,DECK,58.88666534423828,https://query2.finance.yahoo.com/v8/finance/chart/DECK,2019-01-02,21.57333374023437,272.9604337155104
2022-10-18,Deckers,DECK,60.1783332824707,https://query2.finance.yahoo.com/v8/finance/chart/DECK,2019-01-02,21.57333374023437,278.94776953381955
2022-10-19,Deckers,DECK,59.09166717529297,https://query2.finance.yahoo.com/v8/finance/chart/DECK,2019-01-02,21.57333374023437,273.9106894039595
2022-10-20,Deckers,DECK,57.96666717529297,https://query2.finance.yahoo.com/v8/finance/chart/DECK,2019-01-02,21.57333374023437,268.6959181796963
2022-10-21,Deckers,DECK,60.54666519165039,https://query2.finance.yahoo.com/v8/finance/chart/DECK,2019-01-02,21.57333374023437,280.6551176591245
2022-10-24,Deckers,DECK,60.27000045776367,https://query2.finance.yahoo.com/v8/finance/chart/DECK,2019-01-02,21.57333374023437,279.3726791764215
2022-10-25,Deckers,DECK,61.53166580200195,https://query2.finance.yahoo.com/v8/finance/chart/DECK,2019-01-02,21.57333374023437,285.22094240467385
2022-10-26,Deckers,DECK,60.23500061035156,https://query2.finance.yahoo.com/v8/finance/chart/DECK,2019-01-02,21.57333374023437,279.2104425567431
2022-10-27,Deckers,DECK,59.98833465576172,https://query2.finance.yahoo.com/v8/finance/chart/DECK,2019-01-02,21.57333374023437,278.0670589816315
2022-10-28,Deckers,DECK,57.55833435058594,https://query2.finance.yahoo.com/v8/finance/chart/DECK,2019-01-02,21.57333374023437,266.80315172262584
2022-10-31,Deckers,DECK,58.3216667175293,https://query2.finance.yahoo.com/v8/finance/chart/DECK,2019-01-02,21.57333374023437,270.341466088568
2022-11-01,Deckers,DECK,60.49666595458984,https://query2.finance.yahoo.com/v8/finance/chart/DECK,2019-01-02,21.57333374023437,280.4233535856503
2022-11-02,Deckers,DECK,57.768333435058594,https://query2.finance.yahoo.com/v8/finance/chart/DECK,2019-01-02,21.57333374023437,267.7765714406966
2022-11-03,Deckers,DECK,59.36166763305664,https://query2.finance.yahoo.com/v8/finance/chart/DECK,2019-01-02,21.57333374023437,275.1622366196785
2022-11-04,Deckers,DECK,58.93999862670898,https://query2.finance.yahoo.com/v8/finance/chart/DECK,2019-01-02,21.57333374023437,273.20765226370924
2022-11-07,Deckers,DECK,57.025001525878906,https://query2.finance.yahoo.com/v8/finance/chart/DECK,2019-01-02,21.57333374023437,264.33096624063717
2022-11-08,Deckers,DECK,55.55833435058594,https://query2.finance.yahoo.com/v8/finance/chart/DECK,2019-01-02,21.57333374023437,257.53244732393574
2022-11-09,Deckers,DECK,54.95333480834961,https://query2.finance.yahoo.com/v8/finance/chart/DECK,2019-01-02,21.57333374023437,254.72806136522783
2022-11-10,Deckers,DECK,58.456668853759766,https://query2.finance.yahoo.com/v8/finance/chart/DECK,2019-01-02,21.57333374023437,270.96724853766017
2022-11-11,Deckers,DECK,57.51333236694336,https://query2.finance.yahoo.com/v8/finance/chart/DECK,2019-01-02,21.57333374023437,266.5945516787733
2022-11-14,Deckers,DECK,54.37166595458984,https://query2.finance.yahoo.com/v8/finance/chart/DECK,2019-01-02,21.57333374023437,252.03182136466194
2022-11-15,Deckers,DECK,57.87833404541016,https://query2.finance.yahoo.com/v8/finance/chart/DECK,2019-01-02,21.57333374023437,268.286463011819
2022-11-16,Deckers,DECK,57.83333206176758,https://query2.finance.yahoo.com/v8/finance/chart/DECK,2019-01-02,21.57333374023437,268.0778629679665
2022-11-17,Deckers,DECK,58.82500076293945,https://query2.finance.yahoo.com/v8/finance/chart/DECK,2019-01-02,21.57333374023437,272.6745966629652
2022-11-18,Deckers,DECK,62.56666564941406,https://query2.finance.yahoo.com/v8/finance/chart/DECK,2019-01-02,21.57333374023437,290.0185312236974
2022-11-21,Deckers,DECK,60.72999954223633,https://query2.finance.yahoo.com/v8/finance/chart/DECK,2019-01-02,21.57333374023437,281.50493694432856
2022-11-22,Deckers,DECK,61.68833160400391,https://query2.finance.yahoo.com/v8/finance/chart/DECK,2019-01-02,21.57333374023437,285.9471435745458
2022-11-23,Deckers,DECK,63.130001068115234,https://query2.finance.yahoo.com/v8/finance/chart/DECK,2019-01-02,21.57333374023437,292.6297892957428
2022-11-25,Deckers,DECK,63.52999877929688,https://query2.finance.yahoo.com/v8/finance/chart/DECK,2019-01-02,21.57333374023437,294.48391956600165
2022-11-28,Deckers,DECK,63.913333892822266,https://query2.finance.yahoo.com/v8/finance/chart/DECK,2019-01-02,21.57333374023437,296.26081282756775
2022-11-29,Deckers,DECK,64.78500366210938,https://query2.finance.yahoo.com/v8/finance/chart/DECK,2019-01-02,21.57333374023437,300.3013092097353
2022-11-30,Deckers,DECK,66.4800033569336,https://query2.finance.yahoo.com/v8/finance/chart/DECK,2019-01-02,21.57333374023437,308.1582297730279
2022-12-01,Deckers,DECK,65.0683364868164,https://query2.finance.yahoo.com/v8/finance/chart/DECK,2019-01-02,21.57333374023437,301.6146566418877
2022-12-02,Deckers,DECK,64.88666534423828,https://query2.finance.yahoo.com/v8/finance/chart/DECK,2019-01-02,21.57333374023437,300.77254691158066
2022-12-05,Deckers,DECK,62.84999847412109,https://query2.finance.yahoo.com/v8/finance/chart/DECK,2019-01-02,21.57333374023437,291.3318786558497
2022-12-06,Deckers,DECK,62.7216682434082,https://query2.finance.yahoo.com/v8/finance/chart/DECK,2019-01-02,21.57333374023437,290.7370228386723
2022-12-07,Deckers,DECK,62.97499847412109,https://query2.finance.yahoo.com/v8/finance/chart/DECK,2019-01-02,21.57333374023437,291.91129768076786
2022-12-08,Deckers,DECK,63.46833419799805,https://query2.finance.yahoo.com/v8/finance/chart/DECK,2019-01-02,21.57333374023437,294.1980825134564
2022-12-09,Deckers,DECK,62.18166732788086,https://query2.finance.yahoo.com/v8/finance/chart/DECK,2019-01-02,21.57333374023437,288.2339284072343
2022-12-12,Deckers,DECK,63.20333480834961,https://query2.finance.yahoo.com/v8/finance/chart/DECK,2019-01-02,21.57333374023437,292.9697170098244
2022-12-13,Deckers,DECK,63.36333465576172,https://query2.finance.yahoo.com/v8/finance/chart/DECK,2019-01-02,21.57333374023437,293.71137265442104
2022-12-14,Deckers,DECK,65.00499725341797,https://query2.finance.yahoo.com/v8/finance/chart/DECK,2019-01-02,21.57333374023437,301.3210569870494
2022-12-15,Deckers,DECK,62.935001373291016,https://query2.finance.yahoo.com/v8/finance/chart/DECK,2019-01-02,21.57333374023437,291.72589703146775
2022-12-16,Deckers,DECK,61.584999084472656,https://query2.finance.yahoo.com/v8/finance/chart/DECK,2019-01-02,21.57333374023437,285.4681609528727
2022-12-19,Deckers,DECK,61.13666534423828,https://query2.finance.yahoo.com/v8/finance/chart/DECK,2019-01-02,21.57333374023437,283.38997616403674
2022-12-20,Deckers,DECK,60.508331298828125,https://query2.finance.yahoo.com/v8/finance/chart/DECK,2019-01-02,21.57333374023437,280.4774265647214
2022-12-21,Deckers,DECK,63.706668853759766,https://query2.finance.yahoo.com/v8/finance/chart/DECK,2019-01-02,21.57333374023437,295.30284758422164
2022-12-22,Deckers,DECK,64.77333068847656,https://query2.finance.yahoo.com/v8/finance/chart/DECK,2019-01-02,21.57333374023437,300.24720086573353
2022-12-23,Deckers,DECK,65.1449966430664,https://query2.finance.yahoo.com/v8/finance/chart/DECK,2019-01-02,21.57333374023437,301.9700034657633
2022-12-27,Deckers,DECK,66.13999938964844,https://query2.finance.yahoo.com/v8/finance/chart/DECK,2019-01-02,21.57333374023437,306.58219163548665
2022-12-28,Deckers,DECK,65.19667053222656,https://query2.finance.yahoo.com/v8/finance/chart/DECK,2019-01-02,21.57333374023437,302.2095301415305
2022-12-29,Deckers,DECK,66.66666412353516,https://query2.finance.yahoo.com/v8/finance/chart/DECK,2019-01-02,21.57333374023437,309.0234681680259
2022-12-30,Deckers,DECK,66.52666473388672,https://query2.finance.yahoo.com/v8/finance/chart/DECK,2019-01-02,21.57333374023437,308.3745216893121
2023-01-03,Deckers,DECK,64.87166595458984,https://query2.finance.yahoo.com/v8/finance/chart/DECK,2019-01-02,21.57333374023437,300.70301945778493
2023-01-04,Deckers,DECK,64.98999786376953,https://query2.finance.yahoo.com/v8/finance/chart/DECK,2019-01-02,21.57333374023437,301.2515295332537
2023-01-05,Deckers,DECK,65.84666442871094,https://query2.finance.yahoo.com/v8/finance/chart/DECK,2019-01-02,21.57333374023437,305.2224807791602
2023-01-06,Deckers,DECK,66.26166534423828,https://query2.finance.yahoo.com/v8/finance/chart/DECK,2019-01-02,21.57333374023437,307.14615618568007
2023-01-09,Deckers,DECK,67.64167022705078,https://query2.finance.yahoo.com/v8/finance/chart/DECK,2019-01-02,21.57333374023437,313.5429648543319
2023-01-10,Deckers,DECK,67.66666412353516,https://query2.finance.yahoo.com/v8/finance/chart/DECK,2019-01-02,21.57333374023437,313.65882036737094
2023-01-11,Deckers,DECK,68.41000366210938,https://query2.finance.yahoo.com/v8/finance/chart/DECK,2019-01-02,21.57333374023437,317.10446093236106
2023-01-12,Deckers,DECK,69.45333099365234,https://query2.finance.yahoo.com/v8/finance/chart/DECK,2019-01-02,21.57333374023437,321.9406505732656
2023-01-13,Deckers,DECK,70.15333557128906,https://query2.finance.yahoo.com/v8/finance/chart/DECK,2019-01-02,21.57333374023437,325.18541833176556
2023-01-17,Deckers,DECK,70.0,https://query2.finance.yahoo.com/v8/finance/chart/DECK,2019-01-02,21.57333374023437,324.474653954153
2023-01-18,Deckers,DECK,70.0566635131836,https://query2.finance.yahoo.com/v8/finance/chart/DECK,2019-01-02,21.57333374023437,324.7373092946111
2023-01-19,Deckers,DECK,69.48999786376953,https://query2.finance.yahoo.com/v8/finance/chart/DECK,2019-01-02,21.57333374023437,322.1106144303064
2023-01-20,Deckers,DECK,69.66666412353516,https://query2.finance.yahoo.com/v8/finance/chart/DECK,2019-01-02,21.57333374023437,322.92952476606104
2023-01-23,Deckers,DECK,70.37999725341797,https://query2.finance.yahoo.com/v8/finance/chart/DECK,2019-01-02,21.57333374023437,326.236075058529
2023-01-24,Deckers,DECK,70.4566650390625,https://query2.finance.yahoo.com/v8/finance/chart/DECK,2019-01-02,21.57333374023437,326.5914572473353
2023-01-25,Deckers,DECK,70.09166717529297,https://query2.finance.yahoo.com/v8/finance/chart/DECK,2019-01-02,21.57333374023437,324.89956359675494
2023-01-26,Deckers,DECK,70.16999816894531,https://query2.finance.yahoo.com/v8/finance/chart/DECK,2019-01-02,21.57333374023437,325.26265534045825
2023-01-27,Deckers,DECK,71.08499908447266,https://query2.finance.yahoo.com/v8/finance/chart/DECK,2019-01-02,21.57333374023437,329.50400684665067
2023-01-30,Deckers,DECK,70.05833435058594,https://query2.finance.yahoo.com/v8/finance/chart/DECK,2019-01-02,21.57333374023437,324.7450542144388
2023-01-31,Deckers,DECK,71.24666595458984,https://query2.finance.yahoo.com/v8/finance/chart/DECK,2019-01-02,21.57333374023437,330.2533897286096
2023-02-01,Deckers,DECK,71.39833068847656,https://query2.finance.yahoo.com/v8/finance/chart/DECK,2019-01-02,21.57333374023437,330.95640918639447
2023-02-02,Deckers,DECK,70.22166442871094,https://query2.finance.yahoo.com/v8/finance/chart/DECK,2019-01-02,21.57333374023437,325.50214665129477
2023-02-03,Deckers,DECK,69.05999755859375,https://query2.finance.yahoo.com/v8/finance/chart/DECK,2019-01-02,21.57333374023437,320.1174115699908
2023-02-06,Deckers,DECK,69.37000274658203,https://query2.finance.yahoo.com/v8/finance/chart/DECK,2019-01-02,21.57333374023437,321.55439479994067
2023-02-07,Deckers,DECK,69.60166931152344,https://query2.finance.yahoo.com/v8/finance/chart/DECK,2019-01-02,21.57333374023437,322.6282509212565
2023-02-08,Deckers,DECK,69.12833404541016,https://query2.finance.yahoo.com/v8/finance/chart/DECK,2019-01-02,21.57333374023437,320.43417525445074
2023-02-09,Deckers,DECK,70.13333129882812,https://query2.finance.yahoo.com/v8/finance/chart/DECK,2019-01-02,21.57333374023437,325.0926914834174
2023-02-10,Deckers,DECK,69.08833312988281,https://query2.finance.yahoo.com/v8/finance/chart/DECK,2019-01-02,21.57333374023437,320.24875692268523
2023-02-13,Deckers,DECK,70.19999694824219,https://query2.finance.yahoo.com/v8/finance/chart/DECK,2019-01-02,21.57333374023437,325.40171024804965
2023-02-14,Deckers,DECK,70.55500030517578,https://query2.finance.yahoo.com/v8/finance/chart/DECK,2019-01-02,21.57333374023437,327.04727583938666
2023-02-15,Deckers,DECK,69.24833679199219,https://query2.finance.yahoo.com/v8/finance/chart/DECK,2019-01-02,21.57333374023437,320.9904302497472
2023-02-16,Deckers,DECK,67.83499908447266,https://query2.finance.yahoo.com/v8/finance/chart/DECK,2019-01-02,21.57333374023437,314.43911219877924
2023-02-17,Deckers,DECK,67.5633316040039,https://query2.finance.yahoo.com/v8/finance/chart/DECK,2019-01-02,21.57333374023437,313.1798377456979
2023-02-21,Deckers,DECK,66.58000183105469,https://query2.finance.yahoo.com/v8/finance/chart/DECK,2019-01-02,21.57333374023437,308.6217579199763
2023-02-22,Deckers,DECK,67.10166931152344,https://query2.finance.yahoo.com/v8/finance/chart/DECK,2019-01-02,21.57333374023437,311.0398704228939
2023-02-23,Deckers,DECK,67.33999633789062,https://query2.finance.yahoo.com/v8/finance/chart/DECK,2019-01-02,21.57333374023437,312.1446001287284
2023-02-24,Deckers,DECK,66.69999694824219,https://query2.finance.yahoo.com/v8/finance/chart/DECK,2019-01-02,21.57333374023437,309.177977550342
2023-02-27,Deckers,DECK,67.7300033569336,https://query2.finance.yahoo.com/v8/finance/chart/DECK,2019-01-02,21.57333374023437,313.95242002220925
2023-02-28,Deckers,DECK,69.39167022705078,https://query2.finance.yahoo.com/v8/finance/chart/DECK,2019-01-02,21.57333374023437,321.6548312031857
2023-03-01,Deckers,DECK,69.26499938964844,https://query2.finance.yahoo.com/v8/finance/chart/DECK,2019-01-02,21.57333374023437,321.0676672584399
2023-03-02,Deckers,DECK,70.13999938964844,https://query2.finance.yahoo.com/v8/finance/chart/DECK,2019-01-02,21.57333374023437,325.1236004328668
2023-03-03,Deckers,DECK,71.40166473388672,https://query2.finance.yahoo.com/v8/finance/chart/DECK,2019-01-02,21.57333374023437,330.97186366111913
2023-03-06,Deckers,DECK,72.25333404541016,https://query2.finance.yahoo.com/v8/finance/chart/DECK,2019-01-02,21.57333374023437,334.91965087740397
2023-03-07,Deckers,DECK,71.90333557128906,https://query2.finance.yahoo.com/v8/finance/chart/DECK,2019-01-02,21.57333374023437,333.2972846806194
2023-03-08,Deckers,DECK,71.74500274658203,https://query2.finance.yahoo.com/v8/finance/chart/DECK,2019-01-02,21.57333374023437,332.5633562733851
2023-03-09,Deckers,DECK,70.60166931152344,https://query2.finance.yahoo.com/v8/finance/chart/DECK,2019-01-02,21.57333374023437,327.26360312060154
2023-03-10,Deckers,DECK,68.72000122070312,https://query2.finance.yahoo.com/v8/finance/chart/DECK,2019-01-02,21.57333374023437,318.5414087973802
2023-03-13,Deckers,DECK,68.288330078125,https://query2.finance.yahoo.com/v8/finance/chart/DECK,2019-01-02,21.57333374023437,316.5404610172369
2023-03-14,Deckers,DECK,70.0,https://query2.finance.yahoo.com/v8/finance/chart/DECK,2019-01-02,21.57333374023437,324.474653954153
2023-03-15,Deckers,DECK,67.7316665649414,https://query2.finance.yahoo.com/v8/finance/chart/DECK,2019-01-02,21.57333374023437,313.9601295771062
2023-03-16,Deckers,DECK,69.45833587646484,https://query2.finance.yahoo.com/v8/finance/chart/DECK,2019-01-02,21.57333374023437,321.96384996781796
2023-03-17,Deckers,DECK,68.7066650390625,https://query2.finance.yahoo.com/v8/finance/chart/DECK,2019-01-02,21.57333374023437,318.4795908984815
2023-03-20,Deckers,DECK,69.25166320800781,https://query2.finance.yahoo.com/v8/finance/chart/DECK,2019-01-02,21.57333374023437,321.0058493595412
2023-03-21,Deckers,DECK,73.3133316040039,https://query2.finance.yahoo.com/v8/finance/chart/DECK,2019-01-02,21.57333374023437,339.8331128919319
2023-03-22,Deckers,DECK,72.21499633789062,https://query2.finance.yahoo.com/v8/finance/chart/DECK,2019-01-02,21.57333374023437,334.7419421005355
2023-03-23,Deckers,DECK,73.7066650390625,https://query2.finance.yahoo.com/v8/finance/chart/DECK,2019-01-02,21.57333374023437,341.6563518952067
2023-03-24,Deckers,DECK,73.79166412353516,https://query2.finance.yahoo.com/v8/finance/chart/DECK,2019-01-02,21.57333374023437,342.0503525883593
2023-03-27,Deckers,DECK,74.69000244140625,https://query2.finance.yahoo.com/v8/finance/chart/DECK,2019-01-02,21.57333374023437,346.21446708585904
2023-03-28,Deckers,DECK,75.27166748046875,https://query2.finance.yahoo.com/v8/finance/chart/DECK,2019-01-02,21.57333374023437,348.9106894039595
2023-03-29,Deckers,DECK,75.288330078125,https://query2.finance.yahoo.com/v8/finance/chart/DECK,2019-01-02,21.57333374023437,348.9879264126522
2023-03-30,Deckers,DECK,74.66000366210938,https://query2.finance.yahoo.com/v8/finance/chart/DECK,2019-01-02,21.57333374023437,346.0754121782676
2023-03-31,Deckers,DECK,74.92500305175781,https://query2.finance.yahoo.com/v8/finance/chart/DECK,2019-01-02,21.57333374023437,347.3037776818996
2023-04-03,Deckers,DECK,75.58999633789062,https://query2.finance.yahoo.com/v8/finance/chart/DECK,2019-01-02,21.57333374023437,350.386255773325
2023-04-04,Deckers,DECK,75.87666320800781,https://query2.finance.yahoo.com/v8/finance/chart/DECK,2019-01-02,21.57333374023437,351.71505768020205
2023-04-05,Deckers,DECK,74.86333465576172,https://query2.finance.yahoo.com/v8/finance/chart/DECK,2019-01-02,21.57333374023437,347.01792294688903
2023-04-06,Deckers,DECK,74.39833068847656,https://query2.finance.yahoo.com/v8/finance/chart/DECK,2019-01-02,21.57333374023437,344.86246578442956
2023-04-10,Deckers,DECK,76.34333038330078,https://query2.finance.yahoo.com/v8/finance/chart/DECK,2019-01-02,21.57333374023437,353.8782243975585
2023-04-11,Deckers,DECK,76.20500183105469,https://query2.finance.yahoo.com/v8/finance/chart/DECK,2019-01-02,21.57333374023437,353.2370228386723
2023-04-12,Deckers,DECK,76.29499816894531,https://query2.finance.yahoo.com/v8/finance/chart/DECK,2019-01-02,21.57333374023437,353.65418756144663
2023-04-13,Deckers,DECK,77.18499755859375,https://query2.finance.yahoo.com/v8/finance/chart/DECK,2019-01-02,21.57333374023437,357.7796481896693
2023-04-14,Deckers,DECK,77.83999633789062,https://query2.finance.yahoo.com/v8/finance/chart/DECK,2019-01-02,21.57333374023437,360.81579822185137
2023-04-17,Deckers,DECK,77.98332977294922,https://query2.finance.yahoo.com/v8/finance/chart/DECK,2019-01-02,21.57333374023437,361.4801991752899
2023-04-18,Deckers,DECK,79.57333374023438,https://query2.finance.yahoo.com/v8/finance/chart/DECK,2019-01-02,21.57333374023437,368.85042756201244
2023-04-19,Deckers,DECK,80.11499786376953,https://query2.finance.yahoo.com/v8/finance/chart/DECK,2019-01-02,21.57333374023437,371.36123154834746
2023-04-20,Deckers,DECK,79.9366683959961,https://query2.finance.yahoo.com/v8/finance/chart/DECK,2019-01-02,21.57333374023437,370.53461165769585
2023-04-21,Deckers,DECK,81.11333465576172,https://query2.finance.yahoo.com/v8/finance/chart/DECK,2019-01-02,21.57333374023437,375.9888741927955
2023-04-24,Deckers,DECK,81.64167022705078,https://query2.finance.yahoo.com/v8/finance/chart/DECK,2019-01-02,21.57333374023437,378.4378956451625
2023-04-25,Deckers,DECK,79.37833404541016,https://query2.finance.yahoo.com/v8/finance/chart/DECK,2019-01-02,21.57333374023437,367.9465352977374
2023-04-26,Deckers,DECK,79.75833129882812,https://query2.finance.yahoo.com/v8/finance/chart/DECK,2019-01-02,21.57333374023437,369.7079564021135
2023-04-27,Deckers,DECK,79.2249984741211,https://query2.finance.yahoo.com/v8/finance/chart/DECK,2019-01-02,21.57333374023437,367.2357709201248
2023-04-28,Deckers,DECK,79.88999938964844,https://query2.finance.yahoo.com/v8/finance/chart/DECK,2019-01-02,21.57333374023437,370.31828437648096
2023-05-01,Deckers,DECK,80.99333190917969,https://query2.finance.yahoo.com/v8/finance/chart/DECK,2019-01-02,21.57333374023437,375.43261919749904
2023-05-02,Deckers,DECK,80.81999969482422,https://query2.finance.yahoo.com/v8/finance/chart/DECK,2019-01-02,21.57333374023437,374.6291633364691
2023-05-03,Deckers,DECK,80.8183364868164,https://query2.finance.yahoo.com/v8/finance/chart/DECK,2019-01-02,21.57333374023437,374.6214537815721
2023-05-04,Deckers,DECK,79.79499816894531,https://query2.finance.yahoo.com/v8/finance/chart/DECK,2019-01-02,21.57333374023437,369.8779202591543
2023-05-05,Deckers,DECK,80.87333679199219,https://query2.finance.yahoo.com/v8/finance/chart/DECK,2019-01-02,21.57333374023437,374.8763995671333
2023-05-08,Deckers,DECK,82.4433364868164,https://query2.finance.yahoo.com/v8/finance/chart/DECK,2019-01-02,21.57333374023437,382.15390110550777
2023-05-09,Deckers,DECK,82.8183364868164,https://query2.finance.yahoo.com/v8/finance/chart/DECK,2019-01-02,21.57333374023437,383.8921581802622
2023-05-10,Deckers,DECK,82.62333679199219,https://query2.finance.yahoo.com/v8/finance/chart/DECK,2019-01-02,21.57333374023437,382.98826591598714
2023-05-11,Deckers,DECK,81.73999786376953,https://query2.finance.yahoo.com/v8/finance/chart/DECK,2019-01-02,21.57333374023437,378.89367887228315
2023-05-12,Deckers,DECK,81.76333618164062,https://query2.finance.yahoo.com/v8/finance/chart/DECK,2019-01-02,21.57333374023437,379.00186019535596
2023-05-15,Deckers,DECK,81.91999816894531,https://query2.finance.yahoo.com/v8/finance/chart/DECK,2019-01-02,21.57333374023437,379.72804368276246
2023-05-16,Deckers,DECK,78.88833618164062,https://query2.finance.yahoo.com/v8/finance/chart/DECK,2019-01-02,21.57333374023437,365.67522262223895
2023-05-17,Deckers,DECK,78.3949966430664,https://query2.finance.yahoo.com/v8/finance/chart/DECK,2019-01-02,21.57333374023437,363.3884201070851
2023-05-18,Deckers,DECK,78.75166320800781,https://query2.finance.yahoo.com/v8/finance/chart/DECK,2019-01-02,21.57333374023437,365.04169525331906
2023-05-19,Deckers,DECK,75.79833221435547,https://query2.finance.yahoo.com/v8/finance/chart/DECK,2019-01-02,21.57333374023437,351.3519659364988
2023-05-22,Deckers,DECK,76.03333282470703,https://query2.finance.yahoo.com/v8/finance/chart/DECK,2019-01-02,21.57333374023437,352.44127653253935
2023-05-23,Deckers,DECK,74.79833221435547,https://query2.finance.yahoo.com/v8/finance/chart/DECK,2019-01-02,21.57333374023437,346.71661373715375
2023-05-24,Deckers,DECK,73.38833618164062,https://query2.finance.yahoo.com/v8/finance/chart/DECK,2019-01-02,21.57333374023437,340.1807855258412
2023-05-25,Deckers,DECK,75.00166320800781,https://query2.finance.yahoo.com/v8/finance/chart/DECK,2019-01-02,21.57333374023437,347.65912450577514
2023-05-26,Deckers,DECK,77.52999877929688,https://query2.finance.yahoo.com/v8/finance/chart/DECK,2019-01-02,21.57333374023437,359.37885035683223
2023-05-30,Deckers,DECK,81.5199966430664,https://query2.finance.yahoo.com/v8/finance/chart/DECK,2019-01-02,21.57333374023437,377.8738957300383
2023-05-31,Deckers,DECK,79.16666412353516,https://query2.finance.yahoo.com/v8/finance/chart/DECK,2019-01-02,21.57333374023437,366.9653706598389
2023-06-01,Deckers,DECK,77.50166320800781,https://query2.finance.yahoo.com/v8/finance/chart/DECK,2019-01-02,21.57333374023437,359.24750500413774
2023-06-02,Deckers,DECK,79.46333312988281,https://query2.finance.yahoo.com/v8/finance/chart/DECK,2019-01-02,21.57333374023437,368.34053599089003
2023-06-05,Deckers,DECK,80.95999908447266,https://query2.finance.yahoo.com/v8/finance/chart/DECK,2019-01-02,21.57333374023437,375.2781098151829
2023-06-06,Deckers,DECK,81.92333221435547,https://query2.finance.yahoo.com/v8/finance/chart/DECK,2019-01-02,21.57333374023437,379.7434981574872
2023-06-07,Deckers,DECK,83.02166748046875,https://query2.finance.yahoo.com/v8/finance/chart/DECK,2019-01-02,21.57333374023437,384.8346689488836
2023-06-08,Deckers,DECK,81.83000183105469,https://query2.finance.yahoo.com/v8/finance/chart/DECK,2019-01-02,21.57333374023437,379.3108789599882
2023-06-09,Deckers,DECK,81.38833618164062,https://query2.finance.yahoo.com/v8/finance/chart/DECK,2019-01-02,21.57333374023437,377.26360312060154
2023-06-12,Deckers,DECK,83.4816665649414,https://query2.finance.yahoo.com/v8/finance/chart/DECK,2019-01-02,21.57333374023437,386.9669267167906
2023-06-13,Deckers,DECK,81.78666687011719,https://query2.finance.yahoo.com/v8/finance/chart/DECK,2019-01-02,21.57333374023437,379.11000615349803
2023-06-14,Deckers,DECK,84.45500183105469,https://query2.finance.yahoo.com/v8/finance/chart/DECK,2019-01-02,21.57333374023437,391.47867848326894
2023-06-15,Deckers,DECK,85.336669921875,https://query2.finance.yahoo.com/v8/finance/chart/DECK,2019-01-02,21.57333374023437,395.5655206071452
2023-06-16,Deckers,DECK,85.45333099365234,https://query2.finance.yahoo.com/v8/finance/chart/DECK,2019-01-02,21.57333374023437,396.10628576278623
2023-06-20,Deckers,DECK,84.7249984741211,https://query2.finance.yahoo.com/v8/finance/chart/DECK,2019-01-02,21.57333374023437,392.73020801652257
2023-06-21,Deckers,DECK,85.02333068847656,https://query2.finance.yahoo.com/v8/finance/chart/DECK,2019-01-02,21.57333374023437,394.11308290247064
2023-06-22,Deckers,DECK,83.92500305175781,https://query2.finance.yahoo.com/v8/finance/chart/DECK,2019-01-02,21.57333374023437,389.021947476005
2023-06-23,Deckers,DECK,84.35333251953125,https://query2.finance.yahoo.com/v8/finance/chart/DECK,2019-01-02,21.57333374023437,391.0074054164929
2023-06-26,Deckers,DECK,84.90666961669922,https://query2.finance.yahoo.com/v8/finance/chart/DECK,2019-01-02,21.57333374023437,393.5723177468296
2023-06-27,Deckers,DECK,85.33999633789062,https://query2.finance.yahoo.com/v8/finance/chart/DECK,2019-01-02,21.57333374023437,395.58093971693916
2023-06-28,Deckers,DECK,86.6866683959961,https://query2.finance.yahoo.com/v8/finance/chart/DECK,2019-01-02,21.57333374023437,401.82323900327486
2023-06-29,Deckers,DECK,85.66166687011719,https://query2.finance.yahoo.com/v8/finance/chart/DECK,2019-01-02,21.57333374023437,397.07199592596004
2023-06-30,Deckers,DECK,87.9433364868164,https://query2.finance.yahoo.com/v8/finance/chart/DECK,2019-01-02,21.57333374023437,407.6483382019055
2023-07-03,Deckers,DECK,88.57666778564453,https://query2.finance.yahoo.com/v8/finance/chart/DECK,2019-01-02,21.57333374023437,410.58405183084255
2023-07-05,Deckers,DECK,89.09833526611328,https://query2.finance.yahoo.com/v8/finance/chart/DECK,2019-01-02,21.57333374023437,413.00216433376016
2023-07-06,Deckers,DECK,88.32666778564453,https://query2.finance.yahoo.com/v8/finance/chart/DECK,2019-01-02,21.57333374023437,409.4252137810063
2023-07-07,Deckers,DECK,87.86333465576172,https://query2.finance.yahoo.com/v8/finance/chart/DECK,2019-01-02,21.57333374023437,407.27750153837457
2023-07-10,Deckers,DECK,90.14167022705078,https://query2.finance.yahoo.com/v8/finance/chart/DECK,2019-01-02,21.57333374023437,417.8383893395954
2023-07-11,Deckers,DECK,91.90333557128906,https://query2.finance.yahoo.com/v8/finance/chart/DECK,2019-01-02,21.57333374023437,426.0043286675202
2023-07-12,Deckers,DECK,92.22000122070312,https://query2.finance.yahoo.com/v8/finance/chart/DECK,2019-01-02,21.57333374023437,427.47218548198873
2023-07-13,Deckers,DECK,89.89833068847656,https://query2.finance.yahoo.com/v8/finance/chart/DECK,2019-01-02,21.57333374023437,416.71042487427775
2023-07-14,Deckers,DECK,90.58000183105467,https://query2.finance.yahoo.com/v8/finance/chart/DECK,2019-01-02,21.57333374023437,419.8702107042572
2023-07-17,Deckers,DECK,91.24166870117188,https://query2.finance.yahoo.com/v8/finance/chart/DECK,2019-01-02,21.57333374023437,422.93726968588874
2023-07-18,Deckers,DECK,91.11166381835938,https://query2.finance.yahoo.com/v8/finance/chart/DECK,2019-01-02,21.57333374023437,422.33465126641823
2023-07-19,Deckers,DECK,90.62000274658205,https://query2.finance.yahoo.com/v8/finance/chart/DECK,2019-01-02,21.57333374023437,420.0556290360229
2023-07-20,Deckers,DECK,89.23833465576172,https://query2.finance.yahoo.com/v8/finance/chart/DECK,2019-01-02,21.57333374023437,413.651110812474
2023-07-21,Deckers,DECK,89.59166717529297,https://query2.finance.yahoo.com/v8/finance/chart/DECK,2019-01-02,21.57333374023437,415.2889314839833
2023-07-24,Deckers,DECK,91.57833099365234,https://query2.finance.yahoo.com/v8/finance/chart/DECK,2019-01-02,21.57333374023437,424.49781798377467
2023-07-25,Deckers,DECK,92.55833435058594,https://query2.finance.yahoo.com/v8/finance/chart/DECK,2019-01-02,21.57333374023437,429.0404786997023
2023-07-26,Deckers,DECK,93.0,https://query2.finance.yahoo.com/v8/finance/chart/DECK,2019-01-02,21.57333374023437,431.0877545390889
2023-07-27,Deckers,DECK,89.50333404541016,https://query2.finance.yahoo.com/v8/finance/chart/DECK,2019-01-02,21.57333374023437,414.879476316106
2023-07-28,Deckers,DECK,89.01000213623047,https://query2.finance.yahoo.com/v8/finance/chart/DECK,2019-01-02,21.57333374023437,412.5927091658828
2023-07-31,Deckers,DECK,90.61499786376952,https://query2.finance.yahoo.com/v8/finance/chart/DECK,2019-01-02,21.57333374023437,420.03242964147034
2023-08-01,Deckers,DECK,90.3933334350586,https://query2.finance.yahoo.com/v8/finance/chart/DECK,2019-01-02,21.57333374023437,419.0049369443286
2023-08-02,Deckers,DECK,90.15333557128906,https://query2.finance.yahoo.com/v8/finance/chart/DECK,2019-01-02,21.57333374023437,417.8924623186664
2023-08-03,Deckers,DECK,92.5566635131836,https://query2.finance.yahoo.com/v8/finance/chart/DECK,2019-01-02,21.57333374023437,429.0327337798746
2023-08-04,Deckers,DECK,92.07833099365234,https://query2.finance.yahoo.com/v8/finance/chart/DECK,2019-01-02,21.57333374023437,426.81549408344716
2023-08-07,Deckers,DECK,94.25833129882812,https://query2.finance.yahoo.com/v8/finance/chart/DECK,2019-01-02,21.57333374023437,436.9205632926166
2023-08-08,Deckers,DECK,94.1816635131836,https://query2.finance.yahoo.com/v8/finance/chart/DECK,2019-01-02,21.57333374023437,436.5651811038103
2023-08-09,Deckers,DECK,92.50499725341795,https://query2.finance.yahoo.com/v8/finance/chart/DECK,2019-01-02,21.57333374023437,428.793242469038
2023-08-10,Deckers,DECK,93.24166870117188,https://query2.finance.yahoo.com/v8/finance/chart/DECK,2019-01-02,21.57333374023437,432.20797408457884
2023-08-11,Deckers,DECK,92.0366668701172,https://query2.finance.yahoo.com/v8/finance/chart/DECK,2019-01-02,21.57333374023437,426.62236619678475
2023-08-14,Deckers,DECK,93.04833221435548,https://query2.finance.yahoo.com/v8/finance/chart/DECK,2019-01-02,21.57333374023437,431.31179137520087
2023-08-15,Deckers,DECK,92.45500183105467,https://query2.finance.yahoo.com/v8/finance/chart/DECK,2019-01-02,21.57333374023437,428.56149607802917
2023-08-16,Deckers,DECK,92.77999877929688,https://query2.finance.yahoo.com/v8/finance/chart/DECK,2019-01-02,21.57333374023437,430.0679713968441
2023-08-17,Deckers,DECK,91.34666442871094,https://query2.finance.yahoo.com/v8/finance/chart/DECK,2019-01-02,21.57333374023437,423.4239618624588
2023-08-18,Deckers,DECK,92.88166809082033,https://query2.finance.yahoo.com/v8/finance/chart/DECK,2019-01-02,21.57333374023437,430.53924446362026
2023-08-21,Deckers,DECK,93.40833282470705,https://query2.finance.yahoo.com/v8/finance/chart/DECK,2019-01-02,21.57333374023437,432.9805209961595
2023-08-22,Deckers,DECK,92.5616683959961,https://query2.finance.yahoo.com/v8/finance/chart/DECK,2019-01-02,21.57333374023437,429.05593317442697
2023-08-23,Deckers,DECK,91.70333099365234,https://query2.finance.yahoo.com/v8/finance/chart/DECK,2019-01-02,21.57333374023437,425.07723700869275
2023-08-24,Deckers,DECK,86.96333312988281,https://query2.finance.yahoo.com/v8/finance/chart/DECK,2019-01-02,21.57333374023437,403.1056774859779
2023-08-25,Deckers,DECK,86.91999816894531,https://query2.finance.yahoo.com/v8/finance/chart/DECK,2019-01-02,21.57333374023437,402.9048046794877
2023-08-28,Deckers,DECK,86.04833221435547,https://query2.finance.yahoo.com/v8/finance/chart/DECK,2019-01-02,21.57333374023437,398.86432597978546
2023-08-29,Deckers,DECK,87.97833251953125,https://query2.finance.yahoo.com/v8/finance/chart/DECK,2019-01-02,21.57333374023437,407.81055713911866
2023-08-30,Deckers,DECK,86.47833251953125,https://query2.finance.yahoo.com/v8/finance/chart/DECK,2019-01-02,21.57333374023437,400.85752884010105
2023-08-31,Deckers,DECK,88.1816635131836,https://query2.finance.yahoo.com/v8/finance/chart/DECK,2019-01-02,21.57333374023437,408.75306790774005
2023-09-01,Deckers,DECK,88.79166412353516,https://query2.finance.yahoo.com/v8/finance/chart/DECK,2019-01-02,21.57333374023437,411.58063557853495
2023-09-05,Deckers,DECK,87.35333251953125,https://query2.finance.yahoo.com/v8/finance/chart/DECK,2019-01-02,21.57333374023437,404.91346201452797
2023-09-06,Deckers,DECK,87.63666534423828,https://query2.finance.yahoo.com/v8/finance/chart/DECK,2019-01-02,21.57333374023437,406.22680944668036
2023-09-07,Deckers,DECK,87.28500366210938,https://query2.finance.yahoo.com/v8/finance/chart/DECK,2019-01-02,21.57333374023437,404.59673369499876
2023-09-08,Deckers,DECK,87.87333679199219,https://query2.finance.yahoo.com/v8/finance/chart/DECK,2019-01-02,21.57333374023437,407.3238649625486
2023-09-11,Deckers,DECK,89.54166412353516,https://query2.finance.yahoo.com/v8/finance/chart/DECK,2019-01-02,21.57333374023437,415.0571497280437
2023-09-12,Deckers,DECK,90.12000274658205,https://query2.finance.yahoo.com/v8/finance/chart/DECK,2019-01-02,21.57333374023437,417.7379529363503
2023-09-13,Deckers,DECK,88.98833465576172,https://query2.finance.yahoo.com/v8/finance/chart/DECK,2019-01-02,21.57333374023437,412.49227276263775
2023-09-14,Deckers,DECK,89.48500061035156,https://query2.finance.yahoo.com/v8/finance/chart/DECK,2019-01-02,21.57333374023437,414.7944943875856
2023-09-15,Deckers,DECK,87.14666748046875,https://query2.finance.yahoo.com/v8/finance/chart/DECK,2019-01-02,21.57333374023437,403.9554967711819
2023-09-18,Deckers,DECK,87.70999908447266,https://query2.finance.yahoo.com/v8/finance/chart/DECK,2019-01-02,21.57333374023437,406.566737160762
2023-09-19,Deckers,DECK,88.58000183105469,https://query2.finance.yahoo.com/v8/finance/chart/DECK,2019-01-02,21.57333374023437,410.5995063055672
2023-09-20,Deckers,DECK,87.27999877929688,https://query2.finance.yahoo.com/v8/finance/chart/DECK,2019-01-02,21.57333374023437,404.5735343004464
2023-09-21,Deckers,DECK,84.19667053222656,https://query2.finance.yahoo.com/v8/finance/chart/DECK,2019-01-02,21.57333374023437,390.2812219290863
2023-09-22,Deckers,DECK,85.09500122070312,https://query2.finance.yahoo.com/v8/finance/chart/DECK,2019-01-02,21.57333374023437,394.4453010616553
2023-09-25,Deckers,DECK,85.26667022705078,https://query2.finance.yahoo.com/v8/finance/chart/DECK,2019-01-02,21.57333374023437,395.24104736778827
2023-09-26,Deckers,DECK,83.711669921875,https://query2.finance.yahoo.com/v8/finance/chart/DECK,2019-01-02,21.57333374023437,388.0330732832095
2023-09-27,Deckers,DECK,83.59500122070312,https://query2.finance.yahoo.com/v8/finance/chart/DECK,2019-01-02,21.57333374023437,387.4922727626377
2023-09-28,Deckers,DECK,84.61166381835938,https://query2.finance.yahoo.com/v8/finance/chart/DECK,2019-01-02,21.57333374023437,392.20486197067544
2023-09-29,Deckers,DECK,85.6816635131836,https://query2.finance.yahoo.com/v8/finance/chart/DECK,2019-01-02,21.57333374023437,397.16468740937745
2023-10-02,Deckers,DECK,86.25833129882812,https://query2.finance.yahoo.com/v8/finance/chart/DECK,2019-01-02,21.57333374023437,399.83774569785623
2023-10-03,Deckers,DECK,84.6866683959961,https://query2.finance.yahoo.com/v8/finance/chart/DECK,2019-01-02,21.57333374023437,392.55253460458476
2023-10-04,Deckers,DECK,85.14666748046875,https://query2.finance.yahoo.com/v8/finance/chart/DECK,2019-01-02,21.57333374023437,394.6847923724918
2023-10-05,Deckers,DECK,82.75833129882812,https://query2.finance.yahoo.com/v8/finance/chart/DECK,2019-01-02,21.57333374023437,383.6140130001486
2023-10-06,Deckers,DECK,82.51333618164062,https://query2.finance.yahoo.com/v8/finance/chart/DECK,2019-01-02,21.57333374023437,382.47837434486473
2023-10-09,Deckers,DECK,83.25499725341797,https://query2.finance.yahoo.com/v8/finance/chart/DECK,2019-01-02,21.57333374023437,385.9162346250964
2023-10-10,Deckers,DECK,84.75833129882812,https://query2.finance.yahoo.com/v8/finance/chart/DECK,2019-01-02,21.57333374023437,392.8847173988387
2023-10-11,Deckers,DECK,84.84500122070312,https://query2.finance.yahoo.com/v8/finance/chart/DECK,2019-01-02,21.57333374023437,393.286463011819
2023-10-12,Deckers,DECK,82.89666748046875,https://query2.finance.yahoo.com/v8/finance/chart/DECK,2019-01-02,21.57333374023437,384.25524992396544
2023-10-13,Deckers,DECK,82.07167053222656,https://query2.finance.yahoo.com/v8/finance/chart/DECK,2019-01-02,21.57333374023437,380.4310985054781
2023-10-16,Deckers,DECK,83.54000091552734,https://query2.finance.yahoo.com/v8/finance/chart/DECK,2019-01-02,21.57333374023437,387.2373269770765
2023-10-17,Deckers,DECK,86.48500061035156,https://query2.finance.yahoo.com/v8/finance/chart/DECK,2019-01-02,21.57333374023437,400.88843778955044
2023-10-18,Deckers,DECK,85.32666778564453,https://query2.finance.yahoo.com/v8/finance/chart/DECK,2019-01-02,21.57333374023437,395.5191571829711
2023-10-19,Deckers,DECK,84.8133316040039,https://query2.finance.yahoo.com/v8/finance/chart/DECK,2019-01-02,21.57333374023437,393.13966318439986
2023-10-20,Deckers,DECK,82.9316635131836,https://query2.finance.yahoo.com/v8/finance/chart/DECK,2019-01-02,21.57333374023437,384.4174688611786
2023-10-23,Deckers,DECK,82.40833282470703,https://query2.finance.yahoo.com/v8/finance/chart/DECK,2019-01-02,21.57333374023437,381.99164680336395
2023-10-24,Deckers,DECK,82.68333435058594,https://query2.finance.yahoo.com/v8/finance/chart/DECK,2019-01-02,21.57333374023437,383.26637573117
2023-10-25,Deckers,DECK,82.06666564941406,https://query2.finance.yahoo.com/v8/finance/chart/DECK,2019-01-02,21.57333374023437,380.4078991109257
2023-10-26,Deckers,DECK,80.76333618164062,https://query2.finance.yahoo.com/v8/finance/chart/DECK,2019-01-02,21.57333374023437,374.3665079960109
2023-10-27,Deckers,DECK,96.0616683959961,https://query2.finance.yahoo.com/v8/finance/chart/DECK,2019-01-02,21.57333374023437,445.2796658721346
2023-10-30,Deckers,DECK,97.42666625976562,https://query2.finance.yahoo.com/v8/finance/chart/DECK,2019-01-02,21.57333374023437,451.60691172206003
2023-10-31,Deckers,DECK,99.51000213623048,https://query2.finance.yahoo.com/v8/finance/chart/DECK,2019-01-02,21.57333374023437,461.26390725900586
2023-11-01,Deckers,DECK,98.99666595458984,https://query2.finance.yahoo.com/v8/finance/chart/DECK,2019-01-02,21.57333374023437,458.8844132604345
2023-11-02,Deckers,DECK,100.16500091552734,https://query2.finance.yahoo.com/v8/finance/chart/DECK,2019-01-02,21.57333374023437,464.30005729118784
2023-11-03,Deckers,DECK,99.51667022705078,https://query2.finance.yahoo.com/v8/finance/chart/DECK,2019-01-02,21.57333374023437,461.29481620845513
2023-11-06,Deckers,DECK,102.14833068847656,https://query2.finance.yahoo.com/v8/finance/chart/DECK,2019-01-02,21.57333374023437,473.4934893162545
2023-11-07,Deckers,DECK,104.8566665649414,https://query2.finance.yahoo.com/v8/finance/chart/DECK,2019-01-02,21.57333374023437,486.0475799777909
2023-11-08,Deckers,DECK,104.5366668701172,https://query2.finance.yahoo.com/v8/finance/chart/DECK,2019-01-02,21.57333374023437,484.5642686885978
2023-11-09,Deckers,DECK,104.9250030517578,https://query2.finance.yahoo.com/v8/finance/chart/DECK,2019-01-02,21.57333374023437,486.36434366225075
2023-11-10,Deckers,DECK,105.4566650390625,https://query2.finance.yahoo.com/v8/finance/chart/DECK,2019-01-02,21.57333374023437,488.8287842244118
2023-11-13,Deckers,DECK,104.73666381835938,https://query2.finance.yahoo.com/v8/finance/chart/DECK,2019-01-02,21.57333374023437,485.49132498249446
2023-11-14,Deckers,DECK,105.02833557128906,https://query2.finance.yahoo.com/v8/finance/chart/DECK,2019-01-02,21.57333374023437,486.8433262839239
2023-11-15,Deckers,DECK,105.38833618164062,https://query2.finance.yahoo.com/v8/finance/chart/DECK,2019-01-02,21.57333374023437,488.5120559048826
2023-11-16,Deckers,DECK,102.57666778564452,https://query2.finance.yahoo.com/v8/finance/chart/DECK,2019-01-02,21.57333374023437,475.478982621673
2023-11-17,Deckers,DECK,103.4183349609375,https://query2.finance.yahoo.com/v8/finance/chart/DECK,2019-01-02,21.57333374023437,479.38040641378393
2023-11-20,Deckers,DECK,104.913330078125,https://query2.finance.yahoo.com/v8/finance/chart/DECK,2019-01-02,21.57333374023437,486.3102353182491
2023-11-21,Deckers,DECK,105.6933364868164,https://query2.finance.yahoo.com/v8/finance/chart/DECK,2019-01-02,21.57333374023437,489.92583974028
2023-11-22,Deckers,DECK,105.41666412353516,https://query2.finance.yahoo.com/v8/finance/chart/DECK,2019-01-02,21.57333374023437,488.6433658926463
2023-11-24,Deckers,DECK,106.17832946777344,https://query2.finance.yahoo.com/v8/finance/chart/DECK,2019-01-02,21.57333374023437,492.1739530212261
2023-11-27,Deckers,DECK,109.4366683959961,https://query2.finance.yahoo.com/v8/finance/chart/DECK,2019-01-02,21.57333374023437,507.27750153837457
2023-11-28,Deckers,DECK,108.61333465576172,https://query2.finance.yahoo.com/v8/finance/chart/DECK,2019-01-02,21.57333374023437,503.46105967478417
2023-11-29,Deckers,DECK,109.16500091552734,https://query2.finance.yahoo.com/v8/finance/chart/DECK,2019-01-02,21.57333374023437,506.01822708529323
2023-11-30,Deckers,DECK,110.6616668701172,https://query2.finance.yahoo.com/v8/finance/chart/DECK,2019-01-02,21.57333374023437,512.9558009095862
2023-12-01,Deckers,DECK,114.17666625976562,https://query2.finance.yahoo.com/v8/finance/chart/DECK,2019-01-02,21.57333374023437,529.2490610610895
2023-12-04,Deckers,DECK,115.63500213623048,https://query2.finance.yahoo.com/v8/finance/chart/DECK,2019-01-02,21.57333374023437,536.0089614734446
2023-12-05,Deckers,DECK,115.06666564941406,https://query2.finance.yahoo.com/v8/finance/chart/DECK,2019-01-02,21.57333374023437,533.3745216893121
2023-12-06,Deckers,DECK,114.62166595458984,https://query2.finance.yahoo.com/v8/finance/chart/DECK,2019-01-02,21.57333374023437,531.3117913752008
2023-12-07,Deckers,DECK,115.73666381835938,https://query2.finance.yahoo.com/v8/finance/chart/DECK,2019-01-02,21.57333374023437,536.48019917529
2023-12-08,Deckers,DECK,115.89666748046876,https://query2.finance.yahoo.com/v8/finance/chart/DECK,2019-01-02,21.57333374023437,537.221872502352
2023-12-11,Deckers,DECK,116.30999755859376,https://query2.finance.yahoo.com/v8/finance/chart/DECK,2019-01-02,21.57333374023437,539.1378029890441
2023-12-12,Deckers,DECK,117.6266632080078,https://query2.finance.yahoo.com/v8/finance/chart/DECK,2019-01-02,21.57333374023437,545.2410120028575
2023-12-13,Deckers,DECK,119.87833404541016,https://query2.finance.yahoo.com/v8/finance/chart/DECK,2019-01-02,21.57333374023437,555.6782993712117
2023-12-14,Deckers,DECK,116.3066635131836,https://query2.finance.yahoo.com/v8/finance/chart/DECK,2019-01-02,21.57333374023437,539.1223485143194
2023-12-15,Deckers,DECK,117.13500213623048,https://query2.finance.yahoo.com/v8/finance/chart/DECK,2019-01-02,21.57333374023437,542.9619897724622
2023-12-18,Deckers,DECK,117.7866668701172,https://query2.finance.yahoo.com/v8/finance/chart/DECK,2019-01-02,21.57333374023437,545.9826853299196
2023-12-19,Deckers,DECK,119.15499877929688,https://query2.finance.yahoo.com/v8/finance/chart/DECK,2019-01-02,21.57333374023437,552.3253856545696
2023-12-20,Deckers,DECK,116.79833221435548,https://query2.finance.yahoo.com/v8/finance/chart/DECK,2019-01-02,21.57333374023437,541.4014061096456
2023-12-21,Deckers,DECK,117.3550033569336,https://query2.finance.yahoo.com/v8/finance/chart/DECK,2019-01-02,21.57333374023437,543.981772914707
2023-12-22,Deckers,DECK,115.61499786376952,https://query2.finance.yahoo.com/v8/finance/chart/DECK,2019-01-02,21.57333374023437,535.9162346250964
2023-12-26,Deckers,DECK,114.663330078125,https://query2.finance.yahoo.com/v8/finance/chart/DECK,2019-01-02,21.57333374023437,531.5049192618633
2023-12-27,Deckers,DECK,114.6266632080078,https://query2.finance.yahoo.com/v8/finance/chart/DECK,2019-01-02,21.57333374023437,531.3349554048224
2023-12-28,Deckers,DECK,112.586669921875,https://query2.finance.yahoo.com/v8/finance/chart/DECK,2019-01-02,21.57333374023437,521.8788680392976
2023-12-29,Deckers,DECK,111.40499877929688,https://query2.finance.yahoo.com/v8/finance/chart/DECK,2019-01-02,21.57333374023437,516.4014061096456
2024-01-02,Deckers,DECK,112.33000183105467,https://query2.finance.yahoo.com/v8/finance/chart/DECK,2019-01-02,21.57333374023437,520.6891210400119
2024-01-03,Deckers,DECK,113.0566635131836,https://query2.finance.yahoo.com/v8/finance/chart/DECK,2019-01-02,21.57333374023437,524.057453866448
2024-01-04,Deckers,DECK,112.0366668701172,https://query2.finance.yahoo.com/v8/finance/chart/DECK,2019-01-02,21.57333374023437,519.3294101836856
2024-01-05,Deckers,DECK,108.71499633789062,https://query2.finance.yahoo.com/v8/finance/chart/DECK,2019-01-02,21.57333374023437,503.93229737662955
2024-01-08,Deckers,DECK,114.1233367919922,https://query2.finance.yahoo.com/v8/finance/chart/DECK,2019-01-02,21.57333374023437,529.001860195356
2024-01-09,Deckers,DECK,116.15333557128906,https://query2.finance.yahoo.com/v8/finance/chart/DECK,2019-01-02,21.57333374023437,538.4116195016375
2024-01-10,Deckers,DECK,115.98500061035156,https://query2.finance.yahoo.com/v8/finance/chart/DECK,2019-01-02,21.57333374023437,537.6313276702292
2024-01-11,Deckers,DECK,117.28333282470705,https://query2.finance.yahoo.com/v8/finance/chart/DECK,2019-01-02,21.57333374023437,543.6495547555224
2024-01-12,Deckers,DECK,117.77999877929688,https://query2.finance.yahoo.com/v8/finance/chart/DECK,2019-01-02,21.57333374023437,545.9517763804702
2024-01-16,Deckers,DECK,120.29666900634766,https://query2.finance.yahoo.com/v8/finance/chart/DECK,2019-01-02,21.57333374023437,557.6174292524562
2024-01-17,Deckers,DECK,120.7483367919922,https://query2.finance.yahoo.com/v8/finance/chart/DECK,2019-01-02,21.57333374023437,559.711068516017
2024-01-18,Deckers,DECK,122.78500366210938,https://query2.finance.yahoo.com/v8/finance/chart/DECK,2019-01-02,21.57333374023437,569.1517367717478
2024-01-19,Deckers,DECK,124.875,https://query2.finance.yahoo.com/v8/finance/chart/DECK,2019-01-02,21.57333374023437,578.8396058932121
2024-01-22,Deckers,DECK,127.9499969482422,https://query2.finance.yahoo.com/v8/finance/chart/DECK,2019-01-02,21.57333374023437,593.0932997602259
2024-01-23,Deckers,DECK,125.69166564941406,https://query2.finance.yahoo.com/v8/finance/chart/DECK,2019-01-02,21.57333374023437,582.6251388073532
2024-01-24,Deckers,DECK,125.10333251953124,https://query2.finance.yahoo.com/v8/finance/chart/DECK,2019-01-02,21.57333374023437,579.8980075398032
2024-01-25,Deckers,DECK,126.83499908447266,https://query2.finance.yahoo.com/v8/finance/chart/DECK,2019-01-02,21.57333374023437,587.9248919601367
2024-01-26,Deckers,DECK,127.96499633789062,https://query2.finance.yahoo.com/v8/finance/chart/DECK,2019-01-02,21.57333374023437,593.1628272140216
2024-01-29,Deckers,DECK,129.1266632080078,https://query2.finance.yahoo.com/v8/finance/chart/DECK,2019-01-02,21.57333374023437,598.5475622953255
2024-01-30,Deckers,DECK,128.92333984375,https://query2.finance.yahoo.com/v8/finance/chart/DECK,2019-01-02,21.57333374023437,597.6050868916349
2024-01-31,Deckers,DECK,125.62166595458984,https://query2.finance.yahoo.com/v8/finance/chart/DECK,2019-01-02,21.57333374023437,582.3006655679962
2024-02-01,Deckers,DECK,128.80833435058594,https://query2.finance.yahoo.com/v8/finance/chart/DECK,2019-01-02,21.57333374023437,597.0719959259601
2024-02-02,Deckers,DECK,147.00999450683594,https://query2.finance.yahoo.com/v8/finance/chart/DECK,2019-01-02,21.57333374023437,681.4431013629645
2024-02-05,Deckers,DECK,141.90167236328125,https://query2.finance.yahoo.com/v8/finance/chart/DECK,2019-01-02,21.57333374023437,657.7642290798753
2024-02-06,Deckers,DECK,137.55833435058594,https://query2.finance.yahoo.com/v8/finance/chart/DECK,2019-01-02,21.57333374023437,637.6313276702292
2024-02-07,Deckers,DECK,138.88833618164062,https://query2.finance.yahoo.com/v8/finance/chart/DECK,2019-01-02,21.57333374023437,643.7963545829415
2024-02-08,Deckers,DECK,138.73666381835938,https://query2.finance.yahoo.com/v8/finance/chart/DECK,2019-01-02,21.57333374023437,643.0932997602259
2024-02-09,Deckers,DECK,140.8699951171875,https://query2.finance.yahoo.com/v8/finance/chart/DECK,2019-01-02,21.57333374023437,652.9820416881804
2024-02-12,Deckers,DECK,140.77833557128906,https://query2.finance.yahoo.com/v8/finance/chart/DECK,2019-01-02,21.57333374023437,652.5571674105091
2024-02-13,Deckers,DECK,139.44500732421875,https://query2.finance.yahoo.com/v8/finance/chart/DECK,2019-01-02,21.57333374023437,646.3767213880029
2024-02-14,Deckers,DECK,141.35000610351562,https://query2.finance.yahoo.com/v8/finance/chart/DECK,2019-01-02,21.57333374023437,655.2070616693663
2024-02-15,Deckers,DECK,145.12832641601562,https://query2.finance.yahoo.com/v8/finance/chart/DECK,2019-01-02,21.57333374023437,672.7209070397432
2024-02-16,Deckers,DECK,143.8300018310547,https://query2.finance.yahoo.com/v8/finance/chart/DECK,2019-01-02,21.57333374023437,666.7027153193808
2024-02-20,Deckers,DECK,143.44667053222656,https://query2.finance.yahoo.com/v8/finance/chart/DECK,2019-01-02,21.57333374023437,664.92583974028
2024-02-21,Deckers,DECK,143.61000061035156,https://query2.finance.yahoo.com/v8/finance/chart/DECK,2019-01-02,21.57333374023437,665.682932177136
2024-02-22,Deckers,DECK,147.3433380126953,https://query2.finance.yahoo.com/v8/finance/chart/DECK,2019-01-02,21.57333374023437,682.9882659159872
2024-02-23,Deckers,DECK,146.74667358398438,https://query2.finance.yahoo.com/v8/finance/chart/DECK,2019-01-02,21.57333374023437,680.222516144091
2024-02-26,Deckers,DECK,144.9116668701172,https://query2.finance.yahoo.com/v8/finance/chart/DECK,2019-01-02,21.57333374023437,671.7166137371538
2024-02-27,Deckers,DECK,145.23333740234375,https://query2.finance.yahoo.com/v8/finance/chart/DECK,2019-01-02,21.57333374023437,673.2076699461746
2024-02-28,Deckers,DECK,147.07000732421875,https://query2.finance.yahoo.com/v8/finance/chart/DECK,2019-01-02,21.57333374023437,681.7212819080089
2024-02-29,Deckers,DECK,149.26499938964844,https://query2.finance.yahoo.com/v8/finance/chart/DECK,2019-01-02,21.57333374023437,691.8958432060433
2024-03-01,Deckers,DECK,150.54833984375,https://query2.finance.yahoo.com/v8/finance/chart/DECK,2019-01-02,21.57333374023437,697.8445782024714
2024-03-04,Deckers,DECK,154.42999267578125,https://query2.finance.yahoo.com/v8/finance/chart/DECK,2019-01-02,21.57333374023437,715.8374061945213
2024-03-05,Deckers,DECK,151.14332580566406,https://query2.finance.yahoo.com/v8/finance/chart/DECK,2019-01-02,21.57333374023437,700.6025476896092
2024-03-06,Deckers,DECK,151.9983367919922,https://query2.finance.yahoo.com/v8/finance/chart/DECK,2019-01-02,21.57333374023437,704.5658247455494
2024-03-07,Deckers,DECK,152.14500427246094,https://query2.finance.yahoo.com/v8/finance/chart/DECK,2019-01-02,21.57333374023437,705.2456801737127
2024-03-08,Deckers,DECK,152.03334045410156,https://query2.finance.yahoo.com/v8/finance/chart/DECK,2019-01-02,21.57333374023437,704.7280790476933
2024-03-11,Deckers,DECK,150.27667236328125,https://query2.finance.yahoo.com/v8/finance/chart/DECK,2019-01-02,21.57333374023437,696.58530374939
2024-03-12,Deckers,DECK,152.50833129882812,https://query2.finance.yahoo.com/v8/finance/chart/DECK,2019-01-02,21.57333374023437,706.9298289044652
2024-03-13,Deckers,DECK,154.61000061035156,https://query2.finance.yahoo.com/v8/finance/chart/DECK,2019-01-02,21.57333374023437,716.6718063699315
2024-03-14,Deckers,DECK,155.50833129882812,https://query2.finance.yahoo.com/v8/finance/chart/DECK,2019-01-02,21.57333374023437,720.8358855025004
2024-03-15,Deckers,DECK,151.63333129882812,https://query2.finance.yahoo.com/v8/finance/chart/DECK,2019-01-02,21.57333374023437,702.8738957300384
2024-03-18,Deckers,DECK,151.47666931152344,https://query2.finance.yahoo.com/v8/finance/chart/DECK,2019-01-02,21.57333374023437,702.1477122426319
2024-03-19,Deckers,DECK,151.47666931152344,https://query2.finance.yahoo.com/v8/finance/chart/DECK,2019-01-02,21.57333374023437,702.1477122426319
2024-03-20,Deckers,DECK,152.52999877929688,https://query2.finance.yahoo.com/v8/finance/chart/DECK,2019-01-02,21.57333374023437,707.0302653077104
2024-03-21,Deckers,DECK,158.82333374023438,https://query2.finance.yahoo.com/v8/finance/chart/DECK,2019-01-02,21.57333374023437,736.202089360107
2024-03-22,Deckers,DECK,153.74000549316406,https://query2.finance.yahoo.com/v8/finance/chart/DECK,2019-01-02,21.57333374023437,712.6390725900569
2024-03-25,Deckers,DECK,155.43167114257812,https://query2.finance.yahoo.com/v8/finance/chart/DECK,2019-01-02,21.57333374023437,720.4805386786248
2024-03-26,Deckers,DECK,156.24166870117188,https://query2.finance.yahoo.com/v8/finance/chart/DECK,2019-01-02,21.57333374023437,724.2351626433165
2024-03-27,Deckers,DECK,156.31666564941406,https://query2.finance.yahoo.com/v8/finance/chart/DECK,2019-01-02,21.57333374023437,724.5827999122951
2024-03-28,Deckers,DECK,156.8766632080078,https://query2.finance.yahoo.com/v8/finance/chart/DECK,2019-01-02,21.57333374023437,727.1785858271505
2024-04-01,Deckers,DECK,155.0833282470703,https://query2.finance.yahoo.com/v8/finance/chart/DECK,2019-01-02,21.57333374023437,718.8658466718065
2024-04-02,Deckers,DECK,150.5500030517578,https://query2.finance.yahoo.com/v8/finance/chart/DECK,2019-01-02,21.57333374023437,697.8522877573683
2024-04-03,Deckers,DECK,150.1199951171875,https://query2.finance.yahoo.com/v8/finance/chart/DECK,2019-01-02,21.57333374023437,695.8590495321221
2024-04-04,Deckers,DECK,146.30332946777344,https://query2.finance.yahoo.com/v8/finance/chart/DECK,2019-01-02,21.57333374023437,678.1674600199459
2024-04-05,Deckers,DECK,146.64833068847656,https://query2.finance.yahoo.com/v8/finance/chart/DECK,2019-01-02,21.57333374023437,679.7666621871089
2024-04-08,Deckers,DECK,148.13999938964844,https://query2.finance.yahoo.com/v8/finance/chart/DECK,2019-01-02,21.57333374023437,686.6810719817801
2024-04-09,Deckers,DECK,144.63499450683594,https://query2.finance.yahoo.com/v8/finance/chart/DECK,2019-01-02,21.57333374023437,670.4341398895201
2024-04-10,Deckers,DECK,135.02166748046875,https://query2.finance.yahoo.com/v8/finance/chart/DECK,2019-01-02,21.57333374023437,625.8729833148258
2024-04-11,Deckers,DECK,136.65499877929688,https://query2.finance.yahoo.com/v8/finance/chart/DECK,2019-01-02,21.57333374023437,633.4440491431078
2024-04-12,Deckers,DECK,135.72833251953125,https://query2.finance.yahoo.com/v8/finance/chart/DECK,2019-01-02,21.57333374023437,629.1486246578444
2024-04-15,Deckers,DECK,135.89666748046875,https://query2.finance.yahoo.com/v8/finance/chart/DECK,2019-01-02,21.57333374023437,629.9289164892527
2024-04-16,Deckers,DECK,135.64833068847656,https://query2.finance.yahoo.com/v8/finance/chart/DECK,2019-01-02,21.57333374023437,628.7777879943134
2024-04-17,Deckers,DECK,136.53334045410156,https://query2.finance.yahoo.com/v8/finance/chart/DECK,2019-01-02,21.57333374023437,632.8801199578451
2024-04-18,Deckers,DECK,135.5500030517578,https://query2.finance.yahoo.com/v8/finance/chart/DECK,2019-01-02,21.57333374023437,628.3220047671928
2024-04-19,Deckers,DECK,133.39666748046875,https://query2.finance.yahoo.com/v8/finance/chart/DECK,2019-01-02,21.57333374023437,618.3405359908901
2024-04-22,Deckers,DECK,135.0366668701172,https://query2.finance.yahoo.com/v8/finance/chart/DECK,2019-01-02,21.57333374023437,625.9425107686216
2024-04-23,Deckers,DECK,138.2383270263672,https://query2.finance.yahoo.com/v8/finance/chart/DECK,2019-01-02,21.57333374023437,640.7833332154503
2024-04-24,Deckers,DECK,141.95166015625,https://query2.finance.yahoo.com/v8/finance/chart/DECK,2019-01-02,21.57333374023437,657.9959401059534
2024-04-25,Deckers,DECK,134.4166717529297,https://query2.finance.yahoo.com/v8/finance/chart/DECK,2019-01-02,21.57333374023437,623.0686150385833
2024-04-26,Deckers,DECK,138.91000366210938,https://query2.finance.yahoo.com/v8/finance/chart/DECK,2019-01-02,21.57333374023437,643.8967909861866
2024-04-29,Deckers,DECK,138.7383270263672,https://query2.finance.yahoo.com/v8/finance/chart/DECK,2019-01-02,21.57333374023437,643.1010093151228
2024-04-30,Deckers,DECK,136.4116668701172,https://query2.finance.yahoo.com/v8/finance/chart/DECK,2019-01-02,21.57333374023437,632.316120042721
2024-05-01,Deckers,DECK,136.5800018310547,https://query2.finance.yahoo.com/v8/finance/chart/DECK,2019-01-02,21.57333374023437,633.0964118741292
2024-05-02,Deckers,DECK,138.77166748046875,https://query2.finance.yahoo.com/v8/finance/chart/DECK,2019-01-02,21.57333374023437,643.2555540623697
2024-05-03,Deckers,DECK,140.38999938964844,https://query2.finance.yahoo.com/v8/finance/chart/DECK,2019-01-02,21.57333374023437,650.757092436856
2024-05-06,Deckers,DECK,143.64166259765625,https://query2.finance.yahoo.com/v8/finance/chart/DECK,2019-01-02,21.57333374023437,665.8296966396244
2024-05-07,Deckers,DECK,143.72999572753906,https://query2.finance.yahoo.com/v8/finance/chart/DECK,2019-01-02,21.57333374023437,666.2391518075017
2024-05-08,Deckers,DECK,142.24667358398438,https://query2.finance.yahoo.com/v8/finance/chart/DECK,2019-01-02,21.57333374023437,659.3634312470383
2024-05-09,Deckers,DECK,145.75833129882812,https://query2.finance.yahoo.com/v8/finance/chart/DECK,2019-01-02,21.57333374023437,675.6412015588862
2024-05-10,Deckers,DECK,143.6649932861328,https://query2.finance.yahoo.com/v8/finance/chart/DECK,2019-01-02,21.57333374023437,665.9378425977665
2024-05-13,Deckers,DECK,141.77833557128906,https://query2.finance.yahoo.com/v8/finance/chart/DECK,2019-01-02,21.57333374023437,657.1925196098542
2024-05-14,Deckers,DECK,147.0749969482422,https://query2.finance.yahoo.com/v8/finance/chart/DECK,2019-01-02,21.57333374023437,681.7444105726998
2024-05-15,Deckers,DECK,150.6133270263672,https://query2.finance.yahoo.com/v8/finance/chart/DECK,2019-01-02,21.57333374023437,698.1458166823452
2024-05-16,Deckers,DECK,147.60333251953125,https://query2.finance.yahoo.com/v8/finance/chart/DECK,2019-01-02,21.57333374023437,684.1934320250667
2024-05-17,Deckers,DECK,148.0933380126953,https://query2.finance.yahoo.com/v8/finance/chart/DECK,2019-01-02,21.57333374023437,686.4647800654959
2024-05-20,Deckers,DECK,150.47500610351562,https://query2.finance.yahoo.com/v8/finance/chart/DECK,2019-01-02,21.57333374023437,697.5046504883898
2024-05-21,Deckers,DECK,149.9566650390625,https://query2.finance.yahoo.com/v8/finance/chart/DECK,2019-01-02,21.57333374023437,695.1019570952661
2024-05-22,Deckers,DECK,148.82333374023438,https://query2.finance.yahoo.com/v8/finance/chart/DECK,2019-01-02,21.57333374023437,689.8485673666567
2024-05-23,Deckers,DECK,150.77499389648438,https://query2.finance.yahoo.com/v8/finance/chart/DECK,2019-01-02,21.57333374023437,698.8951995643042
2024-05-24,Deckers,DECK,172.14999389648438,https://query2.finance.yahoo.com/v8/finance/chart/DECK,2019-01-02,21.57333374023437,797.9758528253044
2024-05-28,Deckers,DECK,179.85667419433594,https://query2.finance.yahoo.com/v8/finance/chart/DECK,2019-01-02,21.57333374023437,833.6990302935998
2024-05-29,Deckers,DECK,177.48666381835938,https://query2.finance.yahoo.com/v8/finance/chart/DECK,2019-01-02,21.57333374023437,822.7131974848463
2024-05-30,Deckers,DECK,180.42999267578125,https://query2.finance.yahoo.com/v8/finance/chart/DECK,2019-01-02,21.57333374023437,836.3565633774925
2024-05-31,Deckers,DECK,182.32000732421875,https://query2.finance.yahoo.com/v8/finance/chart/DECK,2019-01-02,21.57333374023437,845.1174469349216
2024-06-03,Deckers,DECK,181.09500122070312,https://query2.finance.yahoo.com/v8/finance/chart/DECK,2019-01-02,21.57333374023437,839.4391121987793
2024-06-04,Deckers,DECK,177.80499267578125,https://query2.finance.yahoo.com/v8/finance/chart/DECK,2019-01-02,21.57333374023437,824.1887638542117
2024-06-05,Deckers,DECK,182.2100067138672,https://query2.finance.yahoo.com/v8/finance/chart/DECK,2019-01-02,21.57333374023437,844.6075553637992
2024-06-06,Deckers,DECK,177.57167053222656,https://query2.finance.yahoo.com/v8/finance/chart/DECK,2019-01-02,21.57333374023437,823.1072335429296
2024-06-07,Deckers,DECK,174.05166625976562,https://query2.finance.yahoo.com/v8/finance/chart/DECK,2019-01-02,21.57333374023437,806.7907739968739
2024-06-10,Deckers,DECK,175.8249969482422,https://query2.finance.yahoo.com/v8/finance/chart/DECK,2019-01-02,21.57333374023437,815.0107863038697
2024-06-11,Deckers,DECK,173.72166442871094,https://query2.finance.yahoo.com/v8/finance/chart/DECK,2019-01-02,21.57333374023437,805.2610992835066
2024-06-12,Deckers,DECK,173.25332641601562,https://query2.finance.yahoo.com/v8/finance/chart/DECK,2019-01-02,21.57333374023437,803.0901876463225
2024-06-13,Deckers,DECK,171.69332885742188,https://query2.finance.yahoo.com/v8/finance/chart/DECK,2019-01-02,21.57333374023437,795.8590495321221
2024-06-14,Deckers,DECK,170.625,https://query2.finance.yahoo.com/v8/finance/chart/DECK,2019-01-02,21.57333374023437,790.9069690132478
2024-06-17,Deckers,DECK,169.5816650390625,https://query2.finance.yahoo.com/v8/finance/chart/DECK,2019-01-02,21.57333374023437,786.0707440074126
2024-06-18,Deckers,DECK,168.06500244140625,https://query2.finance.yahoo.com/v8/finance/chart/DECK,2019-01-02,21.57333374023437,779.0404786997024
2024-06-20,Deckers,DECK,164.9066619873047,https://query2.finance.yahoo.com/v8/finance/chart/DECK,2019-01-02,21.57333374023437,764.4004583295023
2024-06-21,Deckers,DECK,163.35667419433594,https://query2.finance.yahoo.com/v8/finance/chart/DECK,2019-01-02,21.57333374023437,757.2157190044067
2024-06-24,Deckers,DECK,163.01333618164062,https://query2.finance.yahoo.com/v8/finance/chart/DECK,2019-01-02,21.57333374023437,755.6242263921406
2024-06-25,Deckers,DECK,162.55332946777344,https://query2.finance.yahoo.com/v8/finance/chart/DECK,2019-01-02,21.57333374023437,753.4919332593029
2024-06-26,Deckers,DECK,163.5433349609375,https://query2.finance.yahoo.com/v8/finance/chart/DECK,2019-01-02,21.57333374023437,758.0809573994046
2024-06-27,Deckers,DECK,166.65167236328125,https://query2.finance.yahoo.com/v8/finance/chart/DECK,2019-01-02,21.57333374023437,772.4891960136652
2024-06-28,Deckers,DECK,161.3249969482422,https://query2.finance.yahoo.com/v8/finance/chart/DECK,2019-01-02,21.57333374023437,747.7981794133666
2024-07-01,Deckers,DECK,157.71665954589844,https://query2.finance.yahoo.com/v8/finance/chart/DECK,2019-01-02,21.57333374023437,731.0722646994336
2024-07-02,Deckers,DECK,156.77333068847656,https://query2.finance.yahoo.com/v8/finance/chart/DECK,2019-01-02,21.57333374023437,726.6996032054774
2024-07-03,Deckers,DECK,155.94833374023438,https://query2.finance.yahoo.com/v8/finance/chart/DECK,2019-01-02,21.57333374023437,722.8754517869901
2024-07-05,Deckers,DECK,156.55332946777344,https://query2.finance.yahoo.com/v8/finance/chart/DECK,2019-01-02,21.57333374023437,725.6798200632326
2024-07-08,Deckers,DECK,158.78334045410156,https://query2.finance.yahoo.com/v8/finance/chart/DECK,2019-01-02,21.57333374023437,736.0167063932723
2024-07-09,Deckers,DECK,156.50833129882812,https://query2.finance.yahoo.com/v8/finance/chart/DECK,2019-01-02,21.57333374023437,725.4712377018454
2024-07-10,Deckers,DECK,148.89500427246094,https://query2.finance.yahoo.com/v8/finance/chart/DECK,2019-01-02,21.57333374023437,690.1807855258413
2024-07-11,Deckers,DECK,148.10667419433594,https://query2.finance.yahoo.com/v8/finance/chart/DECK,2019-01-02,21.57333374023437,686.5265979643947
2024-07-12,Deckers,DECK,149.67666625976562,https://query2.finance.yahoo.com/v8/finance/chart/DECK,2019-01-02,21.57333374023437,693.8040641378385
2024-07-15,Deckers,DECK,149.92999267578125,https://query2.finance.yahoo.com/v8/finance/chart/DECK,2019-01-02,21.57333374023437,694.9783212974687
2024-07-16,Deckers,DECK,152.14500427246094,https://query2.finance.yahoo.com/v8/finance/chart/DECK,2019-01-02,21.57333374023437,705.2456801737127
2024-07-17,Deckers,DECK,148.27000427246094,https://query2.finance.yahoo.com/v8/finance/chart/DECK,2019-01-02,21.57333374023437,687.2836904012506
2024-07-18,Deckers,DECK,147.80999755859375,https://query2.finance.yahoo.com/v8/finance/chart/DECK,2019-01-02,21.57333374023437,685.1513972684129
2024-07-19,Deckers,DECK,145.2066650390625,https://query2.finance.yahoo.com/v8/finance/chart/DECK,2019-01-02,21.57333374023437,673.0840341483772
2024-07-22,Deckers,DECK,147.31832885742188,https://query2.finance.yahoo.com/v8/finance/chart/DECK,2019-01-02,21.57333374023437,682.8723396730867
2024-07-23,Deckers,DECK,147.07167053222656,https://query2.finance.yahoo.com/v8/finance/chart/DECK,2019-01-02,21.57333374023437,681.7289914629058
2024-07-24,Deckers,DECK,141.0066680908203,https://query2.finance.yahoo.com/v8/finance/chart/DECK,2019-01-02,21.57333374023437,653.6155690571003
2024-07-25,Deckers,DECK,140.25,https://query2.finance.yahoo.com/v8/finance/chart/DECK,2019-01-02,21.57333374023437,650.1081459581421
2024-07-26,Deckers,DECK,149.11666870117188,https://query2.finance.yahoo.com/v8/finance/chart/DECK,2019-01-02,21.57333374023437,691.208278222983
2024-07-29,Deckers,DECK,153.5366668701172,https://query2.finance.yahoo.com/v8/finance/chart/DECK,2019-01-02,21.57333374023437,711.6965264565048
2024-07-30,Deckers,DECK,151.87167358398438,https://query2.finance.yahoo.com/v8/finance/chart/DECK,2019-01-02,21.57333374023437,703.9786961657343
2024-07-31,Deckers,DECK,153.77166748046875,https://query2.finance.yahoo.com/v8/finance/chart/DECK,2019-01-02,21.57333374023437,712.7858370525453
2024-08-01,Deckers,DECK,151.03500366210938,https://query2.finance.yahoo.com/v8/finance/chart/DECK,2019-01-02,21.57333374023437,700.1004364032452
2024-08-02,Deckers,DECK,144.22166442871094,https://query2.finance.yahoo.com/v8/finance/chart/DECK,2019-01-02,21.57333374023437,668.5182094028279
2024-08-05,Deckers,DECK,141.74667358398438,https://query2.finance.yahoo.com/v8/finance/chart/DECK,2019-01-02,21.57333374023437,657.0457551473658
2024-08-06,Deckers,DECK,144.86666870117188,https://query2.finance.yahoo.com/v8/finance/chart/DECK,2019-01-02,21.57333374023437,671.5080313757667
2024-08-07,Deckers,DECK,140.54666137695312,https://query2.finance.yahoo.com/v8/finance/chart/DECK,2019-01-02,21.57333374023437,651.4832759242626
2024-08-08,Deckers,DECK,147.32167053222656,https://query2.finance.yahoo.com/v8/finance/chart/DECK,2019-01-02,21.57333374023437,682.8878295127421
2024-08-09,Deckers,DECK,148.375,https://query2.finance.yahoo.com/v8/finance/chart/DECK,2019-01-02,21.57333374023437,687.7703825778207
2024-08-12,Deckers,DECK,153.0500030517578,https://query2.finance.yahoo.com/v8/finance/chart/DECK,2019-01-02,21.57333374023437,709.440668255731
2024-08-13,Deckers,DECK,157.3866729736328,https://query2.finance.yahoo.com/v8/finance/chart/DECK,2019-01-02,21.57333374023437,729.5426607159278
2024-08-14,Deckers,DECK,153.22833251953125,https://query2.finance.yahoo.com/v8/finance/chart/DECK,2019-01-02,21.57333374023437,710.2672881463826
2024-08-15,Deckers,DECK,157.9250030517578,https://query2.finance.yahoo.com/v8/finance/chart/DECK,2019-01-02,21.57333374023437,732.038010227538
2024-08-16,Deckers,DECK,158.42166137695312,https://query2.finance.yahoo.com/v8/finance/chart/DECK,2019-01-02,21.57333374023437,734.3401964875552
2024-08-19,Deckers,DECK,160.5366668701172,https://query2.finance.yahoo.com/v8/finance/chart/DECK,2019-01-02,21.57333374023437,744.1439918519201
2024-08-20,Deckers,DECK,158.11166381835938,https://query2.finance.yahoo.com/v8/finance/chart/DECK,2019-01-02,21.57333374023437,732.9032486225361
2024-08-21,Deckers,DECK,159.58999633789062,https://query2.finance.yahoo.com/v8/finance/chart/DECK,2019-01-02,21.57333374023437,739.7558405183086
2024-08-22,Deckers,DECK,159.14833068847656,https://query2.finance.yahoo.com/v8/finance/chart/DECK,2019-01-02,21.57333374023437,737.7085646789219
2024-08-23,Deckers,DECK,162.42666625976562,https://query2.finance.yahoo.com/v8/finance/chart/DECK,2019-01-02,21.57333374023437,752.9048046794877
2024-08-26,Deckers,DECK,157.5050048828125,https://query2.finance.yahoo.com/v8/finance/chart/DECK,2019-01-02,21.57333374023437,730.0911707913965
2024-08-27,Deckers,DECK,158.80667114257812,https://query2.finance.yahoo.com/v8/finance/chart/DECK,2019-01-02,21.57333374023437,736.1248523514143
2024-08-28,Deckers,DECK,158.26333618164062,https://query2.finance.yahoo.com/v8/finance/chart/DECK,2019-01-02,21.57333374023437,733.6063034452517
2024-08-29,Deckers,DECK,156.90499877929688,https://query2.finance.yahoo.com/v8/finance/chart/DECK,2019-01-02,21.57333374023437,727.309931179845
2024-08-30,Deckers,DECK,159.8816680908203,https://query2.finance.yahoo.com/v8/finance/chart/DECK,2019-01-02,21.57333374023437,741.107841819738
2024-09-03,Deckers,DECK,149.83999633789062,https://query2.finance.yahoo.com/v8/finance/chart/DECK,2019-01-02,21.57333374023437,694.5611565746943
2024-09-04,Deckers,DECK,149.22833251953125,https://query2.finance.yahoo.com/v8/finance/chart/DECK,2019-01-02,21.57333374023437,691.7258793490025
2024-09-05,Deckers,DECK,146.56333923339844,https://query2.finance.yahoo.com/v8/finance/chart/DECK,2019-01-02,21.57333374023437,679.3726968588869
2024-09-06,Deckers,DECK,143.32666015625,https://query2.finance.yahoo.com/v8/finance/chart/DECK,2019-01-02,21.57333374023437,664.3695493800528
2024-09-09,Deckers,DECK,149.01499938964844,https://query2.finance.yahoo.com/v8/finance/chart/DECK,2019-01-02,21.57333374023437,690.737005156207
2024-09-10,Deckers,DECK,148.45166015625,https://query2.finance.yahoo.com/v8/finance/chart/DECK,2019-01-02,21.57333374023437,688.1257294016962
2024-09-11,Deckers,DECK,151.5433349609375,https://query2.finance.yahoo.com/v8/finance/chart/DECK,2019-01-02,21.57333374023437,702.4567310072641
2024-09-12,Deckers,DECK,153.18833923339844,https://query2.finance.yahoo.com/v8/finance/chart/DECK,2019-01-02,21.57333374023437,710.0819051795479
2024-09-13,Deckers,DECK,155.84500122070312,https://query2.finance.yahoo.com/v8/finance/chart/DECK,2019-01-02,21.57333374023437,722.3964691653171
2024-09-16,Deckers,DECK,156.27999877929688,https://query2.finance.yahoo.com/v8/finance/chart/DECK,2019-01-02,21.57333374023437,724.4128360552543
2024-09-17,Deckers,DECK,155.10000610351562,https://query2.finance.yahoo.com/v8/finance/chart/DECK,2019-01-02,21.57333374023437,718.9431544103606
2024-09-18,Deckers,DECK,157.22999572753906,https://query2.finance.yahoo.com/v8/finance/chart/DECK,2019-01-02,21.57333374023437,728.8164064986598
2024-09-19,Deckers,DECK,152.11000061035156,https://query2.finance.yahoo.com/v8/finance/chart/DECK,2019-01-02,21.57333374023437,705.0834258715688
2024-09-20,Deckers,DECK,150.72999572753906,https://query2.finance.yahoo.com/v8/finance/chart/DECK,2019-01-02,21.57333374023437,698.686617202917
2024-09-23,Deckers,DECK,154.2100067138672,https://query2.finance.yahoo.com/v8/finance/chart/DECK,2019-01-02,21.57333374023437,714.817693782138
2024-09-24,Deckers,DECK,154.39999389648438,https://query2.finance.yahoo.com/v8/finance/chart/DECK,2019-01-02,21.57333374023437,715.6983512869299
2024-09-25,Deckers,DECK,154.5,https://query2.finance.yahoo.com/v8/finance/chart/DECK,2019-01-02,21.57333374023437,716.161914798809
2024-09-26,Deckers,DECK,157.25999450683594,https://query2.finance.yahoo.com/v8/finance/chart/DECK,2019-01-02,21.57333374023437,728.9554614062512
2024-09-27,Deckers,DECK,159.4199981689453,https://query2.finance.yahoo.com/v8/finance/chart/DECK,2019-01-02,21.57333374023437,738.9678391320033
2024-09-30,Deckers,DECK,159.4499969482422,https://query2.finance.yahoo.com/v8/finance/chart/DECK,2019-01-02,21.57333374023437,739.1068940395947
2024-10-01,Deckers,DECK,155.6199951171875,https://query2.finance.yahoo.com/v8/finance/chart/DECK,2019-01-02,21.57333374023437,721.3534866285198
2024-10-02,Deckers,DECK,157.66000366210938,https://query2.finance.yahoo.com/v8/finance/chart/DECK,2019-01-02,21.57333374023437,730.8096447239061
2024-10-03,Deckers,DECK,156.7899932861328,https://query2.finance.yahoo.com/v8/finance/chart/DECK,2019-01-02,21.57333374023437,726.7768402141702
2024-10-04,Deckers,DECK,166.80999755859375,https://query2.finance.yahoo.com/v8/finance/chart/DECK,2019-01-02,21.57333374023437,773.2230890559687
2024-10-07,Deckers,DECK,158.8300018310547,https://query2.finance.yahoo.com/v8/finance/chart/DECK,2019-01-02,21.57333374023437,736.2329983095565
2024-10-08,Deckers,DECK,161.94000244140625,https://query2.finance.yahoo.com/v8/finance/chart/DECK,2019-01-02,21.57333374023437,750.6489464787139
2024-10-09,Deckers,DECK,160.44000244140625,https://query2.finance.yahoo.com/v8/finance/chart/DECK,2019-01-02,21.57333374023437,743.6959181796964
2024-10-10,Deckers,DECK,158.25999450683594,https://query2.finance.yahoo.com/v8/finance/chart/DECK,2019-01-02,21.57333374023437,733.5908136055963
2024-10-11,Deckers,DECK,161.25,https://query2.finance.yahoo.com/v8/finance/chart/DECK,2019-01-02,21.57333374023437,747.450542144388
2024-10-14,Deckers,DECK,160.72999572753906,https://query2.finance.yahoo.com/v8/finance/chart/DECK,2019-01-02,21.57333374023437,745.0401391963675
2024-10-15,Deckers,DECK,161.85000610351562,https://query2.finance.yahoo.com/v8/finance/chart/DECK,2019-01-02,21.57333374023437,750.2317817559397
2024-10-16,Deckers,DECK,161.16000366210938,https://query2.finance.yahoo.com/v8/finance/chart/DECK,2019-01-02,21.57333374023437,747.0333774216137
2024-10-17,Deckers,DECK,160.30999755859375,https://query2.finance.yahoo.com/v8/finance/chart/DECK,2019-01-02,21.57333374023437,743.0932997602259
2024-10-18,Deckers,DECK,161.85000610351562,https://query2.finance.yahoo.com/v8/finance/chart/DECK,2019-01-02,21.57333374023437,750.2317817559397
2024-10-21,Deckers,DECK,160.00999450683594,https://query2.finance.yahoo.com/v8/finance/chart/DECK,2019-01-02,21.57333374023437,741.7026799544501
2024-10-22,Deckers,DECK,154.0500030517578,https://query2.finance.yahoo.com/v8/finance/chart/DECK,2019-01-02,21.57333374023437,714.076020455076
2024-10-23,Deckers,DECK,150.9600067138672,https://query2.finance.yahoo.com/v8/finance/chart/DECK,2019-01-02,21.57333374023437,699.7527991342666
2024-10-24,Deckers,DECK,152.0399932861328,https://query2.finance.yahoo.com/v8/finance/chart/DECK,2019-01-02,21.57333374023437,704.7589172672812
2024-10-25,Deckers,DECK,168.11000061035156,https://query2.finance.yahoo.com/v8/finance/chart/DECK,2019-01-02,21.57333374023437,779.2490610610895
2024-10-28,Deckers,DECK,169.2899932861328,https://query2.finance.yahoo.com/v8/finance/chart/DECK,2019-01-02,21.57333374023437,784.7187427059831
2024-10-29,Deckers,DECK,169.5500030517578,https://query2.finance.yahoo.com/v8/finance/chart/DECK,2019-01-02,21.57333374023437,785.9239795449242
2024-10-30,Deckers,DECK,169.52000427246094,https://query2.finance.yahoo.com/v8/finance/chart/DECK,2019-01-02,21.57333374023437,785.7849246373328
2024-10-31,Deckers,DECK,160.88999938964844,https://query2.finance.yahoo.com/v8/finance/chart/DECK,2019-01-02,21.57333374023437,745.7818125234294
2024-11-01,Deckers,DECK,158.1199951171875,https://query2.finance.yahoo.com/v8/finance/chart/DECK,2019-01-02,21.57333374023437,732.9418671268825
2024-11-04,Deckers,DECK,162.25999450683594,https://query2.finance.yahoo.com/v8/finance/chart/DECK,2019-01-02,21.57333374023437,752.1322224029765
2024-11-05,Deckers,DECK,163.6699981689453,https://query2.finance.yahoo.com/v8/finance/chart/DECK,2019-01-02,21.57333374023437,758.6680859792197
2024-11-06,Deckers,DECK,164.77000427246094,https://query2.finance.yahoo.com/v8/finance/chart/DECK,2019-01-02,21.57333374023437,763.7670016904439
2024-11-07,Deckers,DECK,171.33999633789062,https://query2.finance.yahoo.com/v8/finance/chart/DECK,2019-01-02,21.57333374023437,794.2212288606128
2024-11-08,Deckers,DECK,175.61000061035156,https://query2.finance.yahoo.com/v8/finance/chart/DECK,2019-01-02,21.57333374023437,814.0142025561773
2024-11-11,Deckers,DECK,177.0800018310547,https://query2.finance.yahoo.com/v8/finance/chart/DECK,2019-01-02,21.57333374023437,820.8281759476034
2024-11-12,Deckers,DECK,177.6300048828125,https://query2.finance.yahoo.com/v8/finance/chart/DECK,2019-01-02,21.57333374023437,823.3776338032155
2024-11-13,Deckers,DECK,178.33999633789062,https://query2.finance.yahoo.com/v8/finance/chart/DECK,2019-01-02,21.57333374023437,826.6686942560281
2024-11-14,Deckers,DECK,176.86000061035156,https://query2.finance.yahoo.com/v8/finance/chart/DECK,2019-01-02,21.57333374023437,819.8083928053586
2024-11-15,Deckers,DECK,175.66000366210938,https://query2.finance.yahoo.com/v8/finance/chart/DECK,2019-01-02,21.57333374023437,814.2459843121169
2024-11-18,Deckers,DECK,176.4499969482422,https://query2.finance.yahoo.com/v8/finance/chart/DECK,2019-01-02,21.57333374023437,817.9078814284604
2024-11-19,Deckers,DECK,176.2899932861328,https://query2.finance.yahoo.com/v8/finance/chart/DECK,2019-01-02,21.57333374023437,817.1662081013984
2024-11-20,Deckers,DECK,176.36000061035156,https://query2.finance.yahoo.com/v8/finance/chart/DECK,2019-01-02,21.57333374023437,817.490716705686
2024-11-21,Deckers,DECK,181.91000366210932,https://query2.finance.yahoo.com/v8/finance/chart/DECK,2019-01-02,21.57333374023437,843.216935558023
2024-11-22,Deckers,DECK,192.1499938964844,https://query2.finance.yahoo.com/v8/finance/chart/DECK,2019-01-02,21.57333374023437,890.6828968122055
2024-11-25,Deckers,DECK,196.4900054931641,https://query2.finance.yahoo.com/v8/finance/chart/DECK,2019-01-02,21.57333374023437,910.8003791120576
2024-11-26,Deckers,DECK,194.41000366210932,https://query2.finance.yahoo.com/v8/finance/chart/DECK,2019-01-02,21.57333374023437,901.158838049836
2024-11-27,Deckers,DECK,191.7700042724609,https://query2.finance.yahoo.com/v8/finance/chart/DECK,2019-01-02,21.57333374023437,888.9215110727598
2024-11-29,Deckers,DECK,195.9600067138672,https://query2.finance.yahoo.com/v8/finance/chart/DECK,2019-01-02,21.57333374023437,908.3436481047935
2024-12-02,Deckers,DECK,201.8999938964844,https://query2.finance.yahoo.com/v8/finance/chart/DECK,2019-01-02,21.57333374023437,935.8775807558196
2024-12-03,Deckers,DECK,202.8699951171875,https://query2.finance.yahoo.com/v8/finance/chart/DECK,2019-01-02,21.57333374023437,940.373878047573
2024-12-04,Deckers,DECK,204.1499938964844,https://query2.finance.yahoo.com/v8/finance/chart/DECK,2019-01-02,21.57333374023437,946.307123204346
2024-12-05,Deckers,DECK,200.9199981689453,https://query2.finance.yahoo.com/v8/finance/chart/DECK,2019-01-02,21.57333374023437,931.3349554048225
2024-12-06,Deckers,DECK,199.5500030517578,https://query2.finance.yahoo.com/v8/finance/chart/DECK,2019-01-02,21.57333374023437,924.9845455252755
2024-12-09,Deckers,DECK,201.5500030517578,https://query2.finance.yahoo.com/v8/finance/chart/DECK,2019-01-02,21.57333374023437,934.2552499239656
2024-12-10,Deckers,DECK,202.1199951171875,https://query2.finance.yahoo.com/v8/finance/chart/DECK,2019-01-02,21.57333374023437,936.8973638980643
2024-12-11,Deckers,DECK,204.9499969482422,https://query2.finance.yahoo.com/v8/finance/chart/DECK,2019-01-02,21.57333374023437,950.0154191097942
2024-12-12,Deckers,DECK,203.67999267578125,https://query2.finance.yahoo.com/v8/finance/chart/DECK,2019-01-02,21.57333374023437,944.1285020122647
2024-12-13,Deckers,DECK,206.6300048828125,https://query2.finance.yahoo.com/v8/finance/chart/DECK,2019-01-02,21.57333374023437,957.8028475842217
2024-12-16,Deckers,DECK,211.1199951171875,https://query2.finance.yahoo.com/v8/finance/chart/DECK,2019-01-02,21.57333374023437,978.6155336921696
2024-12-17,Deckers,DECK,210.3699951171875,https://query2.finance.yahoo.com/v8/finance/chart/DECK,2019-01-02,21.57333374023437,975.1390195426609
2024-12-18,Deckers,DECK,201.47999572753903,https://query2.finance.yahoo.com/v8/finance/chart/DECK,2019-01-02,21.57333374023437,933.9307413196777
2024-12-19,Deckers,DECK,205.27999877929688,https://query2.finance.yahoo.com/v8/finance/chart/DECK,2019-01-02,21.57333374023437,951.5450938231613
2024-12-20,Deckers,DECK,210.97000122070312,https://query2.finance.yahoo.com/v8/finance/chart/DECK,2019-01-02,21.57333374023437,977.9202591542124
2024-12-23,Deckers,DECK,207.6499938964844,https://query2.finance.yahoo.com/v8/finance/chart/DECK,2019-01-02,21.57333374023437,962.5308559020536
2024-12-24,Deckers,DECK,208.009994506836,https://query2.finance.yahoo.com/v8/finance/chart/DECK,2019-01-02,21.57333374023437,964.1995855230125
2024-12-26,Deckers,DECK,209.42999267578125,https://query2.finance.yahoo.com/v8/finance/chart/DECK,2019-01-02,21.57333374023437,970.7817771584987
2024-12-27,Deckers,DECK,207.1100006103516,https://query2.finance.yahoo.com/v8/finance/chart/DECK,2019-01-02,21.57333374023437,960.0277968355464
2024-12-30,Deckers,DECK,205.759994506836,https://query2.finance.yahoo.com/v8/finance/chart/DECK,2019-01-02,21.57333374023437,953.7700430744861
2024-12-31,Deckers,DECK,203.08999633789065,https://query2.finance.yahoo.com/v8/finance/chart/DECK,2019-01-02,21.57333374023437,941.3936611898181
2025-01-02,Deckers,DECK,204.5399932861328,https://query2.finance.yahoo.com/v8/finance/chart/DECK,2019-01-02,21.57333374023437,948.1149077328959
2025-01-03,Deckers,DECK,207.25,https://query2.finance.yahoo.com/v8/finance/chart/DECK,2019-01-02,21.57333374023437,960.67674331426
2025-01-06,Deckers,DECK,208.47000122070312,https://query2.finance.yahoo.com/v8/finance/chart/DECK,2019-01-02,21.57333374023437,966.3318786558499
2025-01-07,Deckers,DECK,205.1000061035156,https://query2.finance.yahoo.com/v8/finance/chart/DECK,2019-01-02,21.57333374023437,950.7107643776126
2025-01-08,Deckers,DECK,207.5200042724609,https://query2.finance.yahoo.com/v8/finance/chart/DECK,2019-01-02,21.57333374023437,961.9283082124442
2025-01-10,Deckers,DECK,207.5,https://query2.finance.yahoo.com/v8/finance/chart/DECK,2019-01-02,21.57333374023437,961.8355813640962
2025-01-13,Deckers,DECK,204.58999633789065,https://query2.finance.yahoo.com/v8/finance/chart/DECK,2019-01-02,21.57333374023437,948.3466894888356
2025-01-14,Deckers,DECK,206.13999938964844,https://query2.finance.yahoo.com/v8/finance/chart/DECK,2019-01-02,21.57333374023437,955.5314995437925
2025-01-15,Deckers,DECK,203.72999572753903,https://query2.finance.yahoo.com/v8/finance/chart/DECK,2019-01-02,21.57333374023437,944.3602837682041
2025-01-16,Deckers,DECK,208.22000122070312,https://query2.finance.yahoo.com/v8/finance/chart/DECK,2019-01-02,21.57333374023437,965.1730406060136
2025-01-17,Deckers,DECK,209.91000366210932,https://query2.finance.yahoo.com/v8/finance/chart/DECK,2019-01-02,21.57333374023437,973.0067971396842
2025-01-21,Deckers,DECK,214.1100006103516,https://query2.finance.yahoo.com/v8/finance/chart/DECK,2019-01-02,21.57333374023437,992.4752622309617
2025-01-22,Deckers,DECK,214.9199981689453,https://query2.finance.yahoo.com/v8/finance/chart/DECK,2019-01-02,21.57333374023437,996.2298861956531
2025-01-23,Deckers,DECK,218.57000732421875,https://query2.finance.yahoo.com/v8/finance/chart/DECK,2019-01-02,21.57333374023437,1013.1489641611794
2025-01-24,Deckers,DECK,217.16000366210932,https://query2.finance.yahoo.com/v8/finance/chart/DECK,2019-01-02,21.57333374023437,1006.6131005849358
2025-01-27,Deckers,DECK,211.8999938964844,https://query2.finance.yahoo.com/v8/finance/chart/DECK,2019-01-02,21.57333374023437,982.23110274927
2025-01-28,Deckers,DECK,215.9199981689453,https://query2.finance.yahoo.com/v8/finance/chart/DECK,2019-01-02,21.57333374023437,1000.8652383949982
2025-01-29,Deckers,DECK,218.8999938964844,https://query2.finance.yahoo.com/v8/finance/chart/DECK,2019-01-02,21.57333374023437,1014.6785681446853
2025-01-30,Deckers,DECK,223.1100006103516,https://query2.finance.yahoo.com/v8/finance/chart/DECK,2019-01-02,21.57333374023437,1034.193432025067
2025-01-31,Deckers,DECK,177.36000061035156,https://query2.finance.yahoo.com/v8/finance/chart/DECK,2019-01-02,21.57333374023437,822.1260689050312
2025-02-03,Deckers,DECK,170.6300048828125,https://query2.finance.yahoo.com/v8/finance/chart/DECK,2019-01-02,21.57333374023437,790.9301684078002
2025-02-04,Deckers,DECK,169.49000549316406,https://query2.finance.yahoo.com/v8/finance/chart/DECK,2019-01-02,21.57333374023437,785.6458697297413
2025-02-05,Deckers,DECK,172.52000427246094,https://query2.finance.yahoo.com/v8/finance/chart/DECK,2019-01-02,21.57333374023437,799.6909812353679
2025-02-06,Deckers,DECK,172.19000244140625,https://query2.finance.yahoo.com/v8/finance/chart/DECK,2019-01-02,21.57333374023437,798.1613065220007
2025-02-07,Deckers,DECK,168.24000549316406,https://query2.finance.yahoo.com/v8/finance/chart/DECK,2019-01-02,21.57333374023437,779.85167948056
2025-02-10,Deckers,DECK,161.64999389648438,https://query2.finance.yahoo.com/v8/finance/chart/DECK,2019-01-02,21.57333374023437,749.3046547321815
2025-02-11,Deckers,DECK,157.63999938964844,https://query2.finance.yahoo.com/v8/finance/chart/DECK,2019-01-02,21.57333374023437,730.716917875558
2025-02-12,Deckers,DECK,154.02999877929688,https://query2.finance.yahoo.com/v8/finance/chart/DECK,2019-01-02,21.57333374023437,713.9832936067279
2025-02-13,Deckers,DECK,158.11000061035156,https://query2.finance.yahoo.com/v8/finance/chart/DECK,2019-01-02,21.57333374023437,732.8955390676391
2025-02-14,Deckers,DECK,155.07000732421875,https://query2.finance.yahoo.com/v8/finance/chart/DECK,2019-01-02,21.57333374023437,718.8040995027692
2025-02-18,Deckers,DECK,155.83999633789062,https://query2.finance.yahoo.com/v8/finance/chart/DECK,2019-01-02,21.57333374023437,722.3732697707646
2025-02-19,Deckers,DECK,152.5500030517578,https://query2.finance.yahoo.com/v8/finance/chart/DECK,2019-01-02,21.57333374023437,707.1229921560584
2025-02-20,Deckers,DECK,150.02000427246094,https://query2.finance.yahoo.com/v8/finance/chart/DECK,2019-01-02,21.57333374023437,695.3955567501044
2025-02-21,Deckers,DECK,146.57000732421875,https://query2.finance.yahoo.com/v8/finance/chart/DECK,2019-01-02,21.57333374023437,679.4036058083364
2025-02-24,Deckers,DECK,140.11000061035156,https://query2.finance.yahoo.com/v8/finance/chart/DECK,2019-01-02,21.57333374023437,649.4591994794283
2025-02-25,Deckers,DECK,142.7899932861328,https://query2.finance.yahoo.com/v8/finance/chart/DECK,2019-01-02,21.57333374023437,661.8819094233395
2025-02-26,Deckers,DECK,144.97000122070312,https://query2.finance.yahoo.com/v8/finance/chart/DECK,2019-01-02,21.57333374023437,671.9870139974397
2025-02-27,Deckers,DECK,138.49000549316406,https://query2.finance.yahoo.com/v8/finance/chart/DECK,2019-01-02,21.57333374023437,641.9499515500451
2025-02-28,Deckers,DECK,139.36000061035156,https://query2.finance.yahoo.com/v8/finance/chart/DECK,2019-01-02,21.57333374023437,645.9826853299195
2025-03-03,Deckers,DECK,137.24000549316406,https://query2.finance.yahoo.com/v8/finance/chart/DECK,2019-01-02,21.57333374023437,636.1557613008637
2025-03-04,Deckers,DECK,133.77999877929688,https://query2.finance.yahoo.com/v8/finance/chart/DECK,2019-01-02,21.57333374023437,620.1174115699908
2025-03-05,Deckers,DECK,136.08999633789062,https://query2.finance.yahoo.com/v8/finance/chart/DECK,2019-01-02,21.57333374023437,630.8250638337
2025-03-06,Deckers,DECK,131.92999267578125,https://query2.finance.yahoo.com/v8/finance/chart/DECK,2019-01-02,21.57333374023437,611.5419817092579
2025-03-07,Deckers,DECK,126.72000122070312,https://query2.finance.yahoo.com/v8/finance/chart/DECK,2019-01-02,21.57333374023437,587.3918363593926
2025-03-10,Deckers,DECK,121.11000061035156,https://query2.finance.yahoo.com/v8/finance/chart/DECK,2019-01-02,21.57333374023437,561.3875076918725
2025-03-11,Deckers,DECK,120.52999877929688,https://query2.finance.yahoo.com/v8/finance/chart/DECK,2019-01-02,21.57333374023437,558.698994928669
2025-03-12,Deckers,DECK,121.58000183105467,https://query2.finance.yahoo.com/v8/finance/chart/DECK,2019-01-02,21.57333374023437,563.5661288839535
2025-03-13,Deckers,DECK,117.04000091552734,https://query2.finance.yahoo.com/v8/finance/chart/DECK,2019-01-02,21.57333374023437,542.5216256551354
2025-03-14,Deckers,DECK,118.68000030517578,https://query2.finance.yahoo.com/v8/finance/chart/DECK,2019-01-02,21.57333374023437,550.1236004328669
2025-03-17,Deckers,DECK,117.4800033569336,https://query2.finance.yahoo.com/v8/finance/chart/DECK,2019-01-02,21.57333374023437,544.5611919396251
2025-03-18,Deckers,DECK,115.3000030517578,https://query2.finance.yahoo.com/v8/finance/chart/DECK,2019-01-02,21.57333374023437,534.4561227304556
2025-03-19,Deckers,DECK,119.0500030517578,https://query2.finance.yahoo.com/v8/finance/chart/DECK,2019-01-02,21.57333374023437,551.8386934779995
2025-03-20,Deckers,DECK,115.66999816894533,https://query2.finance.yahoo.com/v8/finance/chart/DECK,2019-01-02,21.57333374023437,536.1711804106577
2025-03-21,Deckers,DECK,117.86000061035156,https://query2.finance.yahoo.com/v8/finance/chart/DECK,2019-01-02,21.57333374023437,546.3226130440012
2025-03-24,Deckers,DECK,124.68000030517578,https://query2.finance.yahoo.com/v8/finance/chart/DECK,2019-01-02,21.57333374023437,577.9357136289372
2025-03-25,Deckers,DECK,122.97000122070312,https://query2.finance.yahoo.com/v8/finance/chart/DECK,2019-01-02,21.57333374023437,570.0092656118487
2025-03-26,Deckers,DECK,118.16000366210938,https://query2.finance.yahoo.com/v8/finance/chart/DECK,2019-01-02,21.57333374023437,547.7132328497769
2025-03-27,Deckers,DECK,116.9499969482422,https://query2.finance.yahoo.com/v8/finance/chart/DECK,2019-01-02,21.57333374023437,542.1044255674304
2025-03-28,Deckers,DECK,111.55999755859376,https://query2.finance.yahoo.com/v8/finance/chart/DECK,2019-01-02,21.57333374023437,517.1198800421552
2025-03-31,Deckers,DECK,111.80999755859376,https://query2.finance.yahoo.com/v8/finance/chart/DECK,2019-01-02,21.57333374023437,518.2787180919914
2025-04-01,Deckers,DECK,113.3499984741211,https://query2.finance.yahoo.com/v8/finance/chart/DECK,2019-01-02,21.57333374023437,525.4171647227744
2025-04-02,Deckers,DECK,117.9800033569336,https://query2.finance.yahoo.com/v8/finance/chart/DECK,2019-01-02,21.57333374023437,546.8788680392976
2025-04-03,Deckers,DECK,100.87999725341795,https://query2.finance.yahoo.com/v8/finance/chart/DECK,2019-01-02,21.57333374023437,467.61431713855274
2025-04-04,Deckers,DECK,106.0199966430664,https://query2.finance.yahoo.com/v8/finance/chart/DECK,2019-01-02,21.57333374023437,491.44002461399185
2025-04-07,Deckers,DECK,106.12999725341795,https://query2.finance.yahoo.com/v8/finance/chart/DECK,2019-01-02,21.57333374023437,491.9499161851142
2025-04-08,Deckers,DECK,101.87999725341795,https://query2.finance.yahoo.com/v8/finance/chart/DECK,2019-01-02,21.57333374023437,472.2496693378978
2025-04-09,Deckers,DECK,116.05999755859376,https://query2.finance.yahoo.com/v8/finance/chart/DECK,2019-01-02,21.57333374023437,537.9789649392079
2025-04-10,Deckers,DECK,109.62999725341795,https://query2.finance.yahoo.com/v8/finance/chart/DECK,2019-01-02,21.57333374023437,508.17364888282185
2025-04-11,Deckers,DECK,109.0500030517578,https://query2.finance.yahoo.com/v8/finance/chart/DECK,2019-01-02,21.57333374023437,505.4851714845491
2025-04-14,Deckers,DECK,107.1500015258789,https://query2.finance.yahoo.com/v8/finance/chart/DECK,2019-01-02,21.57333374023437,496.6779952328074
2025-04-15,Deckers,DECK,104.18000030517578,https://query2.finance.yahoo.com/v8/finance/chart/DECK,2019-01-02,21.57333374023437,482.9109935423637
2025-04-16,Deckers,DECK,103.0199966430664,https://query2.finance.yahoo.com/v8/finance/chart/DECK,2019-01-02,21.57333374023437,477.53396801595676
2025-04-17,Deckers,DECK,105.66999816894533,https://query2.finance.yahoo.com/v8/finance/chart/DECK,2019-01-02,21.57333374023437,489.8176584172073
2025-04-21,Deckers,DECK,103.5500030517578,https://query2.finance.yahoo.com/v8/finance/chart/DECK,2019-01-02,21.57333374023437,479.99073438815134
2025-04-22,Deckers,DECK,106.41999816894533,https://query2.finance.yahoo.com/v8/finance/chart/DECK,2019-01-02,21.57333374023437,493.2941725667161
2025-04-23,Deckers,DECK,106.66000366210938,https://query2.finance.yahoo.com/v8/finance/chart/DECK,2019-01-02,21.57333374023437,494.40668255730895
2025-04-24,Deckers,DECK,110.6500015258789,https://query2.finance.yahoo.com/v8/finance/chart/DECK,2019-01-02,21.57333374023437,512.9017279305151
2025-04-25,Deckers,DECK,109.19000244140624,https://query2.finance.yahoo.com/v8/finance/chart/DECK,2019-01-02,21.57333374023437,506.1341179632629
2025-04-28,Deckers,DECK,109.1500015258789,https://query2.finance.yahoo.com/v8/finance/chart/DECK,2019-01-02,21.57333374023437,505.9486996314975
2025-04-29,Deckers,DECK,111.69000244140624,https://query2.finance.yahoo.com/v8/finance/chart/DECK,2019-01-02,21.57333374023437,517.7224984616255
2025-04-30,Deckers,DECK,110.83000183105467,https://query2.finance.yahoo.com/v8/finance/chart/DECK,2019-01-02,21.57333374023437,513.7360927409943
2025-05-01,Deckers,DECK,111.12999725341795,https://query2.finance.yahoo.com/v8/finance/chart/DECK,2019-01-02,21.57333374023437,515.1266771818395
2025-05-02,Deckers,DECK,116.94000244140624,https://query2.finance.yahoo.com/v8/finance/chart/DECK,2019-01-02,21.57333374023437,542.058097508187
2025-05-05,Deckers,DECK,118.33000183105467,https://query2.finance.yahoo.com/v8/finance/chart/DECK,2019-01-02,21.57333374023437,548.5012342360822
2025-05-06,Deckers,DECK,117.06999969482422,https://query2.finance.yahoo.com/v8/finance/chart/DECK,2019-01-02,21.57333374023437,542.6606805627268
2025-05-07,Deckers,DECK,120.86000061035156,https://query2.finance.yahoo.com/v8/finance/chart/DECK,2019-01-02,21.57333374023437,560.2286696420363
2025-05-08,Deckers,DECK,125.62000274658205,https://query2.finance.yahoo.com/v8/finance/chart/DECK,2019-01-02,21.57333374023437,582.2929560130993
2025-05-09,Deckers,DECK,121.06999969482422,https://query2.finance.yahoo.com/v8/finance/chart/DECK,2019-01-02,21.57333374023437,561.202089360107
2025-05-12,Deckers,DECK,126.08000183105467,https://query2.finance.yahoo.com/v8/finance/chart/DECK,2019-01-02,21.57333374023437,584.4252137810062
2025-05-13,Deckers,DECK,129.3699951171875,https://query2.finance.yahoo.com/v8/finance/chart/DECK,2019-01-02,21.57333374023437,599.6754913957125
2025-05-14,Deckers,DECK,127.36000061035156,https://query2.finance.yahoo.com/v8/finance/chart/DECK,2019-01-02,21.57333374023437,590.358458937779
2025-05-15,Deckers,DECK,126.94000244140624,https://query2.finance.yahoo.com/v8/finance/chart/DECK,2019-01-02,21.57333374023437,588.4116195016375
2025-05-16,Deckers,DECK,127.91000366210938,https://query2.finance.yahoo.com/v8/finance/chart/DECK,2019-01-02,21.57333374023437,592.9079167933911
2025-05-19,Deckers,DECK,127.41000366210938,https://query2.finance.yahoo.com/v8/finance/chart/DECK,2019-01-02,21.57333374023437,590.5902406937186
2025-05-20,Deckers,DECK,128.83999633789062,https://query2.finance.yahoo.com/v8/finance/chart/DECK,2019-01-02,21.57333374023437,597.2187603884485
2025-05-21,Deckers,DECK,123.36000061035156,https://query2.finance.yahoo.com/v8/finance/chart/DECK,2019-01-02,21.57333374023437,571.8170501403989
2025-05-22,Deckers,DECK,126.08999633789062,https://query2.finance.yahoo.com/v8/finance/chart/DECK,2019-01-02,21.57333374023437,584.4715418402496
2025-05-23,Deckers,DECK,101.0500030517578,https://query2.finance.yahoo.com/v8/finance/chart/DECK,2019-01-02,21.57333374023437,468.40235388978874
2025-05-27,Deckers,DECK,108.95999908447266,https://query2.finance.yahoo.com/v8/finance/chart/DECK,2019-01-02,21.57333374023437,505.06797139684414
2025-05-28,Deckers,DECK,104.31999969482422,https://query2.finance.yahoo.com/v8/finance/chart/DECK,2019-01-02,21.57333374023437,483.5599400210776
2025-05-29,Deckers,DECK,107.2699966430664,https://query2.finance.yahoo.com/v8/finance/chart/DECK,2019-01-02,21.57333374023437,497.2342148631732
2025-05-30,Deckers,DECK,105.5199966430664,https://query2.finance.yahoo.com/v8/finance/chart/DECK,2019-01-02,21.57333374023437,489.12234851431936
2025-06-02,Deckers,DECK,105.01000213623048,https://query2.finance.yahoo.com/v8/finance/chart/DECK,2019-01-02,21.57333374023437,486.75834435540355
2025-06-03,Deckers,DECK,105.83000183105467,https://query2.finance.yahoo.com/v8/finance/chart/DECK,2019-01-02,21.57333374023437,490.5593317442691
2025-06-04,Deckers,DECK,105.80999755859376,https://query2.finance.yahoo.com/v8/finance/chart/DECK,2019-01-02,21.57333374023437,490.4666048959212
2025-06-05,Deckers,DECK,108.31999969482422,https://query2.finance.yahoo.com/v8/finance/chart/DECK,2019-01-02,21.57333374023437,502.1013488184577
2025-06-06,Deckers,DECK,109.22000122070312,https://query2.finance.yahoo.com/v8/finance/chart/DECK,2019-01-02,21.57333374023437,506.2731728708544
2025-06-09,Deckers,DECK,110.91000366210938,https://query2.finance.yahoo.com/v8/finance/chart/DECK,2019-01-02,21.57333374023437,514.1069294045254
2025-06-10,Deckers,DECK,110.0,https://query2.finance.yahoo.com/v8/finance/chart/DECK,2019-01-02,21.57333374023437,509.88874192795464
2025-06-11,Deckers,DECK,107.93000030517578,https://query2.finance.yahoo.com/v8/finance/chart/DECK,2019-01-02,21.57333374023437,500.29356428990764
2025-06-12,Deckers,DECK,107.6999969482422,https://query2.finance.yahoo.com/v8/finance/chart/DECK,2019-01-02,21.57333374023437,499.2274177234888
2025-06-13,Deckers,DECK,101.4800033569336,https://query2.finance.yahoo.com/v8/finance/chart/DECK,2019-01-02,21.57333374023437,470.3955567501044
2025-06-16,Deckers,DECK,103.62999725341795,https://query2.finance.yahoo.com/v8/finance/chart/DECK,2019-01-02,21.57333374023437,480.3615356867516
2025-06-17,Deckers,DECK,102.61000061035156,https://query2.finance.yahoo.com/v8/finance/chart/DECK,2019-01-02,21.57333374023437,475.63349200398926
2025-06-18,Deckers,DECK,101.0,https://query2.finance.yahoo.com/v8/finance/chart/DECK,2019-01-02,21.57333374023437,468.17057213384925
2025-06-20,Deckers,DECK,101.69000244140624,https://query2.finance.yahoo.com/v8/finance/chart/DECK,2019-01-02,21.57333374023437,471.3689764681751
2025-06-23,Deckers,DECK,100.44000244140624,https://query2.finance.yahoo.com/v8/finance/chart/DECK,2019-01-02,21.57333374023437,465.5747862189938
2025-06-24,Deckers,DECK,102.22000122070312,https://query2.finance.yahoo.com/v8/finance/chart/DECK,2019-01-02,21.57333374023437,473.8257074754391
2025-06-25,Deckers,DECK,101.04000091552734,https://query2.finance.yahoo.com/v8/finance/chart/DECK,2019-01-02,21.57333374023437,468.35599046561475
2025-06-26,Deckers,DECK,101.93000030517578,https://query2.finance.yahoo.com/v8/finance/chart/DECK,2019-01-02,21.57333374023437,472.4814510938374
2025-06-27,Deckers,DECK,104.1999969482422,https://query2.finance.yahoo.com/v8/finance/chart/DECK,2019-01-02,21.57333374023437,483.0036850257812
2025-06-30,Deckers,DECK,103.06999969482422,https://query2.finance.yahoo.com/v8/finance/chart/DECK,2019-01-02,21.57333374023437,477.76574977189625
2025-07-01,Deckers,DECK,105.4000015258789,https://query2.finance.yahoo.com/v8/finance/chart/DECK,2019-01-02,21.57333374023437,488.5661288839536
2025-07-02,Deckers,DECK,106.26000213623048,https://query2.finance.yahoo.com/v8/finance/chart/DECK,2019-01-02,21.57333374023437,492.5525346045849
2025-07-03,Deckers,DECK,106.1999969482422,https://query2.finance.yahoo.com/v8/finance/chart/DECK,2019-01-02,21.57333374023437,492.2743894244713
2025-07-07,Deckers,DECK,105.75,https://query2.finance.yahoo.com/v8/finance/chart/DECK,2019-01-02,21.57333374023437,490.1884950807382
2025-07-08,Deckers,DECK,105.29000091552734,https://query2.finance.yahoo.com/v8/finance/chart/DECK,2019-01-02,21.57333374023437,488.0562373128312
2025-07-09,Deckers,DECK,104.91000366210938,https://query2.finance.yahoo.com/v8/finance/chart/DECK,2019-01-02,21.57333374023437,486.29481620845513
2025-07-10,Deckers,DECK,104.9499969482422,https://query2.finance.yahoo.com/v8/finance/chart/DECK,2019-01-02,21.57333374023437,486.48019917528995
2025-07-11,Deckers,DECK,101.7300033569336,https://query2.finance.yahoo.com/v8/finance/chart/DECK,2019-01-02,21.57333374023437,471.55439479994067
2025-07-14,Deckers,DECK,98.37999725341795,https://query2.finance.yahoo.com/v8/finance/chart/DECK,2019-01-02,21.57333374023437,456.02593664019014
2025-07-15,Deckers,DECK,95.31999969482422,https://query2.finance.yahoo.com/v8/finance/chart/DECK,2019-01-02,21.57333374023437,441.8417702269722
2025-07-16,Deckers,DECK,97.87999725341795,https://query2.finance.yahoo.com/v8/finance/chart/DECK,2019-01-02,21.57333374023437,453.7082605405176
2025-07-17,Deckers,DECK,101.22000122070312,https://query2.finance.yahoo.com/v8/finance/chart/DECK,2019-01-02,21.57333374023437,469.19035527609407
2025-07-18,Deckers,DECK,101.91000366210938,https://query2.finance.yahoo.com/v8/finance/chart/DECK,2019-01-02,21.57333374023437,472.38875961042
2025-07-21,Deckers,DECK,105.0999984741211,https://query2.finance.yahoo.com/v8/finance/chart/DECK,2019-01-02,21.57333374023437,487.1755090781778
2025-07-22,Deckers,DECK,105.69000244140624,https://query2.finance.yahoo.com/v8/finance/chart/DECK,2019-01-02,21.57333374023437,489.91038526555525
2025-07-23,Deckers,DECK,108.08999633789062,https://query2.finance.yahoo.com/v8/finance/chart/DECK,2019-01-02,21.57333374023437,501.03520225203886
2025-07-24,Deckers,DECK,104.94000244140624,https://query2.finance.yahoo.com/v8/finance/chart/DECK,2019-01-02,21.57333374023437,486.4338711160465
2025-07-25,Deckers,DECK,116.8499984741211,https://query2.finance.yahoo.com/v8/finance/chart/DECK,2019-01-02,21.57333374023437,541.640897420482
2025-07-28,Deckers,DECK,112.38999938964844,https://query2.finance.yahoo.com/v8/finance/chart/DECK,2019-01-02,21.57333374023437,520.9672308551949
2025-07-29,Deckers,DECK,112.11000061035156,https://query2.finance.yahoo.com/v8/finance/chart/DECK,2019-01-02,21.57333374023437,519.6693378977672
2025-07-30,Deckers,DECK,110.5999984741211,https://query2.finance.yahoo.com/v8/finance/chart/DECK,2019-01-02,21.57333374023437,512.6699461745756
2025-07-31,Deckers,DECK,106.16999816894533,https://query2.finance.yahoo.com/v8/finance/chart/DECK,2019-01-02,21.57333374023437,492.1353345168798
2025-08-01,Deckers,DECK,103.3499984741211,https://query2.finance.yahoo.com/v8/finance/chart/DECK,2019-01-02,21.57333374023437,479.063642729324
2025-08-04,Deckers,DECK,105.12999725341795,https://query2.finance.yahoo.com/v8/finance/chart/DECK,2019-01-02,21.57333374023437,487.31456398576915
2025-08-05,Deckers,DECK,105.91000366210938,https://query2.finance.yahoo.com/v8/finance/chart/DECK,2019-01-02,21.57333374023437,490.9301684078002
2025-08-06,Deckers,DECK,105.72000122070312,https://query2.finance.yahoo.com/v8/finance/chart/DECK,2019-01-02,21.57333374023437,490.04944017314676
2025-08-07,Deckers,DECK,101.88999938964844,https://query2.finance.yahoo.com/v8/finance/chart/DECK,2019-01-02,21.57333374023437,472.2960327620719
2025-08-08,Deckers,DECK,101.68000030517578,https://query2.finance.yahoo.com/v8/finance/chart/DECK,2019-01-02,21.57333374023437,471.3226130440011
2025-08-11,Deckers,DECK,100.47000122070312,https://query2.finance.yahoo.com/v8/finance/chart/DECK,2019-01-02,21.57333374023437,465.7138411265853
2025-08-12,Deckers,DECK,103.73999786376952,https://query2.finance.yahoo.com/v8/finance/chart/DECK,2019-01-02,21.57333374023437,480.871427257874
2025-08-13,Deckers,DECK,106.4800033569336,https://query2.finance.yahoo.com/v8/finance/chart/DECK,2019-01-02,21.57333374023437,493.57231774682964
2025-08-14,Deckers,DECK,103.86000061035156,https://query2.finance.yahoo.com/v8/finance/chart/DECK,2019-01-02,21.57333374023437,481.42768225317053
2025-08-15,Deckers,DECK,102.95999908447266,https://query2.finance.yahoo.com/v8/finance/chart/DECK,2019-01-02,21.57333374023437,477.25585820077384
2025-08-18,Deckers,DECK,105.58000183105467,https://query2.finance.yahoo.com/v8/finance/chart/DECK,2019-01-02,21.57333374023437,489.40049369443284
2025-08-19,Deckers,DECK,105.5199966430664,https://query2.finance.yahoo.com/v8/finance/chart/DECK,2019-01-02,21.57333374023437,489.12234851431936
2025-08-20,Deckers,DECK,104.0500030517578,https://query2.finance.yahoo.com/v8/finance/chart/DECK,2019-01-02,21.57333374023437,482.30841048782383
2025-08-21,Deckers,DECK,104.69000244140624,https://query2.finance.yahoo.com/v8/finance/chart/DECK,2019-01-02,21.57333374023437,485.2750330662102
2025-08-22,Deckers,DECK,109.0999984741211,https://query2.finance.yahoo.com/v8/finance/chart/DECK,2019-01-02,21.57333374023437,505.71691787555795
2025-08-25,Deckers,DECK,113.02999877929688,https://query2.finance.yahoo.com/v8/finance/chart/DECK,2019-01-02,21.57333374023437,523.9338534335812
2025-08-26,Deckers,DECK,113.69000244140624,https://query2.finance.yahoo.com/v8/finance/chart/DECK,2019-01-02,21.57333374023437,526.9932028603156
2025-08-27,Deckers,DECK,116.7300033569336,https://query2.finance.yahoo.com/v8/finance/chart/DECK,2019-01-02,21.57333374023437,541.0846777901163
2025-08-28,Deckers,DECK,118.13999938964844,https://query2.finance.yahoo.com/v8/finance/chart/DECK,2019-01-02,21.57333374023437,547.6205060014288
2025-08-29,Deckers,DECK,119.62999725341795,https://query2.finance.yahoo.com/v8/finance/chart/DECK,2019-01-02,21.57333374023437,554.5271708762723
2025-09-02,Deckers,DECK,122.87999725341795,https://query2.finance.yahoo.com/v8/finance/chart/DECK,2019-01-02,21.57333374023437,569.5920655241437
2025-09-03,Deckers,DECK,123.66999816894533,https://query2.finance.yahoo.com/v8/finance/chart/DECK,2019-01-02,21.57333374023437,573.2539980054181
2025-09-04,Deckers,DECK,123.91000366210938,https://query2.finance.yahoo.com/v8/finance/chart/DECK,2019-01-02,21.57333374023437,574.3665079960109
2025-09-05,Deckers,DECK,120.4000015258789,https://query2.finance.yahoo.com/v8/finance/chart/DECK,2019-01-02,21.57333374023437,558.0964118741292
2025-09-08,Deckers,DECK,117.16999816894533,https://query2.finance.yahoo.com/v8/finance/chart/DECK,2019-01-02,21.57333374023437,543.1242087096753
2025-09-09,Deckers,DECK,115.41000366210938,https://query2.finance.yahoo.com/v8/finance/chart/DECK,2019-01-02,21.57333374023437,534.9660143015781
2025-09-10,Deckers,DECK,114.12999725341795,https://query2.finance.yahoo.com/v8/finance/chart/DECK,2019-01-02,21.57333374023437,529.0327337798745
2025-09-11,Deckers,DECK,117.87000274658205,https://query2.finance.yahoo.com/v8/finance/chart/DECK,2019-01-02,21.57333374023437,546.3689764681752
2025-09-12,Deckers,DECK,118.5,https://query2.finance.yahoo.com/v8/finance/chart/DECK,2019-01-02,21.57333374023437,549.2892356223875
2025-09-15,Deckers,DECK,118.66000366210938,https://query2.finance.yahoo.com/v8/finance/chart/DECK,2019-01-02,21.57333374023437,550.0309089494494
2025-09-16,Deckers,DECK,118.69000244140624,https://query2.finance.yahoo.com/v8/finance/chart/DECK,2019-01-02,21.57333374023437,550.1699638570408
2025-09-17,Deckers,DECK,118.68000030517578,https://query2.finance.yahoo.com/v8/finance/chart/DECK,2019-01-02,21.57333374023437,550.1236004328669
2025-09-18,Deckers,DECK,115.43000030517578,https://query2.finance.yahoo.com/v8/finance/chart/DECK,2019-01-02,21.57333374023437,535.0587057849955
2025-09-19,Deckers,DECK,113.79000091552734,https://query2.finance.yahoo.com/v8/finance/chart/DECK,2019-01-02,21.57333374023437,527.456731007264
2025-09-22,Deckers,DECK,113.22000122070312,https://query2.finance.yahoo.com/v8/finance/chart/DECK,2019-01-02,21.57333374023437,524.8145816682346
2025-09-23,Deckers,DECK,112.02999877929688,https://query2.finance.yahoo.com/v8/finance/chart/DECK,2019-01-02,21.57333374023437,519.2985012342361
2025-09-24,Deckers,DECK,111.2300033569336,https://query2.finance.yahoo.com/v8/finance/chart/DECK,2019-01-02,21.57333374023437,515.5902406937186
2025-09-25,Deckers,DECK,105.83000183105467,https://query2.finance.yahoo.com/v8/finance/chart/DECK,2019-01-02,21.57333374023437,490.5593317442691
2025-09-26,Deckers,DECK,105.7699966430664,https://query2.finance.yahoo.com/v8/finance/chart/DECK,2019-01-02,21.57333374023437,490.2811865641556
2025-09-29,Deckers,DECK,103.27999877929688,https://query2.finance.yahoo.com/v8/finance/chart/DECK,2019-01-02,21.57333374023437,478.739169489967
2025-09-30,Deckers,DECK,101.37000274658205,https://query2.finance.yahoo.com/v8/finance/chart/DECK,2019-01-02,21.57333374023437,469.8856651789821
2025-10-01,Deckers,DECK,101.18000030517578,https://query2.finance.yahoo.com/v8/finance/chart/DECK,2019-01-02,21.57333374023437,469.0049369443286
2025-10-02,Deckers,DECK,103.8000030517578,https://query2.finance.yahoo.com/v8/finance/chart/DECK,2019-01-02,21.57333374023437,481.1495724379876
2025-10-03,Deckers,DECK,103.0500030517578,https://query2.finance.yahoo.com/v8/finance/chart/DECK,2019-01-02,21.57333374023437,477.6730582884788
2025-10-06,Deckers,DECK,102.04000091552734,https://query2.finance.yahoo.com/v8/finance/chart/DECK,2019-01-02,21.57333374023437,472.9913426649598
2025-10-07,Deckers,DECK,97.9800033569336,https://query2.finance.yahoo.com/v8/finance/chart/DECK,2019-01-02,21.57333374023437,454.17182405239674
2025-10-08,Deckers,DECK,101.58000183105467,https://query2.finance.yahoo.com/v8/finance/chart/DECK,2019-01-02,21.57333374023437,470.8590848970527
2025-10-09,Deckers,DECK,98.8499984741211,https://query2.finance.yahoo.com/v8/finance/chart/DECK,2019-01-02,21.57333374023437,458.2045578322713
2025-10-10,Deckers,DECK,95.06999969482422,https://query2.finance.yahoo.com/v8/finance/chart/DECK,2019-01-02,21.57333374023437,440.6829321771359
2025-10-13,Deckers,DECK,98.30999755859376,https://query2.finance.yahoo.com/v8/finance/chart/DECK,2019-01-02,21.57333374023437,455.70146340083335
2025-10-14,Deckers,DECK,99.27999877929688,https://query2.finance.yahoo.com/v8/finance/chart/DECK,2019-01-02,21.57333374023437,460.1977606925869
2025-10-15,Deckers,DECK,96.44000244140624,https://query2.finance.yahoo.com/v8/finance/chart/DECK,2019-01-02,21.57333374023437,447.03337742161364
2025-10-16,Deckers,DECK,99.05999755859376,https://query2.finance.yahoo.com/v8/finance/chart/DECK,2019-01-02,21.57333374023437,459.1779775503421
2025-10-17,Deckers,DECK,99.81999969482422,https://query2.finance.yahoo.com/v8/finance/chart/DECK,2019-01-02,21.57333374023437,462.7008551240249
2025-10-20,Deckers,DECK,100.19000244140624,https://query2.finance.yahoo.com/v8/finance/chart/DECK,2019-01-02,21.57333374023437,464.4159481691575
2025-10-21,Deckers,DECK,102.95999908447266,https://query2.finance.yahoo.com/v8/finance/chart/DECK,2019-01-02,21.57333374023437,477.25585820077384
2025-10-22,Deckers,DECK,100.88999938964844,https://query2.finance.yahoo.com/v8/finance/chart/DECK,2019-01-02,21.57333374023437,467.66068056272684
2025-10-23,Deckers,DECK,102.54000091552734,https://query2.finance.yahoo.com/v8/finance/chart/DECK,2019-01-02,21.57333374023437,475.3090187646323
2025-10-24,Deckers,DECK,86.94000244140625,https://query2.finance.yahoo.com/v8/finance/chart/DECK,2019-01-02,21.57333374023437,402.9975315278358
2025-10-27,Deckers,DECK,90.47000122070312,https://query2.finance.yahoo.com/v8/finance/chart/DECK,2019-01-02,21.57333374023437,419.3603191331349
2025-10-28,Deckers,DECK,87.61000061035156,https://query2.finance.yahoo.com/v8/finance/chart/DECK,2019-01-02,21.57333374023437,406.1032090138136
2025-10-29,Deckers,DECK,83.83999633789062,https://query2.finance.yahoo.com/v8/finance/chart/DECK,2019-01-02,21.57333374023437,388.6279114179216
2025-10-30,Deckers,DECK,80.88999938964844,https://query2.finance.yahoo.com/v8/finance/chart/DECK,2019-01-02,21.57333374023437,374.953636575826
2025-10-31,Deckers,DECK,81.5,https://query2.finance.yahoo.com/v8/finance/chart/DECK,2019-01-02,21.57333374023437,377.7812042466209
2025-11-03,Deckers,DECK,81.12000274658203,https://query2.finance.yahoo.com/v8/finance/chart/DECK,2019-01-02,21.57333374023437,376.0197831422449
2025-11-04,Deckers,DECK,79.54000091552734,https://query2.finance.yahoo.com/v8/finance/chart/DECK,2019-01-02,21.57333374023437,368.6959181796963
2025-11-05,Deckers,DECK,81.80999755859375,https://query2.finance.yahoo.com/v8/finance/chart/DECK,2019-01-02,21.57333374023437,379.21815211164005
2025-11-06,Deckers,DECK,79.80999755859375,https://query2.finance.yahoo.com/v8/finance/chart/DECK,2019-01-02,21.57333374023437,369.94744771295
2025-11-07,Deckers,DECK,81.7699966430664,https://query2.finance.yahoo.com/v8/finance/chart/DECK,2019-01-02,21.57333374023437,379.0327337798746
2025-11-10,Deckers,DECK,79.83999633789062,https://query2.finance.yahoo.com/v8/finance/chart/DECK,2019-01-02,21.57333374023437,370.0865026205414
2025-11-11,Deckers,DECK,82.70999908447266,https://query2.finance.yahoo.com/v8/finance/chart/DECK,2019-01-02,21.57333374023437,383.38997616403674
2025-11-12,Deckers,DECK,84.38999938964844,https://query2.finance.yahoo.com/v8/finance/chart/DECK,2019-01-02,21.57333374023437,391.17736927353366
2025-11-13,Deckers,DECK,83.0999984741211,https://query2.finance.yahoo.com/v8/finance/chart/DECK,2019-01-02,21.57333374023437,385.1977606925869
2025-11-14,Deckers,DECK,82.81999969482422,https://query2.finance.yahoo.com/v8/finance/chart/DECK,2019-01-02,21.57333374023437,383.89986773515915
2025-11-17,Deckers,DECK,80.72000122070312,https://query2.finance.yahoo.com/v8/finance/chart/DECK,2019-01-02,21.57333374023437,374.16563518952074
2025-11-18,Deckers,DECK,83.7699966430664,https://query2.finance.yahoo.com/v8/finance/chart/DECK,2019-01-02,21.57333374023437,388.30343817856465
2025-11-19,Deckers,DECK,83.01000213623047,https://query2.finance.yahoo.com/v8/finance/chart/DECK,2019-01-02,21.57333374023437,384.78059596981257
2025-11-20,Deckers,DECK,81.4800033569336,https://query2.finance.yahoo.com/v8/finance/chart/DECK,2019-01-02,21.57333374023437,377.68851276320356
2025-11-21,Deckers,DECK,85.12999725341797,https://query2.finance.yahoo.com/v8/finance/chart/DECK,2019-01-02,21.57333374023437,394.6075199988684
2025-11-24,Deckers,DECK,83.12999725341797,https://query2.finance.yahoo.com/v8/finance/chart/DECK,2019-01-02,21.57333374023437,385.3368156001783
2025-11-25,Deckers,DECK,85.47000122070312,https://query2.finance.yahoo.com/v8/finance/chart/DECK,2019-01-02,21.57333374023437,396.18355813640966
2025-11-26,Deckers,DECK,87.19000244140625,https://query2.finance.yahoo.com/v8/finance/chart/DECK,2019-01-02,21.57333374023437,404.1563695776721
2025-11-28,Deckers,DECK,88.02999877929688,https://query2.finance.yahoo.com/v8/finance/chart/DECK,2019-01-02,21.57333374023437,408.05004844995517
2025-12-01,Deckers,DECK,92.0199966430664,https://query2.finance.yahoo.com/v8/finance/chart/DECK,2019-01-02,21.57333374023437,426.54509382316127
2025-12-02,Deckers,DECK,91.7699966430664,https://query2.finance.yahoo.com/v8/finance/chart/DECK,2019-01-02,21.57333374023437,425.386255773325
2025-12-03,Deckers,DECK,94.97000122070312,https://query2.finance.yahoo.com/v8/finance/chart/DECK,2019-01-02,21.57333374023437,440.2194040301876
2025-12-04,Deckers,DECK,96.25,https://query2.finance.yahoo.com/v8/finance/chart/DECK,2019-01-02,21.57333374023437,446.15264918696033
2025-12-05,Deckers,DECK,99.6999969482422,https://query2.finance.yahoo.com/v8/finance/chart/DECK,2019-01-02,21.57333374023437,462.1446001287285
2025-12-08,Deckers,DECK,101.20999908447266,https://query2.finance.yahoo.com/v8/finance/chart/DECK,2019-01-02,21.57333374023437,469.14399185192
2025-12-09,Deckers,DECK,100.80999755859376,https://query2.finance.yahoo.com/v8/finance/chart/DECK,2019-01-02,21.57333374023437,467.28984389919594
2025-12-10,Deckers,DECK,100.70999908447266,https://query2.finance.yahoo.com/v8/finance/chart/DECK,2019-01-02,21.57333374023437,466.8263157522475
2025-12-11,Deckers,DECK,101.36000061035156,https://query2.finance.yahoo.com/v8/finance/chart/DECK,2019-01-02,21.57333374023437,469.83930175480793
2025-12-12,Deckers,DECK,101.18000030517578,https://query2.finance.yahoo.com/v8/finance/chart/DECK,2019-01-02,21.57333374023437,469.0049369443286
2025-12-15,Deckers,DECK,103.98999786376952,https://query2.finance.yahoo.com/v8/finance/chart/DECK,2019-01-02,21.57333374023437,482.03026530771024
2025-12-16,Deckers,DECK,104.1999969482422,https://query2.finance.yahoo.com/v8/finance/chart/DECK,2019-01-02,21.57333374023437,483.0036850257812
2025-12-17,Deckers,DECK,102.38999938964844,https://query2.finance.yahoo.com/v8/finance/chart/DECK,2019-01-02,21.57333374023437,474.61370886174444
2025-12-18,Deckers,DECK,100.5500030517578,https://query2.finance.yahoo.com/v8/finance/chart/DECK,2019-01-02,21.57333374023437,466.0846777901162
2025-12-19,Deckers,DECK,99.47000122070312,https://query2.finance.yahoo.com/v8/finance/chart/DECK,2019-01-02,21.57333374023437,461.07848892724024
2025-12-22,Deckers,DECK,101.91000366210938,https://query2.finance.yahoo.com/v8/finance/chart/DECK,2019-01-02,21.57333374023437,472.38875961042
2025-12-23,Deckers,DECK,100.68000030517578,https://query2.finance.yahoo.com/v8/finance/chart/DECK,2019-01-02,21.57333374023437,466.68726084465607
2025-12-24,Deckers,DECK,100.9499969482422,https://query2.finance.yahoo.com/v8/finance/chart/DECK,2019-01-02,21.57333374023437,467.9387903779098
2025-12-26,Deckers,DECK,103.08999633789062,https://query2.finance.yahoo.com/v8/finance/chart/DECK,2019-01-02,21.57333374023437,477.85844125531366
2025-12-29,Deckers,DECK,103.70999908447266,https://query2.finance.yahoo.com/v8/finance/chart/DECK,2019-01-02,21.57333374023437,480.7323723502826
2025-12-30,Deckers,DECK,105.02999877929688,https://query2.finance.yahoo.com/v8/finance/chart/DECK,2019-01-02,21.57333374023437,486.85103583882085
2025-12-31,Deckers,DECK,103.66999816894533,https://query2.finance.yahoo.com/v8/finance/chart/DECK,2019-01-02,21.57333374023437,480.5469540185172
2026-01-02,Deckers,DECK,106.79000091552734,https://query2.finance.yahoo.com/v8/finance/chart/DECK,2019-01-02,21.57333374023437,495.0092656118488
2026-01-05,Deckers,DECK,108.0999984741211,https://query2.finance.yahoo.com/v8/finance/chart/DECK,2019-01-02,21.57333374023437,501.0815656762129
2026-01-06,Deckers,DECK,107.45999908447266,https://query2.finance.yahoo.com/v8/finance/chart/DECK,2019-01-02,21.57333374023437,498.11494309782654
2026-01-07,Deckers,DECK,103.04000091552734,https://query2.finance.yahoo.com/v8/finance/chart/DECK,2019-01-02,21.57333374023437,477.62669486430485
2026-01-08,Deckers,DECK,107.36000061035156,https://query2.finance.yahoo.com/v8/finance/chart/DECK,2019-01-02,21.57333374023437,497.6514149508782
2026-01-09,Deckers,DECK,103.76000213623048,https://query2.finance.yahoo.com/v8/finance/chart/DECK,2019-01-02,21.57333374023437,480.9641541062223
2026-01-12,Deckers,DECK,101.80999755859376,https://query2.finance.yahoo.com/v8/finance/chart/DECK,2019-01-02,21.57333374023437,471.925196098541
2026-01-13,Deckers,DECK,101.70999908447266,https://query2.finance.yahoo.com/v8/finance/chart/DECK,2019-01-02,21.57333374023437,471.4616679515926
2026-01-14,Deckers,DECK,101.4000015258789,https://query2.finance.yahoo.com/v8/finance/chart/DECK,2019-01-02,21.57333374023437,470.02472008657344
2026-01-15,Deckers,DECK,103.06999969482422,https://query2.finance.yahoo.com/v8/finance/chart/DECK,2019-01-02,21.57333374023437,477.76574977189625
2026-01-16,Deckers,DECK,100.69000244140624,https://query2.finance.yahoo.com/v8/finance/chart/DECK,2019-01-02,21.57333374023437,466.73362426883006
2026-01-20,Deckers,DECK,97.9800033569336,https://query2.finance.yahoo.com/v8/finance/chart/DECK,2019-01-02,21.57333374023437,454.17182405239674
2026-01-21,Deckers,DECK,101.94000244140624,https://query2.finance.yahoo.com/v8/finance/chart/DECK,2019-01-02,21.57333374023437,472.5278145180113
2026-01-22,Deckers,DECK,101.62000274658205,https://query2.finance.yahoo.com/v8/finance/chart/DECK,2019-01-02,21.57333374023437,471.0445032288183
2026-01-23,Deckers,DECK,99.9800033569336,https://query2.finance.yahoo.com/v8/finance/chart/DECK,2019-01-02,21.57333374023437,463.44252845108684
2026-01-26,Deckers,DECK,101.3000030517578,https://query2.finance.yahoo.com/v8/finance/chart/DECK,2019-01-02,21.57333374023437,469.56119193962496
2026-01-27,Deckers,DECK,100.16000366210938,https://query2.finance.yahoo.com/v8/finance/chart/DECK,2019-01-02,21.57333374023437,464.27689326156616
2026-01-28,Deckers,DECK,97.62000274658205,https://query2.finance.yahoo.com/v8/finance/chart/DECK,2019-01-02,21.57333374023437,452.50309443143817
2026-01-29,Deckers,DECK,99.9000015258789,https://query2.finance.yahoo.com/v8/finance/chart/DECK,2019-01-02,21.57333374023437,463.0716917875559
2026-01-30,Deckers,DECK,119.33999633789062,https://query2.finance.yahoo.com/v8/finance/chart/DECK,2019-01-02,21.57333374023437,553.1829144946706
2026-02-02,Deckers,DECK,116.25,https://query2.finance.yahoo.com/v8/finance/chart/DECK,2019-01-02,21.57333374023437,538.8596931738612
2026-02-03,Deckers,DECK,113.33999633789062,https://query2.finance.yahoo.com/v8/finance/chart/DECK,2019-01-02,21.57333374023437,525.3708012986003
2026-02-04,Deckers,DECK,112.25,https://query2.finance.yahoo.com/v8/finance/chart/DECK,2019-01-02,21.57333374023437,520.318284376481
2026-02-05,Deckers,DECK,111.16999816894533,https://query2.finance.yahoo.com/v8/finance/chart/DECK,2019-01-02,21.57333374023437,515.3120955136051
2026-02-06,Deckers,DECK,115.4499969482422,https://query2.finance.yahoo.com/v8/finance/chart/DECK,2019-01-02,21.57333374023437,535.1513972684129
2026-02-09,Deckers,DECK,114.5,https://query2.finance.yahoo.com/v8/finance/chart/DECK,2019-01-02,21.57333374023437,530.7478268250073
2026-02-10,Deckers,DECK,115.51000213623048,https://query2.finance.yahoo.com/v8/finance/chart/DECK,2019-01-02,21.57333374023437,535.4295424485265
2026-02-11,Deckers,DECK,115.36000061035156,https://query2.finance.yahoo.com/v8/finance/chart/DECK,2019-01-02,21.57333374023437,534.7342325456385
2026-02-12,Deckers,DECK,116.0199966430664,https://query2.finance.yahoo.com/v8/finance/chart/DECK,2019-01-02,21.57333374023437,537.7935466074423
2026-02-13,Deckers,DECK,115.7300033569336,https://query2.finance.yahoo.com/v8/finance/chart/DECK,2019-01-02,21.57333374023437,536.4493255907713
2026-02-17,Deckers,DECK,117.3499984741211,https://query2.finance.yahoo.com/v8/finance/chart/DECK,2019-01-02,21.57333374023437,543.9585735201546
2026-02-18,Deckers,DECK,118.88999938964844,https://query2.finance.yahoo.com/v8/finance/chart/DECK,2019-01-02,21.57333374023437,551.0970201509376
2026-02-19,Deckers,DECK,118.06999969482422,https://query2.finance.yahoo.com/v8/finance/chart/DECK,2019-01-02,21.57333374023437,547.296032762072
2026-02-20,Deckers,DECK,118.69000244140624,https://query2.finance.yahoo.com/v8/finance/chart/DECK,2019-01-02,21.57333374023437,550.1699638570408
2026-02-23,Deckers,DECK,118.16999816894533,https://query2.finance.yahoo.com/v8/finance/chart/DECK,2019-01-02,21.57333374023437,547.7595609090204
2026-02-24,Deckers,DECK,120.94000244140624,https://query2.finance.yahoo.com/v8/finance/chart/DECK,2019-01-02,21.57333374023437,560.5995063055672
2026-02-25,Deckers,DECK,119.41999816894533,https://query2.finance.yahoo.com/v8/finance/chart/DECK,2019-01-02,21.57333374023437,553.5537511582016
2026-02-26,Deckers,DECK,119.41000366210938,https://query2.finance.yahoo.com/v8/finance/chart/DECK,2019-01-02,21.57333374023437,553.5074230989583
2026-02-27,Deckers,DECK,117.2699966430664,https://query2.finance.yahoo.com/v8/finance/chart/DECK,2019-01-02,21.57333374023437,543.5877368566236
2026-03-02,Deckers,DECK,114.51000213623048,https://query2.finance.yahoo.com/v8/finance/chart/DECK,2019-01-02,21.57333374023437,530.7941902491815
2026-03-03,Deckers,DECK,109.86000061035156,https://query2.finance.yahoo.com/v8/finance/chart/DECK,2019-01-02,21.57333374023437,509.2397954492408
2026-03-04,Deckers,DECK,108.73999786376952,https://query2.finance.yahoo.com/v8/finance/chart/DECK,2019-01-02,21.57333374023437,504.0481882545992
2026-03-05,Deckers,DECK,107.58000183105467,https://query2.finance.yahoo.com/v8/finance/chart/DECK,2019-01-02,21.57333374023437,498.67119809312294
2026-03-06,Deckers,DECK,104.25,https://query2.finance.yahoo.com/v8/finance/chart/DECK,2019-01-02,21.57333374023437,483.2354667817207
2026-03-09,Deckers,DECK,104.31999969482422,https://query2.finance.yahoo.com/v8/finance/chart/DECK,2019-01-02,21.57333374023437,483.5599400210776
2026-03-10,Deckers,DECK,105.26000213623048,https://query2.finance.yahoo.com/v8/finance/chart/DECK,2019-01-02,21.57333374023437,487.9171824052398
2026-03-11,Deckers,DECK,102.72000122070312,https://query2.finance.yahoo.com/v8/finance/chart/DECK,2019-01-02,21.57333374023437,476.14338357511167
2026-03-12,Deckers,DECK,100.69000244140624,https://query2.finance.yahoo.com/v8/finance/chart/DECK,2019-01-02,21.57333374023437,466.73362426883006
2026-03-13,Deckers,DECK,100.77999877929688,https://query2.finance.yahoo.com/v8/finance/chart/DECK,2019-01-02,21.57333374023437,467.15078899160443
2026-03-16,Deckers,DECK,101.70999908447266,https://query2.finance.yahoo.com/v8/finance/chart/DECK,2019-01-02,21.57333374023437,471.4616679515926
2026-03-17,Deckers,DECK,104.70999908447266,https://query2.finance.yahoo.com/v8/finance/chart/DECK,2019-01-02,21.57333374023437,485.36772454962767
2026-03-18,Deckers,DECK,104.54000091552734,https://query2.finance.yahoo.com/v8/finance/chart/DECK,2019-01-02,21.57333374023437,484.5797231633224
2026-03-19,Deckers,DECK,104.91000366210938,https://query2.finance.yahoo.com/v8/finance/chart/DECK,2019-01-02,21.57333374023437,486.29481620845513
2026-03-20,Deckers,DECK,100.43000030517578,https://query2.finance.yahoo.com/v8/finance/chart/DECK,2019-01-02,21.57333374023437,465.52842279481985
2026-03-23,Deckers,DECK,102.4499969482422,https://query2.finance.yahoo.com/v8/finance/chart/DECK,2019-01-02,21.57333374023437,474.89181867692736
2026-03-24,Deckers,DECK,101.38999938964844,https://query2.finance.yahoo.com/v8/finance/chart/DECK,2019-01-02,21.57333374023437,469.9783566623994
2026-03-25,Deckers,DECK,100.0500030517578,https://query2.finance.yahoo.com/v8/finance/chart/DECK,2019-01-02,21.57333374023437,463.7670016904437
2026-03-26,Deckers,DECK,93.69000244140624,https://query2.finance.yahoo.com/v8/finance/chart/DECK,2019-01-02,21.57333374023437,434.28615887341476
2026-03-27,Deckers,DECK,94.0500030517578,https://query2.finance.yahoo.com/v8/finance/chart/DECK,2019-01-02,21.57333374023437,435.95488849437345
2026-03-30,Deckers,DECK,94.97000122070312,https://query2.finance.yahoo.com/v8/finance/chart/DECK,2019-01-02,21.57333374023437,440.2194040301876
2026-03-31,Deckers,DECK,100.08999633789062,https://query2.finance.yahoo.com/v8/finance/chart/DECK,2019-01-02,21.57333374023437,463.9523846572785
2026-04-01,Deckers,DECK,100.91000366210938,https://query2.finance.yahoo.com/v8/finance/chart/DECK,2019-01-02,21.57333374023437,467.75340741107493
2026-04-02,Deckers,DECK,98.30999755859376,https://query2.finance.yahoo.com/v8/finance/chart/DECK,2019-01-02,21.57333374023437,455.70146340083335
2026-04-06,Deckers,DECK,101.63999938964844,https://query2.finance.yahoo.com/v8/finance/chart/DECK,2019-01-02,21.57333374023437,471.1371947122356
2026-04-07,Deckers,DECK,100.26000213623048,https://query2.finance.yahoo.com/v8/finance/chart/DECK,2019-01-02,21.57333374023437,464.74042140851464
2026-04-08,Deckers,DECK,106.3499984741211,https://query2.finance.yahoo.com/v8/finance/chart/DECK,2019-01-02,21.57333374023437,492.9696993273591
2026-04-09,Deckers,DECK,109.7699966430664,https://query2.finance.yahoo.com/v8/finance/chart/DECK,2019-01-02,21.57333374023437,508.8225953615358
2026-04-10,Deckers,DECK,107.86000061035156,https://query2.finance.yahoo.com/v8/finance/chart/DECK,2019-01-02,21.57333374023437,499.96909105055073
2026-04-13,Deckers,DECK,108.13999938964844,https://query2.finance.yahoo.com/v8/finance/chart/DECK,2019-01-02,21.57333374023437,501.2669840079784
2026-04-14,Deckers,DECK,107.80999755859376,https://query2.finance.yahoo.com/v8/finance/chart/DECK,2019-01-02,21.57333374023437,499.73730929461124
2026-04-15,Deckers,DECK,108.87000274658205,https://query2.finance.yahoo.com/v8/finance/chart/DECK,2019-01-02,21.57333374023437,504.6508066740699
2026-04-16,Deckers,DECK,108.33000183105467,https://query2.finance.yahoo.com/v8/finance/chart/DECK,2019-01-02,21.57333374023437,502.1477122426317
2026-04-17,Deckers,DECK,112.5,https://query2.finance.yahoo.com/v8/finance/chart/DECK,2019-01-02,21.57333374023437,521.4771224263172
2026-04-20,Deckers,DECK,111.05999755859376,https://query2.finance.yahoo.com/v8/finance/chart/DECK,2019-01-02,21.57333374023437,514.8022039424826
2026-04-21,Deckers,DECK,110.16999816894533,https://query2.finance.yahoo.com/v8/finance/chart/DECK,2019-01-02,21.57333374023437,510.67674331426
2026-04-22,Deckers,DECK,107.69000244140624,https://query2.finance.yahoo.com/v8/finance/chart/DECK,2019-01-02,21.57333374023437,499.18108966424535
2026-04-23,Deckers,DECK,107.70999908447266,https://query2.finance.yahoo.com/v8/finance/chart/DECK,2019-01-02,21.57333374023437,499.2737811476628
2026-04-24,Deckers,DECK,108.52999877929688,https://query2.finance.yahoo.com/v8/finance/chart/DECK,2019-01-02,21.57333374023437,503.0747685365285
2026-04-27,Deckers,DECK,106.7699966430664,https://query2.finance.yahoo.com/v8/finance/chart/DECK,2019-01-02,21.57333374023437,494.9165387635006
2026-04-28,Deckers,DECK,106.18000030517578,https://query2.finance.yahoo.com/v8/finance/chart/DECK,2019-01-02,21.57333374023437,492.1816979410538
2026-04-29,Deckers,DECK,101.33999633789062,https://query2.finance.yahoo.com/v8/finance/chart/DECK,2019-01-02,21.57333374023437,469.74657490645984
2026-04-30,Deckers,DECK,102.1999969482422,https://query2.finance.yahoo.com/v8/finance/chart/DECK,2019-01-02,21.57333374023437,473.73298062709114
2026-05-01,Deckers,DECK,100.87999725341795,https://query2.finance.yahoo.com/v8/finance/chart/DECK,2019-01-02,21.57333374023437,467.61431713855274
2026-05-04,Deckers,DECK,97.6500015258789,https://query2.finance.yahoo.com/v8/finance/chart/DECK,2019-01-02,21.57333374023437,452.6421493390295
2026-05-05,Deckers,DECK,98.54000091552734,https://query2.finance.yahoo.com/v8/finance/chart/DECK,2019-01-02,21.57333374023437,456.76760996725216
2026-05-06,Deckers,DECK,103.91999816894533,https://query2.finance.yahoo.com/v8/finance/chart/DECK,2019-01-02,21.57333374023437,481.7057920683535
2026-05-07,Deckers,DECK,102.72000122070312,https://query2.finance.yahoo.com/v8/finance/chart/DECK,2019-01-02,21.57333374023437,476.14338357511167
2026-05-08,Deckers,DECK,100.41999816894533,https://query2.finance.yahoo.com/v8/finance/chart/DECK,2019-01-02,21.57333374023437,465.48205937064586
2026-05-11,Deckers,DECK,96.6500015258789,https://query2.finance.yahoo.com/v8/finance/chart/DECK,2019-01-02,21.57333374023437,448.00679713968447
2026-05-12,Deckers,DECK,94.88999938964844,https://query2.finance.yahoo.com/v8/finance/chart/DECK,2019-01-02,21.57333374023437,439.8485673666566
2026-05-13,Deckers,DECK,93.93000030517578,https://query2.finance.yahoo.com/v8/finance/chart/DECK,2019-01-02,21.57333374023437,435.39863349907705
2026-05-14,Deckers,DECK,94.97000122070312,https://query2.finance.yahoo.com/v8/finance/chart/DECK,2019-01-02,21.57333374023437,440.2194040301876
2026-05-15,Deckers,DECK,93.55999755859376,https://query2.finance.yahoo.com/v8/finance/chart/DECK,2019-01-02,21.57333374023437,433.68354045394443
2026-05-18,Deckers,DECK,94.61000061035156,https://query2.finance.yahoo.com/v8/finance/chart/DECK,2019-01-02,21.57333374023437,438.5506744092289
2026-05-19,Deckers,DECK,94.2699966430664,https://query2.finance.yahoo.com/v8/finance/chart/DECK,2019-01-02,21.57333374023437,436.97463627168764
2026-05-20,Deckers,DECK,98.23999786376952,https://query2.finance.yahoo.com/v8/finance/chart/DECK,2019-01-02,21.57333374023437,455.3769901614763
2026-05-21,Deckers,DECK,102.62000274658205,https://query2.finance.yahoo.com/v8/finance/chart/DECK,2019-01-02,21.57333374023437,475.67985542816336
2026-05-22,Deckers,DECK,106.66999816894533,https://query2.finance.yahoo.com/v8/finance/chart/DECK,2019-01-02,21.57333374023437,494.4530106165524
2026-05-26,Deckers,DECK,111.44000244140624,https://query2.finance.yahoo.com/v8/finance/chart/DECK,2019-01-02,21.57333374023437,516.5636604117892
2026-05-27,Deckers,DECK,114.37000274658205,https://query2.finance.yahoo.com/v8/finance/chart/DECK,2019-01-02,21.57333374023437,530.1452437704676
2026-05-28,Deckers,DECK,114.30999755859376,https://query2.finance.yahoo.com/v8/finance/chart/DECK,2019-01-02,21.57333374023437,529.8670985903541
2026-05-29,Deckers,DECK,113.8499984741211,https://query2.finance.yahoo.com/v8/finance/chart/DECK,2019-01-02,21.57333374023437,527.7348408224469
2026-06-01,Deckers,DECK,110.81999969482422,https://query2.finance.yahoo.com/v8/finance/chart/DECK,2019-01-02,21.57333374023437,513.6897293168204
2026-06-02,Deckers,DECK,110.79000091552734,https://query2.finance.yahoo.com/v8/finance/chart/DECK,2019-01-02,21.57333374023437,513.5506744092289
2026-06-03,Deckers,DECK,107.36000061035156,https://query2.finance.yahoo.com/v8/finance/chart/DECK,2019-01-02,21.57333374023437,497.6514149508782
2026-06-04,Deckers,DECK,108.95999908447266,https://query2.finance.yahoo.com/v8/finance/chart/DECK,2019-01-02,21.57333374023437,505.06797139684414
2026-06-05,Deckers,DECK,108.12999725341795,https://query2.finance.yahoo.com/v8/finance/chart/DECK,2019-01-02,21.57333374023437,501.22062058380425
2026-06-08,Deckers,DECK,109.7300033569336,https://query2.finance.yahoo.com/v8/finance/chart/DECK,2019-01-02,21.57333374023437,508.637212394701
2026-06-09,Deckers,DECK,112.4800033569336,https://query2.finance.yahoo.com/v8/finance/chart/DECK,2019-01-02,21.57333374023437,521.3844309428998
2026-06-10,Deckers,DECK,111.18000030517578,https://query2.finance.yahoo.com/v8/finance/chart/DECK,2019-01-02,21.57333374023437,515.358458937779
2026-06-11,Deckers,DECK,114.37000274658205,https://query2.finance.yahoo.com/v8/finance/chart/DECK,2019-01-02,21.57333374023437,530.1452437704676
2026-06-12,Deckers,DECK,113.83000183105467,https://query2.finance.yahoo.com/v8/finance/chart/DECK,2019-01-02,21.57333374023437,527.6421493390294
2026-06-15,Deckers,DECK,112.5,https://query2.finance.yahoo.com/v8/finance/chart/DECK,2019-01-02,21.57333374023437,521.4771224263172
2026-06-16,Deckers,DECK,110.16999816894533,https://query2.finance.yahoo.com/v8/finance/chart/DECK,2019-01-02,21.57333374023437,510.67674331426
2026-06-17,Deckers,DECK,105.72000122070312,https://query2.finance.yahoo.com/v8/finance/chart/DECK,2019-01-02,21.57333374023437,490.04944017314676
2026-06-18,Deckers,DECK,109.11000061035156,https://query2.finance.yahoo.com/v8/finance/chart/DECK,2019-01-02,21.57333374023437,505.763281299732
2026-06-22,Deckers,DECK,105.56999969482422,https://query2.finance.yahoo.com/v8/finance/chart/DECK,2019-01-02,21.57333374023437,489.3541302702589
2026-06-23,Deckers,DECK,103.62999725341795,https://query2.finance.yahoo.com/v8/finance/chart/DECK,2019-01-02,21.57333374023437,480.3615356867516
2026-06-24,Deckers,DECK,105.6999969482422,https://query2.finance.yahoo.com/v8/finance/chart/DECK,2019-01-02,21.57333374023437,489.9567133247988
2026-06-25,Deckers,DECK,102.58999633789062,https://query2.finance.yahoo.com/v8/finance/chart/DECK,2019-01-02,21.57333374023437,475.5407651556411
2026-06-26,Deckers,DECK,104.55999755859376,https://query2.finance.yahoo.com/v8/finance/chart/DECK,2019-01-02,21.57333374023437,484.67241464673987
2026-06-29,Deckers,DECK,101.27999877929688,https://query2.finance.yahoo.com/v8/finance/chart/DECK,2019-01-02,21.57333374023437,469.468465091277
2026-06-30,Deckers,DECK,99.29000091552734,https://query2.finance.yahoo.com/v8/finance/chart/DECK,2019-01-02,21.57333374023437,460.24412411676093
2026-07-01,Deckers,DECK,100.33000183105467,https://query2.finance.yahoo.com/v8/finance/chart/DECK,2019-01-02,21.57333374023437,465.06489464787137
2026-07-02,Deckers,DECK,104.69000244140624,https://query2.finance.yahoo.com/v8/finance/chart/DECK,2019-01-02,21.57333374023437,485.2750330662102
2026-07-06,Deckers,DECK,105.66999816894533,https://query2.finance.yahoo.com/v8/finance/chart/DECK,2019-01-02,21.57333374023437,489.8176584172073
2026-07-07,Deckers,DECK,106.08000183105467,https://query2.finance.yahoo.com/v8/finance/chart/DECK,2019-01-02,21.57333374023437,491.7181697941054
2026-07-08,Deckers,DECK,102.22000122070312,https://query2.finance.yahoo.com/v8/finance/chart/DECK,2019-01-02,21.57333374023437,473.8257074754391
2026-07-09,Deckers,DECK,104.26000213623048,https://query2.finance.yahoo.com/v8/finance/chart/DECK,2019-01-02,21.57333374023437,483.2818302058948
2026-07-10,Deckers,DECK,105.98999786376952,https://query2.finance.yahoo.com/v8/finance/chart/DECK,2019-01-02,21.57333374023437,491.30096970640034
2026-07-13,Deckers,DECK,107.8000030517578,https://query2.finance.yahoo.com/v8/finance/chart/DECK,2019-01-02,21.57333374023437,499.69098123536776
2026-07-14,Deckers,DECK,106.5999984741211,https://query2.finance.yahoo.com/v8/finance/chart/DECK,2019-01-02,21.57333374023437,494.12853737719536
2026-07-15,Deckers,DECK,106.52999877929688,https://query2.finance.yahoo.com/v8/finance/chart/DECK,2019-01-02,21.57333374023437,493.80406413783845
2026-07-16,Deckers,DECK,109.02999877929688,https://query2.finance.yahoo.com/v8/finance/chart/DECK,2019-01-02,21.57333374023437,505.39244463620105
2026-07-17,Deckers,DECK,106.48999786376952,https://query2.finance.yahoo.com/v8/finance/chart/DECK,2019-01-02,21.57333374023437,493.6186458060729
2026-07-20,Deckers,DECK,104.04000091552734,https://query2.finance.yahoo.com/v8/finance/chart/DECK,2019-01-02,21.57333374023437,482.2620470636499
2026-07-21,Deckers,DECK,103.30999755859376,https://query2.finance.yahoo.com/v8/finance/chart/DECK,2019-01-02,21.57333374023437,478.87822439755854
2026-07-22,Deckers,DECK,102.47000122070312,https://query2.finance.yahoo.com/v8/finance/chart/DECK,2019-01-02,21.57333374023437,474.9845455252754
2026-07-23,Deckers,DECK,96.2300033569336,https://query2.finance.yahoo.com/v8/finance/chart/DECK,2019-01-02,21.57333374023437,446.0599577035429
2026-07-24,Deckers,DECK,96.04000091552734,https://query2.finance.yahoo.com/v8/finance/chart/DECK,2019-01-02,21.57333374023437,445.17922946888956
2026-07-27,Deckers,DECK,97.7300033569336,https://query2.finance.yahoo.com/v8/finance/chart/DECK,2019-01-02,21.57333374023437,453.0129860025605
2026-07-28,Deckers,DECK,103.91999816894533,https://query2.finance.yahoo.com/v8/finance/chart/DECK,2019-01-02,21.57333374023437,481.7057920683535
2026-07-29,Deckers,DECK,103.54000091552734,https://query2.finance.yahoo.com/v8/finance/chart/DECK,2019-01-02,21.57333374023437,479.94437096397735
2026-07-30,Deckers,DECK,99.69000244140624,https://query2.finance.yahoo.com/v8/finance/chart/DECK,2019-01-02,21.57333374023437,462.098272069485
2026-07-31,Deckers,DECK,96.87999725341795,https://query2.finance.yahoo.com/v8/finance/chart/DECK,2019-01-02,21.57333374023437,449.07290834117254
2026-08-03,Deckers,DECK,99.5,https://query2.finance.yahoo.com/v8/finance/chart/DECK,2019-01-02,21.57333374023437,461.2175438348317
2026-08-04,Deckers,DECK,99.87000274658205,https://query2.finance.yahoo.com/v8/finance/chart/DECK,2019-01-02,21.57333374023437,462.9326368799645
2026-08-05,Deckers,DECK,99.30999755859376,https://query2.finance.yahoo.com/v8/finance/chart/DECK,2019-01-02,21.57333374023437,460.3368156001784
2026-08-06,Deckers,DECK,97.87000274658205,https://query2.finance.yahoo.com/v8/finance/chart/DECK,2019-01-02,21.57333374023437,453.66193248127445
2026-08-07,Deckers,DECK,97.45999908447266,https://query2.finance.yahoo.com/v8/finance/chart/DECK,2019-01-02,21.57333374023437,451.76142110437615
2026-08-10,Deckers,DECK,97.44000244140624,https://query2.finance.yahoo.com/v8/finance/chart/DECK,2019-01-02,21.57333374023437,451.6687296209587
2026-08-11,Deckers,DECK,93.83999633789062,https://query2.finance.yahoo.com/v8/finance/chart/DECK,2019-01-02,21.57333374023437,434.981433411372
2026-08-12,Deckers,DECK,91.1999969482422,https://query2.finance.yahoo.com/v8/finance/chart/DECK,2019-01-02,21.57333374023437,422.74410643429565
2026-08-13,Deckers,DECK,93.3000030517578,https://query2.finance.yahoo.com/v8/finance/chart/DECK,2019-01-02,21.57333374023437,432.4783743448646
2026-08-14,Deckers,DECK,93.08999633789062,https://query2.finance.yahoo.com/v8/finance/chart/DECK,2019-01-02,21.57333374023437,431.5049192618632
2026-08-17,Deckers,DECK,90.11000061035156,https://query2.finance.yahoo.com/v8/finance/chart/DECK,2019-01-02,21.57333374023437,417.6915895121762
2026-08-18,Deckers,DECK,89.51000213623047,https://query2.finance.yahoo.com/v8/finance/chart/DECK,2019-01-02,21.57333374023437,414.9103852655553
2026-08-19,Deckers,DECK,91.56999969482422,https://query2.finance.yahoo.com/v8/finance/chart/DECK,2019-01-02,21.57333374023437,424.45919947942826
2026-08-20,Deckers,DECK,88.86000061035156,https://query2.finance.yahoo.com/v8/finance/chart/DECK,2019-01-02,21.57333374023437,411.8973992629949
2026-08-21,Deckers,DECK,91.68000030517578,https://query2.finance.yahoo.com/v8/finance/chart/DECK,2019-01-02,21.57333374023437,424.9690910505507
2026-08-24,Deckers,DECK,92.08000183105467,https://query2.finance.yahoo.com/v8/finance/chart/DECK,2019-01-02,21.57333374023437,426.82323900327475
2026-08-25,Deckers,DECK,88.73999786376953,https://query2.finance.yahoo.com/v8/finance/chart/DECK,2019-01-02,21.57333374023437,411.34114426769844
2026-08-26,Deckers,DECK,89.47000122070312,https://query2.finance.yahoo.com/v8/finance/chart/DECK,2019-01-02,21.57333374023437,414.72496693378986
2026-08-27,Deckers,DECK,86.33000183105469,https://query2.finance.yahoo.com/v8/finance/chart/DECK,2019-01-02,21.57333374023437,400.1699638570409
2026-08-28,Deckers,DECK,87.76000213623047,https://query2.finance.yahoo.com/v8/finance/chart/DECK,2019-01-02,21.57333374023437,406.7985189167015
2026-08-31,Deckers,DECK,87.08000183105469,https://query2.finance.yahoo.com/v8/finance/chart/DECK,2019-01-02,21.57333374023437,403.64647800654967
2026-09-01,Deckers,DECK,84.58000183105469,https://query2.finance.yahoo.com/v8/finance/chart/DECK,2019-01-02,21.57333374023437,392.058097508187
2026-09-02,Deckers,DECK,83.76000213623047,https://query2.finance.yahoo.com/v8/finance/chart/DECK,2019-01-02,21.57333374023437,388.25711011932134
2026-09-03,Deckers,DECK,84.5,https://query2.finance.yahoo.com/v8/finance/chart/DECK,2019-01-02,21.57333374023437,391.68726084465607
2026-09-04,Deckers,DECK,85.80999755859375,https://query2.finance.yahoo.com/v8/finance/chart/DECK,2019-01-02,21.57333374023437,397.75956090902025
2026-09-08,Deckers,DECK,82.5999984741211,https://query2.finance.yahoo.com/v8/finance/chart/DECK,2019-01-02,21.57333374023437,382.88008459291433
2026-09-09,Deckers,DECK,80.2300033569336,https://query2.finance.yahoo.com/v8/finance/chart/DECK,2019-01-02,21.57333374023437,371.89432251402224
2026-09-10,Deckers,DECK,79.87999725341797,https://query2.finance.yahoo.com/v8/finance/chart/DECK,2019-01-02,21.57333374023437,370.2719209523069
2026-09-11,Deckers,DECK,81.2699966430664,https://query2.finance.yahoo.com/v8/finance/chart/DECK,2019-01-02,21.57333374023437,376.71505768020205
2026-09-14,Deckers,DECK,80.54000091552734,https://query2.finance.yahoo.com/v8/finance/chart/DECK,2019-01-02,21.57333374023437,373.33127037904137
2026-09-15,Deckers,DECK,77.51000213623047,https://query2.finance.yahoo.com/v8/finance/chart/DECK,2019-01-02,21.57333374023437,359.2861588734148
2019-01-02,Nike,NKE,65.85995483398438,https://query2.finance.yahoo.com/v8/finance/chart/NKE,2019-01-02,65.85995483398438,100.0
2019-01-03,Nike,NKE,64.69502258300781,https://query2.finance.yahoo.com/v8/finance/chart/NKE,2019-01-02,65.85995483398438,98.23119792002127
2019-01-04,Nike,NKE,66.3846435546875,https://query2.finance.yahoo.com/v8/finance/chart/NKE,2019-01-02,65.85995483398438,100.7966733685526
2019-01-07,Nike,NKE,67.33616638183594,https://query2.finance.yahoo.com/v8/finance/chart/NKE,2019-01-02,65.85995483398438,102.24144026756882
2019-01-08,Nike,NKE,68.2343521118164,https://query2.finance.yahoo.com/v8/finance/chart/NKE,2019-01-02,65.85995483398438,103.60522153988302
2019-01-09,Nike,NKE,68.10982513427734,https://query2.finance.yahoo.com/v8/finance/chart/NKE,2019-01-02,65.85995483398438,103.41614309630837
2019-01-10,Nike,NKE,67.95864868164062,https://query2.finance.yahoo.com/v8/finance/chart/NKE,2019-01-02,65.85995483398438,103.18660080005597
2019-01-11,Nike,NKE,67.6207504272461,https://query2.finance.yahoo.com/v8/finance/chart/NKE,2019-01-02,65.85995483398438,102.67354509686534
2019-01-14,Nike,NKE,67.66519165039062,https://query2.finance.yahoo.com/v8/finance/chart/NKE,2019-01-02,65.85995483398438,102.74102346555927
2019-01-15,Nike,NKE,69.25700378417969,https://query2.finance.yahoo.com/v8/finance/chart/NKE,2019-01-02,65.85995483398438,105.15798858161743
2019-01-16,Nike,NKE,69.07914733886719,https://query2.finance.yahoo.com/v8/finance/chart/NKE,2019-01-02,65.85995483398438,104.88793609561007
2019-01-17,Nike,NKE,70.36860656738281,https://query2.finance.yahoo.com/v8/finance/chart/NKE,2019-01-02,65.85995483398438,106.84581661916344
2019-01-18,Nike,NKE,71.54244232177734,https://query2.finance.yahoo.com/v8/finance/chart/NKE,2019-01-02,65.85995483398438,108.62813754141955
2019-01-22,Nike,NKE,71.8092269897461,https://query2.finance.yahoo.com/v8/finance/chart/NKE,2019-01-02,65.85995483398438,109.0332162704306
2019-01-23,Nike,NKE,71.58692169189453,https://query2.finance.yahoo.com/v8/finance/chart/NKE,2019-01-02,65.85995483398438,108.69567383146
2019-01-24,Nike,NKE,71.53356170654297,https://query2.finance.yahoo.com/v8/finance/chart/NKE,2019-01-02,65.85995483398438,108.61465345195008
2019-01-25,Nike,NKE,71.68473052978516,https://query2.finance.yahoo.com/v8/finance/chart/NKE,2019-01-02,65.85995483398438,108.84418416393316
2019-01-28,Nike,NKE,71.42686462402344,https://query2.finance.yahoo.com/v8/finance/chart/NKE,2019-01-02,65.85995483398438,108.45264744573812
2019-01-29,Nike,NKE,71.33792877197266,https://query2.finance.yahoo.com/v8/finance/chart/NKE,2019-01-02,65.85995483398438,108.31760961846514
2019-01-30,Nike,NKE,72.28054809570312,https://query2.finance.yahoo.com/v8/finance/chart/NKE,2019-01-02,65.85995483398438,109.74885767520396
2019-01-31,Nike,NKE,72.81409454345703,https://query2.finance.yahoo.com/v8/finance/chart/NKE,2019-01-02,65.85995483398438,110.55898038041813
2019-02-01,Nike,NKE,72.4850845336914,https://query2.finance.yahoo.com/v8/finance/chart/NKE,2019-01-02,65.85995483398438,110.05942035096629
2019-02-04,Nike,NKE,72.91192626953125,https://query2.finance.yahoo.com/v8/finance/chart/NKE,2019-01-02,65.85995483398438,110.7075254656992
2019-02-05,Nike,NKE,73.68561553955078,https://query2.finance.yahoo.com/v8/finance/chart/NKE,2019-01-02,65.85995483398438,111.88227463151598
2019-02-06,Nike,NKE,73.5522232055664,https://query2.finance.yahoo.com/v8/finance/chart/NKE,2019-01-02,65.85995483398438,111.67973526701046
2019-02-07,Nike,NKE,73.26766967773438,https://query2.finance.yahoo.com/v8/finance/chart/NKE,2019-01-02,65.85995483398438,111.24767677479115
2019-02-08,Nike,NKE,73.240966796875,https://query2.finance.yahoo.com/v8/finance/chart/NKE,2019-01-02,65.85995483398438,111.20713183222827
2019-02-11,Nike,NKE,74.41483306884766,https://query2.finance.yahoo.com/v8/finance/chart/NKE,2019-01-02,65.85995483398438,112.9894990915616
2019-02-12,Nike,NKE,75.33078002929688,https://query2.finance.yahoo.com/v8/finance/chart/NKE,2019-01-02,65.85995483398438,114.38024854281477
2019-02-13,Nike,NKE,75.94438171386719,https://query2.finance.yahoo.com/v8/finance/chart/NKE,2019-01-02,65.85995483398438,115.31192498583243
2019-02-14,Nike,NKE,75.30408477783203,https://query2.finance.yahoo.com/v8/finance/chart/NKE,2019-01-02,65.85995483398438,114.3397151845212
2019-02-15,Nike,NKE,75.92657470703125,https://query2.finance.yahoo.com/v8/finance/chart/NKE,2019-01-02,65.85995483398438,115.28488730127765
2019-02-19,Nike,NKE,75.20626831054688,https://query2.finance.yahoo.com/v8/finance/chart/NKE,2019-01-02,65.85995483398438,114.19119326777873
2019-02-20,Nike,NKE,75.44638061523438,https://query2.finance.yahoo.com/v8/finance/chart/NKE,2019-01-02,65.85995483398438,114.5557733913041
2019-02-21,Nike,NKE,74.6549301147461,https://query2.finance.yahoo.com/v8/finance/chart/NKE,2019-01-02,65.85995483398438,113.35405604654838
2019-02-22,Nike,NKE,75.3752670288086,https://query2.finance.yahoo.com/v8/finance/chart/NKE,2019-01-02,65.85995483398438,114.44779641712452
2019-02-25,Nike,NKE,75.7398452758789,https://query2.finance.yahoo.com/v8/finance/chart/NKE,2019-01-02,65.85995483398438,115.0013623100701
2019-02-26,Nike,NKE,76.30008697509766,https://query2.finance.yahoo.com/v8/finance/chart/NKE,2019-01-02,65.85995483398438,115.85201837357786
2019-02-27,Nike,NKE,76.6291275024414,https://query2.finance.yahoo.com/v8/finance/chart/NKE,2019-01-02,65.85995483398438,116.35162474010691
2019-02-28,Nike,NKE,76.23783874511719,https://query2.finance.yahoo.com/v8/finance/chart/NKE,2019-01-02,65.85995483398438,115.75750232032914
2019-03-01,Nike,NKE,77.70893859863281,https://query2.finance.yahoo.com/v8/finance/chart/NKE,2019-01-02,65.85995483398438,117.9911811274645
2019-03-04,Nike,NKE,76.3537368774414,https://query2.finance.yahoo.com/v8/finance/chart/NKE,2019-01-02,65.85995483398438,115.93347895532132
2019-03-05,Nike,NKE,76.17544555664062,https://query2.finance.yahoo.com/v8/finance/chart/NKE,2019-01-02,65.85995483398438,115.66276616596366
2019-03-06,Nike,NKE,75.89905548095703,https://query2.finance.yahoo.com/v8/finance/chart/NKE,2019-01-02,65.85995483398438,115.24310284189929
2019-03-07,Nike,NKE,76.01496124267578,https://query2.finance.yahoo.com/v8/finance/chart/NKE,2019-01-02,65.85995483398438,115.41909106116077
2019-03-08,Nike,NKE,75.60482788085938,https://query2.finance.yahoo.com/v8/finance/chart/NKE,2019-01-02,65.85995483398438,114.7963554962029
2019-03-11,Nike,NKE,76.51422882080078,https://query2.finance.yahoo.com/v8/finance/chart/NKE,2019-01-02,65.85995483398438,116.17716564439351
2019-03-12,Nike,NKE,76.16651153564453,https://query2.finance.yahoo.com/v8/finance/chart/NKE,2019-01-02,65.85995483398438,115.64920098660905
2019-03-13,Nike,NKE,76.61231231689453,https://query2.finance.yahoo.com/v8/finance/chart/NKE,2019-01-02,65.85995483398438,116.3260930105616
2019-03-14,Nike,NKE,77.45039367675781,https://query2.finance.yahoo.com/v8/finance/chart/NKE,2019-01-02,65.85995483398438,117.59861340930142
2019-03-15,Nike,NKE,77.38797760009766,https://query2.finance.yahoo.com/v8/finance/chart/NKE,2019-01-02,65.85995483398438,117.50384250212802
2019-03-18,Nike,NKE,78.29737854003906,https://query2.finance.yahoo.com/v8/finance/chart/NKE,2019-01-02,65.85995483398438,118.88465265031864
2019-03-19,Nike,NKE,78.18144989013672,https://query2.finance.yahoo.com/v8/finance/chart/NKE,2019-01-02,65.85995483398438,118.70862967824924
2019-03-20,Nike,NKE,77.28990173339844,https://query2.finance.yahoo.com/v8/finance/chart/NKE,2019-01-02,65.85995483398438,117.35492672022924
2019-03-21,Nike,NKE,78.46676635742188,https://query2.finance.yahoo.com/v8/finance/chart/NKE,2019-01-02,65.85995483398438,119.14184659739891
2019-03-22,Nike,NKE,73.27786254882812,https://query2.finance.yahoo.com/v8/finance/chart/NKE,2019-01-02,65.85995483398438,111.26315335858087
2019-03-25,Nike,NKE,73.4026870727539,https://query2.finance.yahoo.com/v8/finance/chart/NKE,2019-01-02,65.85995483398438,111.45268358865835
2019-03-26,Nike,NKE,74.33880615234375,https://query2.finance.yahoo.com/v8/finance/chart/NKE,2019-01-02,65.85995483398438,112.87406184795044
2019-03-27,Nike,NKE,74.08023834228516,https://query2.finance.yahoo.com/v8/finance/chart/NKE,2019-01-02,65.85995483398438,112.48145937697946
2019-03-28,Nike,NKE,74.92723846435547,https://query2.finance.yahoo.com/v8/finance/chart/NKE,2019-01-02,65.85995483398438,113.76752178653528
2019-03-29,Nike,NKE,75.07881164550781,https://query2.finance.yahoo.com/v8/finance/chart/NKE,2019-01-02,65.85995483398438,113.99766646479146
2019-04-01,Nike,NKE,75.98822784423828,https://query2.finance.yahoo.com/v8/finance/chart/NKE,2019-01-02,65.85995483398438,115.37849978152069
2019-04-02,Nike,NKE,75.2214584350586,https://query2.finance.yahoo.com/v8/finance/chart/NKE,2019-01-02,65.85995483398438,114.21425754796235
2019-04-03,Nike,NKE,75.31061553955078,https://query2.finance.yahoo.com/v8/finance/chart/NKE,2019-01-02,65.85995483398438,114.34963131904514
2019-04-04,Nike,NKE,76.03280639648438,https://query2.finance.yahoo.com/v8/finance/chart/NKE,2019-01-02,65.85995483398438,115.44618666706208
2019-04-05,Nike,NKE,76.1397933959961,https://query2.finance.yahoo.com/v8/finance/chart/NKE,2019-01-02,65.85995483398438,115.60863287550757
2019-04-08,Nike,NKE,75.54244995117188,https://query2.finance.yahoo.com/v8/finance/chart/NKE,2019-01-02,65.85995483398438,114.70164251037603
2019-04-09,Nike,NKE,75.14122009277344,https://query2.finance.yahoo.com/v8/finance/chart/NKE,2019-01-02,65.85995483398438,114.09242578769556
2019-04-10,Nike,NKE,75.67615509033203,https://query2.finance.yahoo.com/v8/finance/chart/NKE,2019-01-02,65.85995483398438,114.904656829923
2019-04-11,Nike,NKE,75.78314208984375,https://query2.finance.yahoo.com/v8/finance/chart/NKE,2019-01-02,65.85995483398438,115.06710303836849
2019-04-12,Nike,NKE,76.8886947631836,https://query2.finance.yahoo.com/v8/finance/chart/NKE,2019-01-02,65.85995483398438,116.74574475035668
2019-04-15,Nike,NKE,77.41472625732422,https://query2.finance.yahoo.com/v8/finance/chart/NKE,2019-01-02,65.85995483398438,117.54445695030672
2019-04-16,Nike,NKE,78.279541015625,https://query2.finance.yahoo.com/v8/finance/chart/NKE,2019-01-02,65.85995483398438,118.85756862868664
2019-04-17,Nike,NKE,79.10871124267578,https://query2.finance.yahoo.com/v8/finance/chart/NKE,2019-01-02,65.85995483398438,120.11655860087976
2019-04-18,Nike,NKE,79.52771759033203,https://query2.finance.yahoo.com/v8/finance/chart/NKE,2019-01-02,65.85995483398438,120.7527666710378
2019-04-22,Nike,NKE,77.88726043701172,https://query2.finance.yahoo.com/v8/finance/chart/NKE,2019-01-02,65.85995483398438,118.26194025389938
2019-04-23,Nike,NKE,77.94966888427734,https://query2.finance.yahoo.com/v8/finance/chart/NKE,2019-01-02,65.85995483398438,118.35669957680348
2019-04-24,Nike,NKE,78.80554962158203,https://query2.finance.yahoo.com/v8/finance/chart/NKE,2019-01-02,65.85995483398438,119.65624607582878
2019-04-25,Nike,NKE,78.06556701660156,https://query2.finance.yahoo.com/v8/finance/chart/NKE,2019-01-02,65.85995483398438,118.53267621179566
2019-04-26,Nike,NKE,78.73423767089844,https://query2.finance.yahoo.com/v8/finance/chart/NKE,2019-01-02,65.85995483398438,119.54796791064729
2019-04-29,Nike,NKE,78.68966674804688,https://query2.finance.yahoo.com/v8/finance/chart/NKE,2019-01-02,65.85995483398438,119.4802926093752
2019-04-30,Nike,NKE,78.3062744140625,https://query2.finance.yahoo.com/v8/finance/chart/NKE,2019-01-02,65.85995483398438,118.89815990832673
2019-05-01,Nike,NKE,76.58557891845703,https://query2.finance.yahoo.com/v8/finance/chart/NKE,2019-01-02,65.85995483398438,116.28550173092152
2019-05-02,Nike,NKE,76.02388763427734,https://query2.finance.yahoo.com/v8/finance/chart/NKE,2019-01-02,65.85995483398438,115.43264465624607
2019-05-03,Nike,NKE,76.40724182128906,https://query2.finance.yahoo.com/v8/finance/chart/NKE,2019-01-02,65.85995483398438,116.01471943594802
2019-05-06,Nike,NKE,74.5082015991211,https://query2.finance.yahoo.com/v8/finance/chart/NKE,2019-01-02,65.85995483398438,113.13126737930003
2019-05-07,Nike,NKE,73.58989715576172,https://query2.finance.yahoo.com/v8/finance/chart/NKE,2019-01-02,65.85995483398438,111.73693838883203
2019-05-08,Nike,NKE,73.79495239257812,https://query2.finance.yahoo.com/v8/finance/chart/NKE,2019-01-02,65.85995483398438,112.048288794907
2019-05-09,Nike,NKE,73.98220825195312,https://query2.finance.yahoo.com/v8/finance/chart/NKE,2019-01-02,65.85995483398438,112.33261310069649
2019-05-10,Nike,NKE,74.84696960449219,https://query2.finance.yahoo.com/v8/finance/chart/NKE,2019-01-02,65.85995483398438,113.64564368919127
2019-05-13,Nike,NKE,73.58097839355469,https://query2.finance.yahoo.com/v8/finance/chart/NKE,2019-01-02,65.85995483398438,111.72339637801602
2019-05-14,Nike,NKE,74.59736633300781,https://query2.finance.yahoo.com/v8/finance/chart/NKE,2019-01-02,65.85995483398438,113.26665273465211
2019-05-15,Nike,NKE,74.90049743652344,https://query2.finance.yahoo.com/v8/finance/chart/NKE,2019-01-02,65.85995483398438,113.72691892262588
2019-05-16,Nike,NKE,75.14122009277344,https://query2.finance.yahoo.com/v8/finance/chart/NKE,2019-01-02,65.85995483398438,114.09242578769556
2019-05-17,Nike,NKE,75.39977264404297,https://query2.finance.yahoo.com/v8/finance/chart/NKE,2019-01-02,65.85995483398438,114.48500509012793
2019-05-20,Nike,NKE,73.8663101196289,https://query2.finance.yahoo.com/v8/finance/chart/NKE,2019-01-02,65.85995483398438,112.15663646570431
2019-05-21,Nike,NKE,74.57058715820312,https://query2.finance.yahoo.com/v8/finance/chart/NKE,2019-01-02,65.85995483398438,113.2259919493962
2019-05-22,Nike,NKE,74.17835235595703,https://query2.finance.yahoo.com/v8/finance/chart/NKE,2019-01-02,65.85995483398438,112.63043308022478
2019-05-23,Nike,NKE,73.67904663085938,https://query2.finance.yahoo.com/v8/finance/chart/NKE,2019-01-02,65.85995483398438,111.87230057564551
2019-05-24,Nike,NKE,73.2510986328125,https://query2.finance.yahoo.com/v8/finance/chart/NKE,2019-01-02,65.85995483398438,111.22251574186356
2019-05-28,Nike,NKE,72.39521789550781,https://query2.finance.yahoo.com/v8/finance/chart/NKE,2019-01-02,65.85995483398438,109.92296924283826
2019-05-29,Nike,NKE,70.31784057617188,https://query2.finance.yahoo.com/v8/finance/chart/NKE,2019-01-02,65.85995483398438,106.76873489121677
2019-05-30,Nike,NKE,70.66557312011719,https://query2.finance.yahoo.com/v8/finance/chart/NKE,2019-01-02,65.85995483398438,107.29672271753984
2019-05-31,Nike,NKE,68.96684265136719,https://query2.finance.yahoo.com/v8/finance/chart/NKE,2019-01-02,65.85995483398438,104.71741565145992
2019-06-03,Nike,NKE,69.69996643066406,https://query2.finance.yahoo.com/v8/finance/chart/NKE,2019-01-02,65.85995483398438,105.83057125738902
2019-06-04,Nike,NKE,72.97219848632812,https://query2.finance.yahoo.com/v8/finance/chart/NKE,2019-01-02,65.85995483398438,110.79904119319828
2019-06-05,Nike,NKE,73.95565032958984,https://query2.finance.yahoo.com/v8/finance/chart/NKE,2019-01-02,65.85995483398438,112.29228825925038
2019-06-06,Nike,NKE,73.71426391601562,https://query2.finance.yahoo.com/v8/finance/chart/NKE,2019-01-02,65.85995483398438,111.92577356275129
2019-06-07,Nike,NKE,74.57254028320312,https://query2.finance.yahoo.com/v8/finance/chart/NKE,2019-01-02,65.85995483398438,113.22895752233795
2019-06-10,Nike,NKE,73.83047485351562,https://query2.finance.yahoo.com/v8/finance/chart/NKE,2019-01-02,65.85995483398438,112.10222515278492
2019-06-11,Nike,NKE,74.43844604492188,https://query2.finance.yahoo.com/v8/finance/chart/NKE,2019-01-02,65.85995483398438,113.02535240505648
2019-06-12,Nike,NKE,73.87518310546875,https://query2.finance.yahoo.com/v8/finance/chart/NKE,2019-01-02,65.85995483398438,112.17010897090448
2019-06-13,Nike,NKE,74.75135040283203,https://query2.finance.yahoo.com/v8/finance/chart/NKE,2019-01-02,65.85995483398438,113.50045804200826
2019-06-14,Nike,NKE,74.59937286376953,https://query2.finance.yahoo.com/v8/finance/chart/NKE,2019-01-02,65.85995483398438,113.26969939747899
2019-06-17,Nike,NKE,73.41027069091797,https://query2.finance.yahoo.com/v8/finance/chart/NKE,2019-01-02,65.85995483398438,111.4641983523462
2019-06-18,Nike,NKE,75.36823272705078,https://query2.finance.yahoo.com/v8/finance/chart/NKE,2019-01-02,65.85995483398438,114.43711572082653
2019-06-19,Nike,NKE,74.69771575927734,https://query2.finance.yahoo.com/v8/finance/chart/NKE,2019-01-02,65.85995483398438,113.41902062880341
2019-06-20,Nike,NKE,76.20865631103516,https://query2.finance.yahoo.com/v8/finance/chart/NKE,2019-01-02,65.85995483398438,115.71319249024258
2019-06-21,Nike,NKE,76.66463470458984,https://query2.finance.yahoo.com/v8/finance/chart/NKE,2019-01-02,65.85995483398438,116.40553792944624
2019-06-24,Nike,NKE,75.54706573486328,https://query2.finance.yahoo.com/v8/finance/chart/NKE,2019-01-02,65.85995483398438,114.70865099330476
2019-06-25,Nike,NKE,73.86626434326172,https://query2.finance.yahoo.com/v8/finance/chart/NKE,2019-01-02,65.85995483398438,112.15656696008848
2019-06-26,Nike,NKE,73.80364990234375,https://query2.finance.yahoo.com/v8/finance/chart/NKE,2019-01-02,65.85995483398438,112.06149486191319
2019-06-27,Nike,NKE,74.79605102539062,https://query2.finance.yahoo.com/v8/finance/chart/NKE,2019-01-02,65.85995483398438,113.56833027585853
2019-06-28,Nike,NKE,75.05533599853516,https://query2.finance.yahoo.com/v8/finance/chart/NKE,2019-01-02,65.85995483398438,113.96202166814405
2019-07-01,Nike,NKE,76.36062622070312,https://query2.finance.yahoo.com/v8/finance/chart/NKE,2019-01-02,65.85995483398438,115.94393955050255
2019-07-02,Nike,NKE,75.95831298828125,https://query2.finance.yahoo.com/v8/finance/chart/NKE,2019-01-02,65.85995483398438,115.33307786158096
2019-07-03,Nike,NKE,77.06695556640625,https://query2.finance.yahoo.com/v8/finance/chart/NKE,2019-01-02,65.85995483398438,117.01641120263713
2019-07-05,Nike,NKE,77.62124633789062,https://query2.finance.yahoo.com/v8/finance/chart/NKE,2019-01-02,65.85995483398438,117.858031536088
2019-07-08,Nike,NKE,79.10540008544922,https://query2.finance.yahoo.com/v8/finance/chart/NKE,2019-01-02,65.85995483398438,120.11153102800196
2019-07-09,Nike,NKE,78.71199035644531,https://query2.finance.yahoo.com/v8/finance/chart/NKE,2019-01-02,65.85995483398438,119.51418818135775
2019-07-10,Nike,NKE,78.17557525634766,https://query2.finance.yahoo.com/v8/finance/chart/NKE,2019-01-02,65.85995483398438,118.69970979088541
2019-07-11,Nike,NKE,78.93549346923828,https://query2.finance.yahoo.com/v8/finance/chart/NKE,2019-01-02,65.85995483398438,119.85354935060903
2019-07-12,Nike,NKE,79.67757415771484,https://query2.finance.yahoo.com/v8/finance/chart/NKE,2019-01-02,65.85995483398438,120.98030488870066
2019-07-15,Nike,NKE,79.99940490722656,https://query2.finance.yahoo.com/v8/finance/chart/NKE,2019-01-02,65.85995483398438,121.46896412073774
2019-07-16,Nike,NKE,79.2126693725586,https://query2.finance.yahoo.com/v8/finance/chart/NKE,2019-01-02,65.85995483398438,120.27440585441168
2019-07-17,Nike,NKE,78.22921752929688,https://query2.finance.yahoo.com/v8/finance/chart/NKE,2019-01-02,65.85995483398438,118.78115878835958
2019-07-18,Nike,NKE,78.17557525634766,https://query2.finance.yahoo.com/v8/finance/chart/NKE,2019-01-02,65.85995483398438,118.69970979088541
2019-07-19,Nike,NKE,77.3798599243164,https://query2.finance.yahoo.com/v8/finance/chart/NKE,2019-01-02,65.85995483398438,117.49151683958891
2019-07-22,Nike,NKE,76.86132049560547,https://query2.finance.yahoo.com/v8/finance/chart/NKE,2019-01-02,65.85995483398438,116.70418039209508
2019-07-23,Nike,NKE,77.51397705078125,https://query2.finance.yahoo.com/v8/finance/chart/NKE,2019-01-02,65.85995483398438,117.69515670967829
2019-07-24,Nike,NKE,77.51397705078125,https://query2.finance.yahoo.com/v8/finance/chart/NKE,2019-01-02,65.85995483398438,117.69515670967829
2019-07-25,Nike,NKE,78.03250885009766,https://query2.finance.yahoo.com/v8/finance/chart/NKE,2019-01-02,65.85995483398438,118.48248157290281
2019-07-26,Nike,NKE,78.26496887207031,https://query2.finance.yahoo.com/v8/finance/chart/NKE,2019-01-02,65.85995483398438,118.83544267431661
2019-07-29,Nike,NKE,78.33649444580078,https://query2.finance.yahoo.com/v8/finance/chart/NKE,2019-01-02,65.85995483398438,118.9440451990386
2019-07-30,Nike,NKE,77.96099090576172,https://query2.finance.yahoo.com/v8/finance/chart/NKE,2019-01-02,65.85995483398438,118.37389063245013
2019-07-31,Nike,NKE,76.91496276855469,https://query2.finance.yahoo.com/v8/finance/chart/NKE,2019-01-02,65.85995483398438,116.78562938956925
2019-08-01,Nike,NKE,74.31327056884766,https://query2.finance.yahoo.com/v8/finance/chart/NKE,2019-01-02,65.85995483398438,112.83528929859102
2019-08-02,Nike,NKE,72.54304504394531,https://query2.finance.yahoo.com/v8/finance/chart/NKE,2019-01-02,65.85995483398438,110.14742604486634
2019-08-05,Nike,NKE,70.60296630859375,https://query2.finance.yahoo.com/v8/finance/chart/NKE,2019-01-02,65.85995483398438,107.20166220363384
2019-08-06,Nike,NKE,72.68611145019531,https://query2.finance.yahoo.com/v8/finance/chart/NKE,2019-01-02,65.85995483398438,110.36465426284893
2019-08-07,Nike,NKE,72.66820526123047,https://query2.finance.yahoo.com/v8/finance/chart/NKE,2019-01-02,65.85995483398438,110.33746598279319
2019-08-08,Nike,NKE,74.20596313476562,https://query2.finance.yahoo.com/v8/finance/chart/NKE,2019-01-02,65.85995483398438,112.67235655083479
2019-08-09,Nike,NKE,73.2940673828125,https://query2.finance.yahoo.com/v8/finance/chart/NKE,2019-01-02,65.85995483398438,111.28775834658188
2019-08-12,Nike,NKE,72.99901580810547,https://query2.finance.yahoo.com/v8/finance/chart/NKE,2019-01-02,65.85995483398438,110.83975989980071
2019-08-13,Nike,NKE,74.49208068847656,https://query2.finance.yahoo.com/v8/finance/chart/NKE,2019-01-02,65.85995483398438,113.10678981826135
2019-08-14,Nike,NKE,72.44471740722656,https://query2.finance.yahoo.com/v8/finance/chart/NKE,2019-01-02,65.85995483398438,109.99812798208052
2019-08-15,Nike,NKE,71.08576965332031,https://query2.finance.yahoo.com/v8/finance/chart/NKE,2019-01-02,65.85995483398438,107.93473793370926
2019-08-16,Nike,NKE,71.77418518066406,https://query2.finance.yahoo.com/v8/finance/chart/NKE,2019-01-02,65.85995483398438,108.9800097215188
2019-08-19,Nike,NKE,72.53409576416016,https://query2.finance.yahoo.com/v8/finance/chart/NKE,2019-01-02,65.85995483398438,110.13383769697312
2019-08-20,Nike,NKE,71.99767303466797,https://query2.finance.yahoo.com/v8/finance/chart/NKE,2019-01-02,65.85995483398438,109.31934772223147
2019-08-21,Nike,NKE,73.9735336303711,https://query2.finance.yahoo.com/v8/finance/chart/NKE,2019-01-02,65.85995483398438,112.3194417864982
2019-08-22,Nike,NKE,74.48314666748047,https://query2.finance.yahoo.com/v8/finance/chart/NKE,2019-01-02,65.85995483398438,113.09322463890675
2019-08-23,Nike,NKE,71.91722106933594,https://query2.finance.yahoo.com/v8/finance/chart/NKE,2019-01-02,65.85995483398438,109.19719160242417
2019-08-26,Nike,NKE,73.53543853759766,https://query2.finance.yahoo.com/v8/finance/chart/NKE,2019-01-02,65.85995483398438,111.65424987454236
2019-08-27,Nike,NKE,73.33877563476562,https://query2.finance.yahoo.com/v8/finance/chart/NKE,2019-01-02,65.85995483398438,111.35564216470144
2019-08-28,Nike,NKE,74.6351318359375,https://query2.finance.yahoo.com/v8/finance/chart/NKE,2019-01-02,65.85995483398438,113.32399486770532
2019-08-29,Nike,NKE,76.33383178710938,https://query2.finance.yahoo.com/v8/finance/chart/NKE,2019-01-02,65.85995483398438,115.90325559670804
2019-08-30,Nike,NKE,75.74224090576172,https://query2.finance.yahoo.com/v8/finance/chart/NKE,2019-01-02,65.85995483398438,115.00499977063147
2019-09-03,Nike,NKE,75.89460754394531,https://query2.finance.yahoo.com/v8/finance/chart/NKE,2019-01-02,65.85995483398438,115.23634921289523
2019-09-04,Nike,NKE,77.40048217773438,https://query2.finance.yahoo.com/v8/finance/chart/NKE,2019-01-02,65.85995483398438,117.52282911951676
2019-09-05,Nike,NKE,79.25594329833984,https://query2.finance.yahoo.com/v8/finance/chart/NKE,2019-01-02,65.85995483398438,120.34011182990216
2019-09-06,Nike,NKE,79.49796295166016,https://query2.finance.yahoo.com/v8/finance/chart/NKE,2019-01-02,65.85995483398438,120.70758802075345
2019-09-09,Nike,NKE,79.48004150390625,https://query2.finance.yahoo.com/v8/finance/chart/NKE,2019-01-02,65.85995483398438,120.6803765721591
2019-09-10,Nike,NKE,77.83074951171875,https://query2.finance.yahoo.com/v8/finance/chart/NKE,2019-01-02,65.85995483398438,118.17613557116704
2019-09-11,Nike,NKE,77.759033203125,https://query2.finance.yahoo.com/v8/finance/chart/NKE,2019-01-02,65.85995483398438,118.06724343971246
2019-09-12,Nike,NKE,78.58367919921875,https://query2.finance.yahoo.com/v8/finance/chart/NKE,2019-01-02,65.85995483398438,119.31936394020849
2019-09-13,Nike,NKE,78.26994323730469,https://query2.finance.yahoo.com/v8/finance/chart/NKE,2019-01-02,65.85995483398438,118.8429956179026
2019-09-16,Nike,NKE,78.2251205444336,https://query2.finance.yahoo.com/v8/finance/chart/NKE,2019-01-02,65.85995483398438,118.77493803574349
2019-09-17,Nike,NKE,78.511962890625,https://query2.finance.yahoo.com/v8/finance/chart/NKE,2019-01-02,65.85995483398438,119.21047180875391
2019-09-18,Nike,NKE,78.95117950439453,https://query2.finance.yahoo.com/v8/finance/chart/NKE,2019-01-02,65.85995483398438,119.8773666082974
2019-09-19,Nike,NKE,78.6105728149414,https://query2.finance.yahoo.com/v8/finance/chart/NKE,2019-01-02,65.85995483398438,119.36019848950396
2019-09-20,Nike,NKE,77.69627380371094,https://query2.finance.yahoo.com/v8/finance/chart/NKE,2019-01-02,65.85995483398438,117.9719512404204
2019-09-23,Nike,NKE,78.60160064697266,https://query2.finance.yahoo.com/v8/finance/chart/NKE,2019-01-02,65.85995483398438,119.34657538880283
2019-09-24,Nike,NKE,78.14447784423828,https://query2.finance.yahoo.com/v8/finance/chart/NKE,2019-01-02,65.85995483398438,118.65249230920361
2019-09-25,Nike,NKE,81.39825439453125,https://query2.finance.yahoo.com/v8/finance/chart/NKE,2019-01-02,65.85995483398438,123.59293989756726
2019-09-26,Nike,NKE,82.6172866821289,https://query2.finance.yahoo.com/v8/finance/chart/NKE,2019-01-02,65.85995483398438,125.44388603117837
2019-09-27,Nike,NKE,82.74276733398438,https://query2.finance.yahoo.com/v8/finance/chart/NKE,2019-01-02,65.85995483398438,125.63441250841598
2019-09-30,Nike,NKE,84.18589782714844,https://query2.finance.yahoo.com/v8/finance/chart/NKE,2019-01-02,65.85995483398438,127.82562338428404
2019-10-01,Nike,NKE,82.71589660644531,https://query2.finance.yahoo.com/v8/finance/chart/NKE,2019-01-02,65.85995483398438,125.59361271192842
2019-10-02,Nike,NKE,82.00775909423828,https://query2.finance.yahoo.com/v8/finance/chart/NKE,2019-01-02,65.85995483398438,124.51839558796885
2019-10-03,Nike,NKE,82.66211700439453,https://query2.finance.yahoo.com/v8/finance/chart/NKE,2019-01-02,65.85995483398438,125.51195519760678
2019-10-04,Nike,NKE,83.42401885986328,https://query2.finance.yahoo.com/v8/finance/chart/NKE,2019-01-02,65.85995483398438,126.66880666734937
2019-10-07,Nike,NKE,83.51364135742188,https://query2.finance.yahoo.com/v8/finance/chart/NKE,2019-01-02,65.85995483398438,126.80488707885968
2019-10-08,Nike,NKE,82.24081420898438,https://query2.finance.yahoo.com/v8/finance/chart/NKE,2019-01-02,65.85995483398438,124.87226026238834
2019-10-09,Nike,NKE,82.93101501464844,https://query2.finance.yahoo.com/v8/finance/chart/NKE,2019-01-02,65.85995483398438,125.92024276921494
2019-10-10,Nike,NKE,83.36126708984375,https://query2.finance.yahoo.com/v8/finance/chart/NKE,2019-01-02,65.85995483398438,126.57352605232661
2019-10-11,Nike,NKE,84.1500473022461,https://query2.finance.yahoo.com/v8/finance/chart/NKE,2019-01-02,65.85995483398438,127.77118890282605
2019-10-14,Nike,NKE,85.04640197753906,https://query2.finance.yahoo.com/v8/finance/chart/NKE,2019-01-02,65.85995483398438,129.13218995050738
2019-10-15,Nike,NKE,84.96575927734375,https://query2.finance.yahoo.com/v8/finance/chart/NKE,2019-01-02,65.85995483398438,129.0097442239675
2019-10-16,Nike,NKE,85.04640197753906,https://query2.finance.yahoo.com/v8/finance/chart/NKE,2019-01-02,65.85995483398438,129.13218995050738
2019-10-17,Nike,NKE,85.65594482421875,https://query2.finance.yahoo.com/v8/finance/chart/NKE,2019-01-02,65.85995483398438,130.05770356225548
2019-10-18,Nike,NKE,86.13998413085938,https://query2.finance.yahoo.com/v8/finance/chart/NKE,2019-01-02,65.85995483398438,130.7926559439581
2019-10-21,Nike,NKE,86.24755096435547,https://query2.finance.yahoo.com/v8/finance/chart/NKE,2019-01-02,65.85995483398438,130.95598255687065
2019-10-22,Nike,NKE,85.6917953491211,https://query2.finance.yahoo.com/v8/finance/chart/NKE,2019-01-02,65.85995483398438,130.1121380437135
2019-10-23,Nike,NKE,82.7517318725586,https://query2.finance.yahoo.com/v8/finance/chart/NKE,2019-01-02,65.85995483398438,125.6480240248478
2019-10-24,Nike,NKE,82.01673889160156,https://query2.finance.yahoo.com/v8/finance/chart/NKE,2019-01-02,65.85995483398438,124.53203027293928
2019-10-25,Nike,NKE,81.49684143066406,https://query2.finance.yahoo.com/v8/finance/chart/NKE,2019-01-02,65.85995483398438,123.74263182550939
2019-10-28,Nike,NKE,81.43409729003906,https://query2.finance.yahoo.com/v8/finance/chart/NKE,2019-01-02,65.85995483398438,123.64736279475594
2019-10-29,Nike,NKE,80.02682495117188,https://query2.finance.yahoo.com/v8/finance/chart/NKE,2019-01-02,65.85995483398438,121.51059798461516
2019-10-30,Nike,NKE,80.84249114990234,https://query2.finance.yahoo.com/v8/finance/chart/NKE,2019-01-02,65.85995483398438,122.74908380014077
2019-10-31,Nike,NKE,80.26881408691406,https://query2.finance.yahoo.com/v8/finance/chart/NKE,2019-01-02,65.85995483398438,121.87802783838924
2019-11-01,Nike,NKE,79.93719482421875,https://query2.finance.yahoo.com/v8/finance/chart/NKE,2019-01-02,65.85995483398438,121.37450598883555
2019-11-04,Nike,NKE,80.54669189453125,https://query2.finance.yahoo.com/v8/finance/chart/NKE,2019-01-02,65.85995483398438,122.29995009496784
2019-11-05,Nike,NKE,80.56461334228516,https://query2.finance.yahoo.com/v8/finance/chart/NKE,2019-01-02,65.85995483398438,122.32716154356218
2019-11-06,Nike,NKE,80.2060775756836,https://query2.finance.yahoo.com/v8/finance/chart/NKE,2019-01-02,65.85995483398438,121.7827703919051
2019-11-07,Nike,NKE,81.0307388305664,https://query2.finance.yahoo.com/v8/finance/chart/NKE,2019-01-02,65.85995483398438,123.03491406093974
2019-11-08,Nike,NKE,80.50189208984375,https://query2.finance.yahoo.com/v8/finance/chart/NKE,2019-01-02,65.85995483398438,122.23192726561663
2019-11-11,Nike,NKE,80.7170181274414,https://query2.finance.yahoo.com/v8/finance/chart/NKE,2019-01-02,65.85995483398438,122.55856890717247
2019-11-12,Nike,NKE,80.22400665283203,https://query2.finance.yahoo.com/v8/finance/chart/NKE,2019-01-02,65.85995483398438,121.80999342476875
2019-11-13,Nike,NKE,81.82847595214844,https://query2.finance.yahoo.com/v8/finance/chart/NKE,2019-01-02,65.85995483398438,124.2461768436017
2019-11-14,Nike,NKE,81.81058502197266,https://query2.finance.yahoo.com/v8/finance/chart/NKE,2019-01-02,65.85995483398438,124.21901173208458
2019-11-15,Nike,NKE,83.3971176147461,https://query2.finance.yahoo.com/v8/finance/chart/NKE,2019-01-02,65.85995483398438,126.62796053378459
2019-11-18,Nike,NKE,84.41898345947266,https://query2.finance.yahoo.com/v8/finance/chart/NKE,2019-01-02,65.85995483398438,128.17953439578073
2019-11-19,Nike,NKE,83.9080581665039,https://query2.finance.yahoo.com/v8/finance/chart/NKE,2019-01-02,65.85995483398438,127.40375904905197
2019-11-20,Nike,NKE,83.40606689453125,https://query2.finance.yahoo.com/v8/finance/chart/NKE,2019-01-02,65.85995483398438,126.6415488816778
2019-11-21,Nike,NKE,82.60832214355469,https://query2.finance.yahoo.com/v8/finance/chart/NKE,2019-01-02,65.85995483398438,125.43027451474654
2019-11-22,Nike,NKE,83.66602325439453,https://query2.finance.yahoo.com/v8/finance/chart/NKE,2019-01-02,65.85995483398438,127.03625968966206
2019-11-25,Nike,NKE,83.27162170410156,https://query2.finance.yahoo.com/v8/finance/chart/NKE,2019-01-02,65.85995483398438,126.43741088800839
2019-11-26,Nike,NKE,83.65706634521484,https://query2.finance.yahoo.com/v8/finance/chart/NKE,2019-01-02,65.85995483398438,127.02265975749954
2019-11-27,Nike,NKE,84.38313293457031,https://query2.finance.yahoo.com/v8/finance/chart/NKE,2019-01-02,65.85995483398438,128.12509991432273
2019-11-29,Nike,NKE,84.01914978027344,https://query2.finance.yahoo.com/v8/finance/chart/NKE,2019-01-02,65.85995483398438,127.57243759438283
2019-12-02,Nike,NKE,84.08204650878906,https://query2.finance.yahoo.com/v8/finance/chart/NKE,2019-01-02,65.85995483398438,127.66793831052236
2019-12-03,Nike,NKE,83.0934829711914,https://query2.finance.yahoo.com/v8/finance/chart/NKE,2019-01-02,65.85995483398438,126.16692978403678
2019-12-04,Nike,NKE,84.2258529663086,https://query2.finance.yahoo.com/v8/finance/chart/NKE,2019-01-02,65.85995483398438,127.8862902026274
2019-12-05,Nike,NKE,86.08615112304688,https://query2.finance.yahoo.com/v8/finance/chart/NKE,2019-01-02,65.85995483398438,130.71091733975132
2019-12-06,Nike,NKE,87.173583984375,https://query2.finance.yahoo.com/v8/finance/chart/NKE,2019-01-02,65.85995483398438,132.3620464121433
2019-12-09,Nike,NKE,86.84105682373047,https://query2.finance.yahoo.com/v8/finance/chart/NKE,2019-01-02,65.85995483398438,131.85714603454244
2019-12-10,Nike,NKE,87.18255615234375,https://query2.finance.yahoo.com/v8/finance/chart/NKE,2019-01-02,65.85995483398438,132.3756695128444
2019-12-11,Nike,NKE,87.3353500366211,https://query2.finance.yahoo.com/v8/finance/chart/NKE,2019-01-02,65.85995483398438,132.60766767418917
2019-12-12,Nike,NKE,87.82063293457031,https://query2.finance.yahoo.com/v8/finance/chart/NKE,2019-01-02,65.85995483398438,133.3445082917883
2019-12-13,Nike,NKE,87.86556243896484,https://query2.finance.yahoo.com/v8/finance/chart/NKE,2019-01-02,65.85995483398438,133.41272805371764
2019-12-16,Nike,NKE,88.80023193359375,https://query2.finance.yahoo.com/v8/finance/chart/NKE,2019-01-02,65.85995483398438,134.83190530184203
2019-12-17,Nike,NKE,89.55509948730469,https://query2.finance.yahoo.com/v8/finance/chart/NKE,2019-01-02,65.85995483398438,135.97807607528662
2019-12-18,Nike,NKE,90.38192749023438,https://query2.finance.yahoo.com/v8/finance/chart/NKE,2019-01-02,65.85995483398438,137.23350967680352
2019-12-19,Nike,NKE,90.90316009521484,https://query2.finance.yahoo.com/v8/finance/chart/NKE,2019-01-02,65.85995483398438,138.02493537136155
2019-12-20,Nike,NKE,89.83370208740234,https://query2.finance.yahoo.com/v8/finance/chart/NKE,2019-01-02,65.85995483398438,136.40109883744907
2019-12-23,Nike,NKE,89.9056167602539,https://query2.finance.yahoo.com/v8/finance/chart/NKE,2019-01-02,65.85995483398438,136.51029215990556
2019-12-24,Nike,NKE,89.9954833984375,https://query2.finance.yahoo.com/v8/finance/chart/NKE,2019-01-02,65.85995483398438,136.6467432680336
2019-12-26,Nike,NKE,90.50773620605467,https://query2.finance.yahoo.com/v8/finance/chart/NKE,2019-01-02,65.85995483398438,137.42453427762115
2019-12-27,Nike,NKE,91.28060913085938,https://query2.finance.yahoo.com/v8/finance/chart/NKE,2019-01-02,65.85995483398438,138.59804392662247
2019-12-30,Nike,NKE,90.58860778808594,https://query2.finance.yahoo.com/v8/finance/chart/NKE,2019-01-02,65.85995483398438,137.5473275322402
2019-12-31,Nike,NKE,91.04695129394533,https://query2.finance.yahoo.com/v8/finance/chart/NKE,2019-01-02,65.85995483398438,138.243264094928
2020-01-02,Nike,NKE,91.84679412841795,https://query2.finance.yahoo.com/v8/finance/chart/NKE,2019-01-02,65.85995483398438,139.45772413591774
2020-01-03,Nike,NKE,91.59514617919922,https://query2.finance.yahoo.com/v8/finance/chart/NKE,2019-01-02,65.85995483398438,139.07562859720522
2020-01-06,Nike,NKE,91.5142822265625,https://query2.finance.yahoo.com/v8/finance/chart/NKE,2019-01-02,65.85995483398438,138.95284692685553
2020-01-07,Nike,NKE,91.46932983398438,https://query2.finance.yahoo.com/v8/finance/chart/NKE,2019-01-02,65.85995483398438,138.88459241211825
2020-01-08,Nike,NKE,91.2626495361328,https://query2.finance.yahoo.com/v8/finance/chart/NKE,2019-01-02,65.85995483398438,138.57077455668158
2020-01-09,Nike,NKE,91.1997299194336,https://query2.finance.yahoo.com/v8/finance/chart/NKE,2019-01-02,65.85995483398438,138.47523908773417
2020-01-10,Nike,NKE,90.678466796875,https://query2.finance.yahoo.com/v8/finance/chart/NKE,2019-01-02,65.85995483398438,137.6837670560989
2020-01-13,Nike,NKE,91.81084442138672,https://query2.finance.yahoo.com/v8/finance/chart/NKE,2019-01-02,65.85995483398438,139.40313905895883
2020-01-14,Nike,NKE,92.4938507080078,https://query2.finance.yahoo.com/v8/finance/chart/NKE,2019-01-02,65.85995483398438,140.44019759983206
2020-01-15,Nike,NKE,92.37701416015624,https://query2.finance.yahoo.com/v8/finance/chart/NKE,2019-01-02,65.85995483398438,140.2627960997155
2020-01-16,Nike,NKE,92.89828491210938,https://query2.finance.yahoo.com/v8/finance/chart/NKE,2019-01-02,65.85995483398438,141.05427971562008
2020-01-17,Nike,NKE,93.94075775146484,https://query2.finance.yahoo.com/v8/finance/chart/NKE,2019-01-02,65.85995483398438,142.63714268900546
2020-01-21,Nike,NKE,93.9856948852539,https://query2.finance.yahoo.com/v8/finance/chart/NKE,2019-01-02,65.85995483398438,142.70537403520413
2020-01-22,Nike,NKE,93.90479278564452,https://query2.finance.yahoo.com/v8/finance/chart/NKE,2019-01-02,65.85995483398438,142.58253444350788
2020-01-23,Nike,NKE,92.5837173461914,https://query2.finance.yahoo.com/v8/finance/chart/NKE,2019-01-02,65.85995483398438,140.57664870796012
2020-01-24,Nike,NKE,91.69400787353516,https://query2.finance.yahoo.com/v8/finance/chart/NKE,2019-01-02,65.85995483398438,139.2257375588423
2020-01-27,Nike,NKE,90.08536529541016,https://query2.finance.yahoo.com/v8/finance/chart/NKE,2019-01-02,65.85995483398438,136.78321754470022
2020-01-28,Nike,NKE,90.2381362915039,https://query2.finance.yahoo.com/v8/finance/chart/NKE,2019-01-02,65.85995483398438,137.0151809532371
2020-01-29,Nike,NKE,89.72586822509766,https://query2.finance.yahoo.com/v8/finance/chart/NKE,2019-01-02,65.85995483398438,136.23736677511087
2020-01-30,Nike,NKE,88.24302673339844,https://query2.finance.yahoo.com/v8/finance/chart/NKE,2019-01-02,65.85995483398438,133.98585977751716
2020-01-31,Nike,NKE,86.54447937011719,https://query2.finance.yahoo.com/v8/finance/chart/NKE,2019-01-02,65.85995483398438,131.40683073390053
2020-02-03,Nike,NKE,89.21360778808594,https://query2.finance.yahoo.com/v8/finance/chart/NKE,2019-01-02,65.85995483398438,135.45956418125397
2020-02-04,Nike,NKE,91.10986328125,https://query2.finance.yahoo.com/v8/finance/chart/NKE,2019-01-02,65.85995483398438,138.33878797960614
2020-02-05,Nike,NKE,90.35494995117188,https://query2.finance.yahoo.com/v8/finance/chart/NKE,2019-01-02,65.85995483398438,137.1925477005457
2020-02-06,Nike,NKE,90.11229705810548,https://query2.finance.yahoo.com/v8/finance/chart/NKE,2019-01-02,65.85995483398438,136.82411001534223
2020-02-07,Nike,NKE,89.36640167236328,https://query2.finance.yahoo.com/v8/finance/chart/NKE,2019-01-02,65.85995483398438,135.69156234259873
2020-02-10,Nike,NKE,89.88763427734375,https://query2.finance.yahoo.com/v8/finance/chart/NKE,2019-01-02,65.85995483398438,136.4829880371568
2020-02-11,Nike,NKE,89.88763427734375,https://query2.finance.yahoo.com/v8/finance/chart/NKE,2019-01-02,65.85995483398438,136.4829880371568
2020-02-12,Nike,NKE,92.56572723388672,https://query2.finance.yahoo.com/v8/finance/chart/NKE,2019-01-02,65.85995483398438,140.54933300094203
2020-02-13,Nike,NKE,92.89828491210938,https://query2.finance.yahoo.com/v8/finance/chart/NKE,2019-01-02,65.85995483398438,141.05427971562008
2020-02-14,Nike,NKE,93.05104064941406,https://query2.finance.yahoo.com/v8/finance/chart/NKE,2019-01-02,65.85995483398438,141.28621995561835
2020-02-18,Nike,NKE,91.6670379638672,https://query2.finance.yahoo.com/v8/finance/chart/NKE,2019-01-02,65.85995483398438,139.18478716685382
2020-02-19,Nike,NKE,92.08045196533205,https://query2.finance.yahoo.com/v8/finance/chart/NKE,2019-01-02,65.85995483398438,139.81250396761226
2020-02-20,Nike,NKE,92.1433563232422,https://query2.finance.yahoo.com/v8/finance/chart/NKE,2019-01-02,65.85995483398438,139.9080162680211
2020-02-21,Nike,NKE,90.0943374633789,https://query2.finance.yahoo.com/v8/finance/chart/NKE,2019-01-02,65.85995483398438,136.79684064540135
2020-02-24,Nike,NKE,86.19400024414062,https://query2.finance.yahoo.com/v8/finance/chart/NKE,2019-01-02,65.85995483398438,130.87467257062812
2020-02-25,Nike,NKE,83.48892211914062,https://query2.finance.yahoo.com/v8/finance/chart/NKE,2019-01-02,65.85995483398438,126.76735404631576
2020-02-26,Nike,NKE,82.68009185791016,https://query2.finance.yahoo.com/v8/finance/chart/NKE,2019-01-02,65.85995483398438,125.53924773608625
2020-02-27,Nike,NKE,79.57957458496094,https://query2.finance.yahoo.com/v8/finance/chart/NKE,2019-01-02,65.85995483398438,120.8315049494949
2020-02-28,Nike,NKE,80.5483627319336,https://query2.finance.yahoo.com/v8/finance/chart/NKE,2019-01-02,65.85995483398438,122.30248704994534
2020-03-02,Nike,NKE,83.52227783203125,https://query2.finance.yahoo.com/v8/finance/chart/NKE,2019-01-02,65.85995483398438,126.81800047171144
2020-03-03,Nike,NKE,81.94520568847656,https://query2.finance.yahoo.com/v8/finance/chart/NKE,2019-01-02,65.85995483398438,124.42341616394799
2020-03-04,Nike,NKE,84.52259063720703,https://query2.finance.yahoo.com/v8/finance/chart/NKE,2019-01-02,65.85995483398438,128.3368487729247
2020-03-05,Nike,NKE,81.62979888916016,https://query2.finance.yahoo.com/v8/finance/chart/NKE,2019-01-02,65.85995483398438,123.9445108866646
2020-03-06,Nike,NKE,79.629150390625,https://query2.finance.yahoo.com/v8/finance/chart/NKE,2019-01-02,65.85995483398438,120.9067795314302
2020-03-09,Nike,NKE,75.7990951538086,https://query2.finance.yahoo.com/v8/finance/chart/NKE,2019-01-02,65.85995483398438,115.09132574548248
2020-03-10,Nike,NKE,79.57508087158203,https://query2.finance.yahoo.com/v8/finance/chart/NKE,2019-01-02,65.85995483398438,120.82468181487504
2020-03-11,Nike,NKE,75.69995880126953,https://query2.finance.yahoo.com/v8/finance/chart/NKE,2019-01-02,65.85995483398438,114.94079975015048
2020-03-12,Nike,NKE,66.86830139160156,https://query2.finance.yahoo.com/v8/finance/chart/NKE,2019-01-02,65.85995483398438,101.53104653679002
2020-03-13,Nike,NKE,68.1119384765625,https://query2.finance.yahoo.com/v8/finance/chart/NKE,2019-01-02,65.85995483398438,103.41935193890549
2020-03-16,Nike,NKE,60.19047927856445,https://query2.finance.yahoo.com/v8/finance/chart/NKE,2019-01-02,65.85995483398438,91.39161942987786
2020-03-17,Nike,NKE,62.93911361694336,https://query2.finance.yahoo.com/v8/finance/chart/NKE,2019-01-02,65.85995483398438,95.56507254764495
2020-03-18,Nike,NKE,61.31697082519531,https://query2.finance.yahoo.com/v8/finance/chart/NKE,2019-01-02,65.85995483398438,93.10205416897
2020-03-19,Nike,NKE,63.38969421386719,https://query2.finance.yahoo.com/v8/finance/chart/NKE,2019-01-02,65.85995483398438,96.24922211631626
2020-03-20,Nike,NKE,60.7852668762207,https://query2.finance.yahoo.com/v8/finance/chart/NKE,2019-01-02,65.85995483398438,92.29472906479268
2020-03-23,Nike,NKE,56.5947265625,https://query2.finance.yahoo.com/v8/finance/chart/NKE,2019-01-02,65.85995483398438,85.93192434638077
2020-03-24,Nike,NKE,65.18306732177734,https://query2.finance.yahoo.com/v8/finance/chart/NKE,2019-01-02,65.85995483398438,98.9722320431083
2020-03-25,Nike,NKE,71.20301818847656,https://query2.finance.yahoo.com/v8/finance/chart/NKE,2019-01-02,65.85995483398438,108.11276498436818
2020-03-26,Nike,NKE,75.97029876708984,https://query2.finance.yahoo.com/v8/finance/chart/NKE,2019-01-02,65.85995483398438,115.35127674865704
2020-03-27,Nike,NKE,75.00604248046875,https://query2.finance.yahoo.com/v8/finance/chart/NKE,2019-01-02,65.85995483398438,113.88717570417298
2020-03-30,Nike,NKE,76.94358825683594,https://query2.finance.yahoo.com/v8/finance/chart/NKE,2019-01-02,65.85995483398438,116.82909356799665
2020-03-31,Nike,NKE,74.56446075439453,https://query2.finance.yahoo.com/v8/finance/chart/NKE,2019-01-02,65.85995483398438,113.21668978114535
2020-04-01,Nike,NKE,71.40129089355469,https://query2.finance.yahoo.com/v8/finance/chart/NKE,2019-01-02,65.85995483398438,108.41381697503219
2020-04-02,Nike,NKE,72.22135925292969,https://query2.finance.yahoo.com/v8/finance/chart/NKE,2019-01-02,65.85995483398438,109.65898691394602
2020-04-03,Nike,NKE,71.06783294677734,https://query2.finance.yahoo.com/v8/finance/chart/NKE,2019-01-02,65.85995483398438,107.9075033165763
2020-04-06,Nike,NKE,76.26771545410156,https://query2.finance.yahoo.com/v8/finance/chart/NKE,2019-01-02,65.85995483398438,115.80286631892234
2020-04-07,Nike,NKE,75.84415435791016,https://query2.finance.yahoo.com/v8/finance/chart/NKE,2019-01-02,65.85995483398438,115.15974243999001
2020-04-08,Nike,NKE,76.87151336669922,https://query2.finance.yahoo.com/v8/finance/chart/NKE,2019-01-02,65.85995483398438,116.71965697588479
2020-04-09,Nike,NKE,78.21427154541016,https://query2.finance.yahoo.com/v8/finance/chart/NKE,2019-01-02,65.85995483398438,118.75846520479367
2020-04-13,Nike,NKE,76.114501953125,https://query2.finance.yahoo.com/v8/finance/chart/NKE,2019-01-02,65.85995483398438,115.57023102276587
2020-04-14,Nike,NKE,78.82707214355469,https://query2.finance.yahoo.com/v8/finance/chart/NKE,2019-01-02,65.85995483398438,119.68892529953445
2020-04-15,Nike,NKE,76.6371841430664,https://query2.finance.yahoo.com/v8/finance/chart/NKE,2019-01-02,65.85995483398438,116.36385772849161
2020-04-16,Nike,NKE,77.772705078125,https://query2.finance.yahoo.com/v8/finance/chart/NKE,2019-01-02,65.85995483398438,118.08800245030464
2020-04-17,Nike,NKE,81.0260009765625,https://query2.finance.yahoo.com/v8/finance/chart/NKE,2019-01-02,65.85995483398438,123.02772022970215
2020-04-20,Nike,NKE,79.21459197998047,https://query2.finance.yahoo.com/v8/finance/chart/NKE,2019-01-02,65.85995483398438,120.27732509027621
2020-04-21,Nike,NKE,76.78137969970703,https://query2.finance.yahoo.com/v8/finance/chart/NKE,2019-01-02,65.85995483398438,116.58280041833113
2020-04-22,Nike,NKE,79.99861907958984,https://query2.finance.yahoo.com/v8/finance/chart/NKE,2019-01-02,65.85995483398438,121.46777094099946
2020-04-23,Nike,NKE,78.71891784667969,https://query2.finance.yahoo.com/v8/finance/chart/NKE,2019-01-02,65.85995483398438,119.5247066978855
2020-04-24,Nike,NKE,79.63814544677734,https://query2.finance.yahoo.com/v8/finance/chart/NKE,2019-01-02,65.85995483398438,120.92043738493925
2020-04-27,Nike,NKE,80.53936004638672,https://query2.finance.yahoo.com/v8/finance/chart/NKE,2019-01-02,65.85995483398438,122.28881761216701
2020-04-28,Nike,NKE,80.02566528320312,https://query2.finance.yahoo.com/v8/finance/chart/NKE,2019-01-02,65.85995483398438,121.50883717568101
2020-04-29,Nike,NKE,79.3677978515625,https://query2.finance.yahoo.com/v8/finance/chart/NKE,2019-01-02,65.85995483398438,120.50994880216338
2020-04-30,Nike,NKE,78.56575775146484,https://query2.finance.yahoo.com/v8/finance/chart/NKE,2019-01-02,65.85995483398438,119.29215249161415
2020-05-01,Nike,NKE,77.0877914428711,https://query2.finance.yahoo.com/v8/finance/chart/NKE,2019-01-02,65.85995483398438,117.04804784210549
2020-05-04,Nike,NKE,77.27702331542969,https://query2.finance.yahoo.com/v8/finance/chart/NKE,2019-01-02,65.85995483398438,117.33537247364463
2020-05-05,Nike,NKE,78.5837631225586,https://query2.finance.yahoo.com/v8/finance/chart/NKE,2019-01-02,65.85995483398438,119.31949136717083
2020-05-06,Nike,NKE,79.70122528076172,https://query2.finance.yahoo.com/v8/finance/chart/NKE,2019-01-02,65.85995483398438,121.01621612354207
2020-05-07,Nike,NKE,79.80937194824219,https://query2.finance.yahoo.com/v8/finance/chart/NKE,2019-01-02,65.85995483398438,121.1804231409217
2020-05-08,Nike,NKE,81.52164459228516,https://query2.finance.yahoo.com/v8/finance/chart/NKE,2019-01-02,65.85995483398438,123.78029228501566
2020-05-11,Nike,NKE,81.94520568847656,https://query2.finance.yahoo.com/v8/finance/chart/NKE,2019-01-02,65.85995483398438,124.42341616394799
2020-05-12,Nike,NKE,79.5390396118164,https://query2.finance.yahoo.com/v8/finance/chart/NKE,2019-01-02,65.85995483398438,120.76995772668445
2020-05-13,Nike,NKE,77.5203628540039,https://query2.finance.yahoo.com/v8/finance/chart/NKE,2019-01-02,65.85995483398438,117.70485274308547
2020-05-14,Nike,NKE,77.99800109863281,https://query2.finance.yahoo.com/v8/finance/chart/NKE,2019-01-02,65.85995483398438,118.43008592284228
2020-05-15,Nike,NKE,78.39451599121094,https://query2.finance.yahoo.com/v8/finance/chart/NKE,2019-01-02,65.85995483398438,119.03214356709307
2020-05-18,Nike,NKE,82.04430389404297,https://query2.finance.yahoo.com/v8/finance/chart/NKE,2019-01-02,65.85995483398438,124.57388423793348
2020-05-19,Nike,NKE,82.4678955078125,https://query2.finance.yahoo.com/v8/finance/chart/NKE,2019-01-02,65.85995483398438,125.21705445394304
2020-05-20,Nike,NKE,83.76560974121094,https://query2.finance.yahoo.com/v8/finance/chart/NKE,2019-01-02,65.85995483398438,127.18746915688298
2020-05-21,Nike,NKE,84.9461669921875,https://query2.finance.yahoo.com/v8/finance/chart/NKE,2019-01-02,65.85995483398438,128.97999582039563
2020-05-22,Nike,NKE,84.48658752441406,https://query2.finance.yahoo.com/v8/finance/chart/NKE,2019-01-02,65.85995483398438,128.28218260608062
2020-05-26,Nike,NKE,87.07296752929688,https://query2.finance.yahoo.com/v8/finance/chart/NKE,2019-01-02,65.85995483398438,132.20927306856638
2020-05-27,Nike,NKE,90.0018310546875,https://query2.finance.yahoo.com/v8/finance/chart/NKE,2019-01-02,65.85995483398438,136.65638138009425
2020-05-28,Nike,NKE,88.7311782836914,https://query2.finance.yahoo.com/v8/finance/chart/NKE,2019-01-02,65.85995483398438,134.72705608037444
2020-05-29,Nike,NKE,89.06092071533203,https://query2.finance.yahoo.com/v8/finance/chart/NKE,2019-01-02,65.85995483398438,135.22772819967943
2020-06-01,Nike,NKE,89.92822265625,https://query2.finance.yahoo.com/v8/finance/chart/NKE,2019-01-02,65.85995483398438,136.54461634985233
2020-06-02,Nike,NKE,91.0123519897461,https://query2.finance.yahoo.com/v8/finance/chart/NKE,2019-01-02,65.85995483398438,138.1907294336358
2020-06-03,Nike,NKE,94.05696105957033,https://query2.finance.yahoo.com/v8/finance/chart/NKE,2019-01-02,65.85995483398438,142.81358269476982
2020-06-04,Nike,NKE,91.50020599365234,https://query2.finance.yahoo.com/v8/finance/chart/NKE,2019-01-02,65.85995483398438,138.93147394999025
2020-06-05,Nike,NKE,92.79210662841795,https://query2.finance.yahoo.com/v8/finance/chart/NKE,2019-01-02,65.85995483398438,140.89306143972075
2020-06-08,Nike,NKE,94.21955108642578,https://query2.finance.yahoo.com/v8/finance/chart/NKE,2019-01-02,65.85995483398438,143.0604550579005
2020-06-09,Nike,NKE,92.71985626220705,https://query2.finance.yahoo.com/v8/finance/chart/NKE,2019-01-02,65.85995483398438,140.78335840941497
2020-06-10,Nike,NKE,92.25910186767578,https://query2.finance.yahoo.com/v8/finance/chart/NKE,2019-01-02,65.85995483398438,140.08376121762717
2020-06-11,Nike,NKE,85.98020935058594,https://query2.finance.yahoo.com/v8/finance/chart/NKE,2019-01-02,65.85995483398438,130.55005817620045
2020-06-12,Nike,NKE,87.11851501464844,https://query2.finance.yahoo.com/v8/finance/chart/NKE,2019-01-02,65.85995483398438,132.27843115630932
2020-06-15,Nike,NKE,88.3923568725586,https://query2.finance.yahoo.com/v8/finance/chart/NKE,2019-01-02,65.85995483398438,134.21259868059806
2020-06-16,Nike,NKE,89.47651672363281,https://query2.finance.yahoo.com/v8/finance/chart/NKE,2019-01-02,65.85995483398438,135.85875810145873
2020-06-17,Nike,NKE,89.63006591796875,https://query2.finance.yahoo.com/v8/finance/chart/NKE,2019-01-02,65.85995483398438,136.09190310546458
2020-06-18,Nike,NKE,88.9434585571289,https://query2.finance.yahoo.com/v8/finance/chart/NKE,2019-01-02,65.85995483398438,135.04937678948
2020-06-19,Nike,NKE,86.53128051757812,https://query2.finance.yahoo.com/v8/finance/chart/NKE,2019-01-02,65.85995483398438,131.38678994800517
2020-06-22,Nike,NKE,89.90113067626953,https://query2.finance.yahoo.com/v8/finance/chart/NKE,2019-01-02,65.85995483398438,136.50348060955497
2020-06-23,Nike,NKE,92.07839965820312,https://query2.finance.yahoo.com/v8/finance/chart/NKE,2019-01-02,65.85995483398438,139.80938779916954
2020-06-24,Nike,NKE,90.41608428955078,https://query2.finance.yahoo.com/v8/finance/chart/NKE,2019-01-02,65.85995483398438,137.2853724504761
2020-06-25,Nike,NKE,91.6086196899414,https://query2.finance.yahoo.com/v8/finance/chart/NKE,2019-01-02,65.85995483398438,139.09608641679552
2020-06-26,Nike,NKE,84.62504577636719,https://query2.finance.yahoo.com/v8/finance/chart/NKE,2019-01-02,65.85995483398438,128.49241392540378
2020-06-29,Nike,NKE,86.61261749267578,https://query2.finance.yahoo.com/v8/finance/chart/NKE,2019-01-02,65.85995483398438,131.51028984305168
2020-06-30,Nike,NKE,88.58209991455078,https://query2.finance.yahoo.com/v8/finance/chart/NKE,2019-01-02,65.85995483398438,134.50069945818055
2020-07-01,Nike,NKE,87.99486541748047,https://query2.finance.yahoo.com/v8/finance/chart/NKE,2019-01-02,65.85995483398438,133.6090582498764
2020-07-02,Nike,NKE,88.92539978027344,https://query2.finance.yahoo.com/v8/finance/chart/NKE,2019-01-02,65.85995483398438,135.0219568240382
2020-07-06,Nike,NKE,90.29862213134766,https://query2.finance.yahoo.com/v8/finance/chart/NKE,2019-01-02,65.85995483398438,137.10702104027666
2020-07-07,Nike,NKE,87.69672393798828,https://query2.finance.yahoo.com/v8/finance/chart/NKE,2019-01-02,65.85995483398438,133.15636817402722
2020-07-08,Nike,NKE,89.29580688476562,https://query2.finance.yahoo.com/v8/finance/chart/NKE,2019-01-02,65.85995483398438,135.5843730987318
2020-07-09,Nike,NKE,87.62445068359375,https://query2.finance.yahoo.com/v8/finance/chart/NKE,2019-01-02,65.85995483398438,133.0466303909135
2020-07-10,Nike,NKE,88.52787780761719,https://query2.finance.yahoo.com/v8/finance/chart/NKE,2019-01-02,65.85995483398438,134.4183700562393
2020-07-13,Nike,NKE,87.14561462402344,https://query2.finance.yahoo.com/v8/finance/chart/NKE,2019-01-02,65.85995483398438,132.319578480876
2020-07-14,Nike,NKE,87.41667175292969,https://query2.finance.yahoo.com/v8/finance/chart/NKE,2019-01-02,65.85995483398438,132.7311444006971
2020-07-15,Nike,NKE,89.02478790283203,https://query2.finance.yahoo.com/v8/finance/chart/NKE,2019-01-02,65.85995483398438,135.1728651002572
2020-07-16,Nike,NKE,87.8683853149414,https://query2.finance.yahoo.com/v8/finance/chart/NKE,2019-01-02,65.85995483398438,133.41701423336002
2020-07-17,Nike,NKE,86.9830093383789,https://query2.finance.yahoo.com/v8/finance/chart/NKE,2019-01-02,65.85995483398438,132.0726829492067
2020-07-20,Nike,NKE,86.41385650634766,https://query2.finance.yahoo.com/v8/finance/chart/NKE,2019-01-02,65.85995483398438,131.20849645915226
2020-07-21,Nike,NKE,88.8621597290039,https://query2.finance.yahoo.com/v8/finance/chart/NKE,2019-01-02,65.85995483398438,134.92593481578
2020-07-22,Nike,NKE,89.35906219482422,https://query2.finance.yahoo.com/v8/finance/chart/NKE,2019-01-02,65.85995483398438,135.6804182755286
2020-07-23,Nike,NKE,88.80793762207031,https://query2.finance.yahoo.com/v8/finance/chart/NKE,2019-01-02,65.85995483398438,134.84360541383876
2020-07-24,Nike,NKE,88.92539978027344,https://query2.finance.yahoo.com/v8/finance/chart/NKE,2019-01-02,65.85995483398438,135.0219568240382
2020-07-27,Nike,NKE,87.82318878173828,https://query2.finance.yahoo.com/v8/finance/chart/NKE,2019-01-02,65.85995483398438,133.34838902200502
2020-07-28,Nike,NKE,86.9739761352539,https://query2.finance.yahoo.com/v8/finance/chart/NKE,2019-01-02,65.85995483398438,132.05896717435112
2020-07-29,Nike,NKE,87.60636901855469,https://query2.finance.yahoo.com/v8/finance/chart/NKE,2019-01-02,65.85995483398438,133.01917567266378
2020-07-30,Nike,NKE,87.47086334228516,https://query2.finance.yahoo.com/v8/finance/chart/NKE,2019-01-02,65.85995483398438,132.81342746556112
2020-07-31,Nike,NKE,88.18458557128906,https://query2.finance.yahoo.com/v8/finance/chart/NKE,2019-01-02,65.85995483398438,133.897124274651
2020-08-03,Nike,NKE,88.83505249023438,https://query2.finance.yahoo.com/v8/finance/chart/NKE,2019-01-02,65.85995483398438,134.88477590694401
2020-08-04,Nike,NKE,87.93161010742188,https://query2.finance.yahoo.com/v8/finance/chart/NKE,2019-01-02,65.85995483398438,133.5130130730796
2020-08-05,Nike,NKE,91.19302368164062,https://query2.finance.yahoo.com/v8/finance/chart/NKE,2019-01-02,65.85995483398438,138.46505651501622
2020-08-06,Nike,NKE,90.7503433227539,https://query2.finance.yahoo.com/v8/finance/chart/NKE,2019-01-02,65.85995483398438,137.79290245720887
2020-08-07,Nike,NKE,92.02418518066406,https://query2.finance.yahoo.com/v8/finance/chart/NKE,2019-01-02,65.85995483398438,139.7270699814976
2020-08-10,Nike,NKE,95.23139190673828,https://query2.finance.yahoo.com/v8/finance/chart/NKE,2019-01-02,65.85995483398438,144.5968071900316
2020-08-11,Nike,NKE,94.96940612792967,https://query2.finance.yahoo.com/v8/finance/chart/NKE,2019-01-02,65.85995483398438,144.19901496641253
2020-08-12,Nike,NKE,95.05975341796876,https://query2.finance.yahoo.com/v8/finance/chart/NKE,2019-01-02,65.85995483398438,144.33619588350678
2020-08-13,Nike,NKE,96.23419189453124,https://query2.finance.yahoo.com/v8/finance/chart/NKE,2019-01-02,65.85995483398438,146.1194319630378
2020-08-14,Nike,NKE,96.15290069580078,https://query2.finance.yahoo.com/v8/finance/chart/NKE,2019-01-02,65.85995483398438,145.99600157360715
2020-08-17,Nike,NKE,95.45726013183594,https://query2.finance.yahoo.com/v8/finance/chart/NKE,2019-01-02,65.85995483398438,144.93975948276702
2020-08-18,Nike,NKE,96.64078521728516,https://query2.finance.yahoo.com/v8/finance/chart/NKE,2019-01-02,65.85995483398438,146.7367924270388
2020-08-19,Nike,NKE,97.9236297607422,https://query2.finance.yahoo.com/v8/finance/chart/NKE,2019-01-02,65.85995483398438,148.6846293891059
2020-08-20,Nike,NKE,97.5803451538086,https://query2.finance.yahoo.com/v8/finance/chart/NKE,2019-01-02,65.85995483398438,148.16339519178683
2020-08-21,Nike,NKE,99.15232849121094,https://query2.finance.yahoo.com/v8/finance/chart/NKE,2019-01-02,65.85995483398438,150.55025279192475
2020-08-24,Nike,NKE,101.03147888183594,https://query2.finance.yahoo.com/v8/finance/chart/NKE,2019-01-02,65.85995483398438,153.40350465849806
2020-08-25,Nike,NKE,100.74237060546876,https://query2.finance.yahoo.com/v8/finance/chart/NKE,2019-01-02,65.85995483398438,152.9645303575045
2020-08-26,Nike,NKE,100.76042175292967,https://query2.finance.yahoo.com/v8/finance/chart/NKE,2019-01-02,65.85995483398438,152.99193873867694
2020-08-27,Nike,NKE,100.13707733154295,https://query2.finance.yahoo.com/v8/finance/chart/NKE,2019-01-02,65.85995483398438,152.04546918375846
2020-08-28,Nike,NKE,101.67179107666016,https://query2.finance.yahoo.com/v8/finance/chart/NKE,2019-01-02,65.85995483398438,154.3757376283479
2020-08-31,Nike,NKE,101.30960083007812,https://query2.finance.yahoo.com/v8/finance/chart/NKE,2019-01-02,65.85995483398438,153.82579761169436
2020-09-01,Nike,NKE,103.98065948486328,https://query2.finance.yahoo.com/v8/finance/chart/NKE,2019-01-02,65.85995483398438,157.88146187918164
2020-09-02,Nike,NKE,105.75533294677734,https://query2.finance.yahoo.com/v8/finance/chart/NKE,2019-01-02,65.85995483398438,160.57607876191037
2020-09-03,Nike,NKE,102.1788330078125,https://query2.finance.yahoo.com/v8/finance/chart/NKE,2019-01-02,65.85995483398438,155.1456165820011
2020-09-04,Nike,NKE,101.7713851928711,https://query2.finance.yahoo.com/v8/finance/chart/NKE,2019-01-02,65.85995483398438,154.52695867983815
2020-09-08,Nike,NKE,102.06111145019533,https://query2.finance.yahoo.com/v8/finance/chart/NKE,2019-01-02,65.85995483398438,154.96687130664537
2020-09-09,Nike,NKE,104.03497314453124,https://query2.finance.yahoo.com/v8/finance/chart/NKE,2019-01-02,65.85995483398438,157.9639302923545
2020-09-10,Nike,NKE,103.93539428710938,https://query2.finance.yahoo.com/v8/finance/chart/NKE,2019-01-02,65.85995483398438,157.8127324094029
2020-09-11,Nike,NKE,106.84185791015624,https://query2.finance.yahoo.com/v8/finance/chart/NKE,2019-01-02,65.85995483398438,162.22582930625515
2020-09-14,Nike,NKE,108.00080871582033,https://query2.finance.yahoo.com/v8/finance/chart/NKE,2019-01-02,65.85995483398438,163.98554931909985
2020-09-15,Nike,NKE,107.9917449951172,https://query2.finance.yahoo.com/v8/finance/chart/NKE,2019-01-02,65.85995483398438,163.97178720716707
2020-09-16,Nike,NKE,107.37603759765624,https://query2.finance.yahoo.com/v8/finance/chart/NKE,2019-01-02,65.85995483398438,163.03691350582153
2020-09-17,Nike,NKE,105.35691833496094,https://query2.finance.yahoo.com/v8/finance/chart/NKE,2019-01-02,65.85995483398438,159.97113663460294
2020-09-18,Nike,NKE,103.81768798828124,https://query2.finance.yahoo.com/v8/finance/chart/NKE,2019-01-02,65.85995483398438,157.63401030258572
2020-09-21,Nike,NKE,102.64966583251952,https://query2.finance.yahoo.com/v8/finance/chart/NKE,2019-01-02,65.85995483398438,155.86051659353902
2020-09-22,Nike,NKE,105.81867980957033,https://query2.finance.yahoo.com/v8/finance/chart/NKE,2019-01-02,65.85995483398438,160.67226294993884
2020-09-23,Nike,NKE,115.0903778076172,https://query2.finance.yahoo.com/v8/finance/chart/NKE,2019-01-02,65.85995483398438,174.75016206392758
2020-09-24,Nike,NKE,112.95353698730467,https://query2.finance.yahoo.com/v8/finance/chart/NKE,2019-01-02,65.85995483398438,171.50563991735316
2020-09-25,Nike,NKE,112.48274993896484,https://query2.finance.yahoo.com/v8/finance/chart/NKE,2019-01-02,65.85995483398438,170.79080941143107
2020-09-28,Nike,NKE,112.5642318725586,https://query2.finance.yahoo.com/v8/finance/chart/NKE,2019-01-02,65.85995483398438,170.91452940759436
2020-09-29,Nike,NKE,114.40225982666016,https://query2.finance.yahoo.com/v8/finance/chart/NKE,2019-01-02,65.85995483398438,173.70534206262084
2020-09-30,Nike,NKE,113.66885375976562,https://query2.finance.yahoo.com/v8/finance/chart/NKE,2019-01-02,65.85995483398438,172.59175783872752
2020-10-01,Nike,NKE,114.6648406982422,https://query2.finance.yahoo.com/v8/finance/chart/NKE,2019-01-02,65.85995483398438,174.1040378592456
2020-10-02,Nike,NKE,114.6648406982422,https://query2.finance.yahoo.com/v8/finance/chart/NKE,2019-01-02,65.85995483398438,174.1040378592456
2020-10-05,Nike,NKE,115.81475067138672,https://query2.finance.yahoo.com/v8/finance/chart/NKE,2019-01-02,65.85995483398438,175.85003051296533
2020-10-06,Nike,NKE,115.579345703125,https://query2.finance.yahoo.com/v8/finance/chart/NKE,2019-01-02,65.85995483398438,175.49259788360033
2020-10-07,Nike,NKE,117.7614288330078,https://query2.finance.yahoo.com/v8/finance/chart/NKE,2019-01-02,65.85995483398438,178.8058147471455
2020-10-08,Nike,NKE,117.4445343017578,https://query2.finance.yahoo.com/v8/finance/chart/NKE,2019-01-02,65.85995483398438,178.32465053734788
2020-10-09,Nike,NKE,118.5944366455078,https://query2.finance.yahoo.com/v8/finance/chart/NKE,2019-01-02,65.85995483398438,180.07063160679837
2020-10-12,Nike,NKE,117.21817016601562,https://query2.finance.yahoo.com/v8/finance/chart/NKE,2019-01-02,65.85995483398438,177.98094526710776
2020-10-13,Nike,NKE,116.98278045654295,https://query2.finance.yahoo.com/v8/finance/chart/NKE,2019-01-02,65.85995483398438,177.62353580628132
2020-10-14,Nike,NKE,115.58838653564452,https://query2.finance.yahoo.com/v8/finance/chart/NKE,2019-01-02,65.85995483398438,175.50632524272515
2020-10-15,Nike,NKE,116.80168151855467,https://query2.finance.yahoo.com/v8/finance/chart/NKE,2019-01-02,65.85995483398438,177.3485600058199
2020-10-16,Nike,NKE,115.896240234375,https://query2.finance.yahoo.com/v8/finance/chart/NKE,2019-01-02,65.85995483398438,175.97376209339794
2020-10-19,Nike,NKE,115.38014221191406,https://query2.finance.yahoo.com/v8/finance/chart/NKE,2019-01-02,65.85995483398438,175.19013261208127
2020-10-20,Nike,NKE,116.33991241455078,https://query2.finance.yahoo.com/v8/finance/chart/NKE,2019-01-02,65.85995483398438,176.64742210621478
2020-10-21,Nike,NKE,117.1910171508789,https://query2.finance.yahoo.com/v8/finance/chart/NKE,2019-01-02,65.85995483398438,177.93971685265598
2020-10-22,Nike,NKE,117.72523498535156,https://query2.finance.yahoo.com/v8/finance/chart/NKE,2019-01-02,65.85995483398438,178.75085897356888
2020-10-23,Nike,NKE,117.69805908203124,https://query2.finance.yahoo.com/v8/finance/chart/NKE,2019-01-02,65.85995483398438,178.70959580630912
2020-10-26,Nike,NKE,116.23123931884766,https://query2.finance.yahoo.com/v8/finance/chart/NKE,2019-01-02,65.85995483398438,176.48241577425318
2020-10-27,Nike,NKE,115.8871841430664,https://query2.finance.yahoo.com/v8/finance/chart/NKE,2019-01-02,65.85995483398438,175.96001156573448
2020-10-28,Nike,NKE,110.53601837158205,https://query2.finance.yahoo.com/v8/finance/chart/NKE,2019-01-02,65.85995483398438,167.8349440873658
2020-10-29,Nike,NKE,111.24227142333984,https://query2.finance.yahoo.com/v8/finance/chart/NKE,2019-01-02,65.85995483398438,168.90729989680733
2020-10-30,Nike,NKE,108.72516632080078,https://query2.finance.yahoo.com/v8/finance/chart/NKE,2019-01-02,65.85995483398438,165.085394599599
2020-11-02,Nike,NKE,110.81672668457033,https://query2.finance.yahoo.com/v8/finance/chart/NKE,2019-01-02,65.85995483398438,168.26116410785608
2020-11-03,Nike,NKE,112.80870056152344,https://query2.finance.yahoo.com/v8/finance/chart/NKE,2019-01-02,65.85995483398438,171.28572414889214
2020-11-04,Nike,NKE,115.29866027832033,https://query2.finance.yahoo.com/v8/finance/chart/NKE,2019-01-02,65.85995483398438,175.066412615918
2020-11-05,Nike,NKE,117.43549346923828,https://query2.finance.yahoo.com/v8/finance/chart/NKE,2019-01-02,65.85995483398438,178.31092317822305
2020-11-06,Nike,NKE,116.71112060546876,https://query2.finance.yahoo.com/v8/finance/chart/NKE,2019-01-02,65.85995483398438,177.2110547291853
2020-11-09,Nike,NKE,116.75640106201172,https://query2.finance.yahoo.com/v8/finance/chart/NKE,2019-01-02,65.85995483398438,177.2798073675026
2020-11-10,Nike,NKE,115.6336669921875,https://query2.finance.yahoo.com/v8/finance/chart/NKE,2019-01-02,65.85995483398438,175.57507788104252
2020-11-11,Nike,NKE,115.58838653564452,https://query2.finance.yahoo.com/v8/finance/chart/NKE,2019-01-02,65.85995483398438,175.50632524272515
2020-11-12,Nike,NKE,114.6648406982422,https://query2.finance.yahoo.com/v8/finance/chart/NKE,2019-01-02,65.85995483398438,174.1040378592456
2020-11-13,Nike,NKE,116.14976501464844,https://query2.finance.yahoo.com/v8/finance/chart/NKE,2019-01-02,65.85995483398438,176.35870736235918
2020-11-16,Nike,NKE,117.80671691894533,https://query2.finance.yahoo.com/v8/finance/chart/NKE,2019-01-02,65.85995483398438,178.8745789697322
2020-11-17,Nike,NKE,119.70813751220705,https://query2.finance.yahoo.com/v8/finance/chart/NKE,2019-01-02,65.85995483398438,181.76164531840294
2020-11-18,Nike,NKE,119.1830062866211,https://query2.finance.yahoo.com/v8/finance/chart/NKE,2019-01-02,65.85995483398438,180.9643000622307
2020-11-19,Nike,NKE,119.43648529052734,https://query2.finance.yahoo.com/v8/finance/chart/NKE,2019-01-02,65.85995483398438,181.3491758255761
2020-11-20,Nike,NKE,120.40532684326172,https://query2.finance.yahoo.com/v8/finance/chart/NKE,2019-01-02,65.85995483398438,182.82023901591168
2020-11-23,Nike,NKE,121.44661712646484,https://query2.finance.yahoo.com/v8/finance/chart/NKE,2019-01-02,65.85995483398438,184.401306427555
2020-11-24,Nike,NKE,121.96267700195312,https://query2.finance.yahoo.com/v8/finance/chart/NKE,2019-01-02,65.85995483398438,185.18487798752514
2020-11-25,Nike,NKE,122.72325134277344,https://query2.finance.yahoo.com/v8/finance/chart/NKE,2019-01-02,65.85995483398438,186.33971379440888
2020-11-27,Nike,NKE,121.55522918701172,https://query2.finance.yahoo.com/v8/finance/chart/NKE,2019-01-02,65.85995483398438,184.56622008536218
2020-11-30,Nike,NKE,121.96267700195312,https://query2.finance.yahoo.com/v8/finance/chart/NKE,2019-01-02,65.85995483398438,185.18487798752514
2020-12-01,Nike,NKE,122.63270568847656,https://query2.finance.yahoo.com/v8/finance/chart/NKE,2019-01-02,65.85995483398438,186.2022316863128
2020-12-02,Nike,NKE,122.75946807861328,https://query2.finance.yahoo.com/v8/finance/chart/NKE,2019-01-02,65.85995483398438,186.39470432079344
2020-12-03,Nike,NKE,124.00899505615234,https://query2.finance.yahoo.com/v8/finance/chart/NKE,2019-01-02,65.85995483398438,188.29195277881135
2020-12-04,Nike,NKE,124.46713256835938,https://query2.finance.yahoo.com/v8/finance/chart/NKE,2019-01-02,65.85995483398438,188.98757656622797
2020-12-07,Nike,NKE,125.8824691772461,https://query2.finance.yahoo.com/v8/finance/chart/NKE,2019-01-02,65.85995483398438,191.13658594902273
2020-12-08,Nike,NKE,126.2181396484375,https://query2.finance.yahoo.com/v8/finance/chart/NKE,2019-01-02,65.85995483398438,191.6462590455767
2020-12-09,Nike,NKE,125.91876220703124,https://query2.finance.yahoo.com/v8/finance/chart/NKE,2019-01-02,65.85995483398438,191.1916923181003
2020-12-10,Nike,NKE,124.82097625732422,https://query2.finance.yahoo.com/v8/finance/chart/NKE,2019-01-02,65.85995483398438,189.52484339226328
2020-12-11,Nike,NKE,124.66675567626952,https://query2.finance.yahoo.com/v8/finance/chart/NKE,2019-01-02,65.85995483398438,189.29067897255868
2020-12-14,Nike,NKE,123.64153289794922,https://query2.finance.yahoo.com/v8/finance/chart/NKE,2019-01-02,65.85995483398438,187.73400803206897
2020-12-15,Nike,NKE,126.46315002441406,https://query2.finance.yahoo.com/v8/finance/chart/NKE,2019-01-02,65.85995483398438,192.01827626999503
2020-12-16,Nike,NKE,125.5104751586914,https://query2.finance.yahoo.com/v8/finance/chart/NKE,2019-01-02,65.85995483398438,190.57176014631395
2020-12-17,Nike,NKE,127.47013092041016,https://query2.finance.yahoo.com/v8/finance/chart/NKE,2019-01-02,65.85995483398438,193.5472492225797
2020-12-18,Nike,NKE,124.54877471923828,https://query2.finance.yahoo.com/v8/finance/chart/NKE,2019-01-02,65.85995483398438,189.11153983204662
2020-12-21,Nike,NKE,130.6637420654297,https://query2.finance.yahoo.com/v8/finance/chart/NKE,2019-01-02,65.85995483398438,198.39634326321453
2020-12-22,Nike,NKE,129.2393035888672,https://query2.finance.yahoo.com/v8/finance/chart/NKE,2019-01-02,65.85995483398438,196.23351384714047
2020-12-23,Nike,NKE,128.61328125,https://query2.finance.yahoo.com/v8/finance/chart/NKE,2019-01-02,65.85995483398438,195.2829782136964
2020-12-24,Nike,NKE,128.4681396484375,https://query2.finance.yahoo.com/v8/finance/chart/NKE,2019-01-02,65.85995483398438,195.0625990744632
2020-12-28,Nike,NKE,129.2211456298828,https://query2.finance.yahoo.com/v8/finance/chart/NKE,2019-01-02,65.85995483398438,196.2059432861977
2020-12-29,Nike,NKE,128.44094848632812,https://query2.finance.yahoo.com/v8/finance/chart/NKE,2019-01-02,65.85995483398438,195.0213127386649
2020-12-30,Nike,NKE,128.44998168945312,https://query2.finance.yahoo.com/v8/finance/chart/NKE,2019-01-02,65.85995483398438,195.03502851352047
2020-12-31,Nike,NKE,128.3502197265625,https://query2.finance.yahoo.com/v8/finance/chart/NKE,2019-01-02,65.85995483398438,194.88355260810556
2021-01-04,Nike,NKE,127.1072769165039,https://query2.finance.yahoo.com/v8/finance/chart/NKE,2019-01-02,65.85995483398438,192.9963013744967
2021-01-05,Nike,NKE,128.1324920654297,https://query2.finance.yahoo.com/v8/finance/chart/NKE,2019-01-02,65.85995483398438,194.55296073071716
2021-01-06,Nike,NKE,129.1486358642578,https://query2.finance.yahoo.com/v8/finance/chart/NKE,2019-01-02,65.85995483398438,196.09584639073555
2021-01-07,Nike,NKE,131.5075225830078,https://query2.finance.yahoo.com/v8/finance/chart/NKE,2019-01-02,65.85995483398438,199.6775171111242
2021-01-08,Nike,NKE,132.77764892578125,https://query2.finance.yahoo.com/v8/finance/chart/NKE,2019-01-02,65.85995483398438,201.60604309626203
2021-01-11,Nike,NKE,133.41275024414062,https://query2.finance.yahoo.com/v8/finance/chart/NKE,2019-01-02,65.85995483398438,202.57036401017749
2021-01-12,Nike,NKE,131.59825134277344,https://query2.finance.yahoo.com/v8/finance/chart/NKE,2019-01-02,65.85995483398438,199.81527724168353
2021-01-13,Nike,NKE,129.7746124267578,https://query2.finance.yahoo.com/v8/finance/chart/NKE,2019-01-02,65.85995483398438,197.04631251856378
2021-01-14,Nike,NKE,128.19598388671875,https://query2.finance.yahoo.com/v8/finance/chart/NKE,2019-01-02,65.85995483398438,194.6493650198624
2021-01-15,Nike,NKE,127.66976928710938,https://query2.finance.yahoo.com/v8/finance/chart/NKE,2019-01-02,65.85995483398438,193.85037479744906
2021-01-19,Nike,NKE,126.35425567626952,https://query2.finance.yahoo.com/v8/finance/chart/NKE,2019-01-02,65.85995483398438,191.8529339942236
2021-01-20,Nike,NKE,129.55691528320312,https://query2.finance.yahoo.com/v8/finance/chart/NKE,2019-01-02,65.85995483398438,196.71576697825262
2021-01-21,Nike,NKE,128.47723388671875,https://query2.finance.yahoo.com/v8/finance/chart/NKE,2019-01-02,65.85995483398438,195.0764075234732
2021-01-22,Nike,NKE,126.42681884765624,https://query2.finance.yahoo.com/v8/finance/chart/NKE,2019-01-02,65.85995483398438,191.96311197957087
2021-01-25,Nike,NKE,124.79373931884766,https://query2.finance.yahoo.com/v8/finance/chart/NKE,2019-01-02,65.85995483398438,189.48348755084916
2021-01-26,Nike,NKE,122.57096099853516,https://query2.finance.yahoo.com/v8/finance/chart/NKE,2019-01-02,65.85995483398438,186.10848019483814
2021-01-27,Nike,NKE,118.86934661865234,https://query2.finance.yahoo.com/v8/finance/chart/NKE,2019-01-02,65.85995483398438,180.48804758261784
2021-01-28,Nike,NKE,122.22621154785156,https://query2.finance.yahoo.com/v8/finance/chart/NKE,2019-01-02,65.85995483398438,185.58502181781282
2021-01-29,Nike,NKE,121.2010269165039,https://query2.finance.yahoo.com/v8/finance/chart/NKE,2019-01-02,65.85995483398438,184.02840879866957
2021-02-01,Nike,NKE,123.1244125366211,https://query2.finance.yahoo.com/v8/finance/chart/NKE,2019-01-02,65.85995483398438,186.9488262586656
2021-02-02,Nike,NKE,126.64456939697266,https://query2.finance.yahoo.com/v8/finance/chart/NKE,2019-01-02,65.85995483398438,192.29373860976722
2021-02-03,Nike,NKE,125.77359771728516,https://query2.finance.yahoo.com/v8/finance/chart/NKE,2019-01-02,65.85995483398438,190.97127842605923
2021-02-04,Nike,NKE,127.58810424804688,https://query2.finance.yahoo.com/v8/finance/chart/NKE,2019-01-02,65.85995483398438,193.72637677882247
2021-02-05,Nike,NKE,131.6526641845703,https://query2.finance.yahoo.com/v8/finance/chart/NKE,2019-01-02,65.85995483398438,199.89789625035738
2021-02-08,Nike,NKE,130.1103057861328,https://query2.finance.yahoo.com/v8/finance/chart/NKE,2019-01-02,65.85995483398438,197.55602036792567
2021-02-09,Nike,NKE,128.64053344726562,https://query2.finance.yahoo.com/v8/finance/chart/NKE,2019-01-02,65.85995483398438,195.32435722364914
2021-02-10,Nike,NKE,129.24844360351562,https://query2.finance.yahoo.com/v8/finance/chart/NKE,2019-01-02,65.85995483398438,196.24739180176627
2021-02-11,Nike,NKE,130.22825622558594,https://query2.finance.yahoo.com/v8/finance/chart/NKE,2019-01-02,65.85995483398438,197.73511317136052
2021-02-12,Nike,NKE,128.93991088867188,https://query2.finance.yahoo.com/v8/finance/chart/NKE,2019-01-02,65.85995483398438,195.7789239511255
2021-02-16,Nike,NKE,128.56796264648438,https://query2.finance.yahoo.com/v8/finance/chart/NKE,2019-01-02,65.85995483398438,195.21416765403256
2021-02-17,Nike,NKE,130.63653564453125,https://query2.finance.yahoo.com/v8/finance/chart/NKE,2019-01-02,65.85995483398438,198.3550337588776
2021-02-18,Nike,NKE,131.63450622558594,https://query2.finance.yahoo.com/v8/finance/chart/NKE,2019-01-02,65.85995483398438,199.8703256894146
2021-02-19,Nike,NKE,128.84922790527344,https://query2.finance.yahoo.com/v8/finance/chart/NKE,2019-01-02,65.85995483398438,195.64123332618198
2021-02-22,Nike,NKE,123.99536895751952,https://query2.finance.yahoo.com/v8/finance/chart/NKE,2019-01-02,65.85995483398438,188.27126327383496
2021-02-23,Nike,NKE,123.50546264648438,https://query2.finance.yahoo.com/v8/finance/chart/NKE,2019-01-02,65.85995483398438,187.52740258903785
2021-02-24,Nike,NKE,123.06996154785156,https://query2.finance.yahoo.com/v8/finance/chart/NKE,2019-01-02,65.85995483398438,186.86614932864526
2021-02-25,Nike,NKE,122.97015380859376,https://query2.finance.yahoo.com/v8/finance/chart/NKE,2019-01-02,65.85995483398438,186.71460391761457
2021-02-26,Nike,NKE,122.52925872802734,https://query2.finance.yahoo.com/v8/finance/chart/NKE,2019-01-02,65.85995483398438,186.04516057882424
2021-03-01,Nike,NKE,125.13835906982422,https://query2.finance.yahoo.com/v8/finance/chart/NKE,2019-01-02,65.85995483398438,190.00674899529633
2021-03-02,Nike,NKE,124.56565856933594,https://query2.finance.yahoo.com/v8/finance/chart/NKE,2019-01-02,65.85995483398438,189.13717582001567
2021-03-03,Nike,NKE,122.0564956665039,https://query2.finance.yahoo.com/v8/finance/chart/NKE,2019-01-02,65.85995483398438,185.32732974715248
2021-03-04,Nike,NKE,120.03829193115234,https://query2.finance.yahoo.com/v8/finance/chart/NKE,2019-01-02,65.85995483398438,182.2629429882503
2021-03-05,Nike,NKE,121.2292251586914,https://query2.finance.yahoo.com/v8/finance/chart/NKE,2019-01-02,65.85995483398438,184.07122425801597
2021-03-08,Nike,NKE,122.32923126220705,https://query2.finance.yahoo.com/v8/finance/chart/NKE,2019-01-02,65.85995483398438,185.74144420622042
2021-03-09,Nike,NKE,123.59292602539062,https://query2.finance.yahoo.com/v8/finance/chart/NKE,2019-01-02,65.85995483398438,187.66020465233524
2021-03-10,Nike,NKE,125.0838394165039,https://query2.finance.yahoo.com/v8/finance/chart/NKE,2019-01-02,65.85995483398438,189.92396780685223
2021-03-11,Nike,NKE,128.35665893554688,https://query2.finance.yahoo.com/v8/finance/chart/NKE,2019-01-02,65.85995483398438,194.89332973139787
2021-03-12,Nike,NKE,127.68389892578124,https://query2.finance.yahoo.com/v8/finance/chart/NKE,2019-01-02,65.85995483398438,193.87182886419944
2021-03-15,Nike,NKE,131.7657470703125,https://query2.finance.yahoo.com/v8/finance/chart/NKE,2019-01-02,65.85995483398438,200.0695982899765
2021-03-16,Nike,NKE,131.5021209716797,https://query2.finance.yahoo.com/v8/finance/chart/NKE,2019-01-02,65.85995483398438,199.66931544845718
2021-03-17,Nike,NKE,131.6566619873047,https://query2.finance.yahoo.com/v8/finance/chart/NKE,2019-01-02,65.85995483398438,199.9039664074725
2021-03-18,Nike,NKE,130.1566162109375,https://query2.finance.yahoo.com/v8/finance/chart/NKE,2019-01-02,65.85995483398438,197.626336882599
2021-03-19,Nike,NKE,124.99292755126952,https://query2.finance.yahoo.com/v8/finance/chart/NKE,2019-01-02,65.85995483398438,189.78592965382958
2021-03-22,Nike,NKE,125.70201110839844,https://query2.finance.yahoo.com/v8/finance/chart/NKE,2019-01-02,65.85995483398438,190.86258322718282
2021-03-23,Nike,NKE,124.65657806396484,https://query2.finance.yahoo.com/v8/finance/chart/NKE,2019-01-02,65.85995483398438,189.2752255573076
2021-03-24,Nike,NKE,121.05648803710938,https://query2.finance.yahoo.com/v8/finance/chart/NKE,2019-01-02,65.85995483398438,183.80894481671137
2021-03-25,Nike,NKE,116.94734954833984,https://query2.finance.yahoo.com/v8/finance/chart/NKE,2019-01-02,65.85995483398438,177.5697384596351
2021-03-26,Nike,NKE,120.9019546508789,https://query2.finance.yahoo.com/v8/finance/chart/NKE,2019-01-02,65.85995483398438,183.57430544196535
2021-03-29,Nike,NKE,121.35652160644533,https://query2.finance.yahoo.com/v8/finance/chart/NKE,2019-01-02,65.85995483398438,184.26450779134788
2021-03-30,Nike,NKE,120.8656005859375,https://query2.finance.yahoo.com/v8/finance/chart/NKE,2019-01-02,65.85995483398438,183.51910639873333
2021-03-31,Nike,NKE,120.81102752685548,https://query2.finance.yahoo.com/v8/finance/chart/NKE,2019-01-02,65.85995483398438,183.43624412040415
2021-04-01,Nike,NKE,120.48377227783205,https://query2.finance.yahoo.com/v8/finance/chart/NKE,2019-01-02,65.85995483398438,182.93934847289214
2021-04-05,Nike,NKE,122.8383331298828,https://query2.finance.yahoo.com/v8/finance/chart/NKE,2019-01-02,65.85995483398438,186.51445091258554
2021-04-06,Nike,NKE,124.69294738769533,https://query2.finance.yahoo.com/v8/finance/chart/NKE,2019-01-02,65.85995483398438,189.3304477690783
2021-04-07,Nike,NKE,124.1292495727539,https://query2.finance.yahoo.com/v8/finance/chart/NKE,2019-01-02,65.85995483398438,188.47454403157593
2021-04-08,Nike,NKE,121.52923583984376,https://query2.finance.yahoo.com/v8/finance/chart/NKE,2019-01-02,65.85995483398438,184.52675247984456
2021-04-09,Nike,NKE,123.13835144042967,https://query2.finance.yahoo.com/v8/finance/chart/NKE,2019-01-02,65.85995483398438,186.96999071868342
2021-04-12,Nike,NKE,124.2201919555664,https://query2.finance.yahoo.com/v8/finance/chart/NKE,2019-01-02,65.85995483398438,188.6126285216758
2021-04-13,Nike,NKE,121.4019546508789,https://query2.finance.yahoo.com/v8/finance/chart/NKE,2019-01-02,65.85995483398438,184.33349211505126
2021-04-14,Nike,NKE,120.2383041381836,https://query2.finance.yahoo.com/v8/finance/chart/NKE,2019-01-02,65.85995483398438,182.56663619231554
2021-04-15,Nike,NKE,121.5201416015625,https://query2.finance.yahoo.com/v8/finance/chart/NKE,2019-01-02,65.85995483398438,184.51294403083455
2021-04-16,Nike,NKE,122.10194396972656,https://query2.finance.yahoo.com/v8/finance/chart/NKE,2019-01-02,65.85995483398438,185.39633723939448
2021-04-19,Nike,NKE,120.5201416015625,https://query2.finance.yahoo.com/v8/finance/chart/NKE,2019-01-02,65.85995483398438,182.99457068466276
2021-04-20,Nike,NKE,115.556396484375,https://query2.finance.yahoo.com/v8/finance/chart/NKE,2019-01-02,65.85995483398438,175.45775240153486
2021-04-21,Nike,NKE,118.09280395507812,https://query2.finance.yahoo.com/v8/finance/chart/NKE,2019-01-02,65.85995483398438,179.30896590008152
2021-04-22,Nike,NKE,117.43826293945312,https://query2.finance.yahoo.com/v8/finance/chart/NKE,2019-01-02,65.85995483398438,178.3151282679803
2021-04-23,Nike,NKE,118.3564453125,https://query2.finance.yahoo.com/v8/finance/chart/NKE,2019-01-02,65.85995483398438,179.70927191013942
2021-04-26,Nike,NKE,119.63829040527344,https://query2.finance.yahoo.com/v8/finance/chart/NKE,2019-01-02,65.85995483398438,181.65559133292774
2021-04-27,Nike,NKE,120.1019287109375,https://query2.finance.yahoo.com/v8/finance/chart/NKE,2019-01-02,65.85995483398438,182.35956737851228
2021-04-28,Nike,NKE,118.8292007446289,https://query2.finance.yahoo.com/v8/finance/chart/NKE,2019-01-02,65.85995483398438,180.4270911575419
2021-04-29,Nike,NKE,121.14738464355467,https://query2.finance.yahoo.com/v8/finance/chart/NKE,2019-01-02,65.85995483398438,183.94695980119536
2021-04-30,Nike,NKE,120.56554412841795,https://query2.finance.yahoo.com/v8/finance/chart/NKE,2019-01-02,65.85995483398438,183.06350867128893
2021-05-03,Nike,NKE,120.93831634521484,https://query2.finance.yahoo.com/v8/finance/chart/NKE,2019-01-02,65.85995483398438,183.6295160694667
2021-05-04,Nike,NKE,119.59284973144533,https://query2.finance.yahoo.com/v8/finance/chart/NKE,2019-01-02,65.85995483398438,181.58659542495505
2021-05-05,Nike,NKE,120.19285583496094,https://query2.finance.yahoo.com/v8/finance/chart/NKE,2019-01-02,65.85995483398438,182.49762870007353
2021-05-06,Nike,NKE,121.35652160644533,https://query2.finance.yahoo.com/v8/finance/chart/NKE,2019-01-02,65.85995483398438,184.26450779134788
2021-05-07,Nike,NKE,125.28384399414062,https://query2.finance.yahoo.com/v8/finance/chart/NKE,2019-01-02,65.85995483398438,190.22764942664818
2021-05-10,Nike,NKE,124.00196838378906,https://query2.finance.yahoo.com/v8/finance/chart/NKE,2019-01-02,65.85995483398438,188.28128366678266
2021-05-11,Nike,NKE,124.65657806396484,https://query2.finance.yahoo.com/v8/finance/chart/NKE,2019-01-02,65.85995483398438,189.2752255573076
2021-05-12,Nike,NKE,121.2655792236328,https://query2.finance.yahoo.com/v8/finance/chart/NKE,2019-01-02,65.85995483398438,184.12642330124797
2021-05-13,Nike,NKE,121.46560668945312,https://query2.finance.yahoo.com/v8/finance/chart/NKE,2019-01-02,65.85995483398438,184.43013967385184
2021-05-14,Nike,NKE,123.57469940185548,https://query2.finance.yahoo.com/v8/finance/chart/NKE,2019-01-02,65.85995483398438,187.63252983296877
2021-05-17,Nike,NKE,124.0110855102539,https://query2.finance.yahoo.com/v8/finance/chart/NKE,2019-01-02,65.85995483398438,188.29512686860056
2021-05-18,Nike,NKE,123.23834991455078,https://query2.finance.yahoo.com/v8/finance/chart/NKE,2019-01-02,65.85995483398438,187.12182573644677
2021-05-19,Nike,NKE,120.87467956542967,https://query2.finance.yahoo.com/v8/finance/chart/NKE,2019-01-02,65.85995483398438,183.53289167920468
2021-05-20,Nike,NKE,121.15650939941406,https://query2.finance.yahoo.com/v8/finance/chart/NKE,2019-01-02,65.85995483398438,183.9608145872826
2021-05-21,Nike,NKE,120.60196685791016,https://query2.finance.yahoo.com/v8/finance/chart/NKE,2019-01-02,65.85995483398438,183.1188119729447
2021-05-24,Nike,NKE,121.87470245361328,https://query2.finance.yahoo.com/v8/finance/chart/NKE,2019-01-02,65.85995483398438,185.05129977818441
2021-05-25,Nike,NKE,122.11104583740234,https://query2.finance.yahoo.com/v8/finance/chart/NKE,2019-01-02,65.85995483398438,185.41015727267379
2021-05-26,Nike,NKE,124.44747924804688,https://query2.finance.yahoo.com/v8/finance/chart/NKE,2019-01-02,65.85995483398438,188.9577354885017
2021-05-27,Nike,NKE,124.14743041992188,https://query2.finance.yahoo.com/v8/finance/chart/NKE,2019-01-02,65.85995483398438,188.50214934532661
2021-05-28,Nike,NKE,124.3068618774414,https://query2.finance.yahoo.com/v8/finance/chart/NKE,2019-01-02,65.85995483398438,188.74422582096557
2021-06-01,Nike,NKE,122.53052520751952,https://query2.finance.yahoo.com/v8/finance/chart/NKE,2019-01-02,65.85995483398438,186.04708356752863
2021-06-02,Nike,NKE,122.22080993652344,https://query2.finance.yahoo.com/v8/finance/chart/NKE,2019-01-02,65.85995483398438,185.5768201551458
2021-06-03,Nike,NKE,122.22080993652344,https://query2.finance.yahoo.com/v8/finance/chart/NKE,2019-01-02,65.85995483398438,185.5768201551458
2021-06-04,Nike,NKE,121.82910919189452,https://query2.finance.yahoo.com/v8/finance/chart/NKE,2019-01-02,65.85995483398438,184.9820721848256
2021-06-07,Nike,NKE,122.02043914794922,https://query2.finance.yahoo.com/v8/finance/chart/NKE,2019-01-02,65.85995483398438,185.27258249042328
2021-06-08,Nike,NKE,121.47384643554688,https://query2.finance.yahoo.com/v8/finance/chart/NKE,2019-01-02,65.85995483398438,184.44265068469983
2021-06-09,Nike,NKE,120.09832000732422,https://query2.finance.yahoo.com/v8/finance/chart/NKE,2019-01-02,65.85995483398438,182.35408801913167
2021-06-10,Nike,NKE,119.3149185180664,https://query2.finance.yahoo.com/v8/finance/chart/NKE,2019-01-02,65.85995483398438,181.1645920784913
2021-06-11,Nike,NKE,120.1894073486328,https://query2.finance.yahoo.com/v8/finance/chart/NKE,2019-01-02,65.85995483398438,182.49239261034825
2021-06-14,Nike,NKE,119.66106414794922,https://query2.finance.yahoo.com/v8/finance/chart/NKE,2019-01-02,65.85995483398438,181.69017037679922
2021-06-15,Nike,NKE,118.68633270263672,https://query2.finance.yahoo.com/v8/finance/chart/NKE,2019-01-02,65.85995483398438,180.2101641305612
2021-06-16,Nike,NKE,118.78656768798828,https://query2.finance.yahoo.com/v8/finance/chart/NKE,2019-01-02,65.85995483398438,180.36235826067295
2021-06-17,Nike,NKE,117.43838500976562,https://query2.finance.yahoo.com/v8/finance/chart/NKE,2019-01-02,65.85995483398438,178.31531361628916
2021-06-18,Nike,NKE,116.97380065917967,https://query2.finance.yahoo.com/v8/finance/chart/NKE,2019-01-02,65.85995483398438,177.6099011213109
2021-06-21,Nike,NKE,118.4950714111328,https://query2.finance.yahoo.com/v8/finance/chart/NKE,2019-01-02,65.85995483398438,179.91975808338725
2021-06-22,Nike,NKE,120.68132781982422,https://query2.finance.yahoo.com/v8/finance/chart/NKE,2019-01-02,65.85995483398438,183.23931154224158
2021-06-23,Nike,NKE,121.24610900878906,https://query2.finance.yahoo.com/v8/finance/chart/NKE,2019-01-02,65.85995483398438,184.096860245985
2021-06-24,Nike,NKE,121.70158386230467,https://query2.finance.yahoo.com/v8/finance/chart/NKE,2019-01-02,65.85995483398438,184.7884411234146
2021-06-25,Nike,NKE,140.6035919189453,https://query2.finance.yahoo.com/v8/finance/chart/NKE,2019-01-02,65.85995483398438,213.48874634574224
2021-06-28,Nike,NKE,138.79083251953125,https://query2.finance.yahoo.com/v8/finance/chart/NKE,2019-01-02,65.85995483398438,210.73630079064955
2021-06-29,Nike,NKE,142.06109619140625,https://query2.finance.yahoo.com/v8/finance/chart/NKE,2019-01-02,65.85995483398438,215.70178198497845
2021-06-30,Nike,NKE,140.7310791015625,https://query2.finance.yahoo.com/v8/finance/chart/NKE,2019-01-02,65.85995483398438,213.68231948580672
2021-07-01,Nike,NKE,143.92849731445312,https://query2.finance.yahoo.com/v8/finance/chart/NKE,2019-01-02,65.85995483398438,218.5371940768241
2021-07-02,Nike,NKE,145.51356506347656,https://query2.finance.yahoo.com/v8/finance/chart/NKE,2019-01-02,65.85995483398438,220.9439186988178
2021-07-06,Nike,NKE,145.8505859375,https://query2.finance.yahoo.com/v8/finance/chart/NKE,2019-01-02,65.85995483398438,221.4556422110385
2021-07-07,Nike,NKE,145.89614868164062,https://query2.finance.yahoo.com/v8/finance/chart/NKE,2019-01-02,65.85995483398438,221.5248234673201
2021-07-08,Nike,NKE,146.3242950439453,https://query2.finance.yahoo.com/v8/finance/chart/NKE,2019-01-02,65.85995483398438,222.17490949210392
2021-07-09,Nike,NKE,146.6613311767578,https://query2.finance.yahoo.com/v8/finance/chart/NKE,2019-01-02,65.85995483398438,222.68665617286325
2021-07-12,Nike,NKE,147.40830993652344,https://query2.finance.yahoo.com/v8/finance/chart/NKE,2019-01-02,65.85995483398438,223.82084881184784
2021-07-13,Nike,NKE,147.1987762451172,https://query2.finance.yahoo.com/v8/finance/chart/NKE,2019-01-02,65.85995483398438,223.50269843969159
2021-07-14,Nike,NKE,147.15322875976562,https://query2.finance.yahoo.com/v8/finance/chart/NKE,2019-01-02,65.85995483398438,223.43354035194864
2021-07-15,Nike,NKE,147.28988647460938,https://query2.finance.yahoo.com/v8/finance/chart/NKE,2019-01-02,65.85995483398438,223.64103778371614
2021-07-16,Nike,NKE,145.6137237548828,https://query2.finance.yahoo.com/v8/finance/chart/NKE,2019-01-02,65.85995483398438,221.09599698623649
2021-07-19,Nike,NKE,143.81011962890625,https://query2.finance.yahoo.com/v8/finance/chart/NKE,2019-01-02,65.85995483398438,218.35745255430822
2021-07-20,Nike,NKE,145.51356506347656,https://query2.finance.yahoo.com/v8/finance/chart/NKE,2019-01-02,65.85995483398438,220.9439186988178
2021-07-21,Nike,NKE,146.7342071533203,https://query2.finance.yahoo.com/v8/finance/chart/NKE,2019-01-02,65.85995483398438,222.797309113252
2021-07-22,Nike,NKE,149.10263061523438,https://query2.finance.yahoo.com/v8/finance/chart/NKE,2019-01-02,65.85995483398438,226.39346017027023
2021-07-23,Nike,NKE,151.54396057128906,https://query2.finance.yahoo.com/v8/finance/chart/NKE,2019-01-02,65.85995483398438,230.10031050475442
2021-07-26,Nike,NKE,150.38710021972656,https://query2.finance.yahoo.com/v8/finance/chart/NKE,2019-01-02,65.85995483398438,228.343764581699
2021-07-27,Nike,NKE,149.9134063720703,https://query2.finance.yahoo.com/v8/finance/chart/NKE,2019-01-02,65.85995483398438,227.62452046917218
2021-07-28,Nike,NKE,150.72409057617188,https://query2.finance.yahoo.com/v8/finance/chart/NKE,2019-01-02,65.85995483398438,228.85544175684248
2021-07-29,Nike,NKE,152.11788940429688,https://query2.finance.yahoo.com/v8/finance/chart/NKE,2019-01-02,65.85995483398438,230.97174874739295
2021-07-30,Nike,NKE,152.591552734375,https://query2.finance.yahoo.com/v8/finance/chart/NKE,2019-01-02,65.85995483398438,231.69094652284255
2021-08-02,Nike,NKE,153.7211151123047,https://query2.finance.yahoo.com/v8/finance/chart/NKE,2019-01-02,65.85995483398438,233.40604393032942
2021-08-03,Nike,NKE,155.980224609375,https://query2.finance.yahoo.com/v8/finance/chart/NKE,2019-01-02,65.85995483398438,236.83621557676454
2021-08-04,Nike,NKE,156.59970092773438,https://query2.finance.yahoo.com/v8/finance/chart/NKE,2019-01-02,65.85995483398438,237.77681190714605
2021-08-05,Nike,NKE,158.3668975830078,https://query2.finance.yahoo.com/v8/finance/chart/NKE,2019-01-02,65.85995483398438,240.4600762059572
2021-08-06,Nike,NKE,157.41043090820312,https://query2.finance.yahoo.com/v8/finance/chart/NKE,2019-01-02,65.85995483398438,239.0078027004322
2021-08-09,Nike,NKE,156.47213745117188,https://query2.finance.yahoo.com/v8/finance/chart/NKE,2019-01-02,65.85995483398438,237.58312292438856
2021-08-10,Nike,NKE,156.9276123046875,https://query2.finance.yahoo.com/v8/finance/chart/NKE,2019-01-02,65.85995483398438,238.27470380181816
2021-08-11,Nike,NKE,156.01670837402344,https://query2.finance.yahoo.com/v8/finance/chart/NKE,2019-01-02,65.85995483398438,236.89161155257474
2021-08-12,Nike,NKE,155.44281005859375,https://query2.finance.yahoo.com/v8/finance/chart/NKE,2019-01-02,65.85995483398438,236.02021964701342
2021-08-13,Nike,NKE,156.39926147460938,https://query2.finance.yahoo.com/v8/finance/chart/NKE,2019-01-02,65.85995483398438,237.47246998399982
2021-08-16,Nike,NKE,157.00961303710938,https://query2.finance.yahoo.com/v8/finance/chart/NKE,2019-01-02,65.85995483398438,238.3992115282941
2021-08-17,Nike,NKE,155.4610137939453,https://query2.finance.yahoo.com/v8/finance/chart/NKE,2019-01-02,65.85995483398438,236.047859713572
2021-08-18,Nike,NKE,153.7757568359375,https://query2.finance.yahoo.com/v8/finance/chart/NKE,2019-01-02,65.85995483398438,233.48901046708238
2021-08-19,Nike,NKE,150.84251403808594,https://query2.finance.yahoo.com/v8/finance/chart/NKE,2019-01-02,65.85995483398438,229.03525278497418
2021-08-20,Nike,NKE,152.84658813476562,https://query2.finance.yahoo.com/v8/finance/chart/NKE,2019-01-02,65.85995483398438,232.07818547712594
2021-08-23,Nike,NKE,154.60475158691406,https://query2.finance.yahoo.com/v8/finance/chart/NKE,2019-01-02,65.85995483398438,234.7477340010815
2021-08-24,Nike,NKE,154.84156799316406,https://query2.finance.yahoo.com/v8/finance/chart/NKE,2019-01-02,65.85995483398438,235.1073097202677
2021-08-25,Nike,NKE,154.71401977539062,https://query2.finance.yahoo.com/v8/finance/chart/NKE,2019-01-02,65.85995483398438,234.9136439060488
2021-08-26,Nike,NKE,152.05413818359375,https://query2.finance.yahoo.com/v8/finance/chart/NKE,2019-01-02,65.85995483398438,230.87495059309143
2021-08-27,Nike,NKE,152.90721130371094,https://query2.finance.yahoo.com/v8/finance/chart/NKE,2019-01-02,65.85995483398438,232.17023408101298
2021-08-30,Nike,NKE,153.31784057617188,https://query2.finance.yahoo.com/v8/finance/chart/NKE,2019-01-02,65.85995483398438,232.79372262347556
2021-08-31,Nike,NKE,150.31588745117188,https://query2.finance.yahoo.com/v8/finance/chart/NKE,2019-01-02,65.85995483398438,228.23563701201846
2021-09-01,Nike,NKE,150.15162658691406,https://query2.finance.yahoo.com/v8/finance/chart/NKE,2019-01-02,65.85995483398438,227.98622769391025
2021-09-02,Nike,NKE,149.3395538330078,https://query2.finance.yahoo.com/v8/finance/chart/NKE,2019-01-02,65.85995483398438,226.75319806922667
2021-09-03,Nike,NKE,148.99285888671875,https://query2.finance.yahoo.com/v8/finance/chart/NKE,2019-01-02,65.85995483398438,226.2267857035289
2021-09-07,Nike,NKE,148.39976501464844,https://query2.finance.yahoo.com/v8/finance/chart/NKE,2019-01-02,65.85995483398438,225.3262477763995
2021-09-08,Nike,NKE,146.6387481689453,https://query2.finance.yahoo.com/v8/finance/chart/NKE,2019-01-02,65.85995483398438,222.65236673572437
2021-09-09,Nike,NKE,149.03846740722656,https://query2.finance.yahoo.com/v8/finance/chart/NKE,2019-01-02,65.85995483398438,226.29603646542628
2021-09-10,Nike,NKE,149.26657104492188,https://query2.finance.yahoo.com/v8/finance/chart/NKE,2019-01-02,65.85995483398438,226.64238294906767
2021-09-13,Nike,NKE,145.55294799804688,https://query2.finance.yahoo.com/v8/finance/chart/NKE,2019-01-02,65.85995483398438,221.00371669696338
2021-09-14,Nike,NKE,144.85948181152344,https://query2.finance.yahoo.com/v8/finance/chart/NKE,2019-01-02,65.85995483398438,219.9507761228748
2021-09-15,Nike,NKE,144.0839385986328,https://query2.finance.yahoo.com/v8/finance/chart/NKE,2019-01-02,65.85995483398438,218.77321197961726
2021-09-16,Nike,NKE,143.8010711669922,https://query2.finance.yahoo.com/v8/finance/chart/NKE,2019-01-02,65.85995483398438,218.34371361091405
2021-09-17,Nike,NKE,142.724365234375,https://query2.finance.yahoo.com/v8/finance/chart/NKE,2019-01-02,65.85995483398438,216.70887202116307
2021-09-20,Nike,NKE,140.74436950683594,https://query2.finance.yahoo.com/v8/finance/chart/NKE,2019-01-02,65.85995483398438,213.70249928293373
2021-09-21,Nike,NKE,141.4469451904297,https://query2.finance.yahoo.com/v8/finance/chart/NKE,2019-01-02,65.85995483398438,214.7692714745709
2021-09-22,Nike,NKE,143.65504455566406,https://query2.finance.yahoo.com/v8/finance/chart/NKE,2019-01-02,65.85995483398438,218.12199069644163
2021-09-23,Nike,NKE,145.60772705078125,https://query2.finance.yahoo.com/v8/finance/chart/NKE,2019-01-02,65.85995483398438,221.0868917505638
2021-09-24,Nike,NKE,136.4923858642578,https://query2.finance.yahoo.com/v8/finance/chart/NKE,2019-01-02,65.85995483398438,207.24640065168467
2021-09-27,Nike,NKE,135.07806396484375,https://query2.finance.yahoo.com/v8/finance/chart/NKE,2019-01-02,65.85995483398438,205.0989319767073
2021-09-28,Nike,NKE,132.57801818847656,https://query2.finance.yahoo.com/v8/finance/chart/NKE,2019-01-02,65.85995483398438,201.30292910566197
2021-09-29,Nike,NKE,133.23495483398438,https://query2.finance.yahoo.com/v8/finance/chart/NKE,2019-01-02,65.85995483398438,202.30040419832454
2021-09-30,Nike,NKE,132.5141143798828,https://query2.finance.yahoo.com/v8/finance/chart/NKE,2019-01-02,65.85995483398438,201.20589926597435
2021-10-01,Nike,NKE,134.1838836669922,https://query2.finance.yahoo.com/v8/finance/chart/NKE,2019-01-02,65.85995483398438,203.7412324457775
2021-10-04,Nike,NKE,134.25689697265625,https://query2.finance.yahoo.com/v8/finance/chart/NKE,2019-01-02,65.85995483398438,203.85209390301372
2021-10-05,Nike,NKE,136.37376403808594,https://query2.finance.yahoo.com/v8/finance/chart/NKE,2019-01-02,65.85995483398438,207.06628843255106
2021-10-06,Nike,NKE,135.77151489257812,https://query2.finance.yahoo.com/v8/finance/chart/NKE,2019-01-02,65.85995483398438,206.15184938225727
2021-10-07,Nike,NKE,138.5544891357422,https://query2.finance.yahoo.com/v8/finance/chart/NKE,2019-01-02,65.85995483398438,210.37744329616018
2021-10-08,Nike,NKE,139.1293487548828,https://query2.finance.yahoo.com/v8/finance/chart/NKE,2019-01-02,65.85995483398438,211.2502948196538
2021-10-11,Nike,NKE,137.12196350097656,https://query2.finance.yahoo.com/v8/finance/chart/NKE,2019-01-02,65.85995483398438,208.20233455462423
2021-10-12,Nike,NKE,139.9231719970703,https://query2.finance.yahoo.com/v8/finance/chart/NKE,2019-01-02,65.85995483398438,212.45561487216295
2021-10-13,Nike,NKE,142.61485290527344,https://query2.finance.yahoo.com/v8/finance/chart/NKE,2019-01-02,65.85995483398438,216.54259141957806
2021-10-14,Nike,NKE,143.38133239746094,https://query2.finance.yahoo.com/v8/finance/chart/NKE,2019-01-02,65.85995483398438,217.70639345090285
2021-10-15,Nike,NKE,144.17515563964844,https://query2.finance.yahoo.com/v8/finance/chart/NKE,2019-01-02,65.85995483398438,218.91171350341202
2021-10-18,Nike,NKE,145.4707794189453,https://query2.finance.yahoo.com/v8/finance/chart/NKE,2019-01-02,65.85995483398438,220.87895411656277
2021-10-19,Nike,NKE,144.00177001953125,https://query2.finance.yahoo.com/v8/finance/chart/NKE,2019-01-02,65.85995483398438,218.64844939921662
2021-10-20,Nike,NKE,144.57662963867188,https://query2.finance.yahoo.com/v8/finance/chart/NKE,2019-01-02,65.85995483398438,219.52130092271022
2021-10-21,Nike,NKE,147.9800262451172,https://query2.finance.yahoo.com/v8/finance/chart/NKE,2019-01-02,65.85995483398438,224.6889276163883
2021-10-22,Nike,NKE,149.1662139892578,https://query2.finance.yahoo.com/v8/finance/chart/NKE,2019-01-02,65.85995483398438,226.49000347064708
2021-10-25,Nike,NKE,149.84141540527344,https://query2.finance.yahoo.com/v8/finance/chart/NKE,2019-01-02,65.85995483398438,227.51521130402267
2021-10-26,Nike,NKE,149.44903564453125,https://query2.finance.yahoo.com/v8/finance/chart/NKE,2019-01-02,65.85995483398438,226.91943233373445
2021-10-27,Nike,NKE,148.13519287109375,https://query2.finance.yahoo.com/v8/finance/chart/NKE,2019-01-02,65.85995483398438,224.92452848548652
2021-10-28,Nike,NKE,150.06044006347656,https://query2.finance.yahoo.com/v8/finance/chart/NKE,2019-01-02,65.85995483398438,227.84777250719267
2021-10-29,Nike,NKE,152.64260864257812,https://query2.finance.yahoo.com/v8/finance/chart/NKE,2019-01-02,65.85995483398438,231.76846845302276
2021-11-01,Nike,NKE,151.76666259765625,https://query2.finance.yahoo.com/v8/finance/chart/NKE,2019-01-02,65.85995483398438,230.4384553257288
2021-11-02,Nike,NKE,153.1353302001953,https://query2.finance.yahoo.com/v8/finance/chart/NKE,2019-01-02,65.85995483398438,232.51660373319297
2021-11-03,Nike,NKE,157.396484375,https://query2.finance.yahoo.com/v8/finance/chart/NKE,2019-01-02,65.85995483398438,238.98662665614506
2021-11-04,Nike,NKE,160.0790557861328,https://query2.finance.yahoo.com/v8/finance/chart/NKE,2019-01-02,65.85995483398438,243.05977158601158
2021-11-05,Nike,NKE,161.9677734375,https://query2.finance.yahoo.com/v8/finance/chart/NKE,2019-01-02,65.85995483398438,245.9275501262917
2021-11-08,Nike,NKE,156.80335998535156,https://query2.finance.yahoo.com/v8/finance/chart/NKE,2019-01-02,65.85995483398438,238.08604239193846
2021-11-09,Nike,NKE,158.6008758544922,https://query2.finance.yahoo.com/v8/finance/chart/NKE,2019-01-02,65.85995483398438,240.81534257696242
2021-11-10,Nike,NKE,153.52767944335938,https://query2.finance.yahoo.com/v8/finance/chart/NKE,2019-01-02,65.85995483398438,233.11233636640395
2021-11-11,Nike,NKE,152.35064697265625,https://query2.finance.yahoo.com/v8/finance/chart/NKE,2019-01-02,65.85995483398438,231.3251616353096
2021-11-12,Nike,NKE,154.28501892089844,https://query2.finance.yahoo.com/v8/finance/chart/NKE,2019-01-02,65.85995483398438,234.26226044310295
2021-11-15,Nike,NKE,154.0660400390625,https://query2.finance.yahoo.com/v8/finance/chart/NKE,2019-01-02,65.85995483398438,233.92976874554876
2021-11-16,Nike,NKE,156.78512573242188,https://query2.finance.yahoo.com/v8/finance/chart/NKE,2019-01-02,65.85995483398438,238.05835598830268
2021-11-17,Nike,NKE,156.70298767089844,https://query2.finance.yahoo.com/v8/finance/chart/NKE,2019-01-02,65.85995483398438,237.93363974497927
2021-11-18,Nike,NKE,156.34710693359375,https://query2.finance.yahoo.com/v8/finance/chart/NKE,2019-01-02,65.85995483398438,237.39327991903986
2021-11-19,Nike,NKE,159.5680694580078,https://query2.finance.yahoo.com/v8/finance/chart/NKE,2019-01-02,65.85995483398438,242.28390356512838
2021-11-22,Nike,NKE,158.9840850830078,https://query2.finance.yahoo.com/v8/finance/chart/NKE,2019-01-02,65.85995483398438,241.39719725554758
2021-11-23,Nike,NKE,157.0771026611328,https://query2.finance.yahoo.com/v8/finance/chart/NKE,2019-01-02,65.85995483398438,238.50168597455445
2021-11-24,Nike,NKE,156.9676055908203,https://query2.finance.yahoo.com/v8/finance/chart/NKE,2019-01-02,65.85995483398438,238.33542854150807
2021-11-26,Nike,NKE,153.3087158203125,https://query2.finance.yahoo.com/v8/finance/chart/NKE,2019-01-02,65.85995483398438,232.77986783738837
2021-11-29,Nike,NKE,154.99671936035156,https://query2.finance.yahoo.com/v8/finance/chart/NKE,2019-01-02,65.85995483398438,235.3428874208273
2021-11-30,Nike,NKE,154.421875,https://query2.finance.yahoo.com/v8/finance/chart/NKE,2019-01-02,65.85995483398438,234.47005906587233
2021-12-01,Nike,NKE,152.10430908203125,https://query2.finance.yahoo.com/v8/finance/chart/NKE,2019-01-02,65.85995483398438,230.9511287480324
2021-12-02,Nike,NKE,155.1153564453125,https://query2.finance.yahoo.com/v8/finance/chart/NKE,2019-01-02,65.85995483398438,235.52302280849952
2021-12-03,Nike,NKE,155.613525390625,https://query2.finance.yahoo.com/v8/finance/chart/NKE,2019-01-02,65.85995483398438,236.27942925695254
2021-12-06,Nike,NKE,154.3977508544922,https://query2.finance.yahoo.com/v8/finance/chart/NKE,2019-01-02,65.85995483398438,234.4334296063341
2021-12-07,Nike,NKE,156.57330322265625,https://query2.finance.yahoo.com/v8/finance/chart/NKE,2019-01-02,65.85995483398438,237.73673033535533
2021-12-08,Nike,NKE,155.62266540527344,https://query2.finance.yahoo.com/v8/finance/chart/NKE,2019-01-02,65.85995483398438,236.29330721157834
2021-12-09,Nike,NKE,153.65740966796875,https://query2.finance.yahoo.com/v8/finance/chart/NKE,2019-01-02,65.85995483398438,233.3093152816437
2021-12-10,Nike,NKE,154.5348663330078,https://query2.finance.yahoo.com/v8/finance/chart/NKE,2019-01-02,65.85995483398438,234.64162209425982
2021-12-13,Nike,NKE,152.50563049316406,https://query2.finance.yahoo.com/v8/finance/chart/NKE,2019-01-02,65.85995483398438,231.5604844819445
2021-12-14,Nike,NKE,151.1893310546875,https://query2.finance.yahoo.com/v8/finance/chart/NKE,2019-01-02,65.85995483398438,229.56185049898082
2021-12-15,Nike,NKE,149.81825256347656,https://query2.finance.yahoo.com/v8/finance/chart/NKE,2019-01-02,65.85995483398438,227.4800414624167
2021-12-16,Nike,NKE,148.73959350585938,https://query2.finance.yahoo.com/v8/finance/chart/NKE,2019-01-02,65.85995483398438,225.84223429972397
2021-12-17,Nike,NKE,147.4964599609375,https://query2.finance.yahoo.com/v8/finance/chart/NKE,2019-01-02,65.85995483398438,223.95469345938255
2021-12-20,Nike,NKE,143.49276733398438,https://query2.finance.yahoo.com/v8/finance/chart/NKE,2019-01-02,65.85995483398438,217.87559328835238
2021-12-21,Nike,NKE,152.31365966796875,https://query2.finance.yahoo.com/v8/finance/chart/NKE,2019-01-02,65.85995483398438,231.26900109772535
2021-12-22,Nike,NKE,151.22593688964844,https://query2.finance.yahoo.com/v8/finance/chart/NKE,2019-01-02,65.85995483398438,229.61743182309988
2021-12-23,Nike,NKE,151.43617248535156,https://query2.finance.yahoo.com/v8/finance/chart/NKE,2019-01-02,65.85995483398438,229.93664794803203
2021-12-27,Nike,NKE,153.1820526123047,https://query2.finance.yahoo.com/v8/finance/chart/NKE,2019-01-02,65.85995483398438,232.58754579840868
2021-12-28,Nike,NKE,152.1217041015625,https://query2.finance.yahoo.com/v8/finance/chart/NKE,2019-01-02,65.85995483398438,230.9775408820448
2021-12-29,Nike,NKE,154.2790069580078,https://query2.finance.yahoo.com/v8/finance/chart/NKE,2019-01-02,65.85995483398438,234.25313203889164
2021-12-30,Nike,NKE,153.09979248046875,https://query2.finance.yahoo.com/v8/finance/chart/NKE,2019-01-02,65.85995483398438,232.46264420677642
2021-12-31,Nike,NKE,152.35025024414062,https://query2.finance.yahoo.com/v8/finance/chart/NKE,2019-01-02,65.85995483398438,231.3245592533058
2022-01-03,Nike,NKE,150.52207946777344,https://query2.finance.yahoo.com/v8/finance/chart/NKE,2019-01-02,65.85995483398438,228.54871347421968
2022-01-04,Nike,NKE,152.09429931640625,https://query2.finance.yahoo.com/v8/finance/chart/NKE,2019-01-02,65.85995483398438,230.93593018670597
2022-01-05,Nike,NKE,148.3099822998047,https://query2.finance.yahoo.com/v8/finance/chart/NKE,2019-01-02,65.85995483398438,225.1899240952338
2022-01-06,Nike,NKE,147.2039337158203,https://query2.finance.yahoo.com/v8/finance/chart/NKE,2019-01-02,65.85995483398438,223.5105294057409
2022-01-07,Nike,NKE,143.483642578125,https://query2.finance.yahoo.com/v8/finance/chart/NKE,2019-01-02,65.85995483398438,217.86173850226518
2022-01-10,Nike,NKE,137.51466369628906,https://query2.finance.yahoo.com/v8/finance/chart/NKE,2019-01-02,65.85995483398438,208.7986000642232
2022-01-11,Nike,NKE,137.38670349121094,https://query2.finance.yahoo.com/v8/finance/chart/NKE,2019-01-02,65.85995483398438,208.60430869946188
2022-01-12,Nike,NKE,139.13259887695312,https://query2.finance.yahoo.com/v8/finance/chart/NKE,2019-01-02,65.85995483398438,211.25522971837714
2022-01-13,Nike,NKE,136.7377166748047,https://query2.finance.yahoo.com/v8/finance/chart/NKE,2019-01-02,65.85995483398438,207.61890441541374
2022-01-14,Nike,NKE,135.44883728027344,https://query2.finance.yahoo.com/v8/finance/chart/NKE,2019-01-02,65.85995483398438,205.66190429632746
2022-01-18,Nike,NKE,134.3245086669922,https://query2.finance.yahoo.com/v8/finance/chart/NKE,2019-01-02,65.85995483398438,203.95475369758293
2022-01-19,Nike,NKE,132.64259338378906,https://query2.finance.yahoo.com/v8/finance/chart/NKE,2019-01-02,65.85995483398438,201.40097836104832
2022-01-20,Nike,NKE,130.4671173095703,https://query2.finance.yahoo.com/v8/finance/chart/NKE,2019-01-02,65.85995483398438,198.0977934747201
2022-01-21,Nike,NKE,130.6681365966797,https://query2.finance.yahoo.com/v8/finance/chart/NKE,2019-01-02,65.85995483398438,198.40301580233344
2022-01-24,Nike,NKE,133.45614624023438,https://query2.finance.yahoo.com/v8/finance/chart/NKE,2019-01-02,65.85995483398438,202.6362553339768
2022-01-25,Nike,NKE,132.98080444335938,https://query2.finance.yahoo.com/v8/finance/chart/NKE,2019-01-02,65.85995483398438,201.9145090192804
2022-01-26,Nike,NKE,131.61886596679688,https://query2.finance.yahoo.com/v8/finance/chart/NKE,2019-01-02,65.85995483398438,199.8465779373421
2022-01-27,Nike,NKE,132.21298217773438,https://query2.finance.yahoo.com/v8/finance/chart/NKE,2019-01-02,65.85995483398438,200.74866815655815
2022-01-28,Nike,NKE,133.37387084960938,https://query2.finance.yahoo.com/v8/finance/chart/NKE,2019-01-02,65.85995483398438,202.51133057380594
2022-01-31,Nike,NKE,135.34829711914062,https://query2.finance.yahoo.com/v8/finance/chart/NKE,2019-01-02,65.85995483398438,205.50924679544357
2022-02-01,Nike,NKE,135.4853973388672,https://query2.finance.yahoo.com/v8/finance/chart/NKE,2019-01-02,65.85995483398438,205.71741611483068
2022-02-02,Nike,NKE,135.9332733154297,https://query2.finance.yahoo.com/v8/finance/chart/NKE,2019-01-02,65.85995483398438,206.39745906003387
2022-02-03,Nike,NKE,132.82540893554688,https://query2.finance.yahoo.com/v8/finance/chart/NKE,2019-01-02,65.85995483398438,201.67856062210308
2022-02-04,Nike,NKE,132.89854431152344,https://query2.finance.yahoo.com/v8/finance/chart/NKE,2019-01-02,65.85995483398438,201.78960742764812
2022-02-07,Nike,NKE,132.67002868652344,https://query2.finance.yahoo.com/v8/finance/chart/NKE,2019-01-02,65.85995483398438,201.44263539346434
2022-02-08,Nike,NKE,131.1983642578125,https://query2.finance.yahoo.com/v8/finance/chart/NKE,2019-01-02,65.85995483398438,199.20809935040052
2022-02-09,Nike,NKE,133.69383239746094,https://query2.finance.yahoo.com/v8/finance/chart/NKE,2019-01-02,65.85995483398438,202.99715165986362
2022-02-10,Nike,NKE,132.37750244140625,https://query2.finance.yahoo.com/v8/finance/chart/NKE,2019-01-02,65.85995483398438,200.9984713398227
2022-02-11,Nike,NKE,128.1361541748047,https://query2.finance.yahoo.com/v8/finance/chart/NKE,2019-01-02,65.85995483398438,194.55852117998293
2022-02-14,Nike,NKE,129.42501831054688,https://query2.finance.yahoo.com/v8/finance/chart/NKE,2019-01-02,65.85995483398438,196.51549813053063
2022-02-15,Nike,NKE,133.07223510742188,https://query2.finance.yahoo.com/v8/finance/chart/NKE,2019-01-02,65.85995483398438,202.0533349026157
2022-02-16,Nike,NKE,133.904052734375,https://query2.finance.yahoo.com/v8/finance/chart/NKE,2019-01-02,65.85995483398438,203.31634461625717
2022-02-17,Nike,NKE,130.5310821533203,https://query2.finance.yahoo.com/v8/finance/chart/NKE,2019-01-02,65.85995483398438,198.19491598856214
2022-02-18,Nike,NKE,130.6681365966797,https://query2.finance.yahoo.com/v8/finance/chart/NKE,2019-01-02,65.85995483398438,198.40301580233344
2022-02-22,Nike,NKE,126.31714630126952,https://query2.finance.yahoo.com/v8/finance/chart/NKE,2019-01-02,65.85995483398438,191.7965881083305
2022-02-23,Nike,NKE,125.07398223876952,https://query2.finance.yahoo.com/v8/finance/chart/NKE,2019-01-02,65.85995483398438,189.90900093091184
2022-02-24,Nike,NKE,125.38479614257812,https://query2.finance.yahoo.com/v8/finance/chart/NKE,2019-01-02,65.85995483398438,190.38093247807444
2022-02-25,Nike,NKE,126.8747329711914,https://query2.finance.yahoo.com/v8/finance/chart/NKE,2019-01-02,65.85995483398438,192.64321284612058
2022-02-28,Nike,NKE,124.81805419921876,https://query2.finance.yahoo.com/v8/finance/chart/NKE,2019-01-02,65.85995483398438,189.52040661712
2022-03-01,Nike,NKE,120.86005401611328,https://query2.finance.yahoo.com/v8/finance/chart/NKE,2019-01-02,65.85995483398438,183.51068463494954
2022-03-02,Nike,NKE,124.02278900146484,https://query2.finance.yahoo.com/v8/finance/chart/NKE,2019-01-02,65.85995483398438,188.3128971377124
2022-03-03,Nike,NKE,122.45970916748048,https://query2.finance.yahoo.com/v8/finance/chart/NKE,2019-01-02,65.85995483398438,185.93955837985192
2022-03-04,Nike,NKE,120.18304443359376,https://query2.finance.yahoo.com/v8/finance/chart/NKE,2019-01-02,65.85995483398438,182.48273132974904
2022-03-07,Nike,NKE,114.00807189941406,https://query2.finance.yahoo.com/v8/finance/chart/NKE,2019-01-02,65.85995483398438,173.10681762050768
2022-03-08,Nike,NKE,111.04884338378906,https://query2.finance.yahoo.com/v8/finance/chart/NKE,2019-01-02,65.85995483398438,168.61360391715115
2022-03-09,Nike,NKE,116.30764770507812,https://query2.finance.yahoo.com/v8/finance/chart/NKE,2019-01-02,65.85995483398438,176.59843223132953
2022-03-10,Nike,NKE,115.46476745605467,https://query2.finance.yahoo.com/v8/finance/chart/NKE,2019-01-02,65.85995483398438,175.31862532719765
2022-03-11,Nike,NKE,112.3498077392578,https://query2.finance.yahoo.com/v8/finance/chart/NKE,2019-01-02,65.85995483398438,170.58895351881444
2022-03-14,Nike,NKE,107.7139892578125,https://query2.finance.yahoo.com/v8/finance/chart/NKE,2019-01-02,65.85995483398438,163.5500502988973
2022-03-15,Nike,NKE,109.39058685302734,https://query2.finance.yahoo.com/v8/finance/chart/NKE,2019-01-02,65.85995483398438,166.09575139972725
2022-03-16,Nike,NKE,114.69519805908205,https://query2.finance.yahoo.com/v8/finance/chart/NKE,2019-01-02,65.85995483398438,174.15013166680492
2022-03-17,Nike,NKE,116.72908020019533,https://query2.finance.yahoo.com/v8/finance/chart/NKE,2019-01-02,65.85995483398438,177.23832409912615
2022-03-18,Nike,NKE,120.23802185058594,https://query2.finance.yahoo.com/v8/finance/chart/NKE,2019-01-02,65.85995483398438,182.56620757435132
2022-03-21,Nike,NKE,119.27604675292967,https://query2.finance.yahoo.com/v8/finance/chart/NKE,2019-01-02,65.85995483398438,181.10557022638903
2022-03-22,Nike,NKE,121.9329071044922,https://query2.finance.yahoo.com/v8/finance/chart/NKE,2019-01-02,65.85995483398438,185.1396761687022
2022-03-23,Nike,NKE,121.85047149658205,https://query2.finance.yahoo.com/v8/finance/chart/NKE,2019-01-02,65.85995483398438,185.01450813887595
2022-03-24,Nike,NKE,121.00759887695312,https://query2.finance.yahoo.com/v8/finance/chart/NKE,2019-01-02,65.85995483398438,183.7347128190134
2022-03-25,Nike,NKE,122.49176788330078,https://query2.finance.yahoo.com/v8/finance/chart/NKE,2019-01-02,65.85995483398438,185.98823547946594
2022-03-28,Nike,NKE,123.50873565673828,https://query2.finance.yahoo.com/v8/finance/chart/NKE,2019-01-02,65.85995483398438,187.53237224056912
2022-03-29,Nike,NKE,127.47575378417967,https://query2.finance.yahoo.com/v8/finance/chart/NKE,2019-01-02,65.85995483398438,193.55578682905647
2022-03-30,Nike,NKE,126.9260482788086,https://query2.finance.yahoo.com/v8/finance/chart/NKE,2019-01-02,65.85995483398438,192.72112864145714
2022-03-31,Nike,NKE,123.27970123291016,https://query2.finance.yahoo.com/v8/finance/chart/NKE,2019-01-02,65.85995483398438,187.1846124760727
2022-04-01,Nike,NKE,122.32688903808594,https://query2.finance.yahoo.com/v8/finance/chart/NKE,2019-01-02,65.85995483398438,185.73788783554414
2022-04-04,Nike,NKE,123.07816314697266,https://query2.finance.yahoo.com/v8/finance/chart/NKE,2019-01-02,65.85995483398438,186.8786024181467
2022-04-05,Nike,NKE,121.20914459228516,https://query2.finance.yahoo.com/v8/finance/chart/NKE,2019-01-02,65.85995483398438,184.04073446120867
2022-04-06,Nike,NKE,117.59944915771484,https://query2.finance.yahoo.com/v8/finance/chart/NKE,2019-01-02,65.85995483398438,178.55986912555912
2022-04-07,Nike,NKE,118.53395080566406,https://query2.finance.yahoo.com/v8/finance/chart/NKE,2019-01-02,65.85995483398438,179.97879151975883
2022-04-08,Nike,NKE,117.40705108642578,https://query2.finance.yahoo.com/v8/finance/chart/NKE,2019-01-02,65.85995483398438,178.26773702225896
2022-04-11,Nike,NKE,114.50279998779295,https://query2.finance.yahoo.com/v8/finance/chart/NKE,2019-01-02,65.85995483398438,173.8579995635047
2022-04-12,Nike,NKE,114.55775451660156,https://query2.finance.yahoo.com/v8/finance/chart/NKE,2019-01-02,65.85995483398438,173.94144105529912
2022-04-13,Nike,NKE,116.80236053466795,https://query2.finance.yahoo.com/v8/finance/chart/NKE,2019-01-02,65.85995483398438,177.34959100578794
2022-04-14,Nike,NKE,122.27191162109376,https://query2.finance.yahoo.com/v8/finance/chart/NKE,2019-01-02,65.85995483398438,185.65441159094186
2022-04-18,Nike,NKE,120.5953369140625,https://query2.finance.yahoo.com/v8/finance/chart/NKE,2019-01-02,65.85995483398438,183.1087452429198
2022-04-19,Nike,NKE,125.56097412109376,https://query2.finance.yahoo.com/v8/finance/chart/NKE,2019-01-02,65.85995483398438,190.64843642483504
2022-04-20,Nike,NKE,124.47986602783205,https://query2.finance.yahoo.com/v8/finance/chart/NKE,2019-01-02,65.85995483398438,189.00691071169584
2022-04-21,Nike,NKE,124.10425567626952,https://query2.finance.yahoo.com/v8/finance/chart/NKE,2019-01-02,65.85995483398438,188.43659396533707
2022-04-22,Nike,NKE,118.24993133544922,https://query2.finance.yahoo.com/v8/finance/chart/NKE,2019-01-02,65.85995483398438,179.54754392639077
2022-04-25,Nike,NKE,117.21466064453124,https://query2.finance.yahoo.com/v8/finance/chart/NKE,2019-01-02,65.85995483398438,177.97561650322805
2022-04-26,Nike,NKE,110.41667938232422,https://query2.finance.yahoo.com/v8/finance/chart/NKE,2019-01-02,65.85995483398438,167.65374294691765
2022-04-27,Nike,NKE,111.07632446289062,https://query2.finance.yahoo.com/v8/finance/chart/NKE,2019-01-02,65.85995483398438,168.65533045518302
2022-04-28,Nike,NKE,116.39925384521484,https://query2.finance.yahoo.com/v8/finance/chart/NKE,2019-01-02,65.85995483398438,176.7375245528588
2022-04-29,Nike,NKE,114.24626922607422,https://query2.finance.yahoo.com/v8/finance/chart/NKE,2019-01-02,65.85995483398438,173.46849009243783
2022-05-02,Nike,NKE,115.5105972290039,https://query2.finance.yahoo.com/v8/finance/chart/NKE,2019-01-02,65.85995483398438,175.38821203290487
2022-05-03,Nike,NKE,112.56051635742188,https://query2.finance.yahoo.com/v8/finance/chart/NKE,2019-01-02,65.85995483398438,170.9088878684435
2022-05-04,Nike,NKE,115.49226379394533,https://query2.finance.yahoo.com/v8/finance/chart/NKE,2019-01-02,65.85995483398438,175.36037503376818
2022-05-05,Nike,NKE,108.68512725830078,https://query2.finance.yahoo.com/v8/finance/chart/NKE,2019-01-02,65.85995483398438,165.02460035429328
2022-05-06,Nike,NKE,104.8921890258789,https://query2.finance.yahoo.com/v8/finance/chart/NKE,2019-01-02,65.85995483398438,159.26550403850797
2022-05-09,Nike,NKE,101.88713836669922,https://query2.finance.yahoo.com/v8/finance/chart/NKE,2019-01-02,65.85995483398438,154.70271521371356
2022-05-10,Nike,NKE,100.31133270263672,https://query2.finance.yahoo.com/v8/finance/chart/NKE,2019-01-02,65.85995483398438,152.31005389465452
2022-05-11,Nike,NKE,98.87295532226562,https://query2.finance.yahoo.com/v8/finance/chart/NKE,2019-01-02,65.85995483398438,150.12606001856264
2022-05-12,Nike,NKE,98.85462951660156,https://query2.finance.yahoo.com/v8/finance/chart/NKE,2019-01-02,65.85995483398438,150.0982346036952
2022-05-13,Nike,NKE,103.5362548828125,https://query2.finance.yahoo.com/v8/finance/chart/NKE,2019-01-02,65.85995483398438,157.20668977651164
2022-05-16,Nike,NKE,103.16062927246094,https://query2.finance.yahoo.com/v8/finance/chart/NKE,2019-01-02,65.85995483398438,156.63634986161432
2022-05-17,Nike,NKE,106.18397521972656,https://query2.finance.yahoo.com/v8/finance/chart/NKE,2019-01-02,65.85995483398438,161.22691776419896
2022-05-18,Nike,NKE,100.20140838623048,https://query2.finance.yahoo.com/v8/finance/chart/NKE,2019-01-02,65.85995483398438,152.14314774252713
2022-05-19,Nike,NKE,97.51702117919922,https://query2.finance.yahoo.com/v8/finance/chart/NKE,2019-01-02,65.85995483398438,148.0672457565663
2022-05-20,Nike,NKE,98.94625091552734,https://query2.finance.yahoo.com/v8/finance/chart/NKE,2019-01-02,65.85995483398438,150.23735009376307
2022-05-23,Nike,NKE,99.5234146118164,https://query2.finance.yahoo.com/v8/finance/chart/NKE,2019-01-02,65.85995483398438,151.11370006658638
2022-05-24,Nike,NKE,98.29576873779295,https://query2.finance.yahoo.com/v8/finance/chart/NKE,2019-01-02,65.85995483398438,149.24967529293139
2022-05-25,Nike,NKE,99.12946319580078,https://query2.finance.yahoo.com/v8/finance/chart/NKE,2019-01-02,65.85995483398438,150.51553473682162
2022-05-26,Nike,NKE,103.47211456298828,https://query2.finance.yahoo.com/v8/finance/chart/NKE,2019-01-02,65.85995483398438,157.1093008244756
2022-05-27,Nike,NKE,106.26642608642578,https://query2.finance.yahoo.com/v8/finance/chart/NKE,2019-01-02,65.85995483398438,161.35210896256382
2022-05-31,Nike,NKE,108.88668060302734,https://query2.finance.yahoo.com/v8/finance/chart/NKE,2019-01-02,65.85995483398438,165.33063358075788
2022-06-01,Nike,NKE,108.73092651367188,https://query2.finance.yahoo.com/v8/finance/chart/NKE,2019-01-02,65.85995483398438,165.09414072292327
2022-06-02,Nike,NKE,113.06442260742188,https://query2.finance.yahoo.com/v8/finance/chart/NKE,2019-01-02,65.85995483398438,171.67400568741286
2022-06-03,Nike,NKE,111.08517456054688,https://query2.finance.yahoo.com/v8/finance/chart/NKE,2019-01-02,65.85995483398438,168.66876820757528
2022-06-06,Nike,NKE,110.42388916015624,https://query2.finance.yahoo.com/v8/finance/chart/NKE,2019-01-02,65.85995483398438,167.6646900814096
2022-06-07,Nike,NKE,111.74645233154295,https://query2.finance.yahoo.com/v8/finance/chart/NKE,2019-01-02,65.85995483398438,169.6728347494716
2022-06-08,Nike,NKE,112.41691589355467,https://query2.finance.yahoo.com/v8/finance/chart/NKE,2019-01-02,65.85995483398438,170.6908487516096
2022-06-09,Nike,NKE,108.92684173583984,https://query2.finance.yahoo.com/v8/finance/chart/NKE,2019-01-02,65.85995483398438,165.39161317437245
2022-06-10,Nike,NKE,105.37247467041016,https://query2.finance.yahoo.com/v8/finance/chart/NKE,2019-01-02,65.85995483398438,159.99475695971316
2022-06-13,Nike,NKE,101.43238830566406,https://query2.finance.yahoo.com/v8/finance/chart/NKE,2019-01-02,65.85995483398438,154.01223484186778
2022-06-14,Nike,NKE,101.68955993652344,https://query2.finance.yahoo.com/v8/finance/chart/NKE,2019-01-02,65.85995483398438,154.40271739155617
2022-06-15,Nike,NKE,104.18770599365234,https://query2.finance.yahoo.com/v8/finance/chart/NKE,2019-01-02,65.85995483398438,158.19583577954486
2022-06-16,Nike,NKE,98.38317108154295,https://query2.finance.yahoo.com/v8/finance/chart/NKE,2019-01-02,65.85995483398438,149.38238468207433
2022-06-17,Nike,NKE,98.58522033691406,https://query2.finance.yahoo.com/v8/finance/chart/NKE,2019-01-02,65.85995483398438,149.68917088604368
2022-06-21,Nike,NKE,99.81593322753906,https://query2.finance.yahoo.com/v8/finance/chart/NKE,2019-01-02,65.85995483398438,151.55785253595874
2022-06-22,Nike,NKE,96.36260986328124,https://query2.finance.yahoo.com/v8/finance/chart/NKE,2019-01-02,65.85995483398438,146.31441838395733
2022-06-23,Nike,NKE,99.19139862060548,https://query2.finance.yahoo.com/v8/finance/chart/NKE,2019-01-02,65.85995483398438,150.60957583502892
2022-06-24,Nike,NKE,103.70093536376952,https://query2.finance.yahoo.com/v8/finance/chart/NKE,2019-01-02,65.85995483398438,157.45673622943153
2022-06-27,Nike,NKE,101.48748016357422,https://query2.finance.yahoo.com/v8/finance/chart/NKE,2019-01-02,65.85995483398438,154.09588485050963
2022-06-28,Nike,NKE,94.39714813232422,https://query2.finance.yahoo.com/v8/finance/chart/NKE,2019-01-02,65.85995483398438,143.33011367875153
2022-06-29,Nike,NKE,94.82879638671876,https://query2.finance.yahoo.com/v8/finance/chart/NKE,2019-01-02,65.85995483398438,143.9855168831458
2022-06-30,Nike,NKE,93.86443328857422,https://query2.finance.yahoo.com/v8/finance/chart/NKE,2019-01-02,65.85995483398438,142.52125365889145
2022-07-01,Nike,NKE,92.9276351928711,https://query2.finance.yahoo.com/v8/finance/chart/NKE,2019-01-02,65.85995483398438,141.09884439963133
2022-07-05,Nike,NKE,95.81153869628906,https://query2.finance.yahoo.com/v8/finance/chart/NKE,2019-01-02,65.85995483398438,145.47768661215264
2022-07-06,Nike,NKE,95.72889709472656,https://query2.finance.yahoo.com/v8/finance/chart/NKE,2019-01-02,65.85995483398438,145.35220580705519
2022-07-07,Nike,NKE,99.31079864501952,https://query2.finance.yahoo.com/v8/finance/chart/NKE,2019-01-02,65.85995483398438,150.79086964963142
2022-07-08,Nike,NKE,99.12709045410156,https://query2.finance.yahoo.com/v8/finance/chart/NKE,2019-01-02,65.85995483398438,150.51193202906816
2022-07-11,Nike,NKE,96.537109375,https://query2.finance.yahoo.com/v8/finance/chart/NKE,2019-01-02,65.85995483398438,146.5793737914711
2022-07-12,Nike,NKE,95.29721069335938,https://query2.finance.yahoo.com/v8/finance/chart/NKE,2019-01-02,65.85995483398438,144.69674468131444
2022-07-13,Nike,NKE,96.537109375,https://query2.finance.yahoo.com/v8/finance/chart/NKE,2019-01-02,65.85995483398438,146.5793737914711
2022-07-14,Nike,NKE,94.8012466430664,https://query2.finance.yahoo.com/v8/finance/chart/NKE,2019-01-02,65.85995483398438,143.94368608669018
2022-07-15,Nike,NKE,96.16053771972656,https://query2.finance.yahoo.com/v8/finance/chart/NKE,2019-01-02,65.85995483398438,146.00759742718012
2022-07-18,Nike,NKE,95.46253967285156,https://query2.finance.yahoo.com/v8/finance/chart/NKE,2019-01-02,65.85995483398438,144.94777579712516
2022-07-19,Nike,NKE,100.28434753417967,https://query2.finance.yahoo.com/v8/finance/chart/NKE,2019-01-02,65.85995483398438,152.26908033412738
2022-07-20,Nike,NKE,102.04773712158205,https://query2.finance.yahoo.com/v8/finance/chart/NKE,2019-01-02,65.85995483398438,154.94656408255602
2022-07-21,Nike,NKE,102.51614379882812,https://query2.finance.yahoo.com/v8/finance/chart/NKE,2019-01-02,65.85995483398438,155.65778029645534
2022-07-22,Nike,NKE,100.22003936767578,https://query2.finance.yahoo.com/v8/finance/chart/NKE,2019-01-02,65.85995483398438,152.17143652816668
2022-07-25,Nike,NKE,100.3669891357422,https://query2.finance.yahoo.com/v8/finance/chart/NKE,2019-01-02,65.85995483398438,152.39456113922486
2022-07-26,Nike,NKE,96.61976623535156,https://query2.finance.yahoo.com/v8/finance/chart/NKE,2019-01-02,65.85995483398438,146.70487776510717
2022-07-27,Nike,NKE,99.06282043457033,https://query2.finance.yahoo.com/v8/finance/chart/NKE,2019-01-02,65.85995483398438,150.41434614445402
2022-07-28,Nike,NKE,103.07640075683594,https://query2.finance.yahoo.com/v8/finance/chart/NKE,2019-01-02,65.85995483398438,156.5084595285017
2022-07-29,Nike,NKE,105.54698944091795,https://query2.finance.yahoo.com/v8/finance/chart/NKE,2019-01-02,65.85995483398438,160.2597355357655
2022-08-01,Nike,NKE,104.97756958007812,https://query2.finance.yahoo.com/v8/finance/chart/NKE,2019-01-02,65.85995483398438,159.39514359628544
2022-08-02,Nike,NKE,102.65389251708984,https://query2.finance.yahoo.com/v8/finance/chart/NKE,2019-01-02,65.85995483398438,155.86693427873328
2022-08-03,Nike,NKE,104.9591827392578,https://query2.finance.yahoo.com/v8/finance/chart/NKE,2019-01-02,65.85995483398438,159.36722550726356
2022-08-04,Nike,NKE,105.14288330078124,https://query2.finance.yahoo.com/v8/finance/chart/NKE,2019-01-02,65.85995483398438,159.64615154355752
2022-08-05,Nike,NKE,104.58262634277344,https://query2.finance.yahoo.com/v8/finance/chart/NKE,2019-01-02,65.85995483398438,158.7954723115112
2022-08-08,Nike,NKE,104.70203399658205,https://query2.finance.yahoo.com/v8/finance/chart/NKE,2019-01-02,65.85995483398438,158.9767777103831
2022-08-09,Nike,NKE,101.1292953491211,https://query2.finance.yahoo.com/v8/finance/chart/NKE,2019-01-02,65.85995483398438,153.55202657524052
2022-08-10,Nike,NKE,103.91216278076172,https://query2.finance.yahoo.com/v8/finance/chart/NKE,2019-01-02,65.85995483398438,157.7774583093732
2022-08-11,Nike,NKE,104.79387664794922,https://query2.finance.yahoo.com/v8/finance/chart/NKE,2019-01-02,65.85995483398438,159.11622914426076
2022-08-12,Nike,NKE,106.60319519042967,https://query2.finance.yahoo.com/v8/finance/chart/NKE,2019-01-02,65.85995483398438,161.86345019389748
2022-08-15,Nike,NKE,106.83279418945312,https://query2.finance.yahoo.com/v8/finance/chart/NKE,2019-01-02,65.85995483398438,162.2120671943224
2022-08-16,Nike,NKE,108.43089294433594,https://query2.finance.yahoo.com/v8/finance/chart/NKE,2019-01-02,65.85995483398438,164.6385777482868
2022-08-17,Nike,NKE,107.49410247802734,https://query2.finance.yahoo.com/v8/finance/chart/NKE,2019-01-02,65.85995483398438,163.216180073296
2022-08-18,Nike,NKE,106.548095703125,https://query2.finance.yahoo.com/v8/finance/chart/NKE,2019-01-02,65.85995483398438,161.77978860098634
2022-08-19,Nike,NKE,103.93054962158205,https://query2.finance.yahoo.com/v8/finance/chart/NKE,2019-01-02,65.85995483398438,157.80537639839508
2022-08-22,Nike,NKE,101.3405303955078,https://query2.finance.yahoo.com/v8/finance/chart/NKE,2019-01-02,65.85995483398438,153.87276023945145
2022-08-23,Nike,NKE,101.65281677246094,https://query2.finance.yahoo.com/v8/finance/chart/NKE,2019-01-02,65.85995483398438,154.34692755058967
2022-08-24,Nike,NKE,102.32328033447266,https://query2.finance.yahoo.com/v8/finance/chart/NKE,2019-01-02,65.85995483398438,155.36494155272766
2022-08-25,Nike,NKE,103.9856414794922,https://query2.finance.yahoo.com/v8/finance/chart/NKE,2019-01-02,65.85995483398438,157.88902640703697
2022-08-26,Nike,NKE,99.44853973388672,https://query2.finance.yahoo.com/v8/finance/chart/NKE,2019-01-02,65.85995483398438,151.00001204764007
2022-08-29,Nike,NKE,99.0811767578125,https://query2.finance.yahoo.com/v8/finance/chart/NKE,2019-01-02,65.85995483398438,150.44221789639863
2022-08-30,Nike,NKE,99.06282043457033,https://query2.finance.yahoo.com/v8/finance/chart/NKE,2019-01-02,65.85995483398438,150.41434614445402
2022-08-31,Nike,NKE,97.76780700683594,https://query2.finance.yahoo.com/v8/finance/chart/NKE,2019-01-02,65.85995483398438,148.44803227284754
2022-09-01,Nike,NKE,97.8045425415039,https://query2.finance.yahoo.com/v8/finance/chart/NKE,2019-01-02,65.85995483398438,148.50381052954475
2022-09-02,Nike,NKE,97.3946762084961,https://query2.finance.yahoo.com/v8/finance/chart/NKE,2019-01-02,65.85995483398438,147.88148041401251
2022-09-06,Nike,NKE,96.85123443603516,https://query2.finance.yahoo.com/v8/finance/chart/NKE,2019-01-02,65.85995483398438,147.05633291151148
2022-09-07,Nike,NKE,99.9184341430664,https://query2.finance.yahoo.com/v8/finance/chart/NKE,2019-01-02,65.85995483398438,151.71348719405364
2022-09-08,Nike,NKE,100.14868927001952,https://query2.finance.yahoo.com/v8/finance/chart/NKE,2019-01-02,65.85995483398438,152.06310044163865
2022-09-09,Nike,NKE,102.21190643310548,https://query2.finance.yahoo.com/v8/finance/chart/NKE,2019-01-02,65.85995483398438,155.19583438943258
2022-09-12,Nike,NKE,103.51061248779295,https://query2.finance.yahoo.com/v8/finance/chart/NKE,2019-01-02,65.85995483398438,157.16775504738195
2022-09-13,Nike,NKE,97.37625122070312,https://query2.finance.yahoo.com/v8/finance/chart/NKE,2019-01-02,65.85995483398438,147.85350440364414
2022-09-14,Nike,NKE,98.5552215576172,https://query2.finance.yahoo.com/v8/finance/chart/NKE,2019-01-02,65.85995483398438,149.64362153914166
2022-09-15,Nike,NKE,97.17361450195312,https://query2.finance.yahoo.com/v8/finance/chart/NKE,2019-01-02,65.85995483398438,147.54582621093843
2022-09-16,Nike,NKE,95.90252685546876,https://query2.finance.yahoo.com/v8/finance/chart/NKE,2019-01-02,65.85995483398438,145.61584060786834
2022-09-19,Nike,NKE,98.7486572265625,https://query2.finance.yahoo.com/v8/finance/chart/NKE,2019-01-02,65.85995483398438,149.9373291030671
2022-09-20,Nike,NKE,94.33670043945312,https://query2.finance.yahoo.com/v8/finance/chart/NKE,2019-01-02,65.85995483398438,143.23833151305848
2022-09-21,Nike,NKE,91.91427612304688,https://query2.finance.yahoo.com/v8/finance/chart/NKE,2019-01-02,65.85995483398438,139.5601869979088
2022-09-22,Nike,NKE,90.77213287353516,https://query2.finance.yahoo.com/v8/finance/chart/NKE,2019-01-02,65.85995483398438,137.82598713034017
2022-09-23,Nike,NKE,89.36288452148438,https://query2.finance.yahoo.com/v8/finance/chart/NKE,2019-01-02,65.85995483398438,135.68622199444974
2022-09-26,Nike,NKE,88.4786376953125,https://query2.finance.yahoo.com/v8/finance/chart/NKE,2019-01-02,65.85995483398438,134.34360518215337
2022-09-27,Nike,NKE,88.69048309326172,https://query2.finance.yahoo.com/v8/finance/chart/NKE,2019-01-02,65.85995483398438,134.6652655879086
2022-09-28,Nike,NKE,90.9102783203125,https://query2.finance.yahoo.com/v8/finance/chart/NKE,2019-01-02,65.85995483398438,138.0357434946219
2022-09-29,Nike,NKE,87.80625915527344,https://query2.finance.yahoo.com/v8/finance/chart/NKE,2019-01-02,65.85995483398438,133.32268352842016
2022-09-30,Nike,NKE,76.55992126464844,https://query2.finance.yahoo.com/v8/finance/chart/NKE,2019-01-02,65.85995483398438,116.24654383325324
2022-10-03,Nike,NKE,78.65998077392578,https://query2.finance.yahoo.com/v8/finance/chart/NKE,2019-01-02,65.85995483398438,119.43521821751457
2022-10-04,Nike,NKE,81.64424896240234,https://query2.finance.yahoo.com/v8/finance/chart/NKE,2019-01-02,65.85995483398438,123.96645149272577
2022-10-05,Nike,NKE,83.91011047363281,https://query2.finance.yahoo.com/v8/finance/chart/NKE,2019-01-02,65.85995483398438,127.40687521749466
2022-10-06,Nike,NKE,83.05350494384766,https://query2.finance.yahoo.com/v8/finance/chart/NKE,2019-01-02,65.85995483398438,126.10622821288551
2022-10-07,Nike,NKE,80.28105926513672,https://query2.finance.yahoo.com/v8/finance/chart/NKE,2019-01-02,65.85995483398438,121.89662059062165
2022-10-10,Nike,NKE,79.84815979003906,https://query2.finance.yahoo.com/v8/finance/chart/NKE,2019-01-02,65.85995483398438,121.23931756606162
2022-10-11,Nike,NKE,81.04556274414062,https://query2.finance.yahoo.com/v8/finance/chart/NKE,2019-01-02,65.85995483398438,123.05742229619679
2022-10-12,Nike,NKE,81.5245132446289,https://query2.finance.yahoo.com/v8/finance/chart/NKE,2019-01-02,65.85995483398438,123.78464797027384
2022-10-13,Nike,NKE,82.49163818359375,https://query2.finance.yahoo.com/v8/finance/chart/NKE,2019-01-02,65.85995483398438,125.25310470001608
2022-10-14,Nike,NKE,80.6402816772461,https://query2.finance.yahoo.com/v8/finance/chart/NKE,2019-01-02,65.85995483398438,122.44205432651607
2022-10-17,Nike,NKE,82.86927795410156,https://query2.finance.yahoo.com/v8/finance/chart/NKE,2019-01-02,65.85995483398438,125.82650286200958
2022-10-18,Nike,NKE,82.60218048095703,https://query2.finance.yahoo.com/v8/finance/chart/NKE,2019-01-02,65.85995483398438,125.42094917795708
2022-10-19,Nike,NKE,81.57978057861328,https://query2.finance.yahoo.com/v8/finance/chart/NKE,2019-01-02,65.85995483398438,123.86856441710968
2022-10-20,Nike,NKE,79.97711181640625,https://query2.finance.yahoo.com/v8/finance/chart/NKE,2019-01-02,65.85995483398438,121.43511488583239
2022-10-21,Nike,NKE,81.51530456542969,https://query2.finance.yahoo.com/v8/finance/chart/NKE,2019-01-02,65.85995483398438,123.7706657572243
2022-10-24,Nike,NKE,81.06397247314453,https://query2.finance.yahoo.com/v8/finance/chart/NKE,2019-01-02,65.85995483398438,123.08537513802656
2022-10-25,Nike,NKE,84.48117065429688,https://query2.finance.yahoo.com/v8/finance/chart/NKE,2019-01-02,65.85995483398438,128.27395777487502
2022-10-26,Nike,NKE,85.0982894897461,https://query2.finance.yahoo.com/v8/finance/chart/NKE,2019-01-02,65.85995483398438,129.2109745660417
2022-10-27,Nike,NKE,83.39429473876953,https://query2.finance.yahoo.com/v8/finance/chart/NKE,2019-01-02,65.85995483398438,126.62367435414224
2022-10-28,Nike,NKE,86.42465209960938,https://query2.finance.yahoo.com/v8/finance/chart/NKE,2019-01-02,65.85995483398438,131.22488820021695
2022-10-31,Nike,NKE,85.36540222167969,https://query2.finance.yahoo.com/v8/finance/chart/NKE,2019-01-02,65.85995483398438,129.61655141863278
2022-11-01,Nike,NKE,86.36936950683594,https://query2.finance.yahoo.com/v8/finance/chart/NKE,2019-01-02,65.85995483398438,131.1409485848425
2022-11-02,Nike,NKE,83.1732406616211,https://query2.finance.yahoo.com/v8/finance/chart/NKE,2019-01-02,65.85995483398438,126.28803173533744
2022-11-03,Nike,NKE,83.2653579711914,https://query2.finance.yahoo.com/v8/finance/chart/NKE,2019-01-02,65.85995483398438,126.42790020291007
2022-11-04,Nike,NKE,88.2299575805664,https://query2.finance.yahoo.com/v8/finance/chart/NKE,2019-01-02,65.85995483398438,133.96601592419995
2022-11-07,Nike,NKE,86.0654296875,https://query2.finance.yahoo.com/v8/finance/chart/NKE,2019-01-02,65.85995483398438,130.67945446432253
2022-11-08,Nike,NKE,86.3509521484375,https://query2.finance.yahoo.com/v8/finance/chart/NKE,2019-01-02,65.85995483398438,131.11298415874342
2022-11-09,Nike,NKE,84.83116912841797,https://query2.finance.yahoo.com/v8/finance/chart/NKE,2019-01-02,65.85995483398438,128.80538612918127
2022-11-10,Nike,NKE,91.63793182373048,https://query2.finance.yahoo.com/v8/finance/chart/NKE,2019-01-02,65.85995483398438,139.1405931794603
2022-11-11,Nike,NKE,97.71704864501952,https://query2.finance.yahoo.com/v8/finance/chart/NKE,2019-01-02,65.85995483398438,148.37096212917012
2022-11-14,Nike,NKE,96.15123748779295,https://query2.finance.yahoo.com/v8/finance/chart/NKE,2019-01-02,65.85995483398438,145.9934762028989
2022-11-15,Nike,NKE,98.28810119628906,https://query2.finance.yahoo.com/v8/finance/chart/NKE,2019-01-02,65.85995483398438,149.2380331022812
2022-11-16,Nike,NKE,96.9249267578125,https://query2.finance.yahoo.com/v8/finance/chart/NKE,2019-01-02,65.85995483398438,147.1682253687157
2022-11-17,Nike,NKE,97.0446548461914,https://query2.finance.yahoo.com/v8/finance/chart/NKE,2019-01-02,65.85995483398438,147.35001730689834
2022-11-18,Nike,NKE,97.09992980957033,https://query2.finance.yahoo.com/v8/finance/chart/NKE,2019-01-02,65.85995483398438,147.43394533800353
2022-11-21,Nike,NKE,95.63541412353516,https://query2.finance.yahoo.com/v8/finance/chart/NKE,2019-01-02,65.85995483398438,145.21026375527723
2022-11-22,Nike,NKE,97.60651397705078,https://query2.finance.yahoo.com/v8/finance/chart/NKE,2019-01-02,65.85995483398438,148.20312923549847
2022-11-23,Nike,NKE,98.23285675048828,https://query2.finance.yahoo.com/v8/finance/chart/NKE,2019-01-02,65.85995483398438,149.15415140825328
2022-11-25,Nike,NKE,97.5973129272461,https://query2.finance.yahoo.com/v8/finance/chart/NKE,2019-01-02,65.85995483398438,148.18915860671822
2022-11-28,Nike,NKE,96.67623138427734,https://query2.finance.yahoo.com/v8/finance/chart/NKE,2019-01-02,65.85995483398438,146.79061294222367
2022-11-29,Nike,NKE,97.86441802978516,https://query2.finance.yahoo.com/v8/finance/chart/NKE,2019-01-02,65.85995483398438,148.59472387504002
2022-11-30,Nike,NKE,101.0329360961914,https://query2.finance.yahoo.com/v8/finance/chart/NKE,2019-01-02,65.85995483398438,153.40571725393505
2022-12-01,Nike,NKE,102.34085083007812,https://query2.finance.yahoo.com/v8/finance/chart/NKE,2019-01-02,65.85995483398438,155.39162012493404
2022-12-02,Nike,NKE,103.66203308105467,https://query2.finance.yahoo.com/v8/finance/chart/NKE,2019-01-02,65.85995483398438,157.39766804025206
2022-12-05,Nike,NKE,101.27837371826172,https://query2.finance.yahoo.com/v8/finance/chart/NKE,2019-01-02,65.85995483398438,153.7783831974344
2022-12-06,Nike,NKE,99.71696472167967,https://query2.finance.yahoo.com/v8/finance/chart/NKE,2019-01-02,65.85995483398438,151.40758139455139
2022-12-07,Nike,NKE,100.08654022216795,https://query2.finance.yahoo.com/v8/finance/chart/NKE,2019-01-02,65.85995483398438,151.9687349838909
2022-12-08,Nike,NKE,102.88597106933594,https://query2.finance.yahoo.com/v8/finance/chart/NKE,2019-01-02,65.85995483398438,156.2193161666819
2022-12-09,Nike,NKE,101.09357452392578,https://query2.finance.yahoo.com/v8/finance/chart/NKE,2019-01-02,65.85995483398438,153.4977890263607
2022-12-12,Nike,NKE,103.54192352294922,https://query2.finance.yahoo.com/v8/finance/chart/NKE,2019-01-02,65.85995483398438,157.21529688860429
2022-12-13,Nike,NKE,104.26255798339844,https://query2.finance.yahoo.com/v8/finance/chart/NKE,2019-01-02,65.85995483398438,158.30948904568325
2022-12-14,Nike,NKE,102.9690933227539,https://query2.finance.yahoo.com/v8/finance/chart/NKE,2019-01-02,65.85995483398438,156.34552678074547
2022-12-15,Nike,NKE,100.2528305053711,https://query2.finance.yahoo.com/v8/finance/chart/NKE,2019-01-02,65.85995483398438,152.2212257176339
2022-12-16,Nike,NKE,97.88764190673828,https://query2.finance.yahoo.com/v8/finance/chart/NKE,2019-01-02,65.85995483398438,148.6299863908004
2022-12-19,Nike,NKE,95.20831298828124,https://query2.finance.yahoo.com/v8/finance/chart/NKE,2019-01-02,65.85995483398438,144.56176477538793
2022-12-20,Nike,NKE,95.3561553955078,https://query2.finance.yahoo.com/v8/finance/chart/NKE,2019-01-02,65.85995483398438,144.78624474595463
2022-12-21,Nike,NKE,106.96961975097656,https://query2.finance.yahoo.com/v8/finance/chart/NKE,2019-01-02,65.85995483398438,162.41981948001458
2022-12-22,Nike,NKE,107.82884216308594,https://query2.finance.yahoo.com/v8/finance/chart/NKE,2019-01-02,65.85995483398438,163.7244398889949
2022-12-23,Nike,NKE,107.40384674072266,https://query2.finance.yahoo.com/v8/finance/chart/NKE,2019-01-02,65.85995483398438,163.07913816743346
2022-12-27,Nike,NKE,108.61415100097656,https://query2.finance.yahoo.com/v8/finance/chart/NKE,2019-01-02,65.85995483398438,164.91683189696116
2022-12-28,Nike,NKE,106.2304916381836,https://query2.finance.yahoo.com/v8/finance/chart/NKE,2019-01-02,65.85995483398438,161.29754705414348
2022-12-29,Nike,NKE,108.42015838623048,https://query2.finance.yahoo.com/v8/finance/chart/NKE,2019-01-02,65.85995483398438,164.62227868137654
2022-12-30,Nike,NKE,108.10601043701172,https://query2.finance.yahoo.com/v8/finance/chart/NKE,2019-01-02,65.85995483398438,164.14528480852826
2023-01-03,Nike,NKE,109.713623046875,https://query2.finance.yahoo.com/v8/finance/chart/NKE,2019-01-02,65.85995483398438,166.58624094631432
2023-01-04,Nike,NKE,111.98641967773438,https://query2.finance.yahoo.com/v8/finance/chart/NKE,2019-01-02,65.85995483398438,170.03719477188025
2023-01-05,Nike,NKE,111.44131469726562,https://query2.finance.yahoo.com/v8/finance/chart/NKE,2019-01-02,65.85995483398438,169.209521898671
2023-01-06,Nike,NKE,115.05377197265624,https://query2.finance.yahoo.com/v8/finance/chart/NKE,2019-01-02,65.85995483398438,174.6945807398085
2023-01-09,Nike,NKE,115.34942626953124,https://query2.finance.yahoo.com/v8/finance/chart/NKE,2019-01-02,65.85995483398438,175.14349434386463
2023-01-10,Nike,NKE,116.26408386230467,https://query2.finance.yahoo.com/v8/finance/chart/NKE,2019-01-02,65.85995483398438,176.53228605360547
2023-01-11,Nike,NKE,118.20428466796876,https://query2.finance.yahoo.com/v8/finance/chart/NKE,2019-01-02,65.85995483398438,179.47823524314688
2023-01-12,Nike,NKE,118.1580810546875,https://query2.finance.yahoo.com/v8/finance/chart/NKE,2019-01-02,65.85995483398438,179.4080809082438
2023-01-13,Nike,NKE,119.04503631591795,https://query2.finance.yahoo.com/v8/finance/chart/NKE,2019-01-02,65.85995483398438,180.75481013614294
2023-01-17,Nike,NKE,118.38907623291016,https://query2.finance.yahoo.com/v8/finance/chart/NKE,2019-01-02,65.85995483398438,179.75881782995125
2023-01-18,Nike,NKE,116.80918884277344,https://query2.finance.yahoo.com/v8/finance/chart/NKE,2019-01-02,65.85995483398438,177.35995892681476
2023-01-19,Nike,NKE,115.05377197265624,https://query2.finance.yahoo.com/v8/finance/chart/NKE,2019-01-02,65.85995483398438,174.6945807398085
2023-01-20,Nike,NKE,116.9847412109375,https://query2.finance.yahoo.com/v8/finance/chart/NKE,2019-01-02,65.85995483398438,177.62651296349242
2023-01-23,Nike,NKE,118.52764892578124,https://query2.finance.yahoo.com/v8/finance/chart/NKE,2019-01-02,65.85995483398438,179.96922291331396
2023-01-24,Nike,NKE,117.17877197265624,https://query2.finance.yahoo.com/v8/finance/chart/NKE,2019-01-02,65.85995483398438,177.92112410042353
2023-01-25,Nike,NKE,117.16950988769533,https://query2.finance.yahoo.com/v8/finance/chart/NKE,2019-01-02,65.85995483398438,177.90706079748892
2023-01-26,Nike,NKE,117.8254852294922,https://query2.finance.yahoo.com/v8/finance/chart/NKE,2019-01-02,65.85995483398438,178.90307627221924
2023-01-27,Nike,NKE,117.8254852294922,https://query2.finance.yahoo.com/v8/finance/chart/NKE,2019-01-02,65.85995483398438,178.90307627221924
2023-01-30,Nike,NKE,116.75376892089844,https://query2.finance.yahoo.com/v8/finance/chart/NKE,2019-01-02,65.85995483398438,177.27581079459284
2023-01-31,Nike,NKE,117.64070892333984,https://query2.finance.yahoo.com/v8/finance/chart/NKE,2019-01-02,65.85995483398438,178.6225168539534
2023-02-01,Nike,NKE,119.64557647705078,https://query2.finance.yahoo.com/v8/finance/chart/NKE,2019-01-02,65.85995483398438,181.66665431011273
2023-02-02,Nike,NKE,119.23906707763672,https://query2.finance.yahoo.com/v8/finance/chart/NKE,2019-01-02,65.85995483398438,181.04942127307413
2023-02-03,Nike,NKE,117.89939880371094,https://query2.finance.yahoo.com/v8/finance/chart/NKE,2019-01-02,65.85995483398438,179.01530467323326
2023-02-06,Nike,NKE,116.1624526977539,https://query2.finance.yahoo.com/v8/finance/chart/NKE,2019-01-02,65.85995483398438,176.3779720022112
2023-02-07,Nike,NKE,115.79289245605467,https://query2.finance.yahoo.com/v8/finance/chart/NKE,2019-01-02,65.85995483398438,175.81684158141027
2023-02-08,Nike,NKE,113.55706024169922,https://query2.finance.yahoo.com/v8/finance/chart/NKE,2019-01-02,65.85995483398438,172.4220135406207
2023-02-09,Nike,NKE,112.8826141357422,https://query2.finance.yahoo.com/v8/finance/chart/NKE,2019-01-02,65.85995483398438,171.39795254990622
2023-02-10,Nike,NKE,112.9288101196289,https://query2.finance.yahoo.com/v8/finance/chart/NKE,2019-01-02,65.85995483398438,171.46809530053997
2023-02-13,Nike,NKE,115.62660217285156,https://query2.finance.yahoo.com/v8/finance/chart/NKE,2019-01-02,65.85995483398438,175.56435084766733
2023-02-14,Nike,NKE,116.5967025756836,https://query2.finance.yahoo.com/v8/finance/chart/NKE,2019-01-02,65.85995483398438,177.037325442438
2023-02-15,Nike,NKE,117.77928924560548,https://query2.finance.yahoo.com/v8/finance/chart/NKE,2019-01-02,65.85995483398438,178.83293352158546
2023-02-16,Nike,NKE,114.9151840209961,https://query2.finance.yahoo.com/v8/finance/chart/NKE,2019-01-02,65.85995483398438,174.48415248790718
2023-02-17,Nike,NKE,115.34016418457033,https://query2.finance.yahoo.com/v8/finance/chart/NKE,2019-01-02,65.85995483398438,175.12943104093003
2023-02-21,Nike,NKE,111.88478088378906,https://query2.finance.yahoo.com/v8/finance/chart/NKE,2019-01-02,65.85995483398438,169.88286913621664
2023-02-22,Nike,NKE,110.77609252929688,https://query2.finance.yahoo.com/v8/finance/chart/NKE,2019-01-02,65.85995483398438,168.19946628954463
2023-02-23,Nike,NKE,110.83153533935548,https://query2.finance.yahoo.com/v8/finance/chart/NKE,2019-01-02,65.85995483398438,168.2836491745745
2023-02-24,Nike,NKE,109.0576400756836,https://query2.finance.yahoo.com/v8/finance/chart/NKE,2019-01-02,65.85995483398438,165.59021388731472
2023-02-27,Nike,NKE,109.5103530883789,https://query2.finance.yahoo.com/v8/finance/chart/NKE,2019-01-02,65.85995483398438,166.27760125925641
2023-02-28,Nike,NKE,109.75057983398438,https://query2.finance.yahoo.com/v8/finance/chart/NKE,2019-01-02,65.85995483398438,166.64235514682136
2023-03-01,Nike,NKE,109.55655670166016,https://query2.finance.yahoo.com/v8/finance/chart/NKE,2019-01-02,65.85995483398438,166.34775559415948
2023-03-02,Nike,NKE,110.48046112060548,https://query2.finance.yahoo.com/v8/finance/chart/NKE,2019-01-02,65.85995483398438,167.7505874382964
2023-03-03,Nike,NKE,112.0555648803711,https://query2.finance.yahoo.com/v8/finance/chart/NKE,2019-01-02,65.85995483398438,170.1421830045795
2023-03-06,Nike,NKE,111.34212493896484,https://query2.finance.yahoo.com/v8/finance/chart/NKE,2019-01-02,65.85995483398438,169.05891481345387
2023-03-07,Nike,NKE,110.8047332763672,https://query2.finance.yahoo.com/v8/finance/chart/NKE,2019-01-02,65.85995483398438,168.2429536365107
2023-03-08,Nike,NKE,111.05489349365234,https://query2.finance.yahoo.com/v8/finance/chart/NKE,2019-01-02,65.85995483398438,168.622790242709
2023-03-09,Nike,NKE,109.2110824584961,https://query2.finance.yahoo.com/v8/finance/chart/NKE,2019-01-02,65.85995483398438,165.8231967115503
2023-03-10,Nike,NKE,108.8590087890625,https://query2.finance.yahoo.com/v8/finance/chart/NKE,2019-01-02,65.85995483398438,165.28861743599344
2023-03-13,Nike,NKE,108.27527618408205,https://query2.finance.yahoo.com/v8/finance/chart/NKE,2019-01-02,65.85995483398438,164.40229340729968
2023-03-14,Nike,NKE,110.2580795288086,https://query2.finance.yahoo.com/v8/finance/chart/NKE,2019-01-02,65.85995483398438,167.41292915663277
2023-03-15,Nike,NKE,109.48904418945312,https://query2.finance.yahoo.com/v8/finance/chart/NKE,2019-01-02,65.85995483398438,166.24524639509124
2023-03-16,Nike,NKE,111.78687286376952,https://query2.finance.yahoo.com/v8/finance/chart/NKE,2019-01-02,65.85995483398438,169.7342082082425
2023-03-17,Nike,NKE,111.54596710205078,https://query2.finance.yahoo.com/v8/finance/chart/NKE,2019-01-02,65.85995483398438,169.36842332070958
2023-03-20,Nike,NKE,112.29646301269533,https://query2.finance.yahoo.com/v8/finance/chart/NKE,2019-01-02,65.85995483398438,170.5079563078432
2023-03-21,Nike,NKE,116.38250732421876,https://query2.finance.yahoo.com/v8/finance/chart/NKE,2019-01-02,65.85995483398438,176.71209708173726
2023-03-22,Nike,NKE,110.72134399414062,https://query2.finance.yahoo.com/v8/finance/chart/NKE,2019-01-02,65.85995483398438,168.11633757302144
2023-03-23,Nike,NKE,112.0833740234375,https://query2.finance.yahoo.com/v8/finance/chart/NKE,2019-01-02,65.85995483398438,170.1844076661914
2023-03-24,Nike,NKE,111.84246826171876,https://query2.finance.yahoo.com/v8/finance/chart/NKE,2019-01-02,65.85995483398438,169.81862277865847
2023-03-27,Nike,NKE,109.15550994873048,https://query2.finance.yahoo.com/v8/finance/chart/NKE,2019-01-02,65.85995483398438,165.73881689394233
2023-03-28,Nike,NKE,109.2110824584961,https://query2.finance.yahoo.com/v8/finance/chart/NKE,2019-01-02,65.85995483398438,165.8231967115503
2023-03-29,Nike,NKE,111.6386260986328,https://query2.finance.yahoo.com/v8/finance/chart/NKE,2019-01-02,65.85995483398438,169.50911427140272
2023-03-30,Nike,NKE,111.27725219726562,https://query2.finance.yahoo.com/v8/finance/chart/NKE,2019-01-02,65.85995483398438,168.9604137715647
2023-03-31,Nike,NKE,113.63067626953124,https://query2.finance.yahoo.com/v8/finance/chart/NKE,2019-01-02,65.85995483398438,172.53379015513187
2023-04-03,Nike,NKE,112.73192596435548,https://query2.finance.yahoo.com/v8/finance/chart/NKE,2019-01-02,65.85995483398438,171.16915164688925
2023-04-04,Nike,NKE,114.60355377197266,https://query2.finance.yahoo.com/v8/finance/chart/NKE,2019-01-02,65.85995483398438,174.0109814239291
2023-04-05,Nike,NKE,112.01850128173828,https://query2.finance.yahoo.com/v8/finance/chart/NKE,2019-01-02,65.85995483398438,170.08590662430223
2023-04-06,Nike,NKE,111.38846588134766,https://query2.finance.yahoo.com/v8/finance/chart/NKE,2019-01-02,65.85995483398438,169.12927766520443
2023-04-10,Nike,NKE,112.95430755615234,https://query2.finance.yahoo.com/v8/finance/chart/NKE,2019-01-02,65.85995483398438,171.50680992855285
2023-04-11,Nike,NKE,114.24220275878906,https://query2.finance.yahoo.com/v8/finance/chart/NKE,2019-01-02,65.85995483398438,173.46231567689898
2023-04-12,Nike,NKE,114.57574462890624,https://query2.finance.yahoo.com/v8/finance/chart/NKE,2019-01-02,65.85995483398438,173.96875676231718
2023-04-13,Nike,NKE,117.14225006103516,https://query2.finance.yahoo.com/v8/finance/chart/NKE,2019-01-02,65.85995483398438,177.86567020326686
2023-04-14,Nike,NKE,116.69751739501952,https://query2.finance.yahoo.com/v8/finance/chart/NKE,2019-01-02,65.85995483398438,177.1903999770168
2023-04-17,Nike,NKE,116.91989135742188,https://query2.finance.yahoo.com/v8/finance/chart/NKE,2019-01-02,65.85995483398438,177.52804667441114
2023-04-18,Nike,NKE,116.93841552734376,https://query2.finance.yahoo.com/v8/finance/chart/NKE,2019-01-02,65.85995483398438,177.5561732802805
2023-04-19,Nike,NKE,116.43809509277344,https://query2.finance.yahoo.com/v8/finance/chart/NKE,2019-01-02,65.85995483398438,176.7965000678838
2023-04-20,Nike,NKE,115.30769348144533,https://query2.finance.yahoo.com/v8/finance/chart/NKE,2019-01-02,65.85995483398438,175.08012839077358
2023-04-21,Nike,NKE,116.30838012695312,https://query2.finance.yahoo.com/v8/finance/chart/NKE,2019-01-02,65.85995483398438,176.59954432118266
2023-04-24,Nike,NKE,117.75377655029295,https://query2.finance.yahoo.com/v8/finance/chart/NKE,2019-01-02,65.85995483398438,178.79419572503392
2023-04-25,Nike,NKE,115.50228881835938,https://query2.finance.yahoo.com/v8/finance/chart/NKE,2019-01-02,65.85995483398438,175.37559676363318
2023-04-26,Nike,NKE,114.74251556396484,https://query2.finance.yahoo.com/v8/finance/chart/NKE,2019-01-02,65.85995483398438,174.22197730502631
2023-04-27,Nike,NKE,116.46588134765624,https://query2.finance.yahoo.com/v8/finance/chart/NKE,2019-01-02,65.85995483398438,176.8386899766878
2023-04-28,Nike,NKE,117.41095733642578,https://query2.finance.yahoo.com/v8/finance/chart/NKE,2019-01-02,65.85995483398438,178.27366816814242
2023-05-01,Nike,NKE,118.52279663085938,https://query2.finance.yahoo.com/v8/finance/chart/NKE,2019-01-02,65.85995483398438,179.96185531803684
2023-05-02,Nike,NKE,117.9112777709961,https://query2.finance.yahoo.com/v8/finance/chart/NKE,2019-01-02,65.85995483398438,179.03334138053907
2023-05-03,Nike,NKE,117.42947387695312,https://query2.finance.yahoo.com/v8/finance/chart/NKE,2019-01-02,65.85995483398438,178.30178318974245
2023-05-04,Nike,NKE,114.5850067138672,https://query2.finance.yahoo.com/v8/finance/chart/NKE,2019-01-02,65.85995483398438,173.9828200652519
2023-05-05,Nike,NKE,117.29049682617188,https://query2.finance.yahoo.com/v8/finance/chart/NKE,2019-01-02,65.85995483398438,178.09076414010664
2023-05-08,Nike,NKE,117.55919647216795,https://query2.finance.yahoo.com/v8/finance/chart/NKE,2019-01-02,65.85995483398438,178.4987505207129
2023-05-09,Nike,NKE,115.9099578857422,https://query2.finance.yahoo.com/v8/finance/chart/NKE,2019-01-02,65.85995483398438,175.99459060960598
2023-05-10,Nike,NKE,114.43678283691406,https://query2.finance.yahoo.com/v8/finance/chart/NKE,2019-01-02,65.85995483398438,173.75776088122
2023-05-11,Nike,NKE,113.24153137207033,https://query2.finance.yahoo.com/v8/finance/chart/NKE,2019-01-02,65.85995483398438,171.94292291502848
2023-05-12,Nike,NKE,111.37918853759766,https://query2.finance.yahoo.com/v8/finance/chart/NKE,2019-01-02,65.85995483398438,169.11519119373114
2023-05-15,Nike,NKE,111.027099609375,https://query2.finance.yahoo.com/v8/finance/chart/NKE,2019-01-02,65.85995483398438,168.58058874963567
2023-05-16,Nike,NKE,107.92320251464844,https://query2.finance.yahoo.com/v8/finance/chart/NKE,2019-01-02,65.85995483398438,163.8677141317428
2023-05-17,Nike,NKE,108.386474609375,https://query2.finance.yahoo.com/v8/finance/chart/NKE,2019-01-02,65.85995483398438,164.57113413240077
2023-05-18,Nike,NKE,110.13762664794922,https://query2.finance.yahoo.com/v8/finance/chart/NKE,2019-01-02,65.85995483398438,167.23003671286628
2023-05-19,Nike,NKE,106.32955932617188,https://query2.finance.yahoo.com/v8/finance/chart/NKE,2019-01-02,65.85995483398438,161.44796879105175
2023-05-22,Nike,NKE,102.08600616455078,https://query2.finance.yahoo.com/v8/finance/chart/NKE,2019-01-02,65.85995483398438,155.00467077738324
2023-05-23,Nike,NKE,100.7888412475586,https://query2.finance.yahoo.com/v8/finance/chart/NKE,2019-01-02,65.85995483398438,153.03509014183317
2023-05-24,Nike,NKE,100.33485412597656,https://query2.finance.yahoo.com/v8/finance/chart/NKE,2019-01-02,65.85995483398438,152.34576819691776
2023-05-25,Nike,NKE,99.58436584472656,https://query2.finance.yahoo.com/v8/finance/chart/NKE,2019-01-02,65.85995483398438,151.20624679405347
2023-05-26,Nike,NKE,99.61213684082033,https://query2.finance.yahoo.com/v8/finance/chart/NKE,2019-01-02,65.85995483398438,151.2484135343189
2023-05-30,Nike,NKE,98.69486236572266,https://query2.finance.yahoo.com/v8/finance/chart/NKE,2019-01-02,65.85995483398438,149.85564842020685
2023-05-31,Nike,NKE,97.52743530273438,https://query2.finance.yahoo.com/v8/finance/chart/NKE,2019-01-02,65.85995483398438,148.08305828416584
2023-06-01,Nike,NKE,96.01718139648438,https://query2.finance.yahoo.com/v8/finance/chart/NKE,2019-01-02,65.85995483398438,145.789929006964
2023-06-02,Nike,NKE,100.19103240966795,https://query2.finance.yahoo.com/v8/finance/chart/NKE,2019-01-02,65.85995483398438,152.12739313627407
2023-06-05,Nike,NKE,97.7927017211914,https://query2.finance.yahoo.com/v8/finance/chart/NKE,2019-01-02,65.85995483398438,148.48583174358544
2023-06-06,Nike,NKE,98.71298217773438,https://query2.finance.yahoo.com/v8/finance/chart/NKE,2019-01-02,65.85995483398438,149.8831610598031
2023-06-07,Nike,NKE,99.5496063232422,https://query2.finance.yahoo.com/v8/finance/chart/NKE,2019-01-02,65.85995483398438,151.15346886310593
2023-06-08,Nike,NKE,98.72228240966795,https://query2.finance.yahoo.com/v8/finance/chart/NKE,2019-01-02,65.85995483398438,149.89728228408424
2023-06-09,Nike,NKE,98.40621948242188,https://query2.finance.yahoo.com/v8/finance/chart/NKE,2019-01-02,65.85995483398438,149.41738075964076
2023-06-12,Nike,NKE,99.30792999267578,https://query2.finance.yahoo.com/v8/finance/chart/NKE,2019-01-02,65.85995483398438,150.78651396437328
2023-06-13,Nike,NKE,99.26144409179688,https://query2.finance.yahoo.com/v8/finance/chart/NKE,2019-01-02,65.85995483398438,150.71593101150597
2023-06-14,Nike,NKE,104.91333770751952,https://query2.finance.yahoo.com/v8/finance/chart/NKE,2019-01-02,65.85995483398438,159.29761563301773
2023-06-15,Nike,NKE,104.4950180053711,https://query2.finance.yahoo.com/v8/finance/chart/NKE,2019-01-02,65.85995483398438,158.66245014709705
2023-06-16,Nike,NKE,105.5919418334961,https://query2.finance.yahoo.com/v8/finance/chart/NKE,2019-01-02,65.85995483398438,160.3279900505028
2023-06-20,Nike,NKE,101.82711029052734,https://query2.finance.yahoo.com/v8/finance/chart/NKE,2019-01-02,65.85995483398438,154.6115701828322
2023-06-21,Nike,NKE,102.2361297607422,https://query2.finance.yahoo.com/v8/finance/chart/NKE,2019-01-02,65.85995483398438,155.23261444447175
2023-06-22,Nike,NKE,102.68231964111328,https://query2.finance.yahoo.com/v8/finance/chart/NKE,2019-01-02,65.85995483398438,155.91009726615877
2023-06-23,Nike,NKE,101.80850982666016,https://query2.finance.yahoo.com/v8/finance/chart/NKE,2019-01-02,65.85995483398438,154.58332773426983
2023-06-26,Nike,NKE,103.87220764160156,https://query2.finance.yahoo.com/v8/finance/chart/NKE,2019-01-02,65.85995483398438,157.71679149102982
2023-06-27,Nike,NKE,105.61053466796876,https://query2.finance.yahoo.com/v8/finance/chart/NKE,2019-01-02,65.85995483398438,160.35622091479587
2023-06-28,Nike,NKE,105.07137298583984,https://query2.finance.yahoo.com/v8/finance/chart/NKE,2019-01-02,65.85995483398438,159.53757218737417
2023-06-29,Nike,NKE,105.3874282836914,https://query2.finance.yahoo.com/v8/finance/chart/NKE,2019-01-02,65.85995483398438,160.01746212754836
2023-06-30,Nike,NKE,102.59868621826172,https://query2.finance.yahoo.com/v8/finance/chart/NKE,2019-01-02,65.85995483398438,155.78311050605186
2023-07-03,Nike,NKE,101.42738342285156,https://query2.finance.yahoo.com/v8/finance/chart/NKE,2019-01-02,65.85995483398438,154.00463556120457
2023-07-05,Nike,NKE,99.55892181396484,https://query2.finance.yahoo.com/v8/finance/chart/NKE,2019-01-02,65.85995483398438,151.1676132559257
2023-07-06,Nike,NKE,97.69974517822266,https://query2.finance.yahoo.com/v8/finance/chart/NKE,2019-01-02,65.85995483398438,148.34468900638942
2023-07-07,Nike,NKE,97.10479736328124,https://query2.finance.yahoo.com/v8/finance/chart/NKE,2019-01-02,65.85995483398438,147.44133610181922
2023-07-10,Nike,NKE,98.33184051513672,https://query2.finance.yahoo.com/v8/finance/chart/NKE,2019-01-02,65.85995483398438,149.30444571819922
2023-07-11,Nike,NKE,99.8284912109375,https://query2.finance.yahoo.com/v8/finance/chart/NKE,2019-01-02,65.85995483398438,151.5769202432326
2023-07-12,Nike,NKE,100.17243957519533,https://query2.finance.yahoo.com/v8/finance/chart/NKE,2019-01-02,65.85995483398438,152.09916227198107
2023-07-13,Nike,NKE,100.24679565429688,https://query2.finance.yahoo.com/v8/finance/chart/NKE,2019-01-02,65.85995483398438,152.2120625606147
2023-07-14,Nike,NKE,100.34906768798828,https://query2.finance.yahoo.com/v8/finance/chart/NKE,2019-01-02,65.85995483398438,152.3673496906305
2023-07-17,Nike,NKE,101.05554962158205,https://query2.finance.yahoo.com/v8/finance/chart/NKE,2019-01-02,65.85995483398438,153.4400530281512
2023-07-18,Nike,NKE,101.9944305419922,https://query2.finance.yahoo.com/v8/finance/chart/NKE,2019-01-02,65.85995483398438,154.86562479293121
2023-07-19,Nike,NKE,102.14315795898438,https://query2.finance.yahoo.com/v8/finance/chart/NKE,2019-01-02,65.85995483398438,155.0914485387371
2023-07-20,Nike,NKE,99.9586410522461,https://query2.finance.yahoo.com/v8/finance/chart/NKE,2019-01-02,65.85995483398438,151.77453629328403
2023-07-21,Nike,NKE,101.38088989257812,https://query2.finance.yahoo.com/v8/finance/chart/NKE,2019-01-02,65.85995483398438,153.93404102406794
2023-07-24,Nike,NKE,101.11132049560548,https://query2.finance.yahoo.com/v8/finance/chart/NKE,2019-01-02,65.85995483398438,153.5247340367611
2023-07-25,Nike,NKE,100.67442321777344,https://query2.finance.yahoo.com/v8/finance/chart/NKE,2019-01-02,65.85995483398438,152.86136085508588
2023-07-26,Nike,NKE,101.60401153564452,https://query2.finance.yahoo.com/v8/finance/chart/NKE,2019-01-02,65.85995483398438,154.272822979854
2023-07-27,Nike,NKE,100.0887680053711,https://query2.finance.yahoo.com/v8/finance/chart/NKE,2019-01-02,65.85995483398438,151.9721175905276
2023-07-28,Nike,NKE,100.97188568115234,https://query2.finance.yahoo.com/v8/finance/chart/NKE,2019-01-02,65.85995483398438,153.31301993096702
2023-07-31,Nike,NKE,102.61726379394533,https://query2.finance.yahoo.com/v8/finance/chart/NKE,2019-01-02,65.85995483398438,155.81131820180633
2023-08-01,Nike,NKE,101.69696807861328,https://query2.finance.yahoo.com/v8/finance/chart/NKE,2019-01-02,65.85995483398438,154.41396571705005
2023-08-02,Nike,NKE,99.9400405883789,https://query2.finance.yahoo.com/v8/finance/chart/NKE,2019-01-02,65.85995483398438,151.74629384472166
2023-08-03,Nike,NKE,100.990478515625,https://query2.finance.yahoo.com/v8/finance/chart/NKE,2019-01-02,65.85995483398438,153.3412507952601
2023-08-04,Nike,NKE,101.14850616455078,https://query2.finance.yahoo.com/v8/finance/chart/NKE,2019-01-02,65.85995483398438,153.5811957653472
2023-08-07,Nike,NKE,102.70092010498048,https://query2.finance.yahoo.com/v8/finance/chart/NKE,2019-01-02,65.85995483398438,155.93833971472117
2023-08-08,Nike,NKE,101.96653747558594,https://query2.finance.yahoo.com/v8/finance/chart/NKE,2019-01-02,65.85995483398438,154.82327270435692
2023-08-09,Nike,NKE,101.96653747558594,https://query2.finance.yahoo.com/v8/finance/chart/NKE,2019-01-02,65.85995483398438,154.82327270435692
2023-08-10,Nike,NKE,101.35301208496094,https://query2.finance.yahoo.com/v8/finance/chart/NKE,2019-01-02,65.85995483398438,153.8917121040323
2023-08-11,Nike,NKE,100.4792022705078,https://query2.finance.yahoo.com/v8/finance/chart/NKE,2019-01-02,65.85995483398438,152.56494257214334
2023-08-14,Nike,NKE,100.0608901977539,https://query2.finance.yahoo.com/v8/finance/chart/NKE,2019-01-02,65.85995483398438,151.92978867049194
2023-08-15,Nike,NKE,99.04764556884766,https://query2.finance.yahoo.com/v8/finance/chart/NKE,2019-01-02,65.85995483398438,150.39130503280896
2023-08-16,Nike,NKE,99.02904510498048,https://query2.finance.yahoo.com/v8/finance/chart/NKE,2019-01-02,65.85995483398438,150.36306258424662
2023-08-17,Nike,NKE,97.65325164794922,https://query2.finance.yahoo.com/v8/finance/chart/NKE,2019-01-02,65.85995483398438,148.2740944692528
2023-08-18,Nike,NKE,97.43016052246094,https://query2.finance.yahoo.com/v8/finance/chart/NKE,2019-01-02,65.85995483398438,147.93535885054393
2023-08-21,Nike,NKE,95.6174545288086,https://query2.finance.yahoo.com/v8/finance/chart/NKE,2019-01-02,65.85995483398438,145.18299438533634
2023-08-22,Nike,NKE,94.31600952148438,https://query2.finance.yahoo.com/v8/finance/chart/NKE,2019-01-02,65.85995483398438,143.2069149747069
2023-08-23,Nike,NKE,91.79684448242188,https://query2.finance.yahoo.com/v8/finance/chart/NKE,2019-01-02,65.85995483398438,139.38188192478657
2023-08-24,Nike,NKE,90.7557144165039,https://query2.finance.yahoo.com/v8/finance/chart/NKE,2019-01-02,65.85995483398438,137.80105778279867
2023-08-25,Nike,NKE,91.88050079345705,https://query2.finance.yahoo.com/v8/finance/chart/NKE,2019-01-02,65.85995483398438,139.50890343770146
2023-08-28,Nike,NKE,92.6148910522461,https://query2.finance.yahoo.com/v8/finance/chart/NKE,2019-01-02,65.85995483398438,140.62398203233494
2023-08-29,Nike,NKE,94.60419464111328,https://query2.finance.yahoo.com/v8/finance/chart/NKE,2019-01-02,65.85995483398438,143.64448757911478
2023-08-30,Nike,NKE,94.91097259521484,https://query2.finance.yahoo.com/v8/finance/chart/NKE,2019-01-02,65.85995483398438,144.1102910478157
2023-08-31,Nike,NKE,94.54843139648438,https://query2.finance.yahoo.com/v8/finance/chart/NKE,2019-01-02,65.85995483398438,143.55981815477418
2023-09-01,Nike,NKE,95.47180938720705,https://query2.finance.yahoo.com/v8/finance/chart/NKE,2019-01-02,65.85995483398438,144.96185068432916
2023-09-05,Nike,NKE,93.569091796875,https://query2.finance.yahoo.com/v8/finance/chart/NKE,2019-01-02,65.85995483398438,142.07281500987673
2023-09-06,Nike,NKE,93.43851470947266,https://query2.finance.yahoo.com/v8/finance/chart/NKE,2019-01-02,65.85995483398438,141.8745502407443
2023-09-07,Nike,NKE,91.33992767333984,https://query2.finance.yahoo.com/v8/finance/chart/NKE,2019-01-02,65.85995483398438,138.68811162045856
2023-09-08,Nike,NKE,91.09742736816406,https://query2.finance.yahoo.com/v8/finance/chart/NKE,2019-01-02,65.85995483398438,138.31990562064112
2023-09-11,Nike,NKE,90.27664947509766,https://query2.finance.yahoo.com/v8/finance/chart/NKE,2019-01-02,65.85995483398438,137.07365834468206
2023-09-12,Nike,NKE,89.81963348388672,https://query2.finance.yahoo.com/v8/finance/chart/NKE,2019-01-02,65.85995483398438,136.37973744485308
2023-09-13,Nike,NKE,89.66104888916016,https://query2.finance.yahoo.com/v8/finance/chart/NKE,2019-01-02,65.85995483398438,136.1389468231068
2023-09-14,Nike,NKE,90.64971923828124,https://query2.finance.yahoo.com/v8/finance/chart/NKE,2019-01-02,65.85995483398438,137.6401175293626
2023-09-15,Nike,NKE,89.78229522705078,https://query2.finance.yahoo.com/v8/finance/chart/NKE,2019-01-02,65.85995483398438,136.32304403088088
2023-09-18,Nike,NKE,89.082763671875,https://query2.finance.yahoo.com/v8/finance/chart/NKE,2019-01-02,65.85995483398438,135.26089396269586
2023-09-19,Nike,NKE,88.2526626586914,https://query2.finance.yahoo.com/v8/finance/chart/NKE,2019-01-02,65.85995483398438,134.0004907096477
2023-09-20,Nike,NKE,87.71170043945312,https://query2.finance.yahoo.com/v8/finance/chart/NKE,2019-01-02,65.85995483398438,133.17910809467037
2023-09-21,Nike,NKE,85.42655944824219,https://query2.finance.yahoo.com/v8/finance/chart/NKE,2019-01-02,65.85995483398438,129.70941092137107
2023-09-22,Nike,NKE,84.73636627197266,https://query2.finance.yahoo.com/v8/finance/chart/NKE,2019-01-02,65.85995483398438,128.66143999881376
2023-09-25,Nike,NKE,84.503173828125,https://query2.finance.yahoo.com/v8/finance/chart/NKE,2019-01-02,65.85995483398438,128.30736680754683
2023-09-26,Nike,NKE,84.10212707519531,https://query2.finance.yahoo.com/v8/finance/chart/NKE,2019-01-02,65.85995483398438,127.69842810732965
2023-09-27,Nike,NKE,83.402587890625,https://query2.finance.yahoo.com/v8/finance/chart/NKE,2019-01-02,65.85995483398438,126.63626645487533
2023-09-28,Nike,NKE,83.59845733642578,https://query2.finance.yahoo.com/v8/finance/chart/NKE,2019-01-02,65.85995483398438,126.93366940070868
2023-09-29,Nike,NKE,89.18538665771484,https://query2.finance.yahoo.com/v8/finance/chart/NKE,2019-01-02,65.85995483398438,135.41671396909965
2023-10-02,Nike,NKE,88.19670104980469,https://query2.finance.yahoo.com/v8/finance/chart/NKE,2019-01-02,65.85995483398438,133.9155200943052
2023-10-03,Nike,NKE,88.6910400390625,https://query2.finance.yahoo.com/v8/finance/chart/NKE,2019-01-02,65.85995483398438,134.66611123956778
2023-10-04,Nike,NKE,89.43720245361328,https://query2.finance.yahoo.com/v8/finance/chart/NKE,2019-01-02,65.85995483398438,135.79906436173687
2023-10-05,Nike,NKE,89.34393310546875,https://query2.finance.yahoo.com/v8/finance/chart/NKE,2019-01-02,65.85995483398438,135.6574466694994
2023-10-06,Nike,NKE,90.57510375976562,https://query2.finance.yahoo.com/v8/finance/chart/NKE,2019-01-02,65.85995483398438,137.52682337557266
2023-10-09,Nike,NKE,90.36058044433594,https://query2.finance.yahoo.com/v8/finance/chart/NKE,2019-01-02,65.85995483398438,137.20109689129183
2023-10-10,Nike,NKE,91.05079650878906,https://query2.finance.yahoo.com/v8/finance/chart/NKE,2019-01-02,65.85995483398438,138.24910256665706
2023-10-11,Nike,NKE,92.01148223876952,https://query2.finance.yahoo.com/v8/finance/chart/NKE,2019-01-02,65.85995483398438,139.70778217310695
2023-10-12,Nike,NKE,92.57109832763672,https://query2.finance.yahoo.com/v8/finance/chart/NKE,2019-01-02,65.85995483398438,140.55748832653182
2023-10-13,Nike,NKE,93.18669128417967,https://query2.finance.yahoo.com/v8/finance/chart/NKE,2019-01-02,65.85995483398438,141.49218826383773
2023-10-16,Nike,NKE,95.17334747314452,https://query2.finance.yahoo.com/v8/finance/chart/NKE,2019-01-02,65.85995483398438,144.5086740691692
2023-10-17,Nike,NKE,96.07807159423828,https://query2.finance.yahoo.com/v8/finance/chart/NKE,2019-01-02,65.85995483398438,145.88238306027665
2023-10-18,Nike,NKE,96.78692626953124,https://query2.finance.yahoo.com/v8/finance/chart/NKE,2019-01-02,65.85995483398438,146.95868910555075
2023-10-19,Nike,NKE,96.11539459228516,https://query2.finance.yahoo.com/v8/finance/chart/NKE,2019-01-02,65.85995483398438,145.93905330571025
2023-10-20,Nike,NKE,95.76093292236328,https://query2.finance.yahoo.com/v8/finance/chart/NKE,2019-01-02,65.85995483398438,145.40084815386135
2023-10-23,Nike,NKE,95.89151763916016,https://query2.finance.yahoo.com/v8/finance/chart/NKE,2019-01-02,65.85995483398438,145.5991245072631
2023-10-24,Nike,NKE,98.10204315185548,https://query2.finance.yahoo.com/v8/finance/chart/NKE,2019-01-02,65.85995483398438,148.95552752677244
2023-10-25,Nike,NKE,96.57240295410156,https://query2.finance.yahoo.com/v8/finance/chart/NKE,2019-01-02,65.85995483398438,146.6329626212699
2023-10-26,Nike,NKE,93.28927612304688,https://query2.finance.yahoo.com/v8/finance/chart/NKE,2019-01-02,65.85995483398438,141.64795034889502
2023-10-27,Nike,NKE,91.38656616210938,https://query2.finance.yahoo.com/v8/finance/chart/NKE,2019-01-02,65.85995483398438,138.75892625871194
2023-10-30,Nike,NKE,94.94949340820312,https://query2.finance.yahoo.com/v8/finance/chart/NKE,2019-01-02,65.85995483398438,144.16878002352996
2023-10-31,Nike,NKE,95.85421752929688,https://query2.finance.yahoo.com/v8/finance/chart/NKE,2019-01-02,65.85995483398438,145.54248901463743
2023-11-01,Nike,NKE,94.09139251708984,https://query2.finance.yahoo.com/v8/finance/chart/NKE,2019-01-02,65.85995483398438,142.8658625021373
2023-11-02,Nike,NKE,98.00877380371094,https://query2.finance.yahoo.com/v8/finance/chart/NKE,2019-01-02,65.85995483398438,148.81390983453494
2023-11-03,Nike,NKE,99.85554504394533,https://query2.finance.yahoo.com/v8/finance/chart/NKE,2019-01-02,65.85995483398438,151.61799806218346
2023-11-06,Nike,NKE,100.03274536132812,https://query2.finance.yahoo.com/v8/finance/chart/NKE,2019-01-02,65.85995483398438,151.88705430103067
2023-11-07,Nike,NKE,102.0007553100586,https://query2.finance.yahoo.com/v8/finance/chart/NKE,2019-01-02,65.85995483398438,154.87522815218392
2023-11-08,Nike,NKE,102.02872467041016,https://query2.finance.yahoo.com/v8/finance/chart/NKE,2019-01-02,65.85995483398438,154.91769608345123
2023-11-09,Nike,NKE,99.79957580566406,https://query2.finance.yahoo.com/v8/finance/chart/NKE,2019-01-02,65.85995483398438,151.53301586257163
2023-11-10,Nike,NKE,98.96945190429688,https://query2.finance.yahoo.com/v8/finance/chart/NKE,2019-01-02,65.85995483398438,150.27257785671557
2023-11-13,Nike,NKE,97.18798065185548,https://query2.finance.yahoo.com/v8/finance/chart/NKE,2019-01-02,65.85995483398438,147.56763939003727
2023-11-14,Nike,NKE,98.6336898803711,https://query2.finance.yahoo.com/v8/finance/chart/NKE,2019-01-02,65.85995483398438,149.76276574892995
2023-11-15,Nike,NKE,100.56438446044922,https://query2.finance.yahoo.com/v8/finance/chart/NKE,2019-01-02,65.85995483398438,152.69428093891892
2023-11-16,Nike,NKE,100.36852264404295,https://query2.finance.yahoo.com/v8/finance/chart/NKE,2019-01-02,65.85995483398438,152.39688957735487
2023-11-17,Nike,NKE,98.82955169677734,https://query2.finance.yahoo.com/v8/finance/chart/NKE,2019-01-02,65.85995483398438,150.060157110494
2023-11-20,Nike,NKE,99.16532135009766,https://query2.finance.yahoo.com/v8/finance/chart/NKE,2019-01-02,65.85995483398438,150.5699808025489
2023-11-21,Nike,NKE,99.37984466552734,https://query2.finance.yahoo.com/v8/finance/chart/NKE,2019-01-02,65.85995483398438,150.89570728682975
2023-11-22,Nike,NKE,100.6576690673828,https://query2.finance.yahoo.com/v8/finance/chart/NKE,2019-01-02,65.85995483398438,152.83592179969497
2023-11-24,Nike,NKE,100.39649963378906,https://query2.finance.yahoo.com/v8/finance/chart/NKE,2019-01-02,65.85995483398438,152.43936909289147
2023-11-27,Nike,NKE,100.6949691772461,https://query2.finance.yahoo.com/v8/finance/chart/NKE,2019-01-02,65.85995483398438,152.8925572923207
2023-11-28,Nike,NKE,101.43180847167967,https://query2.finance.yahoo.com/v8/finance/chart/NKE,2019-01-02,65.85995483398438,154.01135443740066
2023-11-29,Nike,NKE,102.94278717041016,https://query2.finance.yahoo.com/v8/finance/chart/NKE,2019-01-02,65.85995483398438,156.30558422018638
2023-11-30,Nike,NKE,102.84952545166016,https://query2.finance.yahoo.com/v8/finance/chart/NKE,2019-01-02,65.85995483398438,156.16397811221822
2023-12-01,Nike,NKE,106.19985961914062,https://query2.finance.yahoo.com/v8/finance/chart/NKE,2019-01-02,65.85995483398438,161.2510362128892
2023-12-04,Nike,NKE,107.76270294189452,https://query2.finance.yahoo.com/v8/finance/chart/NKE,2019-01-02,65.85995483398438,163.62401585840126
2023-12-05,Nike,NKE,108.00602722167967,https://query2.finance.yahoo.com/v8/finance/chart/NKE,2019-01-02,65.85995483398438,163.99347295930352
2023-12-06,Nike,NKE,108.6611099243164,https://query2.finance.yahoo.com/v8/finance/chart/NKE,2019-01-02,65.85995483398438,164.9881330745253
2023-12-07,Nike,NKE,107.44452667236328,https://query2.finance.yahoo.com/v8/finance/chart/NKE,2019-01-02,65.85995483398438,163.14090549136068
2023-12-08,Nike,NKE,108.47395324707033,https://query2.finance.yahoo.com/v8/finance/chart/NKE,2019-01-02,65.85995483398438,164.7039593642368
2023-12-11,Nike,NKE,111.00074005126952,https://query2.finance.yahoo.com/v8/finance/chart/NKE,2019-01-02,65.85995483398438,168.54056509919144
2023-12-12,Nike,NKE,111.96466827392578,https://query2.finance.yahoo.com/v8/finance/chart/NKE,2019-01-02,65.85995483398438,170.00416802009548
2023-12-13,Nike,NKE,113.3965072631836,https://query2.finance.yahoo.com/v8/finance/chart/NKE,2019-01-02,65.85995483398438,172.17823417739407
2023-12-14,Nike,NKE,113.25611877441406,https://query2.finance.yahoo.com/v8/finance/chart/NKE,2019-01-02,65.85995483398438,171.9650720379371
2023-12-15,Nike,NKE,113.75213623046876,https://query2.finance.yahoo.com/v8/finance/chart/NKE,2019-01-02,65.85995483398438,172.71821172244648
2023-12-18,Nike,NKE,113.3684310913086,https://query2.finance.yahoo.com/v8/finance/chart/NKE,2019-01-02,65.85995483398438,172.13560406635654
2023-12-19,Nike,NKE,114.77220153808594,https://query2.finance.yahoo.com/v8/finance/chart/NKE,2019-01-02,65.85995483398438,174.26705169688694
2023-12-20,Nike,NKE,113.63982391357422,https://query2.finance.yahoo.com/v8/finance/chart/NKE,2019-01-02,65.85995483398438,172.547679694027
2023-12-21,Nike,NKE,114.66925048828124,https://query2.finance.yahoo.com/v8/finance/chart/NKE,2019-01-02,65.85995483398438,174.11073356690306
2023-12-22,Nike,NKE,101.1088409423828,https://query2.finance.yahoo.com/v8/finance/chart/NKE,2019-01-02,65.85995483398438,153.52096914923735
2023-12-26,Nike,NKE,101.09012603759766,https://query2.finance.yahoo.com/v8/finance/chart/NKE,2019-01-02,65.85995483398438,153.49255293663543
2023-12-27,Nike,NKE,100.25720977783205,https://query2.finance.yahoo.com/v8/finance/chart/NKE,2019-01-02,65.85995483398438,152.22787508821423
2023-12-28,Nike,NKE,101.83881378173828,https://query2.finance.yahoo.com/v8/finance/chart/NKE,2019-01-02,65.85995483398438,154.62934045194405
2023-12-29,Nike,NKE,101.60485076904295,https://query2.finance.yahoo.com/v8/finance/chart/NKE,2019-01-02,65.85995483398438,154.2740972494774
2024-01-02,Nike,NKE,99.71443939208984,https://query2.finance.yahoo.com/v8/finance/chart/NKE,2019-01-02,65.85995483398438,151.4037470014119
2024-01-03,Nike,NKE,97.36547088623048,https://query2.finance.yahoo.com/v8/finance/chart/NKE,2019-01-02,65.85995483398438,147.83713583111808
2024-01-04,Nike,NKE,95.7370834350586,https://query2.finance.yahoo.com/v8/finance/chart/NKE,2019-01-02,65.85995483398438,145.36463572801804
2024-01-05,Nike,NKE,95.53119659423828,https://query2.finance.yahoo.com/v8/finance/chart/NKE,2019-01-02,65.85995483398438,145.05202263658896
2024-01-08,Nike,NKE,96.97239685058594,https://query2.finance.yahoo.com/v8/finance/chart/NKE,2019-01-02,65.85995483398438,147.24030269232318
2024-01-09,Nike,NKE,96.14886474609376,https://query2.finance.yahoo.com/v8/finance/chart/NKE,2019-01-02,65.85995483398438,145.98987349514553
2024-01-10,Nike,NKE,97.11277770996094,https://query2.finance.yahoo.com/v8/finance/chart/NKE,2019-01-02,65.85995483398438,147.45345324751088
2024-01-11,Nike,NKE,99.10614013671876,https://query2.finance.yahoo.com/v8/finance/chart/NKE,2019-01-02,65.85995483398438,150.4801216255603
2024-01-12,Nike,NKE,98.3200225830078,https://query2.finance.yahoo.com/v8/finance/chart/NKE,2019-01-02,65.85995483398438,149.2865016850478
2024-01-16,Nike,NKE,95.1942901611328,https://query2.finance.yahoo.com/v8/finance/chart/NKE,2019-01-02,65.85995483398438,144.54047288840778
2024-01-17,Nike,NKE,94.35203552246094,https://query2.finance.yahoo.com/v8/finance/chart/NKE,2019-01-02,65.85995483398438,143.26161589435887
2024-01-18,Nike,NKE,94.46434020996094,https://query2.finance.yahoo.com/v8/finance/chart/NKE,2019-01-02,65.85995483398438,143.43213633850903
2024-01-19,Nike,NKE,95.2504425048828,https://query2.finance.yahoo.com/v8/finance/chart/NKE,2019-01-02,65.85995483398438,144.62573311048286
2024-01-22,Nike,NKE,94.10870361328124,https://query2.finance.yahoo.com/v8/finance/chart/NKE,2019-01-02,65.85995483398438,142.89214720918733
2024-01-23,Nike,NKE,95.36275482177734,https://query2.finance.yahoo.com/v8/finance/chart/NKE,2019-01-02,65.85995483398438,144.79626513890233
2024-01-24,Nike,NKE,94.29586791992188,https://query2.finance.yahoo.com/v8/finance/chart/NKE,2019-01-02,65.85995483398438,143.1763325037452
2024-01-25,Nike,NKE,94.30523681640624,https://query2.finance.yahoo.com/v8/finance/chart/NKE,2019-01-02,65.85995483398438,143.19055798645007
2024-01-26,Nike,NKE,96.15821838378906,https://query2.finance.yahoo.com/v8/finance/chart/NKE,2019-01-02,65.85995483398438,146.00407580931181
2024-01-29,Nike,NKE,97.21571350097656,https://query2.finance.yahoo.com/v8/finance/chart/NKE,2019-01-02,65.85995483398438,147.60974820895612
2024-01-30,Nike,NKE,97.49647521972656,https://query2.finance.yahoo.com/v8/finance/chart/NKE,2019-01-02,65.85995483398438,148.0360493193315
2024-01-31,Nike,NKE,95.0164794921875,https://query2.finance.yahoo.com/v8/finance/chart/NKE,2019-01-02,65.85995483398438,144.27048990801626
2024-02-01,Nike,NKE,95.2317352294922,https://query2.finance.yahoo.com/v8/finance/chart/NKE,2019-01-02,65.85995483398438,144.5973284821503
2024-02-02,Nike,NKE,94.24909210205078,https://query2.finance.yahoo.com/v8/finance/chart/NKE,2019-01-02,65.85995483398438,143.10530934864434
2024-02-05,Nike,NKE,93.28516387939452,https://query2.finance.yahoo.com/v8/finance/chart/NKE,2019-01-02,65.85995483398438,141.6417064277403
2024-02-06,Nike,NKE,96.02720642089844,https://query2.finance.yahoo.com/v8/finance/chart/NKE,2019-01-02,65.85995483398438,145.80515073682903
2024-02-07,Nike,NKE,97.13150024414062,https://query2.finance.yahoo.com/v8/finance/chart/NKE,2019-01-02,65.85995483398438,147.4818810443821
2024-02-08,Nike,NKE,97.11277770996094,https://query2.finance.yahoo.com/v8/finance/chart/NKE,2019-01-02,65.85995483398438,147.45345324751088
2024-02-09,Nike,NKE,97.79595184326172,https://query2.finance.yahoo.com/v8/finance/chart/NKE,2019-01-02,65.85995483398438,148.4907666423088
2024-02-12,Nike,NKE,100.30401611328124,https://query2.finance.yahoo.com/v8/finance/chart/NKE,2019-01-02,65.85995483398438,152.29894458039226
2024-02-13,Nike,NKE,98.26386260986328,https://query2.finance.yahoo.com/v8/finance/chart/NKE,2019-01-02,65.85995483398438,149.20122987870343
2024-02-14,Nike,NKE,99.508544921875,https://query2.finance.yahoo.com/v8/finance/chart/NKE,2019-01-02,65.85995483398438,151.0911223257135
2024-02-15,Nike,NKE,99.24650573730467,https://query2.finance.yahoo.com/v8/finance/chart/NKE,2019-01-02,65.85995483398438,150.69324901220932
2024-02-16,Nike,NKE,96.86945343017578,https://query2.finance.yahoo.com/v8/finance/chart/NKE,2019-01-02,65.85995483398438,147.08399614660865
2024-02-20,Nike,NKE,96.67292022705078,https://query2.finance.yahoo.com/v8/finance/chart/NKE,2019-01-02,65.85995483398438,146.78558536934588
2024-02-21,Nike,NKE,98.51654052734376,https://query2.finance.yahoo.com/v8/finance/chart/NKE,2019-01-02,65.85995483398438,149.584889293772
2024-02-22,Nike,NKE,98.33872985839844,https://query2.finance.yahoo.com/v8/finance/chart/NKE,2019-01-02,65.85995483398438,149.31490631338045
2024-02-23,Nike,NKE,98.85343933105467,https://query2.finance.yahoo.com/v8/finance/chart/NKE,2019-01-02,65.85995483398438,150.0964274576838
2024-02-26,Nike,NKE,97.83338165283205,https://query2.finance.yahoo.com/v8/finance/chart/NKE,2019-01-02,65.85995483398438,148.5475990675127
2024-02-27,Nike,NKE,98.40424346923828,https://query2.finance.yahoo.com/v8/finance/chart/NKE,2019-01-02,65.85995483398438,149.41438043389113
2024-02-28,Nike,NKE,97.6555633544922,https://query2.finance.yahoo.com/v8/finance/chart/NKE,2019-01-02,65.85995483398438,148.27760450285183
2024-02-29,Nike,NKE,97.26251983642578,https://query2.finance.yahoo.com/v8/finance/chart/NKE,2019-01-02,65.85995483398438,147.6808177011342
2024-03-01,Nike,NKE,95.68466186523438,https://query2.finance.yahoo.com/v8/finance/chart/NKE,2019-01-02,65.85995483398438,145.28504021363247
2024-03-04,Nike,NKE,93.4869613647461,https://query2.finance.yahoo.com/v8/finance/chart/NKE,2019-01-02,65.85995483398438,141.94811035082265
2024-03-05,Nike,NKE,92.3317642211914,https://query2.finance.yahoo.com/v8/finance/chart/NKE,2019-01-02,65.85995483398438,140.19408979847543
2024-03-06,Nike,NKE,91.69310760498048,https://query2.finance.yahoo.com/v8/finance/chart/NKE,2019-01-02,65.85995483398438,139.2243706150645
2024-03-07,Nike,NKE,92.21906280517578,https://query2.finance.yahoo.com/v8/finance/chart/NKE,2019-01-02,65.85995483398438,140.02296697232148
2024-03-08,Nike,NKE,93.13008880615234,https://query2.finance.yahoo.com/v8/finance/chart/NKE,2019-01-02,65.85995483398438,141.40624456987376
2024-03-11,Nike,NKE,94.93333435058594,https://query2.finance.yahoo.com/v8/finance/chart/NKE,2019-01-02,65.85995483398438,144.1442445411448
2024-03-12,Nike,NKE,94.0880355834961,https://query2.finance.yahoo.com/v8/finance/chart/NKE,2019-01-02,65.85995483398438,142.86076542364367
2024-03-13,Nike,NKE,95.19630432128906,https://query2.finance.yahoo.com/v8/finance/chart/NKE,2019-01-02,65.85995483398438,144.54353113550397
2024-03-14,Nike,NKE,94.16319274902344,https://query2.finance.yahoo.com/v8/finance/chart/NKE,2019-01-02,65.85995483398438,142.97488206055422
2024-03-15,Nike,NKE,93.58088684082033,https://query2.finance.yahoo.com/v8/finance/chart/NKE,2019-01-02,65.85995483398438,142.09072429022027
2024-03-18,Nike,NKE,92.7356185913086,https://query2.finance.yahoo.com/v8/finance/chart/NKE,2019-01-02,65.85995483398438,140.80729150979636
2024-03-19,Nike,NKE,93.88141632080078,https://query2.finance.yahoo.com/v8/finance/chart/NKE,2019-01-02,65.85995483398438,142.54704024236145
2024-03-20,Nike,NKE,94.1725616455078,https://query2.finance.yahoo.com/v8/finance/chart/NKE,2019-01-02,65.85995483398438,142.9891075432591
2024-03-21,Nike,NKE,94.68912506103516,https://query2.finance.yahoo.com/v8/finance/chart/NKE,2019-01-02,65.85995483398438,143.77344366500333
2024-03-22,Nike,NKE,88.15237426757812,https://query2.finance.yahoo.com/v8/finance/chart/NKE,2019-01-02,65.85995483398438,133.84821548965084
2024-03-25,Nike,NKE,88.04905700683594,https://query2.finance.yahoo.com/v8/finance/chart/NKE,2019-01-02,65.85995483398438,133.6913413147404
2024-03-26,Nike,NKE,86.95020294189453,https://query2.finance.yahoo.com/v8/finance/chart/NKE,2019-01-02,65.85995483398438,132.02287059120087
2024-03-27,Nike,NKE,88.40594482421875,https://query2.finance.yahoo.com/v8/finance/chart/NKE,2019-01-02,65.85995483398438,134.23323026422793
2024-03-28,Nike,NKE,88.26508331298828,https://query2.finance.yahoo.com/v8/finance/chart/NKE,2019-01-02,65.85995483398438,134.0193499000741
2024-04-01,Nike,NKE,86.9314193725586,https://query2.finance.yahoo.com/v8/finance/chart/NKE,2019-01-02,65.85995483398438,131.9943501201752
2024-04-02,Nike,NKE,85.41932678222656,https://query2.finance.yahoo.com/v8/finance/chart/NKE,2019-01-02,65.85995483398438,129.69842903407118
2024-04-03,Nike,NKE,84.8370361328125,https://query2.finance.yahoo.com/v8/finance/chart/NKE,2019-01-02,65.85995483398438,128.8142944322758
2024-04-04,Nike,NKE,83.6536636352539,https://query2.finance.yahoo.com/v8/finance/chart/NKE,2019-01-02,65.85995483398438,127.0174931733901
2024-04-05,Nike,NKE,83.43762969970703,https://query2.finance.yahoo.com/v8/finance/chart/NKE,2019-01-02,65.85995483398438,126.68947300378713
2024-04-08,Nike,NKE,84.52709197998047,https://query2.finance.yahoo.com/v8/finance/chart/NKE,2019-01-02,65.85995483398438,128.34368349181386
2024-04-09,Nike,NKE,85.46629333496094,https://query2.finance.yahoo.com/v8/finance/chart/NKE,2019-01-02,65.85995483398438,129.76974179590465
2024-04-10,Nike,NKE,83.5879135131836,https://query2.finance.yahoo.com/v8/finance/chart/NKE,2019-01-02,65.85995483398438,126.917659940531
2024-04-11,Nike,NKE,86.40547180175781,https://query2.finance.yahoo.com/v8/finance/chart/NKE,2019-01-02,65.85995483398438,131.1957653471875
2024-04-12,Nike,NKE,86.40547180175781,https://query2.finance.yahoo.com/v8/finance/chart/NKE,2019-01-02,65.85995483398438,131.1957653471875
2024-04-15,Nike,NKE,87.43859100341797,https://query2.finance.yahoo.com/v8/finance/chart/NKE,2019-01-02,65.85995483398438,132.76442600640655
2024-04-16,Nike,NKE,87.71096801757812,https://query2.finance.yahoo.com/v8/finance/chart/NKE,2019-01-02,65.85995483398438,133.1779960048172
2024-04-17,Nike,NKE,89.0727767944336,https://query2.finance.yahoo.com/v8/finance/chart/NKE,2019-01-02,65.85995483398438,135.24573015417735
2024-04-18,Nike,NKE,89.91803741455078,https://query2.finance.yahoo.com/v8/finance/chart/NKE,2019-01-02,65.85995483398438,136.52915135033194
2024-04-19,Nike,NKE,88.78162384033203,https://query2.finance.yahoo.com/v8/finance/chart/NKE,2019-01-02,65.85995483398438,134.80365126901037
2024-04-22,Nike,NKE,88.46229553222656,https://query2.finance.yahoo.com/v8/finance/chart/NKE,2019-01-02,65.85995483398438,134.3187916773049
2024-04-23,Nike,NKE,88.3026351928711,https://query2.finance.yahoo.com/v8/finance/chart/NKE,2019-01-02,65.85995483398438,134.0763676735868
2024-04-24,Nike,NKE,88.88492584228516,https://query2.finance.yahoo.com/v8/finance/chart/NKE,2019-01-02,65.85995483398438,134.96050227538217
2024-04-25,Nike,NKE,88.22750854492188,https://query2.finance.yahoo.com/v8/finance/chart/NKE,2019-01-02,65.85995483398438,133.96229737375347
2024-04-26,Nike,NKE,88.39656066894531,https://query2.finance.yahoo.com/v8/finance/chart/NKE,2019-01-02,65.85995483398438,134.21898161298438
2024-04-29,Nike,NKE,88.34021759033203,https://query2.finance.yahoo.com/v8/finance/chart/NKE,2019-01-02,65.85995483398438,134.13343178417674
2024-04-30,Nike,NKE,86.64966583251953,https://query2.finance.yahoo.com/v8/finance/chart/NKE,2019-01-02,65.85995483398438,131.56654305479034
2024-05-01,Nike,NKE,84.84640502929688,https://query2.finance.yahoo.com/v8/finance/chart/NKE,2019-01-02,65.85995483398438,128.82851991498072
2024-05-02,Nike,NKE,86.7905502319336,https://query2.finance.yahoo.com/v8/finance/chart/NKE,2019-01-02,65.85995483398438,131.7804581717521
2024-05-03,Nike,NKE,86.54635620117188,https://query2.finance.yahoo.com/v8/finance/chart/NKE,2019-01-02,65.85995483398438,131.40968046414923
2024-05-06,Nike,NKE,87.68277740478516,https://query2.finance.yahoo.com/v8/finance/chart/NKE,2019-01-02,65.85995483398438,133.13519212974012
2024-05-07,Nike,NKE,88.07723236083984,https://query2.finance.yahoo.com/v8/finance/chart/NKE,2019-01-02,65.85995483398438,133.73412202127892
2024-05-08,Nike,NKE,87.89878845214844,https://query2.finance.yahoo.com/v8/finance/chart/NKE,2019-01-02,65.85995483398438,133.46317754653518
2024-05-09,Nike,NKE,87.71096801757812,https://query2.finance.yahoo.com/v8/finance/chart/NKE,2019-01-02,65.85995483398438,133.1779960048172
2024-05-10,Nike,NKE,85.40994262695312,https://query2.finance.yahoo.com/v8/finance/chart/NKE,2019-01-02,65.85995483398438,129.68418038282766
2024-05-13,Nike,NKE,87.08169555664062,https://query2.finance.yahoo.com/v8/finance/chart/NKE,2019-01-02,65.85995483398438,132.22252547264978
2024-05-14,Nike,NKE,87.14744567871094,https://query2.finance.yahoo.com/v8/finance/chart/NKE,2019-01-02,65.85995483398438,132.3223587055089
2024-05-15,Nike,NKE,86.09554290771484,https://query2.finance.yahoo.com/v8/finance/chart/NKE,2019-01-02,65.85995483398438,130.72517757526415
2024-05-16,Nike,NKE,86.189453125,https://query2.finance.yahoo.com/v8/finance/chart/NKE,2019-01-02,65.85995483398438,130.86776834612314
2024-05-17,Nike,NKE,86.57453155517578,https://query2.finance.yahoo.com/v8/finance/chart/NKE,2019-01-02,65.85995483398438,131.4524611706877
2024-05-20,Nike,NKE,86.189453125,https://query2.finance.yahoo.com/v8/finance/chart/NKE,2019-01-02,65.85995483398438,130.86776834612314
2024-05-21,Nike,NKE,87.17561340332031,https://query2.finance.yahoo.com/v8/finance/chart/NKE,2019-01-02,65.85995483398438,132.36512782777805
2024-05-22,Nike,NKE,86.87506866455078,https://query2.finance.yahoo.com/v8/finance/chart/NKE,2019-01-02,65.85995483398438,131.90878870709824
2024-05-23,Nike,NKE,85.84196472167969,https://query2.finance.yahoo.com/v8/finance/chart/NKE,2019-01-02,65.85995483398438,130.34015121641778
2024-05-24,Nike,NKE,86.17066955566406,https://query2.finance.yahoo.com/v8/finance/chart/NKE,2019-01-02,65.85995483398438,130.83924787509747
2024-05-28,Nike,NKE,86.40547180175781,https://query2.finance.yahoo.com/v8/finance/chart/NKE,2019-01-02,65.85995483398438,131.1957653471875
2024-05-29,Nike,NKE,86.09554290771484,https://query2.finance.yahoo.com/v8/finance/chart/NKE,2019-01-02,65.85995483398438,130.72517757526415
2024-05-30,Nike,NKE,87.76729583740234,https://query2.finance.yahoo.com/v8/finance/chart/NKE,2019-01-02,65.85995483398438,133.26352266508627
2024-05-31,Nike,NKE,89.27001190185547,https://query2.finance.yahoo.com/v8/finance/chart/NKE,2019-01-02,65.85995483398438,135.54520668421605
2024-06-03,Nike,NKE,89.0060043334961,https://query2.finance.yahoo.com/v8/finance/chart/NKE,2019-01-02,65.85995483398438,135.14434462923157
2024-06-04,Nike,NKE,89.32656860351562,https://query2.finance.yahoo.com/v8/finance/chart/NKE,2019-01-02,65.85995483398438,135.63108087256424
2024-06-05,Nike,NKE,88.93058013916016,https://query2.finance.yahoo.com/v8/finance/chart/NKE,2019-01-02,65.85995483398438,135.0298225428954
2024-06-06,Nike,NKE,90.25057220458984,https://query2.finance.yahoo.com/v8/finance/chart/NKE,2019-01-02,65.85995483398438,137.03406331220208
2024-06-07,Nike,NKE,91.0331573486328,https://query2.finance.yahoo.com/v8/finance/chart/NKE,2019-01-02,65.85995483398438,138.22231973602692
2024-06-10,Nike,NKE,90.51457977294922,https://query2.finance.yahoo.com/v8/finance/chart/NKE,2019-01-02,65.85995483398438,137.4349253671866
2024-06-11,Nike,NKE,90.39199829101562,https://query2.finance.yahoo.com/v8/finance/chart/NKE,2019-01-02,65.85995483398438,137.24880091228437
2024-06-12,Nike,NKE,88.32714080810547,https://query2.finance.yahoo.com/v8/finance/chart/NKE,2019-01-02,65.85995483398438,134.1135763465902
2024-06-13,Nike,NKE,88.79857635498047,https://query2.finance.yahoo.com/v8/finance/chart/NKE,2019-01-02,65.85995483398438,134.82939151540313
2024-06-14,Nike,NKE,88.05371856689453,https://query2.finance.yahoo.com/v8/finance/chart/NKE,2019-01-02,65.85995483398438,133.69841930328496
2024-06-17,Nike,NKE,89.57171630859375,https://query2.finance.yahoo.com/v8/finance/chart/NKE,2019-01-02,65.85995483398438,136.00330661383003
2024-06-18,Nike,NKE,89.3642807006836,https://query2.finance.yahoo.com/v8/finance/chart/NKE,2019-01-02,65.85995483398438,135.6883419157323
2024-06-20,Nike,NKE,90.1091537475586,https://query2.finance.yahoo.com/v8/finance/chart/NKE,2019-01-02,65.85995483398438,136.81933729638908
2024-06-21,Nike,NKE,91.62715911865234,https://query2.finance.yahoo.com/v8/finance/chart/NKE,2019-01-02,65.85995483398438,139.12423619120347
2024-06-24,Nike,NKE,91.61771392822266,https://query2.finance.yahoo.com/v8/finance/chart/NKE,2019-01-02,65.85995483398438,139.1098948658055
2024-06-25,Nike,NKE,89.33600616455078,https://query2.finance.yahoo.com/v8/finance/chart/NKE,2019-01-02,65.85995483398438,135.6454106136929
2024-06-26,Nike,NKE,88.6854248046875,https://query2.finance.yahoo.com/v8/finance/chart/NKE,2019-01-02,65.85995483398438,134.6575852173603
2024-06-27,Nike,NKE,88.80799102783203,https://query2.finance.yahoo.com/v8/finance/chart/NKE,2019-01-02,65.85995483398438,134.8436865037239
2024-06-28,Nike,NKE,71.0633773803711,https://query2.finance.yahoo.com/v8/finance/chart/NKE,2019-01-02,65.85995483398438,107.90073810330296
2024-07-01,Nike,NKE,72.43994140625,https://query2.finance.yahoo.com/v8/finance/chart/NKE,2019-01-02,65.85995483398438,109.99087622949642
2024-07-02,Nike,NKE,71.6950912475586,https://query2.finance.yahoo.com/v8/finance/chart/NKE,2019-01-02,65.85995483398438,108.85991560164756
2024-07-03,Nike,NKE,70.94080352783203,https://query2.finance.yahoo.com/v8/finance/chart/NKE,2019-01-02,65.85995483398438,107.71462523267004
2024-07-05,Nike,NKE,71.11994171142578,https://query2.finance.yahoo.com/v8/finance/chart/NKE,2019-01-02,65.85995483398438,107.98662387592043
2024-07-08,Nike,NKE,68.8759536743164,https://query2.finance.yahoo.com/v8/finance/chart/NKE,2019-01-02,65.85995483398438,104.57941225124519
2024-07-09,Nike,NKE,68.31964874267578,https://query2.finance.yahoo.com/v8/finance/chart/NKE,2019-01-02,65.85995483398438,103.73473367069815
2024-07-10,Nike,NKE,68.39508056640625,https://query2.finance.yahoo.com/v8/finance/chart/NKE,2019-01-02,65.85995483398438,103.84926734130362
2024-07-11,Nike,NKE,69.1965103149414,https://query2.finance.yahoo.com/v8/finance/chart/NKE,2019-01-02,65.85995483398438,105.06613691030856
2024-07-12,Nike,NKE,69.22480010986328,https://query2.finance.yahoo.com/v8/finance/chart/NKE,2019-01-02,65.85995483398438,105.10909138088661
2024-07-15,Nike,NKE,67.23535919189453,https://query2.finance.yahoo.com/v8/finance/chart/NKE,2019-01-02,65.85995483398438,102.08837731725932
2024-07-16,Nike,NKE,68.64964294433594,https://query2.finance.yahoo.com/v8/finance/chart/NKE,2019-01-02,65.85995483398438,104.23578807089017
2024-07-17,Nike,NKE,68.89479064941406,https://query2.finance.yahoo.com/v8/finance/chart/NKE,2019-01-02,65.85995483398438,104.60801381215597
2024-07-18,Nike,NKE,68.24422454833984,https://query2.finance.yahoo.com/v8/finance/chart/NKE,2019-01-02,65.85995483398438,103.62021158436198
2024-07-19,Nike,NKE,68.54593658447266,https://query2.finance.yahoo.com/v8/finance/chart/NKE,2019-01-02,65.85995483398438,104.07832309824526
2024-07-22,Nike,NKE,70.58251953125,https://query2.finance.yahoo.com/v8/finance/chart/NKE,2019-01-02,65.85995483398438,107.17061636189999
2024-07-23,Nike,NKE,69.2059326171875,https://query2.finance.yahoo.com/v8/finance/chart/NKE,2019-01-02,65.85995483398438,105.0804434828986
2024-07-24,Nike,NKE,67.0279312133789,https://query2.finance.yahoo.com/v8/finance/chart/NKE,2019-01-02,65.85995483398438,101.77342420343089
2024-07-25,Nike,NKE,67.32965087890625,https://query2.finance.yahoo.com/v8/finance/chart/NKE,2019-01-02,65.85995483398438,102.23154730158348
2024-07-26,Nike,NKE,68.41393280029297,https://query2.finance.yahoo.com/v8/finance/chart/NKE,2019-01-02,65.85995483398438,103.877892070753
2024-07-29,Nike,NKE,69.34737396240234,https://query2.finance.yahoo.com/v8/finance/chart/NKE,2019-01-02,65.85995483398438,105.29520425151951
2024-07-30,Nike,NKE,70.07337188720703,https://query2.finance.yahoo.com/v8/finance/chart/NKE,2019-01-02,65.85995483398438,106.39754014991898
2024-07-31,Nike,NKE,70.58251953125,https://query2.finance.yahoo.com/v8/finance/chart/NKE,2019-01-02,65.85995483398438,107.17061636189999
2024-08-01,Nike,NKE,69.63021850585938,https://query2.finance.yahoo.com/v8/finance/chart/NKE,2019-01-02,65.85995483398438,105.7246678674148
2024-08-02,Nike,NKE,69.78108215332031,https://query2.finance.yahoo.com/v8/finance/chart/NKE,2019-01-02,65.85995483398438,105.95373520862574
2024-08-05,Nike,NKE,67.33908081054688,https://query2.finance.yahoo.com/v8/finance/chart/NKE,2019-01-02,65.85995483398438,102.24586545844282
2024-08-06,Nike,NKE,68.35736846923828,https://query2.finance.yahoo.com/v8/finance/chart/NKE,2019-01-02,65.85995483398438,103.79200629813553
2024-08-07,Nike,NKE,68.47051239013672,https://query2.finance.yahoo.com/v8/finance/chart/NKE,2019-01-02,65.85995483398438,103.9638010119091
2024-08-08,Nike,NKE,69.95079040527344,https://query2.finance.yahoo.com/v8/finance/chart/NKE,2019-01-02,65.85995483398438,106.21141569501677
2024-08-09,Nike,NKE,70.09223175048828,https://query2.finance.yahoo.com/v8/finance/chart/NKE,2019-01-02,65.85995483398438,106.42617646363767
2024-08-12,Nike,NKE,70.37508392333984,https://query2.finance.yahoo.com/v8/finance/chart/NKE,2019-01-02,65.85995483398438,106.85565166380226
2024-08-13,Nike,NKE,74.01453399658203,https://query2.finance.yahoo.com/v8/finance/chart/NKE,2019-01-02,65.85995483398438,112.38169564973617
2024-08-14,Nike,NKE,74.03337097167969,https://query2.finance.yahoo.com/v8/finance/chart/NKE,2019-01-02,65.85995483398438,112.41029721064696
2024-08-15,Nike,NKE,77.78596496582031,https://query2.finance.yahoo.com/v8/finance/chart/NKE,2019-01-02,65.85995483398438,118.10813591035443
2024-08-16,Nike,NKE,78.47425842285156,https://query2.finance.yahoo.com/v8/finance/chart/NKE,2019-01-02,65.85995483398438,119.15322234985513
2024-08-19,Nike,NKE,78.5213851928711,https://query2.finance.yahoo.com/v8/finance/chart/NKE,2019-01-02,65.85995483398438,119.22477838134395
2024-08-20,Nike,NKE,78.785400390625,https://query2.finance.yahoo.com/v8/finance/chart/NKE,2019-01-02,65.85995483398438,119.62565202059776
2024-08-21,Nike,NKE,79.20026397705078,https://query2.finance.yahoo.com/v8/finance/chart/NKE,2019-01-02,65.85995483398438,120.2555698325239
2024-08-22,Nike,NKE,78.64397430419922,https://query2.finance.yahoo.com/v8/finance/chart/NKE,2019-01-02,65.85995483398438,119.41091442051547
2024-08-23,Nike,NKE,79.24739837646484,https://query2.finance.yahoo.com/v8/finance/chart/NKE,2019-01-02,65.85995483398438,120.32713744828203
2024-08-26,Nike,NKE,79.4642562866211,https://query2.finance.yahoo.com/v8/finance/chart/NKE,2019-01-02,65.85995483398438,120.6564087189698
2024-08-27,Nike,NKE,80.41654968261719,https://query2.finance.yahoo.com/v8/finance/chart/NKE,2019-01-02,65.85995483398438,122.10234562918569
2024-08-28,Nike,NKE,78.05940246582031,https://query2.finance.yahoo.com/v8/finance/chart/NKE,2019-01-02,65.85995483398438,118.52331612219828
2024-08-29,Nike,NKE,78.5025405883789,https://query2.finance.yahoo.com/v8/finance/chart/NKE,2019-01-02,65.85995483398438,119.19616523616386
2024-08-30,Nike,NKE,78.55911254882812,https://query2.finance.yahoo.com/v8/finance/chart/NKE,2019-01-02,65.85995483398438,119.28206259305064
2024-09-03,Nike,NKE,77.0154037475586,https://query2.finance.yahoo.com/v8/finance/chart/NKE,2019-01-02,65.85995483398438,116.93813629495217
2024-09-04,Nike,NKE,76.73126983642578,https://query2.finance.yahoo.com/v8/finance/chart/NKE,2019-01-02,65.85995483398438,116.50671493754457
2024-09-05,Nike,NKE,76.55133056640625,https://query2.finance.yahoo.com/v8/finance/chart/NKE,2019-01-02,65.85995483398438,116.2334999460173
2024-09-06,Nike,NKE,76.3619155883789,https://query2.finance.yahoo.com/v8/finance/chart/NKE,2019-01-02,65.85995483398438,115.94589729201488
2024-09-09,Nike,NKE,75.28227233886719,https://query2.finance.yahoo.com/v8/finance/chart/NKE,2019-01-02,65.85995483398438,114.30659575858198
2024-09-10,Nike,NKE,73.95636749267578,https://query2.finance.yahoo.com/v8/finance/chart/NKE,2019-01-02,65.85995483398438,112.29337718056493
2024-09-11,Nike,NKE,74.24996185302734,https://query2.finance.yahoo.com/v8/finance/chart/NKE,2019-01-02,65.85995483398438,112.7391630319091
2024-09-12,Nike,NKE,74.24996185302734,https://query2.finance.yahoo.com/v8/finance/chart/NKE,2019-01-02,65.85995483398438,112.7391630319091
2024-09-13,Nike,NKE,74.82766723632812,https://query2.finance.yahoo.com/v8/finance/chart/NKE,2019-01-02,65.85995483398438,113.61633548785296
2024-09-16,Nike,NKE,75.57585144042969,https://query2.finance.yahoo.com/v8/finance/chart/NKE,2019-01-02,65.85995483398438,114.75235844138754
2024-09-17,Nike,NKE,76.37139129638672,https://query2.finance.yahoo.com/v8/finance/chart/NKE,2019-01-02,65.85995483398438,115.96028495449004
2024-09-18,Nike,NKE,76.61762237548828,https://query2.finance.yahoo.com/v8/finance/chart/NKE,2019-01-02,65.85995483398438,116.33415566199697
2024-09-19,Nike,NKE,76.69339752197266,https://query2.finance.yahoo.com/v8/finance/chart/NKE,2019-01-02,65.85995483398438,116.4492106247211
2024-09-20,Nike,NKE,81.94014739990234,https://query2.finance.yahoo.com/v8/finance/chart/NKE,2019-01-02,65.85995483398438,124.41573579339965
2024-09-23,Nike,NKE,81.63707733154297,https://query2.finance.yahoo.com/v8/finance/chart/NKE,2019-01-02,65.85995483398438,123.95556227958032
2024-09-24,Nike,NKE,82.83037567138672,https://query2.finance.yahoo.com/v8/finance/chart/NKE,2019-01-02,65.85995483398438,125.76743467283012
2024-09-25,Nike,NKE,83.34180450439453,https://query2.finance.yahoo.com/v8/finance/chart/NKE,2019-01-02,65.85995483398438,126.54397458133292
2024-09-26,Nike,NKE,84.65821838378906,https://query2.finance.yahoo.com/v8/finance/chart/NKE,2019-01-02,65.85995483398438,128.5427823283362
2024-09-27,Nike,NKE,84.70557403564453,https://query2.finance.yahoo.com/v8/finance/chart/NKE,2019-01-02,65.85995483398438,128.61468588790413
2024-09-30,Nike,NKE,83.72062683105469,https://query2.finance.yahoo.com/v8/finance/chart/NKE,2019-01-02,65.85995483398438,127.11916830506848
2024-10-01,Nike,NKE,84.41197204589844,https://query2.finance.yahoo.com/v8/finance/chart/NKE,2019-01-02,65.85995483398438,128.16888845229064
2024-10-02,Nike,NKE,78.70115661621094,https://query2.finance.yahoo.com/v8/finance/chart/NKE,2019-01-02,65.85995483398438,119.49773851894653
2024-10-03,Nike,NKE,77.75410461425781,https://query2.finance.yahoo.com/v8/finance/chart/NKE,2019-01-02,65.85995483398438,118.05976000174228
2024-10-04,Nike,NKE,77.89617156982422,https://query2.finance.yahoo.com/v8/finance/chart/NKE,2019-01-02,65.85995483398438,118.27547068044608
2024-10-07,Nike,NKE,76.55133056640625,https://query2.finance.yahoo.com/v8/finance/chart/NKE,2019-01-02,65.85995483398438,116.2334999460173
2024-10-08,Nike,NKE,76.49449920654297,https://query2.finance.yahoo.com/v8/finance/chart/NKE,2019-01-02,65.85995483398438,116.1472087239742
2024-10-09,Nike,NKE,78.08557891845703,https://query2.finance.yahoo.com/v8/finance/chart/NKE,2019-01-02,65.85995483398438,118.5630617501792
2024-10-10,Nike,NKE,77.75410461425781,https://query2.finance.yahoo.com/v8/finance/chart/NKE,2019-01-02,65.85995483398438,118.05976000174228
2024-10-11,Nike,NKE,77.80147552490234,https://query2.finance.yahoo.com/v8/finance/chart/NKE,2019-01-02,65.85995483398438,118.13168672984881
2024-10-14,Nike,NKE,77.28057861328125,https://query2.finance.yahoo.com/v8/finance/chart/NKE,2019-01-02,65.85995483398438,117.34077074314014
2024-10-15,Nike,NKE,77.7730484008789,https://query2.finance.yahoo.com/v8/finance/chart/NKE,2019-01-02,65.85995483398438,118.0885237424233
2024-10-16,Nike,NKE,79.49671173095703,https://query2.finance.yahoo.com/v8/finance/chart/NKE,2019-01-02,65.85995483398438,120.70568820058764
2024-10-17,Nike,NKE,78.98529052734375,https://query2.finance.yahoo.com/v8/finance/chart/NKE,2019-01-02,65.85995483398438,119.92915987635415
2024-10-18,Nike,NKE,78.53070068359375,https://query2.finance.yahoo.com/v8/finance/chart/NKE,2019-01-02,65.85995483398438,119.23892277416374
2024-10-21,Nike,NKE,77.16692352294922,https://query2.finance.yahoo.com/v8/finance/chart/NKE,2019-01-02,65.85995483398438,117.16819988332324
2024-10-22,Nike,NKE,77.11009216308594,https://query2.finance.yahoo.com/v8/finance/chart/NKE,2019-01-02,65.85995483398438,117.08190866128014
2024-10-23,Nike,NKE,75.8126220703125,https://query2.finance.yahoo.com/v8/finance/chart/NKE,2019-01-02,65.85995483398438,115.1118646549579
2024-10-24,Nike,NKE,74.85608673095703,https://query2.finance.yahoo.com/v8/finance/chart/NKE,2019-01-02,65.85995483398438,113.65948689100917
2024-10-25,Nike,NKE,74.6761474609375,https://query2.finance.yahoo.com/v8/finance/chart/NKE,2019-01-02,65.85995483398438,113.38627189948191
2024-10-28,Nike,NKE,74.73296356201172,https://query2.finance.yahoo.com/v8/finance/chart/NKE,2019-01-02,65.85995483398438,113.4725399529864
2024-10-29,Nike,NKE,74.24996185302734,https://query2.finance.yahoo.com/v8/finance/chart/NKE,2019-01-02,65.85995483398438,112.7391630319091
2024-10-30,Nike,NKE,72.40318298339844,https://query2.finance.yahoo.com/v8/finance/chart/NKE,2019-01-02,65.85995483398438,109.93506321999129
2024-10-31,Nike,NKE,73.04718017578125,https://query2.finance.yahoo.com/v8/finance/chart/NKE,2019-01-02,65.85995483398438,110.91289139191483
2024-11-01,Nike,NKE,73.9279556274414,https://query2.finance.yahoo.com/v8/finance/chart/NKE,2019-01-02,65.85995483398438,112.25023736167803
2024-11-04,Nike,NKE,73.10401916503906,https://query2.finance.yahoo.com/v8/finance/chart/NKE,2019-01-02,65.85995483398438,110.99919419822723
2024-11-05,Nike,NKE,73.85218811035156,https://query2.finance.yahoo.com/v8/finance/chart/NKE,2019-01-02,65.85995483398438,112.1351939832232
2024-11-06,Nike,NKE,71.33300018310547,https://query2.finance.yahoo.com/v8/finance/chart/NKE,2019-01-02,65.85995483398438,108.31012618049496
2024-11-07,Nike,NKE,71.9012451171875,https://query2.finance.yahoo.com/v8/finance/chart/NKE,2019-01-02,65.85995483398438,109.17293414250227
2024-11-08,Nike,NKE,71.86334991455078,https://query2.finance.yahoo.com/v8/finance/chart/NKE,2019-01-02,65.85995483398438,109.1153950768709
2024-11-11,Nike,NKE,72.54524993896484,https://query2.finance.yahoo.com/v8/finance/chart/NKE,2019-01-02,65.85995483398438,110.1507738986951
2024-11-12,Nike,NKE,72.6020736694336,https://query2.finance.yahoo.com/v8/finance/chart/NKE,2019-01-02,65.85995483398438,110.2370535364689
2024-11-13,Nike,NKE,72.469482421875,https://query2.finance.yahoo.com/v8/finance/chart/NKE,2019-01-02,65.85995483398438,110.03573052024026
2024-11-14,Nike,NKE,71.67394256591797,https://query2.finance.yahoo.com/v8/finance/chart/NKE,2019-01-02,65.85995483398438,108.82780400713776
2024-11-15,Nike,NKE,72.6020736694336,https://query2.finance.yahoo.com/v8/finance/chart/NKE,2019-01-02,65.85995483398438,110.2370535364689
2024-11-18,Nike,NKE,70.92576599121094,https://query2.finance.yahoo.com/v8/finance/chart/NKE,2019-01-02,65.85995483398438,107.6917926378725
2024-11-19,Nike,NKE,69.99765014648438,https://query2.finance.yahoo.com/v8/finance/chart/NKE,2019-01-02,65.85995483398438,106.28256627707997
2024-11-20,Nike,NKE,69.47676086425781,https://query2.finance.yahoo.com/v8/finance/chart/NKE,2019-01-02,65.85995483398438,105.4916618746406
2024-11-21,Nike,NKE,71.12464141845703,https://query2.finance.yahoo.com/v8/finance/chart/NKE,2019-01-02,65.85995483398438,107.99375978581149
2024-11-22,Nike,NKE,73.30290222167969,https://query2.finance.yahoo.com/v8/finance/chart/NKE,2019-01-02,65.85995483398438,111.30117293043554
2024-11-25,Nike,NKE,75.06444549560547,https://query2.finance.yahoo.com/v8/finance/chart/NKE,2019-01-02,65.85995483398438,113.97585328569264
2024-11-26,Nike,NKE,73.50178527832031,https://query2.finance.yahoo.com/v8/finance/chart/NKE,2019-01-02,65.85995483398438,111.60315166264384
2024-11-27,Nike,NKE,74.1931381225586,https://query2.finance.yahoo.com/v8/finance/chart/NKE,2019-01-02,65.85995483398438,112.6528833941353
2024-11-29,Nike,NKE,74.60037231445312,https://query2.finance.yahoo.com/v8/finance/chart/NKE,2019-01-02,65.85995483398438,113.27121693675777
2024-12-02,Nike,NKE,75.28573608398438,https://query2.finance.yahoo.com/v8/finance/chart/NKE,2019-01-02,65.85995483398438,114.31185501684584
2024-12-03,Nike,NKE,75.06680297851562,https://query2.finance.yahoo.com/v8/finance/chart/NKE,2019-01-02,65.85995483398438,113.97943282490748
2024-12-04,Nike,NKE,74.60037231445312,https://query2.finance.yahoo.com/v8/finance/chart/NKE,2019-01-02,65.85995483398438,113.27121693675777
2024-12-05,Nike,NKE,74.80027770996094,https://query2.finance.yahoo.com/v8/finance/chart/NKE,2019-01-02,65.85995483398438,113.57474796105276
2024-12-06,Nike,NKE,75.0953598022461,https://query2.finance.yahoo.com/v8/finance/chart/NKE,2019-01-02,65.85995483398438,114.02279274491114
2024-12-09,Nike,NKE,73.90548706054688,https://query2.finance.yahoo.com/v8/finance/chart/NKE,2019-01-02,65.85995483398438,112.2161216885787
2024-12-10,Nike,NKE,73.04878234863281,https://query2.finance.yahoo.com/v8/finance/chart/NKE,2019-01-02,65.85995483398438,110.9153240884686
2024-12-11,Nike,NKE,75.05729675292969,https://query2.finance.yahoo.com/v8/finance/chart/NKE,2019-01-02,65.85995483398438,113.9649988253551
2024-12-12,Nike,NKE,74.21009063720703,https://query2.finance.yahoo.com/v8/finance/chart/NKE,2019-01-02,65.85995483398438,112.67862364052807
2024-12-13,Nike,NKE,73.53424835205078,https://query2.finance.yahoo.com/v8/finance/chart/NKE,2019-01-02,65.85995483398438,111.65244272853099
2024-12-16,Nike,NKE,73.48664855957031,https://query2.finance.yahoo.com/v8/finance/chart/NKE,2019-01-02,65.85995483398438,111.58016847234533
2024-12-17,Nike,NKE,74.2481689453125,https://query2.finance.yahoo.com/v8/finance/chart/NKE,2019-01-02,65.85995483398438,112.73644072862274
2024-12-18,Nike,NKE,73.20108795166016,https://query2.finance.yahoo.com/v8/finance/chart/NKE,2019-01-02,65.85995483398438,111.14658085657794
2024-12-19,Nike,NKE,73.39146423339844,https://query2.finance.yahoo.com/v8/finance/chart/NKE,2019-01-02,65.85995483398438,111.43564312851264
2024-12-20,Nike,NKE,73.2391586303711,https://query2.finance.yahoo.com/v8/finance/chart/NKE,2019-01-02,65.85995483398438,111.2043863604033
2024-12-23,Nike,NKE,73.06781768798828,https://query2.finance.yahoo.com/v8/finance/chart/NKE,2019-01-02,65.85995483398438,110.94422684038128
2024-12-24,Nike,NKE,73.09637451171875,https://query2.finance.yahoo.com/v8/finance/chart/NKE,2019-01-02,65.85995483398438,110.98758676038494
2024-12-26,Nike,NKE,73.2391586303711,https://query2.finance.yahoo.com/v8/finance/chart/NKE,2019-01-02,65.85995483398438,111.2043863604033
2024-12-27,Nike,NKE,72.74417877197266,https://query2.finance.yahoo.com/v8/finance/chart/NKE,2019-01-02,65.85995483398438,110.45282213651922
2024-12-30,Nike,NKE,71.05931854248047,https://query2.finance.yahoo.com/v8/finance/chart/NKE,2019-01-02,65.85995483398438,107.89457527203339
2024-12-31,Nike,NKE,72.0302505493164,https://query2.finance.yahoo.com/v8/finance/chart/NKE,2019-01-02,65.85995483398438,109.36881255215818
2025-01-02,Nike,NKE,70.1264419555664,https://query2.finance.yahoo.com/v8/finance/chart/NKE,2019-01-02,65.85995483398438,106.47812032719537
2025-01-03,Nike,NKE,69.78376770019531,https://query2.finance.yahoo.com/v8/finance/chart/NKE,2019-01-02,65.85995483398438,105.95781287142063
2025-01-06,Nike,NKE,68.5367660522461,https://query2.finance.yahoo.com/v8/finance/chart/NKE,2019-01-02,65.85995483398438,104.06439880654224
2025-01-07,Nike,NKE,68.62244415283203,https://query2.finance.yahoo.com/v8/finance/chart/NKE,2019-01-02,65.85995483398438,104.19449015082255
2025-01-08,Nike,NKE,67.86092376708984,https://query2.finance.yahoo.com/v8/finance/chart/NKE,2019-01-02,65.85995483398438,103.03821789454516
2025-01-10,Nike,NKE,67.77525329589844,https://query2.finance.yahoo.com/v8/finance/chart/NKE,2019-01-02,65.85995483398438,102.90813813453414
2025-01-13,Nike,NKE,68.61293029785156,https://query2.finance.yahoo.com/v8/finance/chart/NKE,2019-01-02,65.85995483398438,104.18004456700086
2025-01-14,Nike,NKE,67.7467041015625,https://query2.finance.yahoo.com/v8/finance/chart/NKE,2019-01-02,65.85995483398438,102.86478979879978
2025-01-15,Nike,NKE,67.6515121459961,https://query2.finance.yahoo.com/v8/finance/chart/NKE,2019-01-02,65.85995483398438,102.72025287069778
2025-01-16,Nike,NKE,67.68958282470703,https://query2.finance.yahoo.com/v8/finance/chart/NKE,2019-01-02,65.85995483398438,102.77805837452313
2025-01-17,Nike,NKE,67.43256378173828,https://query2.finance.yahoo.com/v8/finance/chart/NKE,2019-01-02,65.85995483398438,102.3878075102208
2025-01-21,Nike,NKE,69.6504898071289,https://query2.finance.yahoo.com/v8/finance/chart/NKE,2019-01-02,65.85995483398438,105.75544727095468
2025-01-22,Nike,NKE,70.4786605834961,https://query2.finance.yahoo.com/v8/finance/chart/NKE,2019-01-02,65.85995483398438,107.012919703869
2025-01-23,Nike,NKE,70.71663665771484,https://query2.finance.yahoo.com/v8/finance/chart/NKE,2019-01-02,65.85995483398438,107.37425623198936
2025-01-24,Nike,NKE,70.03125762939453,https://query2.finance.yahoo.com/v8/finance/chart/NKE,2019-01-02,65.85995483398438,106.33359498336267
2025-01-27,Nike,NKE,71.944580078125,https://query2.finance.yahoo.com/v8/finance/chart/NKE,2019-01-02,65.85995483398438,109.23873279214716
2025-01-28,Nike,NKE,70.81181335449219,https://query2.finance.yahoo.com/v8/finance/chart/NKE,2019-01-02,65.85995483398438,107.51876999155274
2025-01-29,Nike,NKE,72.89647674560547,https://query2.finance.yahoo.com/v8/finance/chart/NKE,2019-01-02,65.85995483398438,110.68406732035926
2025-01-30,Nike,NKE,74.56230163574219,https://query2.finance.yahoo.com/v8/finance/chart/NKE,2019-01-02,65.85995483398438,113.2134114329324
2025-01-31,Nike,NKE,73.20108795166016,https://query2.finance.yahoo.com/v8/finance/chart/NKE,2019-01-02,65.85995483398438,111.14658085657794
2025-02-03,Nike,NKE,72.9059829711914,https://query2.finance.yahoo.com/v8/finance/chart/NKE,2019-01-02,65.85995483398438,110.69850131991164
2025-02-04,Nike,NKE,73.02975463867188,https://query2.finance.yahoo.com/v8/finance/chart/NKE,2019-01-02,65.85995483398438,110.88643292082523
2025-02-05,Nike,NKE,70.983154296875,https://query2.finance.yahoo.com/v8/finance/chart/NKE,2019-01-02,65.85995483398438,107.77892951157477
2025-02-06,Nike,NKE,68.28927612304688,https://query2.finance.yahoo.com/v8/finance/chart/NKE,2019-01-02,65.85995483398438,103.6886166946002
2025-02-07,Nike,NKE,65.37648010253906,https://query2.finance.yahoo.com/v8/finance/chart/NKE,2019-01-02,65.85995483398438,99.26590485422587
2025-02-10,Nike,NKE,67.52776336669922,https://query2.finance.yahoo.com/v8/finance/chart/NKE,2019-01-02,65.85995483398438,102.53235602259211
2025-02-11,Nike,NKE,67.90851593017578,https://query2.finance.yahoo.com/v8/finance/chart/NKE,2019-01-02,65.85995483398438,103.1104805664615
2025-02-12,Nike,NKE,68.78426361083984,https://query2.finance.yahoo.com/v8/finance/chart/NKE,2019-01-02,65.85995483398438,104.44019250275358
2025-02-13,Nike,NKE,69.6885757446289,https://query2.finance.yahoo.com/v8/finance/chart/NKE,2019-01-02,65.85995483398438,105.81327594331863
2025-02-14,Nike,NKE,69.52674865722656,https://query2.finance.yahoo.com/v8/finance/chart/NKE,2019-01-02,65.85995483398438,105.5675620071183
2025-02-18,Nike,NKE,73.85789489746094,https://query2.finance.yahoo.com/v8/finance/chart/NKE,2019-01-02,65.85995483398438,112.14385901666235
2025-02-19,Nike,NKE,73.08685302734375,https://query2.finance.yahoo.com/v8/finance/chart/NKE,2019-01-02,65.85995483398438,110.97312959229396
2025-02-20,Nike,NKE,73.51521301269531,https://query2.finance.yahoo.com/v8/finance/chart/NKE,2019-01-02,65.85995483398438,111.62353997661832
2025-02-21,Nike,NKE,72.82032012939453,https://query2.finance.yahoo.com/v8/finance/chart/NKE,2019-01-02,65.85995483398438,110.56843314416994
2025-02-24,Nike,NKE,76.41851043701172,https://query2.finance.yahoo.com/v8/finance/chart/NKE,2019-01-02,65.85995483398438,116.03182940170956
2025-02-25,Nike,NKE,77.78925323486328,https://query2.finance.yahoo.com/v8/finance/chart/NKE,2019-01-02,65.85995483398438,118.11312873042432
2025-02-26,Nike,NKE,77.26569366455078,https://query2.finance.yahoo.com/v8/finance/chart/NKE,2019-01-02,65.85995483398438,117.31816983372866
2025-02-27,Nike,NKE,76.17100524902344,https://query2.finance.yahoo.com/v8/finance/chart/NKE,2019-01-02,65.85995483398438,115.65602412122891
2025-02-28,Nike,NKE,75.60939025878906,https://query2.finance.yahoo.com/v8/finance/chart/NKE,2019-01-02,65.85995483398438,114.8032828892465
2025-03-03,Nike,NKE,75.0162353515625,https://query2.finance.yahoo.com/v8/finance/chart/NKE,2019-01-02,65.85995483398438,113.9026522879627
2025-03-04,Nike,NKE,73.97339630126953,https://query2.finance.yahoo.com/v8/finance/chart/NKE,2019-01-02,65.85995483398438,112.31923326965074
2025-03-05,Nike,NKE,74.44219970703125,https://query2.finance.yahoo.com/v8/finance/chart/NKE,2019-01-02,65.85995483398438,113.03105186555389
2025-03-06,Nike,NKE,74.34652709960938,https://query2.finance.yahoo.com/v8/finance/chart/NKE,2019-01-02,65.85995483398438,112.88578512848576
2025-03-07,Nike,NKE,75.18843078613281,https://query2.finance.yahoo.com/v8/finance/chart/NKE,2019-01-02,65.85995483398438,114.16410924614672
2025-03-10,Nike,NKE,73.09323120117188,https://query2.finance.yahoo.com/v8/finance/chart/NKE,2019-01-02,65.85995483398438,110.98281404143184
2025-03-11,Nike,NKE,70.9597396850586,https://query2.finance.yahoo.com/v8/finance/chart/NKE,2019-01-02,65.85995483398438,107.74337738908179
2025-03-12,Nike,NKE,70.39527893066406,https://query2.finance.yahoo.com/v8/finance/chart/NKE,2019-01-02,65.85995483398438,106.8863152246491
2025-03-13,Nike,NKE,69.4959716796875,https://query2.finance.yahoo.com/v8/finance/chart/NKE,2019-01-02,65.85995483398438,105.52083106474726
2025-03-14,Nike,NKE,68.55838775634766,https://query2.finance.yahoo.com/v8/finance/chart/NKE,2019-01-02,65.85995483398438,104.09722862574887
2025-03-17,Nike,NKE,70.51007843017578,https://query2.finance.yahoo.com/v8/finance/chart/NKE,2019-01-02,65.85995483398438,107.06062372486156
2025-03-18,Nike,NKE,70.136962890625,https://query2.finance.yahoo.com/v8/finance/chart/NKE,2019-01-02,65.85995483398438,106.49409503456515
2025-03-19,Nike,NKE,69.83081817626953,https://query2.finance.yahoo.com/v8/finance/chart/NKE,2019-01-02,65.85995483398438,106.02925306021642
2025-03-20,Nike,NKE,68.74971771240234,https://query2.finance.yahoo.com/v8/finance/chart/NKE,2019-01-02,65.85995483398438,104.38773893134652
2025-03-21,Nike,NKE,64.9993896484375,https://query2.finance.yahoo.com/v8/finance/chart/NKE,2019-01-02,65.85995483398438,98.69334075962225
2025-03-24,Nike,NKE,64.47319793701172,https://query2.finance.yahoo.com/v8/finance/chart/NKE,2019-01-02,65.85995483398438,97.89438529001681
2025-03-25,Nike,NKE,63.65999221801758,https://query2.finance.yahoo.com/v8/finance/chart/NKE,2019-01-02,65.85995483398438,96.65963540134165
2025-03-26,Nike,NKE,62.89461135864258,https://query2.finance.yahoo.com/v8/finance/chart/NKE,2019-01-02,65.85995483398438,95.49750150479659
2025-03-27,Nike,NKE,62.95202255249024,https://query2.finance.yahoo.com/v8/finance/chart/NKE,2019-01-02,65.85995483398438,95.58467313130679
2025-03-28,Nike,NKE,60.5506591796875,https://query2.finance.yahoo.com/v8/finance/chart/NKE,2019-01-02,65.85995483398438,91.9385069915699
2025-03-31,Nike,NKE,60.7324333190918,https://query2.finance.yahoo.com/v8/finance/chart/NKE,2019-01-02,65.85995483398438,92.2145079998647
2025-04-01,Nike,NKE,61.95703887939453,https://query2.finance.yahoo.com/v8/finance/chart/NKE,2019-01-02,65.85995483398438,94.07391644220215
2025-04-02,Nike,NKE,62.14837265014648,https://query2.finance.yahoo.com/v8/finance/chart/NKE,2019-01-02,65.85995483398438,94.36443253993444
2025-04-03,Nike,NKE,53.17436218261719,https://query2.finance.yahoo.com/v8/finance/chart/NKE,2019-01-02,65.85995483398438,80.7385342377713
2025-04-04,Nike,NKE,54.7720832824707,https://query2.finance.yahoo.com/v8/finance/chart/NKE,2019-01-02,65.85995483398438,83.16447137040515
2025-04-07,Nike,NKE,53.203067779541016,https://query2.finance.yahoo.com/v8/finance/chart/NKE,2019-01-02,65.85995483398438,80.7821200510264
2025-04-08,Nike,NKE,50.96434783935547,https://query2.finance.yahoo.com/v8/finance/chart/NKE,2019-01-02,65.85995483398438,77.38290736430534
2025-04-09,Nike,NKE,56.75248718261719,https://query2.finance.yahoo.com/v8/finance/chart/NKE,2019-01-02,65.85995483398438,86.17146386704225
2025-04-10,Nike,NKE,52.04543685913086,https://query2.finance.yahoo.com/v8/finance/chart/NKE,2019-01-02,65.85995483398438,79.0244041167713
2025-04-11,Nike,NKE,52.03587341308594,https://query2.finance.yahoo.com/v8/finance/chart/NKE,2019-01-02,65.85995483398438,79.00988323519913
2025-04-14,Nike,NKE,53.01172637939453,https://query2.finance.yahoo.com/v8/finance/chart/NKE,2019-01-02,65.85995483398438,80.49159236902477
2025-04-15,Nike,NKE,52.45682907104492,https://query2.finance.yahoo.com/v8/finance/chart/NKE,2019-01-02,65.85995483398438,79.64905108616426
2025-04-16,Nike,NKE,51.23222732543945,https://query2.finance.yahoo.com/v8/finance/chart/NKE,2019-01-02,65.85995483398438,77.78964843596147
2025-04-17,Nike,NKE,53.3465690612793,https://query2.finance.yahoo.com/v8/finance/chart/NKE,2019-01-02,65.85995483398438,81.00000857235929
2025-04-21,Nike,NKE,53.69098663330078,https://query2.finance.yahoo.com/v8/finance/chart/NKE,2019-01-02,65.85995483398438,81.52296303366991
2025-04-22,Nike,NKE,54.590309143066406,https://query2.finance.yahoo.com/v8/finance/chart/NKE,2019-01-02,65.85995483398438,82.88847036211035
2025-04-23,Nike,NKE,54.9060173034668,https://query2.finance.yahoo.com/v8/finance/chart/NKE,2019-01-02,65.85995483398438,83.36783321803124
2025-04-24,Nike,NKE,55.94884490966797,https://query2.finance.yahoo.com/v8/finance/chart/NKE,2019-01-02,65.85995483398438,84.95123485993923
2025-04-25,Nike,NKE,55.126068115234375,https://query2.finance.yahoo.com/v8/finance/chart/NKE,2019-01-02,65.85995483398438,83.7019525054226
2025-04-28,Nike,NKE,54.82948303222656,https://query2.finance.yahoo.com/v8/finance/chart/NKE,2019-01-02,65.85995483398438,83.25162562051139
2025-04-29,Nike,NKE,55.04953002929688,https://query2.finance.yahoo.com/v8/finance/chart/NKE,2019-01-02,65.85995483398438,83.5857391157681
2025-04-30,Nike,NKE,53.95887756347656,https://query2.finance.yahoo.com/v8/finance/chart/NKE,2019-01-02,65.85995483398438,81.92972148172998
2025-05-01,Nike,NKE,54.30328750610352,https://query2.finance.yahoo.com/v8/finance/chart/NKE,2019-01-02,65.85995483398438,82.45266435877132
2025-05-02,Nike,NKE,56.05408477783203,https://query2.finance.yahoo.com/v8/finance/chart/NKE,2019-01-02,65.85995483398438,85.11102827071419
2025-05-05,Nike,NKE,54.86774826049805,https://query2.finance.yahoo.com/v8/finance/chart/NKE,2019-01-02,65.85995483398438,83.30972652320399
2025-05-06,Nike,NKE,54.57117462158203,https://query2.finance.yahoo.com/v8/finance/chart/NKE,2019-01-02,65.85995483398438,82.85941701469673
2025-05-07,Nike,NKE,56.08278274536133,https://query2.finance.yahoo.com/v8/finance/chart/NKE,2019-01-02,65.85995483398438,85.15460249969996
2025-05-08,Nike,NKE,56.3602294921875,https://query2.finance.yahoo.com/v8/finance/chart/NKE,2019-01-02,65.85995483398438,85.5758702450629
2025-05-09,Nike,NKE,55.77663803100586,https://query2.finance.yahoo.com/v8/finance/chart/NKE,2019-01-02,65.85995483398438,84.68976052535125
2025-05-12,Nike,NKE,59.87138748168945,https://query2.finance.yahoo.com/v8/finance/chart/NKE,2019-01-02,65.85995483398438,90.90711895052081
2025-05-13,Nike,NKE,59.68960571289063,https://query2.finance.yahoo.com/v8/finance/chart/NKE,2019-01-02,65.85995483398438,90.63110635795671
2025-05-14,Nike,NKE,59.05817413330078,https://query2.finance.yahoo.com/v8/finance/chart/NKE,2019-01-02,65.85995483398438,89.67235747757633
2025-05-15,Nike,NKE,59.69917297363281,https://query2.finance.yahoo.com/v8/finance/chart/NKE,2019-01-02,65.85995483398438,90.64563303166352
2025-05-16,Nike,NKE,60.37845230102539,https://query2.finance.yahoo.com/v8/finance/chart/NKE,2019-01-02,65.85995483398438,91.67703265698191
2025-05-19,Nike,NKE,59.39303207397461,https://query2.finance.yahoo.com/v8/finance/chart/NKE,2019-01-02,65.85995483398438,90.18079684944945
2025-05-20,Nike,NKE,59.85225296020508,https://query2.finance.yahoo.com/v8/finance/chart/NKE,2019-01-02,65.85995483398438,90.87806560310717
2025-05-21,Nike,NKE,57.3839225769043,https://query2.finance.yahoo.com/v8/finance/chart/NKE,2019-01-02,65.85995483398438,87.13021853955726
2025-05-22,Nike,NKE,58.665924072265625,https://query2.finance.yahoo.com/v8/finance/chart/NKE,2019-01-02,65.85995483398438,89.0767754398663
2025-05-23,Nike,NKE,57.42219161987305,https://query2.finance.yahoo.com/v8/finance/chart/NKE,2019-01-02,65.85995483398438,87.18832523438452
2025-05-27,Nike,NKE,60.11056518554688,https://query2.finance.yahoo.com/v8/finance/chart/NKE,2019-01-02,65.85995483398438,91.2702800010565
2025-05-28,Nike,NKE,59.10600662231445,https://query2.finance.yahoo.com/v8/finance/chart/NKE,2019-01-02,65.85995483398438,89.74498505397574
2025-05-29,Nike,NKE,58.78073120117188,https://query2.finance.yahoo.com/v8/finance/chart/NKE,2019-01-02,65.85995483398438,89.25109552434806
2025-05-30,Nike,NKE,57.9675178527832,https://query2.finance.yahoo.com/v8/finance/chart/NKE,2019-01-02,65.85995483398438,88.01633405140358
2025-06-02,Nike,NKE,59.29655838012695,https://query2.finance.yahoo.com/v8/finance/chart/NKE,2019-01-02,65.85995483398438,90.03431376410443
2025-06-03,Nike,NKE,60.06702423095703,https://query2.finance.yahoo.com/v8/finance/chart/NKE,2019-01-02,65.85995483398438,91.20416857614039
2025-06-04,Nike,NKE,60.45225524902344,https://query2.finance.yahoo.com/v8/finance/chart/NKE,2019-01-02,65.85995483398438,91.78909308609104
2025-06-05,Nike,NKE,60.3559455871582,https://query2.finance.yahoo.com/v8/finance/chart/NKE,2019-01-02,65.85995483398438,91.64285906253606
2025-06-06,Nike,NKE,60.48114776611328,https://query2.finance.yahoo.com/v8/finance/chart/NKE,2019-01-02,65.85995483398438,91.83296271394408
2025-06-09,Nike,NKE,59.62400817871094,https://query2.finance.yahoo.com/v8/finance/chart/NKE,2019-01-02,65.85995483398438,90.53150481048367
2025-06-10,Nike,NKE,61.51163101196289,https://query2.finance.yahoo.com/v8/finance/chart/NKE,2019-01-02,65.85995483398438,93.39762100811872
2025-06-11,Nike,NKE,60.77970123291016,https://query2.finance.yahoo.com/v8/finance/chart/NKE,2019-01-02,65.85995483398438,92.28627834033566
2025-06-12,Nike,NKE,60.48114776611328,https://query2.finance.yahoo.com/v8/finance/chart/NKE,2019-01-02,65.85995483398438,91.83296271394408
2025-06-13,Nike,NKE,58.29495620727539,https://query2.finance.yahoo.com/v8/finance/chart/NKE,2019-01-02,65.85995483398438,88.51350772137886
2025-06-16,Nike,NKE,59.614376068115234,https://query2.finance.yahoo.com/v8/finance/chart/NKE,2019-01-02,65.85995483398438,90.51687967048778
2025-06-17,Nike,NKE,57.78453826904297,https://query2.finance.yahoo.com/v8/finance/chart/NKE,2019-01-02,65.85995483398438,87.73850272855879
2025-06-18,Nike,NKE,57.312625885009766,https://query2.finance.yahoo.com/v8/finance/chart/NKE,2019-01-02,65.85995483398438,87.02196354291439
2025-06-20,Nike,NKE,57.5822868347168,https://query2.finance.yahoo.com/v8/finance/chart/NKE,2019-01-02,65.85995483398438,87.43140954145292
2025-06-23,Nike,NKE,58.535736083984375,https://query2.finance.yahoo.com/v8/finance/chart/NKE,2019-01-02,65.85995483398438,88.87910146846832
2025-06-24,Nike,NKE,59.152099609375,https://query2.finance.yahoo.com/v8/finance/chart/NKE,2019-01-02,65.85995483398438,89.81497141697392
2025-06-25,Nike,NKE,58.58388900756836,https://query2.finance.yahoo.com/v8/finance/chart/NKE,2019-01-02,65.85995483398438,88.95221558417849
2025-06-26,Nike,NKE,60.23074722290039,https://query2.finance.yahoo.com/v8/finance/chart/NKE,2019-01-02,65.85995483398438,91.45276120326268
2025-06-27,Nike,NKE,69.37996673583984,https://query2.finance.yahoo.com/v8/finance/chart/NKE,2019-01-02,65.85995483398438,105.34469224998483
2025-06-30,Nike,NKE,68.41688537597656,https://query2.finance.yahoo.com/v8/finance/chart/NKE,2019-01-02,65.85995483398438,103.88237518297353
2025-07-01,Nike,NKE,70.69938659667969,https://query2.finance.yahoo.com/v8/finance/chart/NKE,2019-01-02,65.85995483398438,107.34806419909374
2025-07-02,Nike,NKE,73.5693359375,https://query2.finance.yahoo.com/v8/finance/chart/NKE,2019-01-02,65.85995483398438,111.70571878305861
2025-07-03,Nike,NKE,73.5693359375,https://query2.finance.yahoo.com/v8/finance/chart/NKE,2019-01-02,65.85995483398438,111.70571878305861
2025-07-07,Nike,NKE,73.70417022705078,https://query2.finance.yahoo.com/v8/finance/chart/NKE,2019-01-02,65.85995483398438,111.91044757446252
2025-07-08,Nike,NKE,71.19054412841797,https://query2.finance.yahoo.com/v8/finance/chart/NKE,2019-01-02,65.85995483398438,108.09382470405667
2025-07-09,Nike,NKE,70.84383392333984,https://query2.finance.yahoo.com/v8/finance/chart/NKE,2019-01-02,65.85995483398438,107.56738916982029
2025-07-10,Nike,NKE,71.86470794677734,https://query2.finance.yahoo.com/v8/finance/chart/NKE,2019-01-02,65.85995483398438,109.11745707680694
2025-07-11,Nike,NKE,69.94817352294922,https://query2.finance.yahoo.com/v8/finance/chart/NKE,2019-01-02,65.85995483398438,106.20744229064562
2025-07-14,Nike,NKE,69.58222198486328,https://query2.finance.yahoo.com/v8/finance/chart/NKE,2019-01-02,65.85995483398438,105.65179122922535
2025-07-15,Nike,NKE,69.33180236816406,https://query2.finance.yahoo.com/v8/finance/chart/NKE,2019-01-02,65.85995483398438,105.2715607578707
2025-07-16,Nike,NKE,69.437744140625,https://query2.finance.yahoo.com/v8/finance/chart/NKE,2019-01-02,65.85995483398438,105.43241992142158
2025-07-17,Nike,NKE,70.2852554321289,https://query2.finance.yahoo.com/v8/finance/chart/NKE,2019-01-02,65.85995483398438,106.71925847702074
2025-07-18,Nike,NKE,69.79408264160156,https://query2.finance.yahoo.com/v8/finance/chart/NKE,2019-01-02,65.85995483398438,105.97347480351921
2025-07-21,Nike,NKE,71.28684997558594,https://query2.finance.yahoo.com/v8/finance/chart/NKE,2019-01-02,65.85995483398438,108.24005293547701
2025-07-22,Nike,NKE,72.60626983642578,https://query2.finance.yahoo.com/v8/finance/chart/NKE,2019-01-02,65.85995483398438,110.24342488458592
2025-07-23,Nike,NKE,73.91605377197266,https://query2.finance.yahoo.com/v8/finance/chart/NKE,2019-01-02,65.85995483398438,112.23216590156429
2025-07-24,Nike,NKE,72.63516235351562,https://query2.finance.yahoo.com/v8/finance/chart/NKE,2019-01-02,65.85995483398438,110.28729451243896
2025-07-25,Nike,NKE,73.45377349853516,https://query2.finance.yahoo.com/v8/finance/chart/NKE,2019-01-02,65.85995483398438,111.53025185591578
2025-07-28,Nike,NKE,76.31410217285156,https://query2.finance.yahoo.com/v8/finance/chart/NKE,2019-01-02,65.85995483398438,115.87329867628871
2025-07-29,Nike,NKE,75.43771362304688,https://query2.finance.yahoo.com/v8/finance/chart/NKE,2019-01-02,65.85995483398438,114.54261366137513
2025-07-30,Nike,NKE,73.8486328125,https://query2.finance.yahoo.com/v8/finance/chart/NKE,2019-01-02,65.85995483398438,112.12979571372769
2025-07-31,Nike,NKE,71.93212127685547,https://query2.finance.yahoo.com/v8/finance/chart/NKE,2019-01-02,65.85995483398438,109.21981568037425
2025-08-01,Nike,NKE,71.86470794677734,https://query2.finance.yahoo.com/v8/finance/chart/NKE,2019-01-02,65.85995483398438,109.11745707680694
2025-08-04,Nike,NKE,72.05730438232422,https://query2.finance.yahoo.com/v8/finance/chart/NKE,2019-01-02,65.85995483398438,109.40989037110901
2025-08-05,Nike,NKE,71.63355255126953,https://query2.finance.yahoo.com/v8/finance/chart/NKE,2019-01-02,65.85995483398438,108.76647688544409
2025-08-06,Nike,NKE,72.69293975830078,https://query2.finance.yahoo.com/v8/finance/chart/NKE,2019-01-02,65.85995483398438,110.37502218387571
2025-08-07,Nike,NKE,71.60466766357422,https://query2.finance.yahoo.com/v8/finance/chart/NKE,2019-01-02,65.85995483398438,108.72261884186035
2025-08-08,Nike,NKE,71.45057678222656,https://query2.finance.yahoo.com/v8/finance/chart/NKE,2019-01-02,65.85995483398438,108.48865135473396
2025-08-11,Nike,NKE,71.28684997558594,https://query2.finance.yahoo.com/v8/finance/chart/NKE,2019-01-02,65.85995483398438,108.24005293547701
2025-08-12,Nike,NKE,72.13436126708984,https://query2.finance.yahoo.com/v8/finance/chart/NKE,2019-01-02,65.85995483398438,109.52689149107617
2025-08-13,Nike,NKE,74.34943389892578,https://query2.finance.yahoo.com/v8/finance/chart/NKE,2019-01-02,65.85995483398438,112.89019873509046
2025-08-14,Nike,NKE,73.5693359375,https://query2.finance.yahoo.com/v8/finance/chart/NKE,2019-01-02,65.85995483398438,111.70571878305861
2025-08-15,Nike,NKE,74.12792205810547,https://query2.finance.yahoo.com/v8/finance/chart/NKE,2019-01-02,65.85995483398438,112.55386106012746
2025-08-18,Nike,NKE,74.57093811035156,https://query2.finance.yahoo.com/v8/finance/chart/NKE,2019-01-02,65.85995483398438,113.22652482578417
2025-08-19,Nike,NKE,74.04124450683594,https://query2.finance.yahoo.com/v8/finance/chart/NKE,2019-01-02,65.85995483398438,112.42225217656836
2025-08-20,Nike,NKE,73.44414520263672,https://query2.finance.yahoo.com/v8/finance/chart/NKE,2019-01-02,65.85995483398438,111.51563250805454
2025-08-21,Nike,NKE,73.36710357666016,https://query2.finance.yahoo.com/v8/finance/chart/NKE,2019-01-02,65.85995483398438,111.398654556626
2025-08-22,Nike,NKE,75.4858627319336,https://query2.finance.yahoo.com/v8/finance/chart/NKE,2019-01-02,65.85995483398438,114.61572198495064
2025-08-25,Nike,NKE,76.24668884277344,https://query2.finance.yahoo.com/v8/finance/chart/NKE,2019-01-02,65.85995483398438,115.77094007272142
2025-08-26,Nike,NKE,75.74588775634766,https://query2.finance.yahoo.com/v8/finance/chart/NKE,2019-01-02,65.85995483398438,115.01053705135863
2025-08-27,Nike,NKE,75.17767333984375,https://query2.finance.yahoo.com/v8/finance/chart/NKE,2019-01-02,65.85995483398438,114.14777542642854
2025-08-28,Nike,NKE,75.0428466796875,https://query2.finance.yahoo.com/v8/finance/chart/NKE,2019-01-02,65.85995483398438,113.94305821929393
2025-08-29,Nike,NKE,74.51315307617188,https://query2.finance.yahoo.com/v8/finance/chart/NKE,2019-01-02,65.85995483398438,113.13878557007811
2025-09-02,Nike,NKE,71.91870880126953,https://query2.finance.yahoo.com/v8/finance/chart/NKE,2019-01-02,65.85995483398438,109.19945053493839
2025-09-03,Nike,NKE,72.35433197021484,https://query2.finance.yahoo.com/v8/finance/chart/NKE,2019-01-02,65.85995483398438,109.86088914363984
2025-09-04,Nike,NKE,72.94486236572266,https://query2.finance.yahoo.com/v8/finance/chart/NKE,2019-01-02,65.85995483398438,110.75753475628319
2025-09-05,Nike,NKE,71.55083465576172,https://query2.finance.yahoo.com/v8/finance/chart/NKE,2019-01-02,65.85995483398438,108.6408802376536
2025-09-08,Nike,NKE,71.78317260742188,https://query2.finance.yahoo.com/v8/finance/chart/NKE,2019-01-02,65.85995483398438,108.99365599075853
2025-09-09,Nike,NKE,71.250732421875,https://query2.finance.yahoo.com/v8/finance/chart/NKE,2019-01-02,65.85995483398438,108.1852130045934
2025-09-10,Nike,NKE,71.8799819946289,https://query2.finance.yahoo.com/v8/finance/chart/NKE,2019-01-02,65.85995483398438,109.14064878395291
2025-09-11,Nike,NKE,71.95742797851562,https://query2.finance.yahoo.com/v8/finance/chart/NKE,2019-01-02,65.85995483398438,109.25824070165456
2025-09-12,Nike,NKE,70.66987609863281,https://query2.finance.yahoo.com/v8/finance/chart/NKE,2019-01-02,65.85995483398438,107.30325624542711
2025-09-15,Nike,NKE,70.69892120361328,https://query2.finance.yahoo.com/v8/finance/chart/NKE,2019-01-02,65.85995483398438,107.34735755866622
2025-09-16,Nike,NKE,70.42786407470703,https://query2.finance.yahoo.com/v8/finance/chart/NKE,2019-01-02,65.85995483398438,106.93579163884512
2025-09-17,Nike,NKE,70.00189971923828,https://query2.finance.yahoo.com/v8/finance/chart/NKE,2019-01-02,65.85995483398438,106.28901871508212
2025-09-18,Nike,NKE,69.79859924316406,https://query2.finance.yahoo.com/v8/finance/chart/NKE,2019-01-02,65.85995483398438,105.98033269094698
2025-09-19,Nike,NKE,68.62723541259766,https://query2.finance.yahoo.com/v8/finance/chart/NKE,2019-01-02,65.85995483398438,104.20176507194526
2025-09-22,Nike,NKE,69.00477600097656,https://query2.finance.yahoo.com/v8/finance/chart/NKE,2019-01-02,65.85995483398438,104.77501263843781
2025-09-23,Nike,NKE,68.66595458984375,https://query2.finance.yahoo.com/v8/finance/chart/NKE,2019-01-02,65.85995483398438,104.26055523866144
2025-09-24,Nike,NKE,68.94669342041016,https://query2.finance.yahoo.com/v8/finance/chart/NKE,2019-01-02,65.85995483398438,104.68682159622891
2025-09-25,Nike,NKE,67.02989196777344,https://query2.finance.yahoo.com/v8/finance/chart/NKE,2019-01-02,65.85995483398438,101.77640136064194
2025-09-26,Nike,NKE,67.09766387939453,https://query2.finance.yahoo.com/v8/finance/chart/NKE,2019-01-02,65.85995483398438,101.87930442486652
2025-09-29,Nike,NKE,67.32999420166016,https://query2.finance.yahoo.com/v8/finance/chart/NKE,2019-01-02,65.85995483398438,102.23206859370214
2025-09-30,Nike,NKE,67.50425720214844,https://query2.finance.yahoo.com/v8/finance/chart/NKE,2019-01-02,65.85995483398438,102.49666488886747
2025-10-01,Nike,NKE,71.83157348632812,https://query2.finance.yahoo.com/v8/finance/chart/NKE,2019-01-02,65.85995483398438,109.06714659522108
2025-10-02,Nike,NKE,72.18976593017578,https://query2.finance.yahoo.com/v8/finance/chart/NKE,2019-01-02,65.85995483398438,109.6110164547595
2025-10-03,Nike,NKE,69.634033203125,https://query2.finance.yahoo.com/v8/finance/chart/NKE,2019-01-02,65.85995483398438,105.73046000206664
2025-10-06,Nike,NKE,68.89828491210938,https://query2.finance.yahoo.com/v8/finance/chart/NKE,2019-01-02,65.85995483398438,104.61331940749706
2025-10-07,Nike,NKE,66.71043395996094,https://query2.finance.yahoo.com/v8/finance/chart/NKE,2019-01-02,65.85995483398438,101.29134483635829
2025-10-08,Nike,NKE,66.88468170166016,https://query2.finance.yahoo.com/v8/finance/chart/NKE,2019-01-02,65.85995483398438,101.55591796298502
2025-10-09,Nike,NKE,65.88755798339844,https://query2.finance.yahoo.com/v8/finance/chart/NKE,2019-01-02,65.85995483398438,100.04191188634071
2025-10-10,Nike,NKE,63.13821792602539,https://query2.finance.yahoo.com/v8/finance/chart/NKE,2019-01-02,65.85995483398438,95.86738722366304
2025-10-13,Nike,NKE,65.22926330566406,https://query2.finance.yahoo.com/v8/finance/chart/NKE,2019-01-02,65.85995483398438,99.04237479374208
2025-10-14,Nike,NKE,65.48096466064453,https://query2.finance.yahoo.com/v8/finance/chart/NKE,2019-01-02,65.85995483398438,99.42455142233976
2025-10-15,Nike,NKE,66.27479553222656,https://query2.finance.yahoo.com/v8/finance/chart/NKE,2019-01-02,65.85995483398438,100.62988305911823
2025-10-16,Nike,NKE,64.70650482177734,https://query2.finance.yahoo.com/v8/finance/chart/NKE,2019-01-02,65.85995483398438,98.24863224532332
2025-10-17,Nike,NKE,65.21958923339844,https://query2.finance.yahoo.com/v8/finance/chart/NKE,2019-01-02,65.85995483398438,99.02768594026502
2025-10-20,Nike,NKE,65.46160888671875,https://query2.finance.yahoo.com/v8/finance/chart/NKE,2019-01-02,65.85995483398438,99.39516213111632
2025-10-21,Nike,NKE,66.17798614501953,https://query2.finance.yahoo.com/v8/finance/chart/NKE,2019-01-02,65.85995483398438,100.48289026592386
2025-10-22,Nike,NKE,66.87500762939453,https://query2.finance.yahoo.com/v8/finance/chart/NKE,2019-01-02,65.85995483398438,101.54122910950795
2025-10-23,Nike,NKE,67.45584869384766,https://query2.finance.yahoo.com/v8/finance/chart/NKE,2019-01-02,65.85995483398438,102.42316270013563
2025-10-24,Nike,NKE,66.90404510498047,https://query2.finance.yahoo.com/v8/finance/chart/NKE,2019-01-02,65.85995483398438,101.58531883847775
2025-10-27,Nike,NKE,66.400634765625,https://query2.finance.yahoo.com/v8/finance/chart/NKE,2019-01-02,65.85995483398438,100.8209539970131
2025-10-28,Nike,NKE,65.27767181396484,https://query2.finance.yahoo.com/v8/finance/chart/NKE,2019-01-02,65.85995483398438,99.11587698247392
2025-10-29,Nike,NKE,63.26406478881836,https://query2.finance.yahoo.com/v8/finance/chart/NKE,2019-01-02,65.85995483398438,96.05846974582722
2025-10-30,Nike,NKE,62.828426361083984,https://query2.finance.yahoo.com/v8/finance/chart/NKE,2019-01-02,65.85995483398438,95.39700796858718
2025-10-31,Nike,NKE,62.5283203125,https://query2.finance.yahoo.com/v8/finance/chart/NKE,2019-01-02,65.85995483398438,94.9413349433923
2025-11-03,Nike,NKE,60.65025329589844,https://query2.finance.yahoo.com/v8/finance/chart/NKE,2019-01-02,65.85995483398438,92.08972804306012
2025-11-04,Nike,NKE,59.27556991577149,https://query2.finance.yahoo.com/v8/finance/chart/NKE,2019-01-02,65.85995483398438,90.00244543925002
2025-11-05,Nike,NKE,60.12748336791992,https://query2.finance.yahoo.com/v8/finance/chart/NKE,2019-01-02,65.85995483398438,91.2959681182374
2025-11-06,Nike,NKE,59.91450119018555,https://query2.finance.yahoo.com/v8/finance/chart/NKE,2019-01-02,65.85995483398438,90.9725816563559
2025-11-07,Nike,NKE,59.14003753662109,https://query2.finance.yahoo.com/v8/finance/chart/NKE,2019-01-02,65.85995483398438,89.79665668720479
2025-11-10,Nike,NKE,58.85929870605469,https://query2.finance.yahoo.com/v8/finance/chart/NKE,2019-01-02,65.85995483398438,89.37039032963733
2025-11-11,Nike,NKE,61.1342887878418,https://query2.finance.yahoo.com/v8/finance/chart/NKE,2019-01-02,65.85995483398438,92.82467463262807
2025-11-12,Nike,NKE,62.15076446533203,https://query2.finance.yahoo.com/v8/finance/chart/NKE,2019-01-02,65.85995483398438,94.36806420836116
2025-11-13,Nike,NKE,63.9223518371582,https://query2.finance.yahoo.com/v8/finance/chart/NKE,2019-01-02,65.85995483398438,97.05799525415655
2025-11-14,Nike,NKE,62.121726989746094,https://query2.finance.yahoo.com/v8/finance/chart/NKE,2019-01-02,65.85995483398438,94.32397447939135
2025-11-17,Nike,NKE,60.89226913452149,https://query2.finance.yahoo.com/v8/finance/chart/NKE,2019-01-02,65.85995483398438,92.45719844177678
2025-11-18,Nike,NKE,60.49535751342773,https://query2.finance.yahoo.com/v8/finance/chart/NKE,2019-01-02,65.85995483398438,91.85453841552217
2025-11-19,Nike,NKE,60.64056396484375,https://query2.finance.yahoo.com/v8/finance/chart/NKE,2019-01-02,65.85995483398438,92.07501602104445
2025-11-20,Nike,NKE,59.46918869018555,https://query2.finance.yahoo.com/v8/finance/chart/NKE,2019-01-02,65.85995483398438,90.29643102563877
2025-11-21,Nike,NKE,60.79545974731445,https://query2.finance.yahoo.com/v8/finance/chart/NKE,2019-01-02,65.85995483398438,92.31020564858238
2025-11-24,Nike,NKE,59.953224182128906,https://query2.finance.yahoo.com/v8/finance/chart/NKE,2019-01-02,65.85995483398438,91.03137761520672
2025-11-25,Nike,NKE,61.647369384765625,https://query2.finance.yahoo.com/v8/finance/chart/NKE,2019-01-02,65.85995483398438,93.60372253543512
2025-11-26,Nike,NKE,62.27662658691406,https://query2.finance.yahoo.com/v8/finance/chart/NKE,2019-01-02,65.85995483398438,94.55916989906395
2025-11-28,Nike,NKE,62.56704711914063,https://query2.finance.yahoo.com/v8/finance/chart/NKE,2019-01-02,65.85995483398438,95.0001366943778
2025-12-01,Nike,NKE,63.70692825317383,https://query2.finance.yahoo.com/v8/finance/chart/NKE,2019-01-02,65.85995483398438,96.73090182609788
2025-12-02,Nike,NKE,63.258766174316406,https://query2.finance.yahoo.com/v8/finance/chart/NKE,2019-01-02,65.85995483398438,96.05042447079583
2025-12-03,Nike,NKE,63.960235595703125,https://query2.finance.yahoo.com/v8/finance/chart/NKE,2019-01-02,65.85995483398438,97.11551694338397
2025-12-04,Nike,NKE,63.99920654296875,https://query2.finance.yahoo.com/v8/finance/chart/NKE,2019-01-02,65.85995483398438,97.17468939098715
2025-12-05,Nike,NKE,64.16483306884766,https://query2.finance.yahoo.com/v8/finance/chart/NKE,2019-01-02,65.85995483398438,97.42617229330072
2025-12-08,Nike,NKE,61.904544830322266,https://query2.finance.yahoo.com/v8/finance/chart/NKE,2019-01-02,65.85995483398438,93.99421087725818
2025-12-09,Nike,NKE,61.699954986572266,https://query2.finance.yahoo.com/v8/finance/chart/NKE,2019-01-02,65.85995483398438,93.68356711161073
2025-12-10,Nike,NKE,64.09663391113281,https://query2.finance.yahoo.com/v8/finance/chart/NKE,2019-01-02,65.85995483398438,97.32262050999513
2025-12-11,Nike,NKE,65.99642944335938,https://query2.finance.yahoo.com/v8/finance/chart/NKE,2019-01-02,65.85995483398438,100.2072194093042
2025-12-12,Nike,NKE,65.73339080810547,https://query2.finance.yahoo.com/v8/finance/chart/NKE,2019-01-02,65.85995483398438,99.80782855652127
2025-12-15,Nike,NKE,66.03541564941406,https://query2.finance.yahoo.com/v8/finance/chart/NKE,2019-01-02,65.85995483398438,100.26641502544601
2025-12-16,Nike,NKE,65.39240264892578,https://query2.finance.yahoo.com/v8/finance/chart/NKE,2019-01-02,65.85995483398438,99.29008122426265
2025-12-17,Nike,NKE,63.99920654296875,https://query2.finance.yahoo.com/v8/finance/chart/NKE,2019-01-02,65.85995483398438,97.17468939098715
2025-12-18,Nike,NKE,63.94075012207031,https://query2.finance.yahoo.com/v8/finance/chart/NKE,2019-01-02,65.85995483398438,97.08593071958238
2025-12-19,Nike,NKE,57.19886779785156,https://query2.finance.yahoo.com/v8/finance/chart/NKE,2019-01-02,65.85995483398438,86.84923629546189
2025-12-22,Nike,NKE,55.747215270996094,https://query2.finance.yahoo.com/v8/finance/chart/NKE,2019-01-02,65.85995483398438,84.64508579078161
2025-12-23,Nike,NKE,55.86412811279297,https://query2.finance.yahoo.com/v8/finance/chart/NKE,2019-01-02,65.85995483398438,84.82260313359119
2025-12-24,Nike,NKE,58.455665588378906,https://query2.finance.yahoo.com/v8/finance/chart/NKE,2019-01-02,65.85995483398438,88.7575245621262
2025-12-26,Nike,NKE,59.36172103881836,https://query2.finance.yahoo.com/v8/finance/chart/NKE,2019-01-02,65.85995483398438,90.13325500822715
2025-12-29,Nike,NKE,59.63451766967773,https://query2.finance.yahoo.com/v8/finance/chart/NKE,2019-01-02,65.85995483398438,90.54746214144947
2025-12-30,Nike,NKE,59.61503219604492,https://query2.finance.yahoo.com/v8/finance/chart/NKE,2019-01-02,65.85995483398438,90.5178759176479
2025-12-31,Nike,NKE,62.07017135620117,https://query2.finance.yahoo.com/v8/finance/chart/NKE,2019-01-02,65.85995483398438,94.24569377957174
2026-01-02,Nike,NKE,61.65123748779297,https://query2.finance.yahoo.com/v8/finance/chart/NKE,2019-01-02,65.85995483398438,93.60959575997208
2026-01-05,Nike,NKE,62.86906433105469,https://query2.finance.yahoo.com/v8/finance/chart/NKE,2019-01-02,65.85995483398438,95.45871157903322
2026-01-06,Nike,NKE,63.66796112060547,https://query2.finance.yahoo.com/v8/finance/chart/NKE,2019-01-02,65.85995483398438,96.67173517062933
2026-01-07,Nike,NKE,61.59278106689453,https://query2.finance.yahoo.com/v8/finance/chart/NKE,2019-01-02,65.85995483398438,93.5208370885673
2026-01-08,Nike,NKE,63.58027267456055,https://query2.finance.yahoo.com/v8/finance/chart/NKE,2019-01-02,65.85995483398438,96.5385913713875
2026-01-09,Nike,NKE,64.22328186035156,https://query2.finance.yahoo.com/v8/finance/chart/NKE,2019-01-02,65.85995483398438,97.51491938043621
2026-01-12,Nike,NKE,63.950496673583984,https://query2.finance.yahoo.com/v8/finance/chart/NKE,2019-01-02,65.85995483398438,97.10072962361782
2026-01-13,Nike,NKE,64.593505859375,https://query2.finance.yahoo.com/v8/finance/chart/NKE,2019-01-02,65.85995483398438,98.07705763266652
2026-01-14,Nike,NKE,63.882301330566406,https://query2.finance.yahoo.com/v8/finance/chart/NKE,2019-01-02,65.85995483398438,96.99718363244689
2026-01-15,Nike,NKE,62.92751693725586,https://query2.finance.yahoo.com/v8/finance/chart/NKE,2019-01-02,65.85995483398438,95.54746445830335
2026-01-16,Nike,NKE,62.722923278808594,https://query2.finance.yahoo.com/v8/finance/chart/NKE,2019-01-02,65.85995483398438,95.23681490052124
2026-01-20,Nike,NKE,61.99222946166992,https://query2.finance.yahoo.com/v8/finance/chart/NKE,2019-01-02,65.85995483398438,94.12734888436536
2026-01-21,Nike,NKE,63.72642135620117,https://query2.finance.yahoo.com/v8/finance/chart/NKE,2019-01-02,65.85995483398438,96.76049963416878
2026-01-22,Nike,NKE,63.77513122558594,https://query2.finance.yahoo.com/v8/finance/chart/NKE,2019-01-02,65.85995483398438,96.83445940153811
2026-01-23,Nike,NKE,63.36593627929688,https://query2.finance.yahoo.com/v8/finance/chart/NKE,2019-01-02,65.85995483398438,96.21314870170461
2026-01-26,Nike,NKE,63.31722259521485,https://query2.finance.yahoo.com/v8/finance/chart/NKE,2019-01-02,65.85995483398438,96.13918314220062
2026-01-27,Nike,NKE,61.46613311767578,https://query2.finance.yahoo.com/v8/finance/chart/NKE,2019-01-02,65.85995483398438,93.32853821812623
2026-01-28,Nike,NKE,60.63801193237305,https://query2.finance.yahoo.com/v8/finance/chart/NKE,2019-01-02,65.85995483398438,92.07114108296237
2026-01-29,Nike,NKE,60.98873901367188,https://query2.finance.yahoo.com/v8/finance/chart/NKE,2019-01-02,65.85995483398438,92.60367573498715
2026-01-30,Nike,NKE,60.21907043457031,https://query2.finance.yahoo.com/v8/finance/chart/NKE,2019-01-02,65.85995483398438,91.43503147909341
2026-02-02,Nike,NKE,60.57954788208008,https://query2.finance.yahoo.com/v8/finance/chart/NKE,2019-01-02,65.85995483398438,91.98237082728828
2026-02-03,Nike,NKE,59.36172103881836,https://query2.finance.yahoo.com/v8/finance/chart/NKE,2019-01-02,65.85995483398438,90.13325500822715
2026-02-04,Nike,NKE,62.56704711914063,https://query2.finance.yahoo.com/v8/finance/chart/NKE,2019-01-02,65.85995483398438,95.0001366943778
2026-02-05,Nike,NKE,61.08616638183594,https://query2.finance.yahoo.com/v8/finance/chart/NKE,2019-01-02,65.85995483398438,92.75160685399511
2026-02-06,Nike,NKE,62.27476501464844,https://query2.finance.yahoo.com/v8/finance/chart/NKE,2019-01-02,65.85995483398438,94.55634333735385
2026-02-09,Nike,NKE,60.80363082885742,https://query2.finance.yahoo.com/v8/finance/chart/NKE,2019-01-02,65.85995483398438,92.32261240100662
2026-02-10,Nike,NKE,61.41741561889648,https://query2.finance.yahoo.com/v8/finance/chart/NKE,2019-01-02,65.85995483398438,93.25456686648758
2026-02-11,Nike,NKE,60.74517440795898,https://query2.finance.yahoo.com/v8/finance/chart/NKE,2019-01-02,65.85995483398438,92.23385372960182
2026-02-12,Nike,NKE,59.52734756469727,https://query2.finance.yahoo.com/v8/finance/chart/NKE,2019-01-02,65.85995483398438,90.38473791054072
2026-02-13,Nike,NKE,61.505104064941406,https://query2.finance.yahoo.com/v8/finance/chart/NKE,2019-01-02,65.85995483398438,93.38771066572943
2026-02-17,Nike,NKE,63.1515998840332,https://query2.finance.yahoo.com/v8/finance/chart/NKE,2019-01-02,65.85995483398438,95.8877060320217
2026-02-18,Nike,NKE,63.86281204223633,https://query2.finance.yahoo.com/v8/finance/chart/NKE,2019-01-02,65.85995483398438,96.96759161651065
2026-02-19,Nike,NKE,63.9212646484375,https://query2.finance.yahoo.com/v8/finance/chart/NKE,2019-01-02,65.85995483398438,97.05634449578078
2026-02-20,Nike,NKE,63.7166748046875,https://query2.finance.yahoo.com/v8/finance/chart/NKE,2019-01-02,65.85995483398438,96.74570073013332
2026-02-23,Nike,NKE,61.46613311767578,https://query2.finance.yahoo.com/v8/finance/chart/NKE,2019-01-02,65.85995483398438,93.32853821812623
2026-02-24,Nike,NKE,62.44038391113281,https://query2.finance.yahoo.com/v8/finance/chart/NKE,2019-01-02,65.85995483398438,94.8078146553981
2026-02-25,Nike,NKE,61.76815032958984,https://query2.finance.yahoo.com/v8/finance/chart/NKE,2019-01-02,65.85995483398438,93.78711310278165
2026-02-26,Nike,NKE,62.303993225097656,https://query2.finance.yahoo.com/v8/finance/chart/NKE,2019-01-02,65.85995483398438,94.60072267305624
2026-02-27,Nike,NKE,60.57954788208008,https://query2.finance.yahoo.com/v8/finance/chart/NKE,2019-01-02,65.85995483398438,91.98237082728828
2026-03-02,Nike,NKE,59.83419418334961,https://query2.finance.yahoo.com/v8/finance/chart/NKE,2019-01-02,65.85995483398438,90.85064563766537
2026-03-03,Nike,NKE,58.245418548583984,https://query2.finance.yahoo.com/v8/finance/chart/NKE,2019-01-02,65.85995483398438,88.43829106079008
2026-03-04,Nike,NKE,57.50987243652344,https://query2.finance.yahoo.com/v8/finance/chart/NKE,2019-01-02,65.85995483398438,87.32145744935706
2026-03-05,Nike,NKE,56.90182495117188,https://query2.finance.yahoo.com/v8/finance/chart/NKE,2019-01-02,65.85995483398438,86.39821435439246
2026-03-06,Nike,NKE,55.91128540039063,https://query2.finance.yahoo.com/v8/finance/chart/NKE,2019-01-02,65.85995483398438,84.89420550215723
2026-03-09,Nike,NKE,55.44053649902344,https://query2.finance.yahoo.com/v8/finance/chart/NKE,2019-01-02,65.85995483398438,84.17943291758164
2026-03-10,Nike,NKE,54.99921417236328,https://query2.finance.yahoo.com/v8/finance/chart/NKE,2019-01-02,65.85995483398438,83.50934085971033
2026-03-11,Nike,NKE,54.62653350830078,https://query2.finance.yahoo.com/v8/finance/chart/NKE,2019-01-02,65.85995483398438,82.94347247276423
2026-03-12,Nike,NKE,53.086795806884766,https://query2.finance.yahoo.com/v8/finance/chart/NKE,2019-01-02,65.85995483398438,80.60557578683833
2026-03-13,Nike,NKE,52.93968200683594,https://query2.finance.yahoo.com/v8/finance/chart/NKE,2019-01-02,65.85995483398438,80.38220211399013
2026-03-16,Nike,NKE,53.734073638916016,https://query2.finance.yahoo.com/v8/finance/chart/NKE,2019-01-02,65.85995483398438,81.58838519456243
2026-03-17,Nike,NKE,54.05771255493164,https://query2.finance.yahoo.com/v8/finance/chart/NKE,2019-01-02,65.85995483398438,82.0797898984245
2026-03-18,Nike,NKE,52.43951416015625,https://query2.finance.yahoo.com/v8/finance/chart/NKE,2019-01-02,65.85995483398438,79.62276058697955
2026-03-19,Nike,NKE,52.41008758544922,https://query2.finance.yahoo.com/v8/finance/chart/NKE,2019-01-02,65.85995483398438,79.57808006027527
2026-03-20,Nike,NKE,51.36071014404297,https://query2.finance.yahoo.com/v8/finance/chart/NKE,2019-01-02,65.85995483398438,77.98473332317006
2026-03-23,Nike,NKE,51.69415664672852,https://query2.finance.yahoo.com/v8/finance/chart/NKE,2019-01-02,65.85995483398438,78.49102960522201
2026-03-24,Nike,NKE,52.45912551879883,https://query2.finance.yahoo.com/v8/finance/chart/NKE,2019-01-02,65.85995483398438,79.65253795122466
2026-03-25,Nike,NKE,51.95895385742188,https://query2.finance.yahoo.com/v8/finance/chart/NKE,2019-01-02,65.85995483398438,78.89309063207945
2026-03-26,Nike,NKE,51.06649398803711,https://query2.finance.yahoo.com/v8/finance/chart/NKE,2019-01-02,65.85995483398438,77.53800335387766
2026-03-27,Nike,NKE,50.379981994628906,https://query2.finance.yahoo.com/v8/finance/chart/NKE,2019-01-02,65.85995483398438,76.49562184125936
2026-03-30,Nike,NKE,50.25248718261719,https://query2.finance.yahoo.com/v8/finance/chart/NKE,2019-01-02,65.85995483398438,76.30203711692559
2026-03-31,Nike,NKE,51.80203628540039,https://query2.finance.yahoo.com/v8/finance/chart/NKE,2019-01-02,65.85995483398438,78.65483117317602
2026-04-01,Nike,NKE,43.76987838745117,https://query2.finance.yahoo.com/v8/finance/chart/NKE,2019-01-02,65.85995483398438,66.45901670868668
2026-04-02,Nike,NKE,43.338356018066406,https://query2.finance.yahoo.com/v8/finance/chart/NKE,2019-01-02,65.85995483398438,65.80380464473595
2026-04-06,Nike,NKE,43.18144226074219,https://query2.finance.yahoo.com/v8/finance/chart/NKE,2019-01-02,65.85995483398438,65.56555097796718
2026-04-07,Nike,NKE,41.86726379394531,https://query2.finance.yahoo.com/v8/finance/chart/NKE,2019-01-02,65.85995483398438,63.570137421869894
2026-04-08,Nike,NKE,42.29878616333008,https://query2.finance.yahoo.com/v8/finance/chart/NKE,2019-01-02,65.85995483398438,64.22534948582063
2026-04-09,Nike,NKE,43.15202331542969,https://query2.finance.yahoo.com/v8/finance/chart/NKE,2019-01-02,65.85995483398438,65.5208820355322
2026-04-10,Nike,NKE,41.798614501953125,https://query2.finance.yahoo.com/v8/finance/chart/NKE,2019-01-02,65.85995483398438,63.46590216667539
2026-04-13,Nike,NKE,42.08302688598633,https://query2.finance.yahoo.com/v8/finance/chart/NKE,2019-01-02,65.85995483398438,63.89774634991259
2026-04-14,Nike,NKE,43.3481674194336,https://query2.finance.yahoo.com/v8/finance/chart/NKE,2019-01-02,65.85995483398438,65.8187020150605
2026-04-15,Nike,NKE,44.564266204833984,https://query2.finance.yahoo.com/v8/finance/chart/NKE,2019-01-02,65.85995483398438,67.66519399712432
2026-04-16,Nike,NKE,44.81925582885742,https://query2.finance.yahoo.com/v8/finance/chart/NKE,2019-01-02,65.85995483398438,68.05236344579187
2026-04-17,Nike,NKE,45.14289474487305,https://query2.finance.yahoo.com/v8/finance/chart/NKE,2019-01-02,65.85995483398438,68.54376814965393
2026-04-20,Nike,NKE,45.58422470092773,https://query2.finance.yahoo.com/v8/finance/chart/NKE,2019-01-02,65.85995483398438,69.21387179179452
2026-04-21,Nike,NKE,45.49595642089844,https://query2.finance.yahoo.com/v8/finance/chart/NKE,2019-01-02,65.85995483398438,69.07984758808563
2026-04-22,Nike,NKE,44.79964447021485,https://query2.finance.yahoo.com/v8/finance/chart/NKE,2019-01-02,65.85995483398438,68.02258608154678
2026-04-23,Nike,NKE,43.91698455810547,https://query2.finance.yahoo.com/v8/finance/chart/NKE,2019-01-02,65.85995483398438,66.68237879726556
2026-04-24,Nike,NKE,43.82872009277344,https://query2.finance.yahoo.com/v8/finance/chart/NKE,2019-01-02,65.85995483398438,66.5483603856913
2026-04-27,Nike,NKE,44.270050048828125,https://query2.finance.yahoo.com/v8/finance/chart/NKE,2019-01-02,65.85995483398438,67.2184640278319
2026-04-28,Nike,NKE,44.16217041015625,https://query2.finance.yahoo.com/v8/finance/chart/NKE,2019-01-02,65.85995483398438,67.05466245987789
2026-04-29,Nike,NKE,43.53450393676758,https://query2.finance.yahoo.com/v8/finance/chart/NKE,2019-01-02,65.85995483398438,66.10163041639888
2026-04-30,Nike,NKE,43.50508499145508,https://query2.finance.yahoo.com/v8/finance/chart/NKE,2019-01-02,65.85995483398438,66.0569614739639
2026-05-01,Nike,NKE,43.544315338134766,https://query2.finance.yahoo.com/v8/finance/chart/NKE,2019-01-02,65.85995483398438,66.11652778672341
2026-05-04,Nike,NKE,42.25955581665039,https://query2.finance.yahoo.com/v8/finance/chart/NKE,2019-01-02,65.85995483398438,64.1657831730611
2026-05-05,Nike,NKE,42.23013687133789,https://query2.finance.yahoo.com/v8/finance/chart/NKE,2019-01-02,65.85995483398438,64.12111423062612
2026-05-06,Nike,NKE,43.03433227539063,https://query2.finance.yahoo.com/v8/finance/chart/NKE,2019-01-02,65.85995483398438,65.34218309725367
2026-05-07,Nike,NKE,43.55411529541016,https://query2.finance.yahoo.com/v8/finance/chart/NKE,2019-01-02,65.85995483398438,66.131407780644
2026-05-08,Nike,NKE,43.28932189941406,https://query2.finance.yahoo.com/v8/finance/chart/NKE,2019-01-02,65.85995483398438,65.7293525459212
2026-05-11,Nike,NKE,41.57304763793945,https://query2.finance.yahoo.com/v8/finance/chart/NKE,2019-01-02,65.85995483398438,63.123407452577474
2026-05-12,Nike,NKE,41.53382110595703,https://query2.finance.yahoo.com/v8/finance/chart/NKE,2019-01-02,65.85995483398438,63.06384693195261
2026-05-13,Nike,NKE,41.52401351928711,https://query2.finance.yahoo.com/v8/finance/chart/NKE,2019-01-02,65.85995483398438,63.048955353762736
2026-05-14,Nike,NKE,41.21017837524414,https://query2.finance.yahoo.com/v8/finance/chart/NKE,2019-01-02,65.85995483398438,62.5724364359559
2026-05-15,Nike,NKE,41.0728759765625,https://query2.finance.yahoo.com/v8/finance/chart/NKE,2019-01-02,65.85995483398438,62.36396013343225
2026-05-18,Nike,NKE,41.74958038330078,https://query2.finance.yahoo.com/v8/finance/chart/NKE,2019-01-02,65.85995483398438,63.39145006786065
2026-05-19,Nike,NKE,41.60247039794922,https://query2.finance.yahoo.com/v8/finance/chart/NKE,2019-01-02,65.85995483398438,63.168082187147114
2026-05-20,Nike,NKE,43.338356018066406,https://query2.finance.yahoo.com/v8/finance/chart/NKE,2019-01-02,65.85995483398438,65.80380464473595
2026-05-21,Nike,NKE,43.53450393676758,https://query2.finance.yahoo.com/v8/finance/chart/NKE,2019-01-02,65.85995483398438,66.10163041639888
2026-05-22,Nike,NKE,43.8091049194336,https://query2.finance.yahoo.com/v8/finance/chart/NKE,2019-01-02,65.85995483398438,66.51857722931155
2026-05-26,Nike,NKE,44.07390213012695,https://query2.finance.yahoo.com/v8/finance/chart/NKE,2019-01-02,65.85995483398438,66.92063825616897
2026-05-27,Nike,NKE,45.0938606262207,https://query2.finance.yahoo.com/v8/finance/chart/NKE,2019-01-02,65.85995483398438,68.46931605083918
2026-05-28,Nike,NKE,46.45707321166992,https://query2.finance.yahoo.com/v8/finance/chart/NKE,2019-01-02,65.85995483398438,70.53918170575122
2026-05-29,Nike,NKE,45.33904266357422,https://query2.finance.yahoo.com/v8/finance/chart/NKE,2019-01-02,65.85995483398438,68.84159392131686
2026-06-01,Nike,NKE,45.4478874206543,https://query2.finance.yahoo.com/v8/finance/chart/NKE,2019-01-02,65.85995483398438,69.0068608993378
2026-06-02,Nike,NKE,43.27098083496094,https://query2.finance.yahoo.com/v8/finance/chart/NKE,2019-01-02,65.85995483398438,65.70150396251516
2026-06-03,Nike,NKE,43.35014343261719,https://query2.finance.yahoo.com/v8/finance/chart/NKE,2019-01-02,65.85995483398438,65.82170234081013
2026-06-04,Nike,NKE,43.1621322631836,https://query2.finance.yahoo.com/v8/finance/chart/NKE,2019-01-02,65.85995483398438,65.53623119235958
2026-06-05,Nike,NKE,42.52885055541992,https://query2.finance.yahoo.com/v8/finance/chart/NKE,2019-01-02,65.85995483398438,64.57467312667306
2026-06-08,Nike,NKE,42.77622985839844,https://query2.finance.yahoo.com/v8/finance/chart/NKE,2019-01-02,65.85995483398438,64.95028726671019
2026-06-09,Nike,NKE,44.18132400512695,https://query2.finance.yahoo.com/v8/finance/chart/NKE,2019-01-02,65.85995483398438,67.08374476796477
2026-06-10,Nike,NKE,43.498565673828125,https://query2.finance.yahoo.com/v8/finance/chart/NKE,2019-01-02,65.85995483398438,66.0470627158439
2026-06-11,Nike,NKE,45.47757339477539,https://query2.finance.yahoo.com/v8/finance/chart/NKE,2019-01-02,65.85995483398438,69.0519352911984
2026-06-12,Nike,NKE,44.4583854675293,https://query2.finance.yahoo.com/v8/finance/chart/NKE,2019-01-02,65.85995483398438,67.50442750772787
2026-06-15,Nike,NKE,44.72555160522461,https://query2.finance.yahoo.com/v8/finance/chart/NKE,2019-01-02,65.85995483398438,67.9100854502041
2026-06-16,Nike,NKE,44.567230224609375,https://query2.finance.yahoo.com/v8/finance/chart/NKE,2019-01-02,65.85995483398438,67.6696944857488
2026-06-17,Nike,NKE,43.72615051269531,https://query2.finance.yahoo.com/v8/finance/chart/NKE,2019-01-02,65.85995483398438,66.39262146917264
2026-06-18,Nike,NKE,44.72555160522461,https://query2.finance.yahoo.com/v8/finance/chart/NKE,2019-01-02,65.85995483398438,67.9100854502041
2026-06-22,Nike,NKE,42.73664855957031,https://query2.finance.yahoo.com/v8/finance/chart/NKE,2019-01-02,65.85995483398438,64.89018807756271
2026-06-23,Nike,NKE,41.935150146484375,https://query2.finance.yahoo.com/v8/finance/chart/NKE,2019-01-02,65.85995483398438,63.67321425013403
2026-06-24,Nike,NKE,41.38102722167969,https://query2.finance.yahoo.com/v8/finance/chart/NKE,2019-01-02,65.85995483398438,62.831848770607834
2026-06-25,Nike,NKE,40.47068786621094,https://query2.finance.yahoo.com/v8/finance/chart/NKE,2019-01-02,65.85995483398438,61.44961375729288
2026-06-26,Nike,NKE,40.322261810302734,https://query2.finance.yahoo.com/v8/finance/chart/NKE,2019-01-02,65.85995483398438,61.224247590124456
2026-06-29,Nike,NKE,41.04459762573242,https://query2.finance.yahoo.com/v8/finance/chart/NKE,2019-01-02,65.85995483398438,62.321023039258165
2026-06-30,Nike,NKE,40.61911010742188,https://query2.finance.yahoo.com/v8/finance/chart/NKE,2019-01-02,65.85995483398438,61.67497413232666
2026-07-01,Nike,NKE,42.60801315307617,https://query2.finance.yahoo.com/v8/finance/chart/NKE,2019-01-02,65.85995483398438,64.69487150496803
2026-07-02,Nike,NKE,43.627201080322266,https://query2.finance.yahoo.com/v8/finance/chart/NKE,2019-01-02,65.85995483398438,66.24237928843857
2026-07-06,Nike,NKE,42.88507461547852,https://query2.finance.yahoo.com/v8/finance/chart/NKE,2019-01-02,65.85995483398438,65.11555424473114
2026-07-07,Nike,NKE,42.756439208984375,https://query2.finance.yahoo.com/v8/finance/chart/NKE,2019-01-02,65.85995483398438,64.92023767213645
2026-07-08,Nike,NKE,42.43979644775391,https://query2.finance.yahoo.com/v8/finance/chart/NKE,2019-01-02,65.85995483398438,64.43945574322588
2026-07-09,Nike,NKE,42.33095169067383,https://query2.finance.yahoo.com/v8/finance/chart/NKE,2019-01-02,65.85995483398438,64.27418876520493
2026-07-10,Nike,NKE,43.90426254272461,https://query2.finance.yahoo.com/v8/finance/chart/NKE,2019-01-02,65.85995483398438,66.66306202820167
2026-07-13,Nike,NKE,43.300662994384766,https://query2.finance.yahoo.com/v8/finance/chart/NKE,2019-01-02,65.85995483398438,65.74657256224113
2026-07-14,Nike,NKE,42.41011428833008,https://query2.finance.yahoo.com/v8/finance/chart/NKE,2019-01-02,65.85995483398438,64.3943871434999
2026-07-15,Nike,NKE,42.3210563659668,https://query2.finance.yahoo.com/v8/finance/chart/NKE,2019-01-02,65.85995483398438,64.25916396791806
2026-07-16,Nike,NKE,44.1021614074707,https://query2.finance.yahoo.com/v8/finance/chart/NKE,2019-01-02,65.85995483398438,66.9635463896698
2026-07-17,Nike,NKE,43.300662994384766,https://query2.finance.yahoo.com/v8/finance/chart/NKE,2019-01-02,65.85995483398438,65.74657256224113
2026-07-20,Nike,NKE,43.013710021972656,https://query2.finance.yahoo.com/v8/finance/chart/NKE,2019-01-02,65.85995483398438,65.3108708173258
2026-07-21,Nike,NKE,42.509063720703125,https://query2.finance.yahoo.com/v8/finance/chart/NKE,2019-01-02,65.85995483398438,64.54462932423397
2026-07-22,Nike,NKE,41.76693344116211,https://query2.finance.yahoo.com/v8/finance/chart/NKE,2019-01-02,65.85995483398438,63.41779848839187
2026-07-23,Nike,NKE,40.55974197387695,https://query2.finance.yahoo.com/v8/finance/chart/NKE,2019-01-02,65.85995483398438,61.58483114074007
2026-07-24,Nike,NKE,41.26229095458984,https://query2.finance.yahoo.com/v8/finance/chart/NKE,2019-01-02,65.85995483398438,62.65156278743467
2026-07-27,Nike,NKE,41.69766998291016,https://query2.finance.yahoo.com/v8/finance/chart/NKE,2019-01-02,65.85995483398438,63.31263069951843
2026-07-28,Nike,NKE,42.59811782836914,https://query2.finance.yahoo.com/v8/finance/chart/NKE,2019-01-02,65.85995483398438,64.67984670768116
2026-07-29,Nike,NKE,42.766334533691406,https://query2.finance.yahoo.com/v8/finance/chart/NKE,2019-01-02,65.85995483398438,64.93526246942332
2026-07-30,Nike,NKE,41.84609603881836,https://query2.finance.yahoo.com/v8/finance/chart/NKE,2019-01-02,65.85995483398438,63.53799686668684
2026-07-31,Nike,NKE,41.27218246459961,https://query2.finance.yahoo.com/v8/finance/chart/NKE,2019-01-02,65.85995483398438,62.6665817925869
2026-08-03,Nike,NKE,42.192420959472656,https://query2.finance.yahoo.com/v8/finance/chart/NKE,2019-01-02,65.85995483398438,64.06384739532338
2026-08-04,Nike,NKE,41.09407043457031,https://query2.finance.yahoo.com/v8/finance/chart/NKE,2019-01-02,65.85995483398438,62.39614123355787
2026-08-05,Nike,NKE,42.0044174194336,https://query2.finance.yahoo.com/v8/finance/chart/NKE,2019-01-02,65.85995483398438,63.77838783114215
2026-08-06,Nike,NKE,41.55913925170898,https://query2.finance.yahoo.com/v8/finance/chart/NKE,2019-01-02,65.85995483398438,63.102289329636854
2026-08-07,Nike,NKE,41.26229095458984,https://query2.finance.yahoo.com/v8/finance/chart/NKE,2019-01-02,65.85995483398438,62.65156278743467
2026-08-10,Nike,NKE,41.66798400878906,https://query2.finance.yahoo.com/v8/finance/chart/NKE,2019-01-02,65.85995483398438,63.267556307657806
2026-08-11,Nike,NKE,40.88627624511719,https://query2.finance.yahoo.com/v8/finance/chart/NKE,2019-01-02,65.85995483398438,62.08063207480287
2026-08-12,Nike,NKE,40.08477783203125,https://query2.finance.yahoo.com/v8/finance/chart/NKE,2019-01-02,65.85995483398438,60.8636582473742
2026-08-13,Nike,NKE,40.79722213745117,https://query2.finance.yahoo.com/v8/finance/chart/NKE,2019-01-02,65.85995483398438,61.94541469135568
2026-08-14,Nike,NKE,40.30247116088867,https://query2.finance.yahoo.com/v8/finance/chart/NKE,2019-01-02,65.85995483398438,61.19419799555072
2026-08-17,Nike,NKE,38.679683685302734,https://query2.finance.yahoo.com/v8/finance/chart/NKE,2019-01-02,65.85995483398438,58.730200746119614
2026-08-18,Nike,NKE,39.63950347900391,https://query2.finance.yahoo.com/v8/finance/chart/NKE,2019-01-02,65.85995483398438,60.1875655380036
2026-08-19,Nike,NKE,40.61911010742188,https://query2.finance.yahoo.com/v8/finance/chart/NKE,2019-01-02,65.85995483398438,61.67497413232666
2026-08-20,Nike,NKE,39.78792953491211,https://query2.finance.yahoo.com/v8/finance/chart/NKE,2019-01-02,65.85995483398438,60.41293170517201
2026-08-21,Nike,NKE,40.3321533203125,https://query2.finance.yahoo.com/v8/finance/chart/NKE,2019-01-02,65.85995483398438,61.239266595276675
2026-08-24,Nike,NKE,40.322261810302734,https://query2.finance.yahoo.com/v8/finance/chart/NKE,2019-01-02,65.85995483398438,61.224247590124456
2026-08-25,Nike,NKE,39.06558990478516,https://query2.finance.yahoo.com/v8/finance/chart/NKE,2019-01-02,65.85995483398438,59.31615046390366
2026-08-26,Nike,NKE,38.18493270874024,https://query2.finance.yahoo.com/v8/finance/chart/NKE,2019-01-02,65.85995483398438,57.978984050314665
2026-08-27,Nike,NKE,38.03650665283203,https://query2.finance.yahoo.com/v8/finance/chart/NKE,2019-01-02,65.85995483398438,57.753617883146234
2026-08-28,Nike,NKE,39.184329986572266,https://query2.finance.yahoo.com/v8/finance/chart/NKE,2019-01-02,65.85995483398438,59.496442239211454
2026-08-31,Nike,NKE,38.650001525878906,https://query2.finance.yahoo.com/v8/finance/chart/NKE,2019-01-02,65.85995483398438,58.685132146393656
2026-09-01,Nike,NKE,38.119998931884766,https://query2.finance.yahoo.com/v8/finance/chart/NKE,2019-01-02,65.85995483398438,57.88039033427104
2026-09-02,Nike,NKE,38.2400016784668,https://query2.finance.yahoo.com/v8/finance/chart/NKE,2019-01-02,65.85995483398438,58.062599306148606
2026-09-03,Nike,NKE,38.77000045776367,https://query2.finance.yahoo.com/v8/finance/chart/NKE,2019-01-02,65.85995483398438,58.86733532613657
2026-09-04,Nike,NKE,38.400001525878906,https://query2.finance.yahoo.com/v8/finance/chart/NKE,2019-01-02,65.85995483398438,58.30553880985071
2026-09-08,Nike,NKE,38.09999847412109,https://query2.finance.yahoo.com/v8/finance/chart/NKE,2019-01-02,65.85995483398438,57.85002217229143
2026-09-09,Nike,NKE,37.34999847412109,https://query2.finance.yahoo.com/v8/finance/chart/NKE,2019-01-02,65.85995483398438,56.711242162662586
2026-09-10,Nike,NKE,36.619998931884766,https://query2.finance.yahoo.com/v8/finance/chart/NKE,2019-01-02,65.85995483398438,55.60283031501335
2026-09-11,Nike,NKE,36.79999923706055,https://query2.finance.yahoo.com/v8/finance/chart/NKE,2019-01-02,65.85995483398438,55.87613798069505
2026-09-14,Nike,NKE,37.04999923706055,https://query2.finance.yahoo.com/v8/finance/chart/NKE,2019-01-02,65.85995483398438,56.255731317237995
2026-09-15,Nike,NKE,36.220001220703125,https://query2.finance.yahoo.com/v8/finance/chart/NKE,2019-01-02,65.85995483398438,54.995484451825426
2021-09-15,On,ONON,35.0,https://query2.finance.yahoo.com/v8/finance/chart/ONON,2021-09-15,35.0,100.0
2021-09-16,On,ONON,37.4900016784668,https://query2.finance.yahoo.com/v8/finance/chart/ONON,2021-09-15,35.0,107.11429050990513
2021-09-17,On,ONON,38.95000076293945,https://query2.finance.yahoo.com/v8/finance/chart/ONON,2021-09-15,35.0,111.2857164655413
2021-09-20,On,ONON,36.0099983215332,https://query2.finance.yahoo.com/v8/finance/chart/ONON,2021-09-15,35.0,102.88570949009487
2021-09-21,On,ONON,38.63999938964844,https://query2.finance.yahoo.com/v8/finance/chart/ONON,2021-09-15,35.0,110.39999825613839
2021-09-22,On,ONON,35.75,https://query2.finance.yahoo.com/v8/finance/chart/ONON,2021-09-15,35.0,102.14285714285714
2021-09-23,On,ONON,37.34000015258789,https://query2.finance.yahoo.com/v8/finance/chart/ONON,2021-09-15,35.0,106.68571472167969
2021-09-24,On,ONON,36.02000045776367,https://query2.finance.yahoo.com/v8/finance/chart/ONON,2021-09-15,35.0,102.91428702218192
2021-09-27,On,ONON,33.369998931884766,https://query2.finance.yahoo.com/v8/finance/chart/ONON,2021-09-15,35.0,95.34285409109933
2021-09-28,On,ONON,32.0,https://query2.finance.yahoo.com/v8/finance/chart/ONON,2021-09-15,35.0,91.42857142857143
2021-09-29,On,ONON,30.89999961853028,https://query2.finance.yahoo.com/v8/finance/chart/ONON,2021-09-15,35.0,88.28571319580081
2021-09-30,On,ONON,30.1299991607666,https://query2.finance.yahoo.com/v8/finance/chart/ONON,2021-09-15,35.0,86.08571188790458
2021-10-01,On,ONON,30.5,https://query2.finance.yahoo.com/v8/finance/chart/ONON,2021-09-15,35.0,87.14285714285714
2021-10-04,On,ONON,29.09000015258789,https://query2.finance.yahoo.com/v8/finance/chart/ONON,2021-09-15,35.0,83.11428615025112
2021-10-05,On,ONON,30.440000534057617,https://query2.finance.yahoo.com/v8/finance/chart/ONON,2021-09-15,35.0,86.97143009730748
2021-10-06,On,ONON,29.59000015258789,https://query2.finance.yahoo.com/v8/finance/chart/ONON,2021-09-15,35.0,84.54285757882255
2021-10-07,On,ONON,29.84000015258789,https://query2.finance.yahoo.com/v8/finance/chart/ONON,2021-09-15,35.0,85.25714329310826
2021-10-08,On,ONON,30.06999969482422,https://query2.finance.yahoo.com/v8/finance/chart/ONON,2021-09-15,35.0,85.91428484235492
2021-10-11,On,ONON,30.690000534057617,https://query2.finance.yahoo.com/v8/finance/chart/ONON,2021-09-15,35.0,87.6857158115932
2021-10-12,On,ONON,30.540000915527344,https://query2.finance.yahoo.com/v8/finance/chart/ONON,2021-09-15,35.0,87.25714547293526
2021-10-13,On,ONON,30.700000762939453,https://query2.finance.yahoo.com/v8/finance/chart/ONON,2021-09-15,35.0,87.71428789411273
2021-10-14,On,ONON,29.56999969482422,https://query2.finance.yahoo.com/v8/finance/chart/ONON,2021-09-15,35.0,84.48571341378349
2021-10-15,On,ONON,29.71999931335449,https://query2.finance.yahoo.com/v8/finance/chart/ONON,2021-09-15,35.0,84.91428375244139
2021-10-18,On,ONON,30.06999969482422,https://query2.finance.yahoo.com/v8/finance/chart/ONON,2021-09-15,35.0,85.91428484235492
2021-10-19,On,ONON,29.770000457763672,https://query2.finance.yahoo.com/v8/finance/chart/ONON,2021-09-15,35.0,85.05714416503906
2021-10-20,On,ONON,31.36000061035156,https://query2.finance.yahoo.com/v8/finance/chart/ONON,2021-09-15,35.0,89.6000017438616
2021-10-21,On,ONON,33.709999084472656,https://query2.finance.yahoo.com/v8/finance/chart/ONON,2021-09-15,35.0,96.3142830984933
2021-10-22,On,ONON,33.2599983215332,https://query2.finance.yahoo.com/v8/finance/chart/ONON,2021-09-15,35.0,95.028566632952
2021-10-25,On,ONON,34.97999954223633,https://query2.finance.yahoo.com/v8/finance/chart/ONON,2021-09-15,35.0,99.94285583496094
2021-10-26,On,ONON,35.58000183105469,https://query2.finance.yahoo.com/v8/finance/chart/ONON,2021-09-15,35.0,101.65714808872768
2021-10-27,On,ONON,34.0,https://query2.finance.yahoo.com/v8/finance/chart/ONON,2021-09-15,35.0,97.14285714285714
2021-10-28,On,ONON,33.70000076293945,https://query2.finance.yahoo.com/v8/finance/chart/ONON,2021-09-15,35.0,96.2857164655413
2021-10-29,On,ONON,34.15999984741211,https://query2.finance.yahoo.com/v8/finance/chart/ONON,2021-09-15,35.0,97.5999995640346
2021-11-01,On,ONON,36.58000183105469,https://query2.finance.yahoo.com/v8/finance/chart/ONON,2021-09-15,35.0,104.51429094587054
2021-11-02,On,ONON,35.40999984741211,https://query2.finance.yahoo.com/v8/finance/chart/ONON,2021-09-15,35.0,101.17142813546317
2021-11-03,On,ONON,38.45000076293945,https://query2.finance.yahoo.com/v8/finance/chart/ONON,2021-09-15,35.0,109.85714503696987
2021-11-04,On,ONON,37.630001068115234,https://query2.finance.yahoo.com/v8/finance/chart/ONON,2021-09-15,35.0,107.51428876604352
2021-11-05,On,ONON,39.18999862670898,https://query2.finance.yahoo.com/v8/finance/chart/ONON,2021-09-15,35.0,111.97142464773992
2021-11-08,On,ONON,38.2400016784668,https://query2.finance.yahoo.com/v8/finance/chart/ONON,2021-09-15,35.0,109.25714765276227
2021-11-09,On,ONON,37.84999847412109,https://query2.finance.yahoo.com/v8/finance/chart/ONON,2021-09-15,35.0,108.1428527832031
2021-11-10,On,ONON,37.18999862670898,https://query2.finance.yahoo.com/v8/finance/chart/ONON,2021-09-15,35.0,106.25713893345421
2021-11-11,On,ONON,37.0099983215332,https://query2.finance.yahoo.com/v8/finance/chart/ONON,2021-09-15,35.0,105.74285234723773
2021-11-12,On,ONON,37.20000076293945,https://query2.finance.yahoo.com/v8/finance/chart/ONON,2021-09-15,35.0,106.2857164655413
2021-11-15,On,ONON,36.43000030517578,https://query2.finance.yahoo.com/v8/finance/chart/ONON,2021-09-15,35.0,104.08571515764508
2021-11-16,On,ONON,45.61000061035156,https://query2.finance.yahoo.com/v8/finance/chart/ONON,2021-09-15,35.0,130.31428745814733
2021-11-17,On,ONON,51.45000076293945,https://query2.finance.yahoo.com/v8/finance/chart/ONON,2021-09-15,35.0,147.00000217982702
2021-11-18,On,ONON,45.0,https://query2.finance.yahoo.com/v8/finance/chart/ONON,2021-09-15,35.0,128.57142857142858
2021-11-19,On,ONON,44.93999862670898,https://query2.finance.yahoo.com/v8/finance/chart/ONON,2021-09-15,35.0,128.39999607631137
2021-11-22,On,ONON,42.560001373291016,https://query2.finance.yahoo.com/v8/finance/chart/ONON,2021-09-15,35.0,121.60000392368862
2021-11-23,On,ONON,42.4900016784668,https://query2.finance.yahoo.com/v8/finance/chart/ONON,2021-09-15,35.0,121.40000479561942
2021-11-24,On,ONON,45.709999084472656,https://query2.finance.yahoo.com/v8/finance/chart/ONON,2021-09-15,35.0,130.5999973842076
2021-11-26,On,ONON,43.11000061035156,https://query2.finance.yahoo.com/v8/finance/chart/ONON,2021-09-15,35.0,123.17143031529018
2021-11-29,On,ONON,42.25,https://query2.finance.yahoo.com/v8/finance/chart/ONON,2021-09-15,35.0,120.71428571428571
2021-11-30,On,ONON,40.15999984741211,https://query2.finance.yahoo.com/v8/finance/chart/ONON,2021-09-15,35.0,114.74285670689174
2021-12-01,On,ONON,39.04999923706055,https://query2.finance.yahoo.com/v8/finance/chart/ONON,2021-09-15,35.0,111.57142639160156
2021-12-02,On,ONON,38.75,https://query2.finance.yahoo.com/v8/finance/chart/ONON,2021-09-15,35.0,110.71428571428571
2021-12-03,On,ONON,36.79999923706055,https://query2.finance.yahoo.com/v8/finance/chart/ONON,2021-09-15,35.0,105.14285496303013
2021-12-06,On,ONON,40.150001525878906,https://query2.finance.yahoo.com/v8/finance/chart/ONON,2021-09-15,35.0,114.71429007393974
2021-12-07,On,ONON,42.38999938964844,https://query2.finance.yahoo.com/v8/finance/chart/ONON,2021-09-15,35.0,121.11428397042411
2021-12-08,On,ONON,41.810001373291016,https://query2.finance.yahoo.com/v8/finance/chart/ONON,2021-09-15,35.0,119.45714678083148
2021-12-09,On,ONON,39.40999984741211,https://query2.finance.yahoo.com/v8/finance/chart/ONON,2021-09-15,35.0,112.5999995640346
2021-12-10,On,ONON,38.27999877929688,https://query2.finance.yahoo.com/v8/finance/chart/ONON,2021-09-15,35.0,109.37142508370539
2021-12-13,On,ONON,36.02000045776367,https://query2.finance.yahoo.com/v8/finance/chart/ONON,2021-09-15,35.0,102.91428702218192
2021-12-14,On,ONON,36.560001373291016,https://query2.finance.yahoo.com/v8/finance/chart/ONON,2021-09-15,35.0,104.45714678083148
2021-12-15,On,ONON,37.20000076293945,https://query2.finance.yahoo.com/v8/finance/chart/ONON,2021-09-15,35.0,106.2857164655413
2021-12-16,On,ONON,36.119998931884766,https://query2.finance.yahoo.com/v8/finance/chart/ONON,2021-09-15,35.0,103.19999694824219
2021-12-17,On,ONON,36.20000076293945,https://query2.finance.yahoo.com/v8/finance/chart/ONON,2021-09-15,35.0,103.42857360839844
2021-12-20,On,ONON,35.2599983215332,https://query2.finance.yahoo.com/v8/finance/chart/ONON,2021-09-15,35.0,100.74285234723773
2021-12-21,On,ONON,37.58000183105469,https://query2.finance.yahoo.com/v8/finance/chart/ONON,2021-09-15,35.0,107.37143380301339
2021-12-22,On,ONON,37.66999816894531,https://query2.finance.yahoo.com/v8/finance/chart/ONON,2021-09-15,35.0,107.62856619698661
2021-12-23,On,ONON,38.61000061035156,https://query2.finance.yahoo.com/v8/finance/chart/ONON,2021-09-15,35.0,110.31428745814732
2021-12-27,On,ONON,36.52000045776367,https://query2.finance.yahoo.com/v8/finance/chart/ONON,2021-09-15,35.0,104.34285845075335
2021-12-28,On,ONON,35.439998626708984,https://query2.finance.yahoo.com/v8/finance/chart/ONON,2021-09-15,35.0,101.25713893345424
2021-12-29,On,ONON,37.02999877929688,https://query2.finance.yahoo.com/v8/finance/chart/ONON,2021-09-15,35.0,105.7999965122768
2021-12-30,On,ONON,38.06999969482422,https://query2.finance.yahoo.com/v8/finance/chart/ONON,2021-09-15,35.0,108.77142769949776
2021-12-31,On,ONON,37.810001373291016,https://query2.finance.yahoo.com/v8/finance/chart/ONON,2021-09-15,35.0,108.02857535226005
2022-01-03,On,ONON,38.68000030517578,https://query2.finance.yahoo.com/v8/finance/chart/ONON,2021-09-15,35.0,110.51428658621651
2022-01-04,On,ONON,36.43999862670898,https://query2.finance.yahoo.com/v8/finance/chart/ONON,2021-09-15,35.0,104.11428179059708
2022-01-05,On,ONON,32.86000061035156,https://query2.finance.yahoo.com/v8/finance/chart/ONON,2021-09-15,35.0,93.88571602957589
2022-01-06,On,ONON,33.36000061035156,https://query2.finance.yahoo.com/v8/finance/chart/ONON,2021-09-15,35.0,95.31428745814732
2022-01-07,On,ONON,33.0,https://query2.finance.yahoo.com/v8/finance/chart/ONON,2021-09-15,35.0,94.28571428571429
2022-01-10,On,ONON,31.46999931335449,https://query2.finance.yahoo.com/v8/finance/chart/ONON,2021-09-15,35.0,89.91428375244139
2022-01-11,On,ONON,32.119998931884766,https://query2.finance.yahoo.com/v8/finance/chart/ONON,2021-09-15,35.0,91.77142551967076
2022-01-12,On,ONON,30.68000030517578,https://query2.finance.yahoo.com/v8/finance/chart/ONON,2021-09-15,35.0,87.65714372907367
2022-01-13,On,ONON,29.450000762939453,https://query2.finance.yahoo.com/v8/finance/chart/ONON,2021-09-15,35.0,84.14285932268415
2022-01-14,On,ONON,28.030000686645508,https://query2.finance.yahoo.com/v8/finance/chart/ONON,2021-09-15,35.0,80.0857162475586
2022-01-18,On,ONON,27.3700008392334,https://query2.finance.yahoo.com/v8/finance/chart/ONON,2021-09-15,35.0,78.20000239780971
2022-01-19,On,ONON,26.82999992370605,https://query2.finance.yahoo.com/v8/finance/chart/ONON,2021-09-15,35.0,76.65714263916014
2022-01-20,On,ONON,26.26000022888184,https://query2.finance.yahoo.com/v8/finance/chart/ONON,2021-09-15,35.0,75.02857208251955
2022-01-21,On,ONON,25.75,https://query2.finance.yahoo.com/v8/finance/chart/ONON,2021-09-15,35.0,73.57142857142857
2022-01-24,On,ONON,26.600000381469727,https://query2.finance.yahoo.com/v8/finance/chart/ONON,2021-09-15,35.0,76.00000108991351
2022-01-25,On,ONON,25.43000030517578,https://query2.finance.yahoo.com/v8/finance/chart/ONON,2021-09-15,35.0,72.65714372907367
2022-01-26,On,ONON,25.0,https://query2.finance.yahoo.com/v8/finance/chart/ONON,2021-09-15,35.0,71.42857142857143
2022-01-27,On,ONON,24.21999931335449,https://query2.finance.yahoo.com/v8/finance/chart/ONON,2021-09-15,35.0,69.19999803815568
2022-01-28,On,ONON,24.39999961853028,https://query2.finance.yahoo.com/v8/finance/chart/ONON,2021-09-15,35.0,69.71428462437224
2022-01-31,On,ONON,26.3700008392334,https://query2.finance.yahoo.com/v8/finance/chart/ONON,2021-09-15,35.0,75.34285954066685
2022-02-01,On,ONON,28.3799991607666,https://query2.finance.yahoo.com/v8/finance/chart/ONON,2021-09-15,35.0,81.08571188790458
2022-02-02,On,ONON,28.690000534057617,https://query2.finance.yahoo.com/v8/finance/chart/ONON,2021-09-15,35.0,81.97143009730748
2022-02-03,On,ONON,26.950000762939453,https://query2.finance.yahoo.com/v8/finance/chart/ONON,2021-09-15,35.0,77.000002179827
2022-02-04,On,ONON,27.780000686645508,https://query2.finance.yahoo.com/v8/finance/chart/ONON,2021-09-15,35.0,79.37143053327289
2022-02-07,On,ONON,28.5,https://query2.finance.yahoo.com/v8/finance/chart/ONON,2021-09-15,35.0,81.42857142857143
2022-02-08,On,ONON,29.440000534057617,https://query2.finance.yahoo.com/v8/finance/chart/ONON,2021-09-15,35.0,84.11428724016461
2022-02-09,On,ONON,30.25,https://query2.finance.yahoo.com/v8/finance/chart/ONON,2021-09-15,35.0,86.42857142857143
2022-02-10,On,ONON,29.3700008392334,https://query2.finance.yahoo.com/v8/finance/chart/ONON,2021-09-15,35.0,83.91428811209542
2022-02-11,On,ONON,27.450000762939453,https://query2.finance.yahoo.com/v8/finance/chart/ONON,2021-09-15,35.0,78.42857360839844
2022-02-14,On,ONON,27.06999969482422,https://query2.finance.yahoo.com/v8/finance/chart/ONON,2021-09-15,35.0,77.34285627092633
2022-02-15,On,ONON,27.75,https://query2.finance.yahoo.com/v8/finance/chart/ONON,2021-09-15,35.0,79.28571428571429
2022-02-16,On,ONON,28.31999969482422,https://query2.finance.yahoo.com/v8/finance/chart/ONON,2021-09-15,35.0,80.91428484235492
2022-02-17,On,ONON,26.540000915527344,https://query2.finance.yahoo.com/v8/finance/chart/ONON,2021-09-15,35.0,75.82857404436383
2022-02-18,On,ONON,25.030000686645508,https://query2.finance.yahoo.com/v8/finance/chart/ONON,2021-09-15,35.0,71.51428767613002
2022-02-22,On,ONON,24.21999931335449,https://query2.finance.yahoo.com/v8/finance/chart/ONON,2021-09-15,35.0,69.19999803815568
2022-02-23,On,ONON,23.82999992370605,https://query2.finance.yahoo.com/v8/finance/chart/ONON,2021-09-15,35.0,68.08571406773157
2022-02-24,On,ONON,24.6299991607666,https://query2.finance.yahoo.com/v8/finance/chart/ONON,2021-09-15,35.0,70.37142617361886
2022-02-25,On,ONON,24.01000022888184,https://query2.finance.yahoo.com/v8/finance/chart/ONON,2021-09-15,35.0,68.60000065394811
2022-02-28,On,ONON,24.350000381469727,https://query2.finance.yahoo.com/v8/finance/chart/ONON,2021-09-15,35.0,69.57142966134208
2022-03-01,On,ONON,21.950000762939453,https://query2.finance.yahoo.com/v8/finance/chart/ONON,2021-09-15,35.0,62.71428789411272
2022-03-02,On,ONON,23.549999237060547,https://query2.finance.yahoo.com/v8/finance/chart/ONON,2021-09-15,35.0,67.28571210588727
2022-03-03,On,ONON,22.65999984741211,https://query2.finance.yahoo.com/v8/finance/chart/ONON,2021-09-15,35.0,64.74285670689174
2022-03-04,On,ONON,21.96999931335449,https://query2.finance.yahoo.com/v8/finance/chart/ONON,2021-09-15,35.0,62.77142660958425
2022-03-07,On,ONON,20.729999542236328,https://query2.finance.yahoo.com/v8/finance/chart/ONON,2021-09-15,35.0,59.22857012067522
2022-03-08,On,ONON,20.82999992370605,https://query2.finance.yahoo.com/v8/finance/chart/ONON,2021-09-15,35.0,59.514285496303
2022-03-09,On,ONON,22.88999938964844,https://query2.finance.yahoo.com/v8/finance/chart/ONON,2021-09-15,35.0,65.3999982561384
2022-03-10,On,ONON,23.049999237060547,https://query2.finance.yahoo.com/v8/finance/chart/ONON,2021-09-15,35.0,65.85714067731585
2022-03-11,On,ONON,22.020000457763672,https://query2.finance.yahoo.com/v8/finance/chart/ONON,2021-09-15,35.0,62.91428702218192
2022-03-14,On,ONON,19.920000076293945,https://query2.finance.yahoo.com/v8/finance/chart/ONON,2021-09-15,35.0,56.91428593226841
2022-03-15,On,ONON,21.32999992370605,https://query2.finance.yahoo.com/v8/finance/chart/ONON,2021-09-15,35.0,60.94285692487443
2022-03-16,On,ONON,23.530000686645508,https://query2.finance.yahoo.com/v8/finance/chart/ONON,2021-09-15,35.0,67.22857339041573
2022-03-17,On,ONON,24.43000030517578,https://query2.finance.yahoo.com/v8/finance/chart/ONON,2021-09-15,35.0,69.8000008719308
2022-03-18,On,ONON,27.82999992370605,https://query2.finance.yahoo.com/v8/finance/chart/ONON,2021-09-15,35.0,79.514285496303
2022-03-21,On,ONON,27.13999938964844,https://query2.finance.yahoo.com/v8/finance/chart/ONON,2021-09-15,35.0,77.54285539899554
2022-03-22,On,ONON,27.75,https://query2.finance.yahoo.com/v8/finance/chart/ONON,2021-09-15,35.0,79.28571428571429
2022-03-23,On,ONON,27.440000534057617,https://query2.finance.yahoo.com/v8/finance/chart/ONON,2021-09-15,35.0,78.4000015258789
2022-03-24,On,ONON,26.65999984741211,https://query2.finance.yahoo.com/v8/finance/chart/ONON,2021-09-15,35.0,76.17142813546317
2022-03-25,On,ONON,25.549999237060547,https://query2.finance.yahoo.com/v8/finance/chart/ONON,2021-09-15,35.0,72.999997820173
2022-03-28,On,ONON,26.1200008392334,https://query2.finance.yahoo.com/v8/finance/chart/ONON,2021-09-15,35.0,74.62857382638114
2022-03-29,On,ONON,26.88999938964844,https://query2.finance.yahoo.com/v8/finance/chart/ONON,2021-09-15,35.0,76.82856968470983
2022-03-30,On,ONON,26.229999542236328,https://query2.finance.yahoo.com/v8/finance/chart/ONON,2021-09-15,35.0,74.94285583496094
2022-03-31,On,ONON,25.239999771118164,https://query2.finance.yahoo.com/v8/finance/chart/ONON,2021-09-15,35.0,72.11428506033761
2022-04-01,On,ONON,25.6299991607666,https://query2.finance.yahoo.com/v8/finance/chart/ONON,2021-09-15,35.0,73.22856903076172
2022-04-04,On,ONON,26.81999969482422,https://query2.finance.yahoo.com/v8/finance/chart/ONON,2021-09-15,35.0,76.62857055664062
2022-04-05,On,ONON,25.200000762939453,https://query2.finance.yahoo.com/v8/finance/chart/ONON,2021-09-15,35.0,72.000002179827
2022-04-06,On,ONON,23.5,https://query2.finance.yahoo.com/v8/finance/chart/ONON,2021-09-15,35.0,67.14285714285714
2022-04-07,On,ONON,23.38999938964844,https://query2.finance.yahoo.com/v8/finance/chart/ONON,2021-09-15,35.0,66.82856968470983
2022-04-08,On,ONON,22.68000030517578,https://query2.finance.yahoo.com/v8/finance/chart/ONON,2021-09-15,35.0,64.8000008719308
2022-04-11,On,ONON,22.979999542236328,https://query2.finance.yahoo.com/v8/finance/chart/ONON,2021-09-15,35.0,65.65714154924665
2022-04-12,On,ONON,23.75,https://query2.finance.yahoo.com/v8/finance/chart/ONON,2021-09-15,35.0,67.85714285714286
2022-04-13,On,ONON,24.549999237060547,https://query2.finance.yahoo.com/v8/finance/chart/ONON,2021-09-15,35.0,70.14285496303013
2022-04-14,On,ONON,24.81999969482422,https://query2.finance.yahoo.com/v8/finance/chart/ONON,2021-09-15,35.0,70.91428484235492
2022-04-18,On,ONON,24.549999237060547,https://query2.finance.yahoo.com/v8/finance/chart/ONON,2021-09-15,35.0,70.14285496303013
2022-04-19,On,ONON,26.01000022888184,https://query2.finance.yahoo.com/v8/finance/chart/ONON,2021-09-15,35.0,74.31428636823382
2022-04-20,On,ONON,26.049999237060547,https://query2.finance.yahoo.com/v8/finance/chart/ONON,2021-09-15,35.0,74.42856924874442
2022-04-21,On,ONON,26.13999938964844,https://query2.finance.yahoo.com/v8/finance/chart/ONON,2021-09-15,35.0,74.6857125418527
2022-04-22,On,ONON,26.01000022888184,https://query2.finance.yahoo.com/v8/finance/chart/ONON,2021-09-15,35.0,74.31428636823382
2022-04-25,On,ONON,26.209999084472656,https://query2.finance.yahoo.com/v8/finance/chart/ONON,2021-09-15,35.0,74.88571166992188
2022-04-26,On,ONON,23.940000534057617,https://query2.finance.yahoo.com/v8/finance/chart/ONON,2021-09-15,35.0,68.4000015258789
2022-04-27,On,ONON,24.11000061035156,https://query2.finance.yahoo.com/v8/finance/chart/ONON,2021-09-15,35.0,68.88571602957587
2022-04-28,On,ONON,25.549999237060547,https://query2.finance.yahoo.com/v8/finance/chart/ONON,2021-09-15,35.0,72.999997820173
2022-04-29,On,ONON,24.96999931335449,https://query2.finance.yahoo.com/v8/finance/chart/ONON,2021-09-15,35.0,71.34285518101282
2022-05-02,On,ONON,26.040000915527344,https://query2.finance.yahoo.com/v8/finance/chart/ONON,2021-09-15,35.0,74.40000261579242
2022-05-03,On,ONON,26.290000915527344,https://query2.finance.yahoo.com/v8/finance/chart/ONON,2021-09-15,35.0,75.11428833007812
2022-05-04,On,ONON,25.729999542236328,https://query2.finance.yahoo.com/v8/finance/chart/ONON,2021-09-15,35.0,73.5142844063895
2022-05-05,On,ONON,23.239999771118164,https://query2.finance.yahoo.com/v8/finance/chart/ONON,2021-09-15,35.0,66.3999993460519
2022-05-06,On,ONON,22.530000686645508,https://query2.finance.yahoo.com/v8/finance/chart/ONON,2021-09-15,35.0,64.37143053327289
2022-05-09,On,ONON,20.739999771118164,https://query2.finance.yahoo.com/v8/finance/chart/ONON,2021-09-15,35.0,59.25714220319475
2022-05-10,On,ONON,20.100000381469727,https://query2.finance.yahoo.com/v8/finance/chart/ONON,2021-09-15,35.0,57.428572518484934
2022-05-11,On,ONON,16.729999542236328,https://query2.finance.yahoo.com/v8/finance/chart/ONON,2021-09-15,35.0,47.79999869210379
2022-05-12,On,ONON,19.020000457763672,https://query2.finance.yahoo.com/v8/finance/chart/ONON,2021-09-15,35.0,54.34285845075335
2022-05-13,On,ONON,20.21999931335449,https://query2.finance.yahoo.com/v8/finance/chart/ONON,2021-09-15,35.0,57.77142660958425
2022-05-16,On,ONON,20.39999961853028,https://query2.finance.yahoo.com/v8/finance/chart/ONON,2021-09-15,35.0,58.2857131958008
2022-05-17,On,ONON,20.61000061035156,https://query2.finance.yahoo.com/v8/finance/chart/ONON,2021-09-15,35.0,58.88571602957588
2022-05-18,On,ONON,19.6200008392334,https://query2.finance.yahoo.com/v8/finance/chart/ONON,2021-09-15,35.0,56.057145254952566
2022-05-19,On,ONON,20.729999542236328,https://query2.finance.yahoo.com/v8/finance/chart/ONON,2021-09-15,35.0,59.22857012067522
2022-05-20,On,ONON,19.950000762939453,https://query2.finance.yahoo.com/v8/finance/chart/ONON,2021-09-15,35.0,57.00000217982701
2022-05-23,On,ONON,20.040000915527344,https://query2.finance.yahoo.com/v8/finance/chart/ONON,2021-09-15,35.0,57.25714547293527
2022-05-24,On,ONON,18.31999969482422,https://query2.finance.yahoo.com/v8/finance/chart/ONON,2021-09-15,35.0,52.34285627092634
2022-05-25,On,ONON,18.65999984741211,https://query2.finance.yahoo.com/v8/finance/chart/ONON,2021-09-15,35.0,53.31428527832031
2022-05-26,On,ONON,19.700000762939453,https://query2.finance.yahoo.com/v8/finance/chart/ONON,2021-09-15,35.0,56.28571646554129
2022-05-27,On,ONON,21.0,https://query2.finance.yahoo.com/v8/finance/chart/ONON,2021-09-15,35.0,60.0
2022-05-31,On,ONON,20.64999961853028,https://query2.finance.yahoo.com/v8/finance/chart/ONON,2021-09-15,35.0,58.999998910086525
2022-06-01,On,ONON,21.1200008392334,https://query2.finance.yahoo.com/v8/finance/chart/ONON,2021-09-15,35.0,60.34285954066685
2022-06-02,On,ONON,22.68000030517578,https://query2.finance.yahoo.com/v8/finance/chart/ONON,2021-09-15,35.0,64.8000008719308
2022-06-03,On,ONON,21.90999984741211,https://query2.finance.yahoo.com/v8/finance/chart/ONON,2021-09-15,35.0,62.5999995640346
2022-06-06,On,ONON,20.940000534057617,https://query2.finance.yahoo.com/v8/finance/chart/ONON,2021-09-15,35.0,59.82857295445034
2022-06-07,On,ONON,21.15999984741211,https://query2.finance.yahoo.com/v8/finance/chart/ONON,2021-09-15,35.0,60.45714242117746
2022-06-08,On,ONON,21.21999931335449,https://query2.finance.yahoo.com/v8/finance/chart/ONON,2021-09-15,35.0,60.62856946672711
2022-06-09,On,ONON,20.729999542236328,https://query2.finance.yahoo.com/v8/finance/chart/ONON,2021-09-15,35.0,59.22857012067522
2022-06-10,On,ONON,20.13999938964844,https://query2.finance.yahoo.com/v8/finance/chart/ONON,2021-09-15,35.0,57.54285539899555
2022-06-13,On,ONON,19.049999237060547,https://query2.finance.yahoo.com/v8/finance/chart/ONON,2021-09-15,35.0,54.42856924874442
2022-06-14,On,ONON,19.200000762939453,https://query2.finance.yahoo.com/v8/finance/chart/ONON,2021-09-15,35.0,54.85714503696987
2022-06-15,On,ONON,18.989999771118164,https://query2.finance.yahoo.com/v8/finance/chart/ONON,2021-09-15,35.0,54.25714220319475
2022-06-16,On,ONON,17.1299991607666,https://query2.finance.yahoo.com/v8/finance/chart/ONON,2021-09-15,35.0,48.942854745047434
2022-06-17,On,ONON,17.0,https://query2.finance.yahoo.com/v8/finance/chart/ONON,2021-09-15,35.0,48.57142857142857
2022-06-21,On,ONON,17.110000610351562,https://query2.finance.yahoo.com/v8/finance/chart/ONON,2021-09-15,35.0,48.885716029575896
2022-06-22,On,ONON,17.43000030517578,https://query2.finance.yahoo.com/v8/finance/chart/ONON,2021-09-15,35.0,49.800000871930806
2022-06-23,On,ONON,18.280000686645508,https://query2.finance.yahoo.com/v8/finance/chart/ONON,2021-09-15,35.0,52.22857339041574
2022-06-24,On,ONON,18.989999771118164,https://query2.finance.yahoo.com/v8/finance/chart/ONON,2021-09-15,35.0,54.25714220319475
2022-06-27,On,ONON,18.290000915527344,https://query2.finance.yahoo.com/v8/finance/chart/ONON,2021-09-15,35.0,52.25714547293527
2022-06-28,On,ONON,17.450000762939453,https://query2.finance.yahoo.com/v8/finance/chart/ONON,2021-09-15,35.0,49.85714503696987
2022-06-29,On,ONON,17.780000686645508,https://query2.finance.yahoo.com/v8/finance/chart/ONON,2021-09-15,35.0,50.80000196184431
2022-06-30,On,ONON,17.690000534057617,https://query2.finance.yahoo.com/v8/finance/chart/ONON,2021-09-15,35.0,50.54285866873605
2022-07-01,On,ONON,17.65999984741211,https://query2.finance.yahoo.com/v8/finance/chart/ONON,2021-09-15,35.0,50.45714242117746
2022-07-05,On,ONON,18.549999237060547,https://query2.finance.yahoo.com/v8/finance/chart/ONON,2021-09-15,35.0,52.99999782017299
2022-07-06,On,ONON,17.709999084472656,https://query2.finance.yahoo.com/v8/finance/chart/ONON,2021-09-15,35.0,50.59999738420759
2022-07-07,On,ONON,18.100000381469727,https://query2.finance.yahoo.com/v8/finance/chart/ONON,2021-09-15,35.0,51.71428680419922
2022-07-08,On,ONON,18.040000915527344,https://query2.finance.yahoo.com/v8/finance/chart/ONON,2021-09-15,35.0,51.542859758649556
2022-07-11,On,ONON,17.459999084472656,https://query2.finance.yahoo.com/v8/finance/chart/ONON,2021-09-15,35.0,49.885711669921875
2022-07-12,On,ONON,17.31999969482422,https://query2.finance.yahoo.com/v8/finance/chart/ONON,2021-09-15,35.0,49.48571341378348
2022-07-13,On,ONON,17.420000076293945,https://query2.finance.yahoo.com/v8/finance/chart/ONON,2021-09-15,35.0,49.771428789411274
2022-07-14,On,ONON,16.540000915527344,https://query2.finance.yahoo.com/v8/finance/chart/ONON,2021-09-15,35.0,47.25714547293527
2022-07-15,On,ONON,17.200000762939453,https://query2.finance.yahoo.com/v8/finance/chart/ONON,2021-09-15,35.0,49.14285932268415
2022-07-18,On,ONON,17.729999542236328,https://query2.finance.yahoo.com/v8/finance/chart/ONON,2021-09-15,35.0,50.65714154924665
2022-07-19,On,ONON,19.049999237060547,https://query2.finance.yahoo.com/v8/finance/chart/ONON,2021-09-15,35.0,54.42856924874442
2022-07-20,On,ONON,19.270000457763672,https://query2.finance.yahoo.com/v8/finance/chart/ONON,2021-09-15,35.0,55.05714416503906
2022-07-21,On,ONON,19.940000534057617,https://query2.finance.yahoo.com/v8/finance/chart/ONON,2021-09-15,35.0,56.971430097307476
2022-07-22,On,ONON,19.450000762939453,https://query2.finance.yahoo.com/v8/finance/chart/ONON,2021-09-15,35.0,55.57143075125558
2022-07-25,On,ONON,19.34000015258789,https://query2.finance.yahoo.com/v8/finance/chart/ONON,2021-09-15,35.0,55.25714329310826
2022-07-26,On,ONON,18.530000686645508,https://query2.finance.yahoo.com/v8/finance/chart/ONON,2021-09-15,35.0,52.94285910470145
2022-07-27,On,ONON,19.11000061035156,https://query2.finance.yahoo.com/v8/finance/chart/ONON,2021-09-15,35.0,54.6000017438616
2022-07-28,On,ONON,21.170000076293945,https://query2.finance.yahoo.com/v8/finance/chart/ONON,2021-09-15,35.0,60.48571450369699
2022-07-29,On,ONON,21.770000457763672,https://query2.finance.yahoo.com/v8/finance/chart/ONON,2021-09-15,35.0,62.20000130789621
2022-08-01,On,ONON,22.190000534057617,https://query2.finance.yahoo.com/v8/finance/chart/ONON,2021-09-15,35.0,63.400001525878906
2022-08-02,On,ONON,21.690000534057617,https://query2.finance.yahoo.com/v8/finance/chart/ONON,2021-09-15,35.0,61.971430097307476
2022-08-03,On,ONON,22.450000762939453,https://query2.finance.yahoo.com/v8/finance/chart/ONON,2021-09-15,35.0,64.14285932268415
2022-08-04,On,ONON,22.6299991607666,https://query2.finance.yahoo.com/v8/finance/chart/ONON,2021-09-15,35.0,64.65714045933315
2022-08-05,On,ONON,22.84000015258789,https://query2.finance.yahoo.com/v8/finance/chart/ONON,2021-09-15,35.0,65.25714329310826
2022-08-08,On,ONON,23.479999542236328,https://query2.finance.yahoo.com/v8/finance/chart/ONON,2021-09-15,35.0,67.08571297781808
2022-08-09,On,ONON,22.559999465942383,https://query2.finance.yahoo.com/v8/finance/chart/ONON,2021-09-15,35.0,64.45714133126395
2022-08-10,On,ONON,23.89999961853028,https://query2.finance.yahoo.com/v8/finance/chart/ONON,2021-09-15,35.0,68.28571319580081
2022-08-11,On,ONON,23.8799991607666,https://query2.finance.yahoo.com/v8/finance/chart/ONON,2021-09-15,35.0,68.22856903076172
2022-08-12,On,ONON,24.46999931335449,https://query2.finance.yahoo.com/v8/finance/chart/ONON,2021-09-15,35.0,69.91428375244139
2022-08-15,On,ONON,24.459999084472656,https://query2.finance.yahoo.com/v8/finance/chart/ONON,2021-09-15,35.0,69.88571166992188
2022-08-16,On,ONON,24.280000686645508,https://query2.finance.yahoo.com/v8/finance/chart/ONON,2021-09-15,35.0,69.37143053327289
2022-08-17,On,ONON,24.06999969482422,https://query2.finance.yahoo.com/v8/finance/chart/ONON,2021-09-15,35.0,68.77142769949776
2022-08-18,On,ONON,23.65999984741211,https://query2.finance.yahoo.com/v8/finance/chart/ONON,2021-09-15,35.0,67.5999995640346
2022-08-19,On,ONON,22.46999931335449,https://query2.finance.yahoo.com/v8/finance/chart/ONON,2021-09-15,35.0,64.19999803815568
2022-08-22,On,ONON,21.71999931335449,https://query2.finance.yahoo.com/v8/finance/chart/ONON,2021-09-15,35.0,62.05714089529854
2022-08-23,On,ONON,21.850000381469727,https://query2.finance.yahoo.com/v8/finance/chart/ONON,2021-09-15,35.0,62.428572518484934
2022-08-24,On,ONON,21.75,https://query2.finance.yahoo.com/v8/finance/chart/ONON,2021-09-15,35.0,62.142857142857146
2022-08-25,On,ONON,21.780000686645508,https://query2.finance.yahoo.com/v8/finance/chart/ONON,2021-09-15,35.0,62.22857339041574
2022-08-26,On,ONON,20.89999961853028,https://query2.finance.yahoo.com/v8/finance/chart/ONON,2021-09-15,35.0,59.71428462437223
2022-08-29,On,ONON,20.76000022888184,https://query2.finance.yahoo.com/v8/finance/chart/ONON,2021-09-15,35.0,59.31428636823383
2022-08-30,On,ONON,20.6200008392334,https://query2.finance.yahoo.com/v8/finance/chart/ONON,2021-09-15,35.0,58.91428811209543
2022-08-31,On,ONON,19.989999771118164,https://query2.finance.yahoo.com/v8/finance/chart/ONON,2021-09-15,35.0,57.114285060337615
2022-09-01,On,ONON,19.479999542236328,https://query2.finance.yahoo.com/v8/finance/chart/ONON,2021-09-15,35.0,55.65714154924665
2022-09-02,On,ONON,19.3700008392334,https://query2.finance.yahoo.com/v8/finance/chart/ONON,2021-09-15,35.0,55.34285954066685
2022-09-06,On,ONON,18.780000686645508,https://query2.finance.yahoo.com/v8/finance/chart/ONON,2021-09-15,35.0,53.65714481898716
2022-09-07,On,ONON,19.540000915527344,https://query2.finance.yahoo.com/v8/finance/chart/ONON,2021-09-15,35.0,55.82857404436384
2022-09-08,On,ONON,19.75,https://query2.finance.yahoo.com/v8/finance/chart/ONON,2021-09-15,35.0,56.42857142857143
2022-09-09,On,ONON,20.280000686645508,https://query2.finance.yahoo.com/v8/finance/chart/ONON,2021-09-15,35.0,57.94285910470145
2022-09-12,On,ONON,20.920000076293945,https://query2.finance.yahoo.com/v8/finance/chart/ONON,2021-09-15,35.0,59.771428789411274
2022-09-13,On,ONON,19.100000381469727,https://query2.finance.yahoo.com/v8/finance/chart/ONON,2021-09-15,35.0,54.57142966134207
2022-09-14,On,ONON,19.229999542236328,https://query2.finance.yahoo.com/v8/finance/chart/ONON,2021-09-15,35.0,54.94285583496094
2022-09-15,On,ONON,18.6200008392334,https://query2.finance.yahoo.com/v8/finance/chart/ONON,2021-09-15,35.0,53.20000239780971
2022-09-16,On,ONON,18.100000381469727,https://query2.finance.yahoo.com/v8/finance/chart/ONON,2021-09-15,35.0,51.71428680419922
2022-09-19,On,ONON,18.25,https://query2.finance.yahoo.com/v8/finance/chart/ONON,2021-09-15,35.0,52.142857142857146
2022-09-20,On,ONON,17.729999542236328,https://query2.finance.yahoo.com/v8/finance/chart/ONON,2021-09-15,35.0,50.65714154924665
2022-09-21,On,ONON,17.739999771118164,https://query2.finance.yahoo.com/v8/finance/chart/ONON,2021-09-15,35.0,50.685713631766184
2022-09-22,On,ONON,17.350000381469727,https://query2.finance.yahoo.com/v8/finance/chart/ONON,2021-09-15,35.0,49.57142966134207
2022-09-23,On,ONON,17.15999984741211,https://query2.finance.yahoo.com/v8/finance/chart/ONON,2021-09-15,35.0,49.02857099260603
2022-09-26,On,ONON,16.559999465942383,https://query2.finance.yahoo.com/v8/finance/chart/ONON,2021-09-15,35.0,47.31428418840681
2022-09-27,On,ONON,16.93000030517578,https://query2.finance.yahoo.com/v8/finance/chart/ONON,2021-09-15,35.0,48.371429443359375
2022-09-28,On,ONON,17.90999984741211,https://query2.finance.yahoo.com/v8/finance/chart/ONON,2021-09-15,35.0,51.17142813546317
2022-09-29,On,ONON,17.299999237060547,https://query2.finance.yahoo.com/v8/finance/chart/ONON,2021-09-15,35.0,49.42856924874442
2022-09-30,On,ONON,16.049999237060547,https://query2.finance.yahoo.com/v8/finance/chart/ONON,2021-09-15,35.0,45.85714067731585
2022-10-03,On,ONON,16.799999237060547,https://query2.finance.yahoo.com/v8/finance/chart/ONON,2021-09-15,35.0,47.99999782017299
2022-10-04,On,ONON,17.649999618530273,https://query2.finance.yahoo.com/v8/finance/chart/ONON,2021-09-15,35.0,50.42857033865793
2022-10-05,On,ONON,17.90999984741211,https://query2.finance.yahoo.com/v8/finance/chart/ONON,2021-09-15,35.0,51.17142813546317
2022-10-06,On,ONON,18.06999969482422,https://query2.finance.yahoo.com/v8/finance/chart/ONON,2021-09-15,35.0,51.628570556640625
2022-10-07,On,ONON,16.780000686645508,https://query2.finance.yahoo.com/v8/finance/chart/ONON,2021-09-15,35.0,47.94285910470145
2022-10-10,On,ONON,16.0,https://query2.finance.yahoo.com/v8/finance/chart/ONON,2021-09-15,35.0,45.714285714285715
2022-10-11,On,ONON,16.299999237060547,https://query2.finance.yahoo.com/v8/finance/chart/ONON,2021-09-15,35.0,46.57142639160156
2022-10-12,On,ONON,16.84000015258789,https://query2.finance.yahoo.com/v8/finance/chart/ONON,2021-09-15,35.0,48.11428615025112
2022-10-13,On,ONON,17.139999389648438,https://query2.finance.yahoo.com/v8/finance/chart/ONON,2021-09-15,35.0,48.971426827566965
2022-10-14,On,ONON,16.09000015258789,https://query2.finance.yahoo.com/v8/finance/chart/ONON,2021-09-15,35.0,45.97142900739397
2022-10-17,On,ONON,16.520000457763672,https://query2.finance.yahoo.com/v8/finance/chart/ONON,2021-09-15,35.0,47.20000130789621
2022-10-18,On,ONON,16.989999771118164,https://query2.finance.yahoo.com/v8/finance/chart/ONON,2021-09-15,35.0,48.54285648890904
2022-10-19,On,ONON,16.209999084472656,https://query2.finance.yahoo.com/v8/finance/chart/ONON,2021-09-15,35.0,46.314283098493306
2022-10-20,On,ONON,16.170000076293945,https://query2.finance.yahoo.com/v8/finance/chart/ONON,2021-09-15,35.0,46.2000002179827
2022-10-21,On,ONON,16.479999542236328,https://query2.finance.yahoo.com/v8/finance/chart/ONON,2021-09-15,35.0,47.08571297781808
2022-10-24,On,ONON,16.799999237060547,https://query2.finance.yahoo.com/v8/finance/chart/ONON,2021-09-15,35.0,47.99999782017299
2022-10-25,On,ONON,18.1299991607666,https://query2.finance.yahoo.com/v8/finance/chart/ONON,2021-09-15,35.0,51.79999760219029
2022-10-26,On,ONON,17.850000381469727,https://query2.finance.yahoo.com/v8/finance/chart/ONON,2021-09-15,35.0,51.0000010899135
2022-10-27,On,ONON,17.3799991607666,https://query2.finance.yahoo.com/v8/finance/chart/ONON,2021-09-15,35.0,49.65714045933315
2022-10-28,On,ONON,17.579999923706055,https://query2.finance.yahoo.com/v8/finance/chart/ONON,2021-09-15,35.0,50.228571210588726
2022-10-31,On,ONON,17.59000015258789,https://query2.finance.yahoo.com/v8/finance/chart/ONON,2021-09-15,35.0,50.25714329310826
2022-11-01,On,ONON,17.709999084472656,https://query2.finance.yahoo.com/v8/finance/chart/ONON,2021-09-15,35.0,50.59999738420759
2022-11-02,On,ONON,16.850000381469727,https://query2.finance.yahoo.com/v8/finance/chart/ONON,2021-09-15,35.0,48.14285823277065
2022-11-03,On,ONON,17.0,https://query2.finance.yahoo.com/v8/finance/chart/ONON,2021-09-15,35.0,48.57142857142857
2022-11-04,On,ONON,17.6299991607666,https://query2.finance.yahoo.com/v8/finance/chart/ONON,2021-09-15,35.0,50.371426173618865
2022-11-07,On,ONON,17.450000762939453,https://query2.finance.yahoo.com/v8/finance/chart/ONON,2021-09-15,35.0,49.85714503696987
2022-11-08,On,ONON,17.31999969482422,https://query2.finance.yahoo.com/v8/finance/chart/ONON,2021-09-15,35.0,49.48571341378348
2022-11-09,On,ONON,16.450000762939453,https://query2.finance.yahoo.com/v8/finance/chart/ONON,2021-09-15,35.0,47.00000217982701
2022-11-10,On,ONON,18.09000015258789,https://query2.finance.yahoo.com/v8/finance/chart/ONON,2021-09-15,35.0,51.68571472167969
2022-11-11,On,ONON,19.57999992370605,https://query2.finance.yahoo.com/v8/finance/chart/ONON,2021-09-15,35.0,55.94285692487443
2022-11-14,On,ONON,19.63999938964844,https://query2.finance.yahoo.com/v8/finance/chart/ONON,2021-09-15,35.0,56.11428397042412
2022-11-15,On,ONON,20.15999984741211,https://query2.finance.yahoo.com/v8/finance/chart/ONON,2021-09-15,35.0,57.5999995640346
2022-11-16,On,ONON,18.39999961853028,https://query2.finance.yahoo.com/v8/finance/chart/ONON,2021-09-15,35.0,52.57142748151509
2022-11-17,On,ONON,17.31999969482422,https://query2.finance.yahoo.com/v8/finance/chart/ONON,2021-09-15,35.0,49.48571341378348
2022-11-18,On,ONON,16.93000030517578,https://query2.finance.yahoo.com/v8/finance/chart/ONON,2021-09-15,35.0,48.371429443359375
2022-11-21,On,ONON,17.020000457763672,https://query2.finance.yahoo.com/v8/finance/chart/ONON,2021-09-15,35.0,48.62857273646763
2022-11-22,On,ONON,18.170000076293945,https://query2.finance.yahoo.com/v8/finance/chart/ONON,2021-09-15,35.0,51.91428593226841
2022-11-23,On,ONON,18.61000061035156,https://query2.finance.yahoo.com/v8/finance/chart/ONON,2021-09-15,35.0,53.171430315290166
2022-11-25,On,ONON,18.46999931335449,https://query2.finance.yahoo.com/v8/finance/chart/ONON,2021-09-15,35.0,52.77142660958425
2022-11-28,On,ONON,18.51000022888184,https://query2.finance.yahoo.com/v8/finance/chart/ONON,2021-09-15,35.0,52.8857149396624
2022-11-29,On,ONON,18.440000534057617,https://query2.finance.yahoo.com/v8/finance/chart/ONON,2021-09-15,35.0,52.68571581159319
2022-11-30,On,ONON,19.420000076293945,https://query2.finance.yahoo.com/v8/finance/chart/ONON,2021-09-15,35.0,55.48571450369699
2022-12-01,On,ONON,19.229999542236328,https://query2.finance.yahoo.com/v8/finance/chart/ONON,2021-09-15,35.0,54.94285583496094
2022-12-02,On,ONON,19.61000061035156,https://query2.finance.yahoo.com/v8/finance/chart/ONON,2021-09-15,35.0,56.02857317243302
2022-12-05,On,ONON,18.86000061035156,https://query2.finance.yahoo.com/v8/finance/chart/ONON,2021-09-15,35.0,53.88571602957588
2022-12-06,On,ONON,17.90999984741211,https://query2.finance.yahoo.com/v8/finance/chart/ONON,2021-09-15,35.0,51.17142813546317
2022-12-07,On,ONON,18.030000686645508,https://query2.finance.yahoo.com/v8/finance/chart/ONON,2021-09-15,35.0,51.514287676130024
2022-12-08,On,ONON,17.8700008392334,https://query2.finance.yahoo.com/v8/finance/chart/ONON,2021-09-15,35.0,51.057145254952566
2022-12-09,On,ONON,17.420000076293945,https://query2.finance.yahoo.com/v8/finance/chart/ONON,2021-09-15,35.0,49.771428789411274
2022-12-12,On,ONON,17.719999313354492,https://query2.finance.yahoo.com/v8/finance/chart/ONON,2021-09-15,35.0,50.62856946672712
2022-12-13,On,ONON,17.639999389648438,https://query2.finance.yahoo.com/v8/finance/chart/ONON,2021-09-15,35.0,50.399998256138396
2022-12-14,On,ONON,17.829999923706055,https://query2.finance.yahoo.com/v8/finance/chart/ONON,2021-09-15,35.0,50.94285692487444
2022-12-15,On,ONON,17.1200008392334,https://query2.finance.yahoo.com/v8/finance/chart/ONON,2021-09-15,35.0,48.91428811209543
2022-12-16,On,ONON,16.489999771118164,https://query2.finance.yahoo.com/v8/finance/chart/ONON,2021-09-15,35.0,47.114285060337615
2022-12-19,On,ONON,16.34000015258789,https://query2.finance.yahoo.com/v8/finance/chart/ONON,2021-09-15,35.0,46.68571472167969
2022-12-20,On,ONON,16.389999389648438,https://query2.finance.yahoo.com/v8/finance/chart/ONON,2021-09-15,35.0,46.82856968470982
2022-12-21,On,ONON,16.850000381469727,https://query2.finance.yahoo.com/v8/finance/chart/ONON,2021-09-15,35.0,48.14285823277065
2022-12-22,On,ONON,16.6200008392334,https://query2.finance.yahoo.com/v8/finance/chart/ONON,2021-09-15,35.0,47.485716683524
2022-12-23,On,ONON,16.280000686645508,https://query2.finance.yahoo.com/v8/finance/chart/ONON,2021-09-15,35.0,46.514287676130024
2022-12-27,On,ONON,16.389999389648438,https://query2.finance.yahoo.com/v8/finance/chart/ONON,2021-09-15,35.0,46.82856968470982
2022-12-28,On,ONON,16.3700008392334,https://query2.finance.yahoo.com/v8/finance/chart/ONON,2021-09-15,35.0,46.77143096923828
2022-12-29,On,ONON,17.270000457763672,https://query2.finance.yahoo.com/v8/finance/chart/ONON,2021-09-15,35.0,49.34285845075335
2022-12-30,On,ONON,17.15999984741211,https://query2.finance.yahoo.com/v8/finance/chart/ONON,2021-09-15,35.0,49.02857099260603
2023-01-03,On,ONON,17.06999969482422,https://query2.finance.yahoo.com/v8/finance/chart/ONON,2021-09-15,35.0,48.77142769949777
2023-01-04,On,ONON,17.479999542236328,https://query2.finance.yahoo.com/v8/finance/chart/ONON,2021-09-15,35.0,49.94285583496094
2023-01-05,On,ONON,17.479999542236328,https://query2.finance.yahoo.com/v8/finance/chart/ONON,2021-09-15,35.0,49.94285583496094
2023-01-06,On,ONON,19.1299991607666,https://query2.finance.yahoo.com/v8/finance/chart/ONON,2021-09-15,35.0,54.65714045933315
2023-01-09,On,ONON,19.1200008392334,https://query2.finance.yahoo.com/v8/finance/chart/ONON,2021-09-15,35.0,54.628573826381135
2023-01-10,On,ONON,19.709999084472656,https://query2.finance.yahoo.com/v8/finance/chart/ONON,2021-09-15,35.0,56.314283098493306
2023-01-11,On,ONON,20.540000915527344,https://query2.finance.yahoo.com/v8/finance/chart/ONON,2021-09-15,35.0,58.685716901506694
2023-01-12,On,ONON,20.31999969482422,https://query2.finance.yahoo.com/v8/finance/chart/ONON,2021-09-15,35.0,58.057141985212056
2023-01-13,On,ONON,20.700000762939453,https://query2.finance.yahoo.com/v8/finance/chart/ONON,2021-09-15,35.0,59.14285932268415
2023-01-17,On,ONON,21.36000061035156,https://query2.finance.yahoo.com/v8/finance/chart/ONON,2021-09-15,35.0,61.02857317243302
2023-01-18,On,ONON,20.81999969482422,https://query2.finance.yahoo.com/v8/finance/chart/ONON,2021-09-15,35.0,59.48571341378348
2023-01-19,On,ONON,20.600000381469727,https://query2.finance.yahoo.com/v8/finance/chart/ONON,2021-09-15,35.0,58.857143947056365
2023-01-20,On,ONON,21.15999984741211,https://query2.finance.yahoo.com/v8/finance/chart/ONON,2021-09-15,35.0,60.45714242117746
2023-01-23,On,ONON,22.270000457763672,https://query2.finance.yahoo.com/v8/finance/chart/ONON,2021-09-15,35.0,63.62857273646763
2023-01-24,On,ONON,21.790000915527344,https://query2.finance.yahoo.com/v8/finance/chart/ONON,2021-09-15,35.0,62.25714547293527
2023-01-25,On,ONON,22.209999084472656,https://query2.finance.yahoo.com/v8/finance/chart/ONON,2021-09-15,35.0,63.457140241350444
2023-01-26,On,ONON,22.229999542236328,https://query2.finance.yahoo.com/v8/finance/chart/ONON,2021-09-15,35.0,63.51428440638951
2023-01-27,On,ONON,22.8799991607666,https://query2.finance.yahoo.com/v8/finance/chart/ONON,2021-09-15,35.0,65.37142617361886
2023-01-30,On,ONON,22.88999938964844,https://query2.finance.yahoo.com/v8/finance/chart/ONON,2021-09-15,35.0,65.3999982561384
2023-01-31,On,ONON,23.200000762939453,https://query2.finance.yahoo.com/v8/finance/chart/ONON,2021-09-15,35.0,66.2857164655413
2023-02-01,On,ONON,23.770000457763672,https://query2.finance.yahoo.com/v8/finance/chart/ONON,2021-09-15,35.0,67.91428702218192
2023-02-02,On,ONON,23.780000686645508,https://query2.finance.yahoo.com/v8/finance/chart/ONON,2021-09-15,35.0,67.94285910470145
2023-02-03,On,ONON,22.88999938964844,https://query2.finance.yahoo.com/v8/finance/chart/ONON,2021-09-15,35.0,65.3999982561384
2023-02-06,On,ONON,22.489999771118164,https://query2.finance.yahoo.com/v8/finance/chart/ONON,2021-09-15,35.0,64.25714220319476
2023-02-07,On,ONON,21.989999771118164,https://query2.finance.yahoo.com/v8/finance/chart/ONON,2021-09-15,35.0,62.82857077462332
2023-02-08,On,ONON,21.420000076293945,https://query2.finance.yahoo.com/v8/finance/chart/ONON,2021-09-15,35.0,61.2000002179827
2023-02-09,On,ONON,21.18000030517578,https://query2.finance.yahoo.com/v8/finance/chart/ONON,2021-09-15,35.0,60.51428658621652
2023-02-10,On,ONON,21.11000061035156,https://query2.finance.yahoo.com/v8/finance/chart/ONON,2021-09-15,35.0,60.314287458147305
2023-02-13,On,ONON,21.709999084472656,https://query2.finance.yahoo.com/v8/finance/chart/ONON,2021-09-15,35.0,62.02856881277902
2023-02-14,On,ONON,23.07999992370605,https://query2.finance.yahoo.com/v8/finance/chart/ONON,2021-09-15,35.0,65.94285692487443
2023-02-15,On,ONON,23.559999465942383,https://query2.finance.yahoo.com/v8/finance/chart/ONON,2021-09-15,35.0,67.3142841884068
2023-02-16,On,ONON,22.15999984741211,https://query2.finance.yahoo.com/v8/finance/chart/ONON,2021-09-15,35.0,63.31428527832031
2023-02-17,On,ONON,21.75,https://query2.finance.yahoo.com/v8/finance/chart/ONON,2021-09-15,35.0,62.142857142857146
2023-02-21,On,ONON,21.049999237060547,https://query2.finance.yahoo.com/v8/finance/chart/ONON,2021-09-15,35.0,60.14285496303013
2023-02-22,On,ONON,21.049999237060547,https://query2.finance.yahoo.com/v8/finance/chart/ONON,2021-09-15,35.0,60.14285496303013
2023-02-23,On,ONON,21.15999984741211,https://query2.finance.yahoo.com/v8/finance/chart/ONON,2021-09-15,35.0,60.45714242117746
2023-02-24,On,ONON,20.68000030517578,https://query2.finance.yahoo.com/v8/finance/chart/ONON,2021-09-15,35.0,59.08571515764509
2023-02-27,On,ONON,21.309999465942383,https://query2.finance.yahoo.com/v8/finance/chart/ONON,2021-09-15,35.0,60.88571275983538
2023-02-28,On,ONON,21.8700008392334,https://query2.finance.yahoo.com/v8/finance/chart/ONON,2021-09-15,35.0,62.485716683524
2023-03-01,On,ONON,22.190000534057617,https://query2.finance.yahoo.com/v8/finance/chart/ONON,2021-09-15,35.0,63.400001525878906
2023-03-02,On,ONON,22.57999992370605,https://query2.finance.yahoo.com/v8/finance/chart/ONON,2021-09-15,35.0,64.514285496303
2023-03-03,On,ONON,22.770000457763672,https://query2.finance.yahoo.com/v8/finance/chart/ONON,2021-09-15,35.0,65.05714416503906
2023-03-06,On,ONON,22.46999931335449,https://query2.finance.yahoo.com/v8/finance/chart/ONON,2021-09-15,35.0,64.19999803815568
2023-03-07,On,ONON,22.309999465942383,https://query2.finance.yahoo.com/v8/finance/chart/ONON,2021-09-15,35.0,63.74285561697824
2023-03-08,On,ONON,22.34000015258789,https://query2.finance.yahoo.com/v8/finance/chart/ONON,2021-09-15,35.0,63.82857186453683
2023-03-09,On,ONON,21.21999931335449,https://query2.finance.yahoo.com/v8/finance/chart/ONON,2021-09-15,35.0,60.62856946672711
2023-03-10,On,ONON,20.489999771118164,https://query2.finance.yahoo.com/v8/finance/chart/ONON,2021-09-15,35.0,58.54285648890904
2023-03-13,On,ONON,20.25,https://query2.finance.yahoo.com/v8/finance/chart/ONON,2021-09-15,35.0,57.857142857142854
2023-03-14,On,ONON,20.96999931335449,https://query2.finance.yahoo.com/v8/finance/chart/ONON,2021-09-15,35.0,59.91428375244139
2023-03-15,On,ONON,20.549999237060547,https://query2.finance.yahoo.com/v8/finance/chart/ONON,2021-09-15,35.0,58.71428353445871
2023-03-16,On,ONON,21.71999931335449,https://query2.finance.yahoo.com/v8/finance/chart/ONON,2021-09-15,35.0,62.05714089529854
2023-03-17,On,ONON,21.61000061035156,https://query2.finance.yahoo.com/v8/finance/chart/ONON,2021-09-15,35.0,61.742858886718736
2023-03-20,On,ONON,21.56999969482422,https://query2.finance.yahoo.com/v8/finance/chart/ONON,2021-09-15,35.0,61.628570556640625
2023-03-21,On,ONON,27.26000022888184,https://query2.finance.yahoo.com/v8/finance/chart/ONON,2021-09-15,35.0,77.8857149396624
2023-03-22,On,ONON,27.36000061035156,https://query2.finance.yahoo.com/v8/finance/chart/ONON,2021-09-15,35.0,78.17143031529017
2023-03-23,On,ONON,30.63999938964844,https://query2.finance.yahoo.com/v8/finance/chart/ONON,2021-09-15,35.0,87.54285539899554
2023-03-24,On,ONON,31.65999984741211,https://query2.finance.yahoo.com/v8/finance/chart/ONON,2021-09-15,35.0,90.45714242117745
2023-03-27,On,ONON,30.239999771118164,https://query2.finance.yahoo.com/v8/finance/chart/ONON,2021-09-15,35.0,86.3999993460519
2023-03-28,On,ONON,29.690000534057617,https://query2.finance.yahoo.com/v8/finance/chart/ONON,2021-09-15,35.0,84.82857295445034
2023-03-29,On,ONON,30.799999237060547,https://query2.finance.yahoo.com/v8/finance/chart/ONON,2021-09-15,35.0,87.999997820173
2023-03-30,On,ONON,30.81999969482422,https://query2.finance.yahoo.com/v8/finance/chart/ONON,2021-09-15,35.0,88.05714198521206
2023-03-31,On,ONON,31.030000686645508,https://query2.finance.yahoo.com/v8/finance/chart/ONON,2021-09-15,35.0,88.65714481898716
2023-04-03,On,ONON,31.190000534057617,https://query2.finance.yahoo.com/v8/finance/chart/ONON,2021-09-15,35.0,89.11428724016461
2023-04-04,On,ONON,32.5099983215332,https://query2.finance.yahoo.com/v8/finance/chart/ONON,2021-09-15,35.0,92.88570949009487
2023-04-05,On,ONON,29.350000381469727,https://query2.finance.yahoo.com/v8/finance/chart/ONON,2021-09-15,35.0,83.85714394705636
2023-04-06,On,ONON,29.3799991607666,https://query2.finance.yahoo.com/v8/finance/chart/ONON,2021-09-15,35.0,83.94285474504743
2023-04-10,On,ONON,30.38999938964844,https://query2.finance.yahoo.com/v8/finance/chart/ONON,2021-09-15,35.0,86.82856968470983
2023-04-11,On,ONON,29.8700008392334,https://query2.finance.yahoo.com/v8/finance/chart/ONON,2021-09-15,35.0,85.34285954066685
2023-04-12,On,ONON,29.31999969482422,https://query2.finance.yahoo.com/v8/finance/chart/ONON,2021-09-15,35.0,83.77142769949776
2023-04-13,On,ONON,29.920000076293945,https://query2.finance.yahoo.com/v8/finance/chart/ONON,2021-09-15,35.0,85.48571450369698
2023-04-14,On,ONON,30.709999084472656,https://query2.finance.yahoo.com/v8/finance/chart/ONON,2021-09-15,35.0,87.74285452706474
2023-04-17,On,ONON,30.450000762939453,https://query2.finance.yahoo.com/v8/finance/chart/ONON,2021-09-15,35.0,87.000002179827
2023-04-18,On,ONON,31.90999984741211,https://query2.finance.yahoo.com/v8/finance/chart/ONON,2021-09-15,35.0,91.17142813546317
2023-04-19,On,ONON,31.51000022888184,https://query2.finance.yahoo.com/v8/finance/chart/ONON,2021-09-15,35.0,90.02857208251955
2023-04-20,On,ONON,31.88999938964844,https://query2.finance.yahoo.com/v8/finance/chart/ONON,2021-09-15,35.0,91.11428397042413
2023-04-21,On,ONON,33.310001373291016,https://query2.finance.yahoo.com/v8/finance/chart/ONON,2021-09-15,35.0,95.17143249511719
2023-04-24,On,ONON,33.61000061035156,https://query2.finance.yahoo.com/v8/finance/chart/ONON,2021-09-15,35.0,96.02857317243304
2023-04-25,On,ONON,32.15999984741211,https://query2.finance.yahoo.com/v8/finance/chart/ONON,2021-09-15,35.0,91.88571384974888
2023-04-26,On,ONON,32.880001068115234,https://query2.finance.yahoo.com/v8/finance/chart/ONON,2021-09-15,35.0,93.94286019461495
2023-04-27,On,ONON,32.439998626708984,https://query2.finance.yahoo.com/v8/finance/chart/ONON,2021-09-15,35.0,92.68571036202567
2023-04-28,On,ONON,32.45000076293945,https://query2.finance.yahoo.com/v8/finance/chart/ONON,2021-09-15,35.0,92.71428789411273
2023-05-01,On,ONON,32.41999816894531,https://query2.finance.yahoo.com/v8/finance/chart/ONON,2021-09-15,35.0,92.62856619698661
2023-05-02,On,ONON,31.809999465942383,https://query2.finance.yahoo.com/v8/finance/chart/ONON,2021-09-15,35.0,90.88571275983539
2023-05-03,On,ONON,32.630001068115234,https://query2.finance.yahoo.com/v8/finance/chart/ONON,2021-09-15,35.0,93.22857448032924
2023-05-04,On,ONON,32.529998779296875,https://query2.finance.yahoo.com/v8/finance/chart/ONON,2021-09-15,35.0,92.94285365513393
2023-05-05,On,ONON,33.90999984741211,https://query2.finance.yahoo.com/v8/finance/chart/ONON,2021-09-15,35.0,96.88571384974888
2023-05-08,On,ONON,34.369998931884766,https://query2.finance.yahoo.com/v8/finance/chart/ONON,2021-09-15,35.0,98.19999694824219
2023-05-09,On,ONON,33.619998931884766,https://query2.finance.yahoo.com/v8/finance/chart/ONON,2021-09-15,35.0,96.05713980538505
2023-05-10,On,ONON,32.65999984741211,https://query2.finance.yahoo.com/v8/finance/chart/ONON,2021-09-15,35.0,93.31428527832031
2023-05-11,On,ONON,33.119998931884766,https://query2.finance.yahoo.com/v8/finance/chart/ONON,2021-09-15,35.0,94.62856837681362
2023-05-12,On,ONON,32.869998931884766,https://query2.finance.yahoo.com/v8/finance/chart/ONON,2021-09-15,35.0,93.9142826625279
2023-05-15,On,ONON,33.439998626708984,https://query2.finance.yahoo.com/v8/finance/chart/ONON,2021-09-15,35.0,95.54285321916852
2023-05-16,On,ONON,30.190000534057617,https://query2.finance.yahoo.com/v8/finance/chart/ONON,2021-09-15,35.0,86.25714438302177
2023-05-17,On,ONON,27.89999961853028,https://query2.finance.yahoo.com/v8/finance/chart/ONON,2021-09-15,35.0,79.71428462437224
2023-05-18,On,ONON,27.51000022888184,https://query2.finance.yahoo.com/v8/finance/chart/ONON,2021-09-15,35.0,78.60000065394811
2023-05-19,On,ONON,26.690000534057617,https://query2.finance.yahoo.com/v8/finance/chart/ONON,2021-09-15,35.0,76.25714438302177
2023-05-22,On,ONON,27.479999542236328,https://query2.finance.yahoo.com/v8/finance/chart/ONON,2021-09-15,35.0,78.5142844063895
2023-05-23,On,ONON,26.6299991607666,https://query2.finance.yahoo.com/v8/finance/chart/ONON,2021-09-15,35.0,76.08571188790458
2023-05-24,On,ONON,26.15999984741211,https://query2.finance.yahoo.com/v8/finance/chart/ONON,2021-09-15,35.0,74.74285670689174
2023-05-25,On,ONON,26.64999961853028,https://query2.finance.yahoo.com/v8/finance/chart/ONON,2021-09-15,35.0,76.14285605294367
2023-05-26,On,ONON,27.450000762939453,https://query2.finance.yahoo.com/v8/finance/chart/ONON,2021-09-15,35.0,78.42857360839844
2023-05-30,On,ONON,27.31999969482422,https://query2.finance.yahoo.com/v8/finance/chart/ONON,2021-09-15,35.0,78.05714198521206
2023-05-31,On,ONON,27.450000762939453,https://query2.finance.yahoo.com/v8/finance/chart/ONON,2021-09-15,35.0,78.42857360839844
2023-06-01,On,ONON,27.170000076293945,https://query2.finance.yahoo.com/v8/finance/chart/ONON,2021-09-15,35.0,77.62857164655414
2023-06-02,On,ONON,27.96999931335449,https://query2.finance.yahoo.com/v8/finance/chart/ONON,2021-09-15,35.0,79.91428375244139
2023-06-05,On,ONON,28.64999961853028,https://query2.finance.yahoo.com/v8/finance/chart/ONON,2021-09-15,35.0,81.85714176722938
2023-06-06,On,ONON,28.3700008392334,https://query2.finance.yahoo.com/v8/finance/chart/ONON,2021-09-15,35.0,81.05714525495257
2023-06-07,On,ONON,28.040000915527344,https://query2.finance.yahoo.com/v8/finance/chart/ONON,2021-09-15,35.0,80.11428833007812
2023-06-08,On,ONON,28.71999931335449,https://query2.finance.yahoo.com/v8/finance/chart/ONON,2021-09-15,35.0,82.05714089529853
2023-06-09,On,ONON,30.280000686645508,https://query2.finance.yahoo.com/v8/finance/chart/ONON,2021-09-15,35.0,86.51428767613002
2023-06-12,On,ONON,30.56999969482422,https://query2.finance.yahoo.com/v8/finance/chart/ONON,2021-09-15,35.0,87.34285627092633
2023-06-13,On,ONON,29.739999771118164,https://query2.finance.yahoo.com/v8/finance/chart/ONON,2021-09-15,35.0,84.97142791748047
2023-06-14,On,ONON,29.850000381469727,https://query2.finance.yahoo.com/v8/finance/chart/ONON,2021-09-15,35.0,85.28571537562779
2023-06-15,On,ONON,30.280000686645508,https://query2.finance.yahoo.com/v8/finance/chart/ONON,2021-09-15,35.0,86.51428767613002
2023-06-16,On,ONON,29.93000030517578,https://query2.finance.yahoo.com/v8/finance/chart/ONON,2021-09-15,35.0,85.51428658621651
2023-06-20,On,ONON,29.51000022888184,https://query2.finance.yahoo.com/v8/finance/chart/ONON,2021-09-15,35.0,84.31428636823382
2023-06-21,On,ONON,28.770000457763672,https://query2.finance.yahoo.com/v8/finance/chart/ONON,2021-09-15,35.0,82.2000013078962
2023-06-22,On,ONON,29.040000915527344,https://query2.finance.yahoo.com/v8/finance/chart/ONON,2021-09-15,35.0,82.97143118722099
2023-06-23,On,ONON,29.76000022888184,https://query2.finance.yahoo.com/v8/finance/chart/ONON,2021-09-15,35.0,85.02857208251955
2023-06-26,On,ONON,30.6299991607666,https://query2.finance.yahoo.com/v8/finance/chart/ONON,2021-09-15,35.0,87.51428331647601
2023-06-27,On,ONON,31.299999237060547,https://query2.finance.yahoo.com/v8/finance/chart/ONON,2021-09-15,35.0,89.42856924874442
2023-06-28,On,ONON,31.979999542236328,https://query2.finance.yahoo.com/v8/finance/chart/ONON,2021-09-15,35.0,91.37142726353237
2023-06-29,On,ONON,31.61000061035156,https://query2.finance.yahoo.com/v8/finance/chart/ONON,2021-09-15,35.0,90.3142874581473
2023-06-30,On,ONON,33.0,https://query2.finance.yahoo.com/v8/finance/chart/ONON,2021-09-15,35.0,94.28571428571429
2023-07-03,On,ONON,33.15999984741211,https://query2.finance.yahoo.com/v8/finance/chart/ONON,2021-09-15,35.0,94.74285670689174
2023-07-05,On,ONON,33.04999923706055,https://query2.finance.yahoo.com/v8/finance/chart/ONON,2021-09-15,35.0,94.42856924874442
2023-07-06,On,ONON,31.799999237060547,https://query2.finance.yahoo.com/v8/finance/chart/ONON,2021-09-15,35.0,90.85714067731585
2023-07-07,On,ONON,31.43000030517578,https://query2.finance.yahoo.com/v8/finance/chart/ONON,2021-09-15,35.0,89.8000008719308
2023-07-10,On,ONON,32.22999954223633,https://query2.finance.yahoo.com/v8/finance/chart/ONON,2021-09-15,35.0,92.08571297781808
2023-07-11,On,ONON,32.68000030517578,https://query2.finance.yahoo.com/v8/finance/chart/ONON,2021-09-15,35.0,93.37142944335938
2023-07-12,On,ONON,32.58000183105469,https://query2.finance.yahoo.com/v8/finance/chart/ONON,2021-09-15,35.0,93.08571951729911
2023-07-13,On,ONON,33.54999923706055,https://query2.finance.yahoo.com/v8/finance/chart/ONON,2021-09-15,35.0,95.85714067731585
2023-07-14,On,ONON,33.13999938964844,https://query2.finance.yahoo.com/v8/finance/chart/ONON,2021-09-15,35.0,94.68571254185268
2023-07-17,On,ONON,35.27000045776367,https://query2.finance.yahoo.com/v8/finance/chart/ONON,2021-09-15,35.0,100.77142987932477
2023-07-18,On,ONON,35.33000183105469,https://query2.finance.yahoo.com/v8/finance/chart/ONON,2021-09-15,35.0,100.94286237444196
2023-07-19,On,ONON,35.0,https://query2.finance.yahoo.com/v8/finance/chart/ONON,2021-09-15,35.0,100.0
2023-07-20,On,ONON,34.31999969482422,https://query2.finance.yahoo.com/v8/finance/chart/ONON,2021-09-15,35.0,98.05714198521206
2023-07-21,On,ONON,34.619998931884766,https://query2.finance.yahoo.com/v8/finance/chart/ONON,2021-09-15,35.0,98.9142826625279
2023-07-24,On,ONON,35.470001220703125,https://query2.finance.yahoo.com/v8/finance/chart/ONON,2021-09-15,35.0,101.34286063058036
2023-07-25,On,ONON,35.060001373291016,https://query2.finance.yahoo.com/v8/finance/chart/ONON,2021-09-15,35.0,100.17143249511719
2023-07-26,On,ONON,36.18000030517578,https://query2.finance.yahoo.com/v8/finance/chart/ONON,2021-09-15,35.0,103.37142944335938
2023-07-27,On,ONON,33.869998931884766,https://query2.finance.yahoo.com/v8/finance/chart/ONON,2021-09-15,35.0,96.77142551967076
2023-07-28,On,ONON,35.22999954223633,https://query2.finance.yahoo.com/v8/finance/chart/ONON,2021-09-15,35.0,100.65714154924665
2023-07-31,On,ONON,36.0,https://query2.finance.yahoo.com/v8/finance/chart/ONON,2021-09-15,35.0,102.85714285714286
2023-08-01,On,ONON,35.97999954223633,https://query2.finance.yahoo.com/v8/finance/chart/ONON,2021-09-15,35.0,102.7999986921038
2023-08-02,On,ONON,34.83000183105469,https://query2.finance.yahoo.com/v8/finance/chart/ONON,2021-09-15,35.0,99.51429094587054
2023-08-03,On,ONON,35.47999954223633,https://query2.finance.yahoo.com/v8/finance/chart/ONON,2021-09-15,35.0,101.37142726353237
2023-08-04,On,ONON,35.33000183105469,https://query2.finance.yahoo.com/v8/finance/chart/ONON,2021-09-15,35.0,100.94286237444196
2023-08-07,On,ONON,35.27000045776367,https://query2.finance.yahoo.com/v8/finance/chart/ONON,2021-09-15,35.0,100.77142987932477
2023-08-08,On,ONON,35.70000076293945,https://query2.finance.yahoo.com/v8/finance/chart/ONON,2021-09-15,35.0,102.000002179827
2023-08-09,On,ONON,36.5099983215332,https://query2.finance.yahoo.com/v8/finance/chart/ONON,2021-09-15,35.0,104.3142809186663
2023-08-10,On,ONON,35.709999084472656,https://query2.finance.yahoo.com/v8/finance/chart/ONON,2021-09-15,35.0,102.02856881277901
2023-08-11,On,ONON,34.54999923706055,https://query2.finance.yahoo.com/v8/finance/chart/ONON,2021-09-15,35.0,98.7142835344587
2023-08-14,On,ONON,34.61000061035156,https://query2.finance.yahoo.com/v8/finance/chart/ONON,2021-09-15,35.0,98.88571602957589
2023-08-15,On,ONON,29.770000457763672,https://query2.finance.yahoo.com/v8/finance/chart/ONON,2021-09-15,35.0,85.05714416503906
2023-08-16,On,ONON,30.31999969482422,https://query2.finance.yahoo.com/v8/finance/chart/ONON,2021-09-15,35.0,86.62857055664062
2023-08-17,On,ONON,30.65999984741211,https://query2.finance.yahoo.com/v8/finance/chart/ONON,2021-09-15,35.0,87.5999995640346
2023-08-18,On,ONON,30.26000022888184,https://query2.finance.yahoo.com/v8/finance/chart/ONON,2021-09-15,35.0,86.45714351109098
2023-08-21,On,ONON,29.739999771118164,https://query2.finance.yahoo.com/v8/finance/chart/ONON,2021-09-15,35.0,84.97142791748047
2023-08-22,On,ONON,29.3799991607666,https://query2.finance.yahoo.com/v8/finance/chart/ONON,2021-09-15,35.0,83.94285474504743
2023-08-23,On,ONON,29.8799991607666,https://query2.finance.yahoo.com/v8/finance/chart/ONON,2021-09-15,35.0,85.37142617361886
2023-08-24,On,ONON,28.39999961853028,https://query2.finance.yahoo.com/v8/finance/chart/ONON,2021-09-15,35.0,81.14285605294367
2023-08-25,On,ONON,28.75,https://query2.finance.yahoo.com/v8/finance/chart/ONON,2021-09-15,35.0,82.14285714285714
2023-08-28,On,ONON,28.059999465942383,https://query2.finance.yahoo.com/v8/finance/chart/ONON,2021-09-15,35.0,80.17142704554966
2023-08-29,On,ONON,28.51000022888184,https://query2.finance.yahoo.com/v8/finance/chart/ONON,2021-09-15,35.0,81.45714351109098
2023-08-30,On,ONON,28.93000030517578,https://query2.finance.yahoo.com/v8/finance/chart/ONON,2021-09-15,35.0,82.65714372907367
2023-08-31,On,ONON,28.82999992370605,https://query2.finance.yahoo.com/v8/finance/chart/ONON,2021-09-15,35.0,82.37142835344586
2023-09-01,On,ONON,29.229999542236328,https://query2.finance.yahoo.com/v8/finance/chart/ONON,2021-09-15,35.0,83.5142844063895
2023-09-05,On,ONON,30.06999969482422,https://query2.finance.yahoo.com/v8/finance/chart/ONON,2021-09-15,35.0,85.91428484235492
2023-09-06,On,ONON,30.61000061035156,https://query2.finance.yahoo.com/v8/finance/chart/ONON,2021-09-15,35.0,87.45714460100446
2023-09-07,On,ONON,29.31999969482422,https://query2.finance.yahoo.com/v8/finance/chart/ONON,2021-09-15,35.0,83.77142769949776
2023-09-08,On,ONON,29.59000015258789,https://query2.finance.yahoo.com/v8/finance/chart/ONON,2021-09-15,35.0,84.54285757882255
2023-09-11,On,ONON,29.989999771118164,https://query2.finance.yahoo.com/v8/finance/chart/ONON,2021-09-15,35.0,85.68571363176618
2023-09-12,On,ONON,29.75,https://query2.finance.yahoo.com/v8/finance/chart/ONON,2021-09-15,35.0,85.0
2023-09-13,On,ONON,29.020000457763672,https://query2.finance.yahoo.com/v8/finance/chart/ONON,2021-09-15,35.0,82.91428702218192
2023-09-14,On,ONON,30.68000030517578,https://query2.finance.yahoo.com/v8/finance/chart/ONON,2021-09-15,35.0,87.65714372907367
2023-09-15,On,ONON,29.950000762939453,https://query2.finance.yahoo.com/v8/finance/chart/ONON,2021-09-15,35.0,85.57143075125558
2023-09-18,On,ONON,30.270000457763672,https://query2.finance.yahoo.com/v8/finance/chart/ONON,2021-09-15,35.0,86.4857155936105
2023-09-19,On,ONON,29.86000061035156,https://query2.finance.yahoo.com/v8/finance/chart/ONON,2021-09-15,35.0,85.3142874581473
2023-09-20,On,ONON,29.700000762939453,https://query2.finance.yahoo.com/v8/finance/chart/ONON,2021-09-15,35.0,84.85714503696987
2023-09-21,On,ONON,28.76000022888184,https://query2.finance.yahoo.com/v8/finance/chart/ONON,2021-09-15,35.0,82.17142922537668
2023-09-22,On,ONON,28.07999992370605,https://query2.finance.yahoo.com/v8/finance/chart/ONON,2021-09-15,35.0,80.22857121058871
2023-09-25,On,ONON,27.31999969482422,https://query2.finance.yahoo.com/v8/finance/chart/ONON,2021-09-15,35.0,78.05714198521206
2023-09-26,On,ONON,26.059999465942383,https://query2.finance.yahoo.com/v8/finance/chart/ONON,2021-09-15,35.0,74.45714133126395
2023-09-27,On,ONON,26.15999984741211,https://query2.finance.yahoo.com/v8/finance/chart/ONON,2021-09-15,35.0,74.74285670689174
2023-09-28,On,ONON,26.229999542236328,https://query2.finance.yahoo.com/v8/finance/chart/ONON,2021-09-15,35.0,74.94285583496094
2023-09-29,On,ONON,27.81999969482422,https://query2.finance.yahoo.com/v8/finance/chart/ONON,2021-09-15,35.0,79.48571341378349
2023-10-02,On,ONON,26.1200008392334,https://query2.finance.yahoo.com/v8/finance/chart/ONON,2021-09-15,35.0,74.62857382638114
2023-10-03,On,ONON,25.989999771118164,https://query2.finance.yahoo.com/v8/finance/chart/ONON,2021-09-15,35.0,74.25714220319476
2023-10-04,On,ONON,25.049999237060547,https://query2.finance.yahoo.com/v8/finance/chart/ONON,2021-09-15,35.0,71.57142639160156
2023-10-05,On,ONON,24.14999961853028,https://query2.finance.yahoo.com/v8/finance/chart/ONON,2021-09-15,35.0,68.99999891008652
2023-10-06,On,ONON,25.11000061035156,https://query2.finance.yahoo.com/v8/finance/chart/ONON,2021-09-15,35.0,71.74285888671874
2023-10-09,On,ONON,25.200000762939453,https://query2.finance.yahoo.com/v8/finance/chart/ONON,2021-09-15,35.0,72.000002179827
2023-10-10,On,ONON,25.11000061035156,https://query2.finance.yahoo.com/v8/finance/chart/ONON,2021-09-15,35.0,71.74285888671874
2023-10-11,On,ONON,24.65999984741211,https://query2.finance.yahoo.com/v8/finance/chart/ONON,2021-09-15,35.0,70.45714242117745
2023-10-12,On,ONON,23.780000686645508,https://query2.finance.yahoo.com/v8/finance/chart/ONON,2021-09-15,35.0,67.94285910470145
2023-10-13,On,ONON,23.670000076293945,https://query2.finance.yahoo.com/v8/finance/chart/ONON,2021-09-15,35.0,67.62857164655414
2023-10-16,On,ONON,24.88999938964844,https://query2.finance.yahoo.com/v8/finance/chart/ONON,2021-09-15,35.0,71.11428397042413
2023-10-17,On,ONON,25.59000015258789,https://query2.finance.yahoo.com/v8/finance/chart/ONON,2021-09-15,35.0,73.11428615025112
2023-10-18,On,ONON,25.239999771118164,https://query2.finance.yahoo.com/v8/finance/chart/ONON,2021-09-15,35.0,72.11428506033761
2023-10-19,On,ONON,25.270000457763672,https://query2.finance.yahoo.com/v8/finance/chart/ONON,2021-09-15,35.0,72.2000013078962
2023-10-20,On,ONON,25.040000915527344,https://query2.finance.yahoo.com/v8/finance/chart/ONON,2021-09-15,35.0,71.54285975864956
2023-10-23,On,ONON,25.559999465942383,https://query2.finance.yahoo.com/v8/finance/chart/ONON,2021-09-15,35.0,73.02856990269252
2023-10-24,On,ONON,26.020000457763672,https://query2.finance.yahoo.com/v8/finance/chart/ONON,2021-09-15,35.0,74.34285845075335
2023-10-25,On,ONON,24.770000457763672,https://query2.finance.yahoo.com/v8/finance/chart/ONON,2021-09-15,35.0,70.77142987932477
2023-10-26,On,ONON,24.75,https://query2.finance.yahoo.com/v8/finance/chart/ONON,2021-09-15,35.0,70.71428571428571
2023-10-27,On,ONON,24.51000022888184,https://query2.finance.yahoo.com/v8/finance/chart/ONON,2021-09-15,35.0,70.02857208251955
2023-10-30,On,ONON,25.309999465942383,https://query2.finance.yahoo.com/v8/finance/chart/ONON,2021-09-15,35.0,72.3142841884068
2023-10-31,On,ONON,25.670000076293945,https://query2.finance.yahoo.com/v8/finance/chart/ONON,2021-09-15,35.0,73.34285736083984
2023-11-01,On,ONON,26.51000022888184,https://query2.finance.yahoo.com/v8/finance/chart/ONON,2021-09-15,35.0,75.74285779680525
2023-11-02,On,ONON,27.57999992370605,https://query2.finance.yahoo.com/v8/finance/chart/ONON,2021-09-15,35.0,78.79999978201728
2023-11-03,On,ONON,28.059999465942383,https://query2.finance.yahoo.com/v8/finance/chart/ONON,2021-09-15,35.0,80.17142704554966
2023-11-06,On,ONON,28.059999465942383,https://query2.finance.yahoo.com/v8/finance/chart/ONON,2021-09-15,35.0,80.17142704554966
2023-11-07,On,ONON,28.709999084472656,https://query2.finance.yahoo.com/v8/finance/chart/ONON,2021-09-15,35.0,82.02856881277901
2023-11-08,On,ONON,28.21999931335449,https://query2.finance.yahoo.com/v8/finance/chart/ONON,2021-09-15,35.0,80.62856946672711
2023-11-09,On,ONON,26.979999542236328,https://query2.finance.yahoo.com/v8/finance/chart/ONON,2021-09-15,35.0,77.08571297781808
2023-11-10,On,ONON,26.89999961853028,https://query2.finance.yahoo.com/v8/finance/chart/ONON,2021-09-15,35.0,76.85714176722938
2023-11-13,On,ONON,26.559999465942383,https://query2.finance.yahoo.com/v8/finance/chart/ONON,2021-09-15,35.0,75.88571275983539
2023-11-14,On,ONON,25.64999961853028,https://query2.finance.yahoo.com/v8/finance/chart/ONON,2021-09-15,35.0,73.28571319580081
2023-11-15,On,ONON,27.770000457763672,https://query2.finance.yahoo.com/v8/finance/chart/ONON,2021-09-15,35.0,79.34285845075335
2023-11-16,On,ONON,27.1299991607666,https://query2.finance.yahoo.com/v8/finance/chart/ONON,2021-09-15,35.0,77.51428331647601
2023-11-17,On,ONON,27.600000381469727,https://query2.finance.yahoo.com/v8/finance/chart/ONON,2021-09-15,35.0,78.85714394705636
2023-11-20,On,ONON,28.459999084472656,https://query2.finance.yahoo.com/v8/finance/chart/ONON,2021-09-15,35.0,81.3142830984933
2023-11-21,On,ONON,27.8700008392334,https://query2.finance.yahoo.com/v8/finance/chart/ONON,2021-09-15,35.0,79.62857382638114
2023-11-22,On,ONON,27.57999992370605,https://query2.finance.yahoo.com/v8/finance/chart/ONON,2021-09-15,35.0,78.79999978201728
2023-11-24,On,ONON,28.479999542236328,https://query2.finance.yahoo.com/v8/finance/chart/ONON,2021-09-15,35.0,81.37142726353237
2023-11-27,On,ONON,28.209999084472656,https://query2.finance.yahoo.com/v8/finance/chart/ONON,2021-09-15,35.0,80.59999738420758
2023-11-28,On,ONON,28.790000915527344,https://query2.finance.yahoo.com/v8/finance/chart/ONON,2021-09-15,35.0,82.25714547293526
2023-11-29,On,ONON,29.950000762939453,https://query2.finance.yahoo.com/v8/finance/chart/ONON,2021-09-15,35.0,85.57143075125558
2023-11-30,On,ONON,29.01000022888184,https://query2.finance.yahoo.com/v8/finance/chart/ONON,2021-09-15,35.0,82.8857149396624
2023-12-01,On,ONON,30.26000022888184,https://query2.finance.yahoo.com/v8/finance/chart/ONON,2021-09-15,35.0,86.45714351109098
2023-12-04,On,ONON,29.82999992370605,https://query2.finance.yahoo.com/v8/finance/chart/ONON,2021-09-15,35.0,85.22857121058871
2023-12-05,On,ONON,29.290000915527344,https://query2.finance.yahoo.com/v8/finance/chart/ONON,2021-09-15,35.0,83.6857169015067
2023-12-06,On,ONON,27.59000015258789,https://query2.finance.yahoo.com/v8/finance/chart/ONON,2021-09-15,35.0,78.82857186453683
2023-12-07,On,ONON,28.270000457763672,https://query2.finance.yahoo.com/v8/finance/chart/ONON,2021-09-15,35.0,80.77142987932477
2023-12-08,On,ONON,28.6299991607666,https://query2.finance.yahoo.com/v8/finance/chart/ONON,2021-09-15,35.0,81.79999760219029
2023-12-11,On,ONON,28.26000022888184,https://query2.finance.yahoo.com/v8/finance/chart/ONON,2021-09-15,35.0,80.74285779680525
2023-12-12,On,ONON,28.15999984741211,https://query2.finance.yahoo.com/v8/finance/chart/ONON,2021-09-15,35.0,80.45714242117745
2023-12-13,On,ONON,29.81999969482422,https://query2.finance.yahoo.com/v8/finance/chart/ONON,2021-09-15,35.0,85.1999991280692
2023-12-14,On,ONON,30.549999237060547,https://query2.finance.yahoo.com/v8/finance/chart/ONON,2021-09-15,35.0,87.28571210588727
2023-12-15,On,ONON,30.8799991607666,https://query2.finance.yahoo.com/v8/finance/chart/ONON,2021-09-15,35.0,88.22856903076172
2023-12-18,On,ONON,30.559999465942383,https://query2.finance.yahoo.com/v8/finance/chart/ONON,2021-09-15,35.0,87.3142841884068
2023-12-19,On,ONON,31.350000381469727,https://query2.finance.yahoo.com/v8/finance/chart/ONON,2021-09-15,35.0,89.57142966134208
2023-12-20,On,ONON,29.420000076293945,https://query2.finance.yahoo.com/v8/finance/chart/ONON,2021-09-15,35.0,84.05714307512555
2023-12-21,On,ONON,29.11000061035156,https://query2.finance.yahoo.com/v8/finance/chart/ONON,2021-09-15,35.0,83.17143031529017
2023-12-22,On,ONON,28.030000686645508,https://query2.finance.yahoo.com/v8/finance/chart/ONON,2021-09-15,35.0,80.0857162475586
2023-12-26,On,ONON,28.0,https://query2.finance.yahoo.com/v8/finance/chart/ONON,2021-09-15,35.0,80.0
2023-12-27,On,ONON,27.729999542236328,https://query2.finance.yahoo.com/v8/finance/chart/ONON,2021-09-15,35.0,79.22857012067523
2023-12-28,On,ONON,27.959999084472656,https://query2.finance.yahoo.com/v8/finance/chart/ONON,2021-09-15,35.0,79.88571166992188
2023-12-29,On,ONON,26.96999931335449,https://query2.finance.yahoo.com/v8/finance/chart/ONON,2021-09-15,35.0,77.05714089529853
2024-01-02,On,ONON,26.76000022888184,https://query2.finance.yahoo.com/v8/finance/chart/ONON,2021-09-15,35.0,76.45714351109098
2024-01-03,On,ONON,26.06999969482422,https://query2.finance.yahoo.com/v8/finance/chart/ONON,2021-09-15,35.0,74.48571341378349
2024-01-04,On,ONON,26.270000457763672,https://query2.finance.yahoo.com/v8/finance/chart/ONON,2021-09-15,35.0,75.05714416503906
2024-01-05,On,ONON,26.56999969482422,https://query2.finance.yahoo.com/v8/finance/chart/ONON,2021-09-15,35.0,75.91428484235492
2024-01-08,On,ONON,28.200000762939453,https://query2.finance.yahoo.com/v8/finance/chart/ONON,2021-09-15,35.0,80.57143075125558
2024-01-09,On,ONON,27.530000686645508,https://query2.finance.yahoo.com/v8/finance/chart/ONON,2021-09-15,35.0,78.65714481898716
2024-01-10,On,ONON,28.709999084472656,https://query2.finance.yahoo.com/v8/finance/chart/ONON,2021-09-15,35.0,82.02856881277901
2024-01-11,On,ONON,28.700000762939453,https://query2.finance.yahoo.com/v8/finance/chart/ONON,2021-09-15,35.0,82.000002179827
2024-01-12,On,ONON,28.020000457763672,https://query2.finance.yahoo.com/v8/finance/chart/ONON,2021-09-15,35.0,80.05714416503906
2024-01-16,On,ONON,27.979999542236328,https://query2.finance.yahoo.com/v8/finance/chart/ONON,2021-09-15,35.0,79.94285583496094
2024-01-17,On,ONON,27.700000762939453,https://query2.finance.yahoo.com/v8/finance/chart/ONON,2021-09-15,35.0,79.14285932268415
2024-01-18,On,ONON,27.780000686645508,https://query2.finance.yahoo.com/v8/finance/chart/ONON,2021-09-15,35.0,79.37143053327289
2024-01-19,On,ONON,27.959999084472656,https://query2.finance.yahoo.com/v8/finance/chart/ONON,2021-09-15,35.0,79.88571166992188
2024-01-22,On,ONON,28.200000762939453,https://query2.finance.yahoo.com/v8/finance/chart/ONON,2021-09-15,35.0,80.57143075125558
2024-01-23,On,ONON,27.729999542236328,https://query2.finance.yahoo.com/v8/finance/chart/ONON,2021-09-15,35.0,79.22857012067523
2024-01-24,On,ONON,26.049999237060547,https://query2.finance.yahoo.com/v8/finance/chart/ONON,2021-09-15,35.0,74.42856924874442
2024-01-25,On,ONON,26.6299991607666,https://query2.finance.yahoo.com/v8/finance/chart/ONON,2021-09-15,35.0,76.08571188790458
2024-01-26,On,ONON,26.25,https://query2.finance.yahoo.com/v8/finance/chart/ONON,2021-09-15,35.0,75.0
2024-01-29,On,ONON,27.489999771118164,https://query2.finance.yahoo.com/v8/finance/chart/ONON,2021-09-15,35.0,78.54285648890904
2024-01-30,On,ONON,27.5,https://query2.finance.yahoo.com/v8/finance/chart/ONON,2021-09-15,35.0,78.57142857142857
2024-01-31,On,ONON,26.559999465942383,https://query2.finance.yahoo.com/v8/finance/chart/ONON,2021-09-15,35.0,75.88571275983539
2024-02-01,On,ONON,26.799999237060547,https://query2.finance.yahoo.com/v8/finance/chart/ONON,2021-09-15,35.0,76.57142639160156
2024-02-02,On,ONON,27.700000762939453,https://query2.finance.yahoo.com/v8/finance/chart/ONON,2021-09-15,35.0,79.14285932268415
2024-02-05,On,ONON,27.170000076293945,https://query2.finance.yahoo.com/v8/finance/chart/ONON,2021-09-15,35.0,77.62857164655414
2024-02-06,On,ONON,27.8700008392334,https://query2.finance.yahoo.com/v8/finance/chart/ONON,2021-09-15,35.0,79.62857382638114
2024-02-07,On,ONON,27.8700008392334,https://query2.finance.yahoo.com/v8/finance/chart/ONON,2021-09-15,35.0,79.62857382638114
2024-02-08,On,ONON,28.56999969482422,https://query2.finance.yahoo.com/v8/finance/chart/ONON,2021-09-15,35.0,81.62857055664062
2024-02-09,On,ONON,29.5,https://query2.finance.yahoo.com/v8/finance/chart/ONON,2021-09-15,35.0,84.28571428571429
2024-02-12,On,ONON,30.049999237060547,https://query2.finance.yahoo.com/v8/finance/chart/ONON,2021-09-15,35.0,85.85714067731585
2024-02-13,On,ONON,29.959999084472656,https://query2.finance.yahoo.com/v8/finance/chart/ONON,2021-09-15,35.0,85.59999738420758
2024-02-14,On,ONON,32.0099983215332,https://query2.finance.yahoo.com/v8/finance/chart/ONON,2021-09-15,35.0,91.45713806152344
2024-02-15,On,ONON,32.310001373291016,https://query2.finance.yahoo.com/v8/finance/chart/ONON,2021-09-15,35.0,92.31428963797433
2024-02-16,On,ONON,31.739999771118164,https://query2.finance.yahoo.com/v8/finance/chart/ONON,2021-09-15,35.0,90.68571363176618
2024-02-20,On,ONON,31.61000061035156,https://query2.finance.yahoo.com/v8/finance/chart/ONON,2021-09-15,35.0,90.3142874581473
2024-02-21,On,ONON,31.56999969482422,https://query2.finance.yahoo.com/v8/finance/chart/ONON,2021-09-15,35.0,90.1999991280692
2024-02-22,On,ONON,32.2599983215332,https://query2.finance.yahoo.com/v8/finance/chart/ONON,2021-09-15,35.0,92.17142377580915
2024-02-23,On,ONON,32.20000076293945,https://query2.finance.yahoo.com/v8/finance/chart/ONON,2021-09-15,35.0,92.000002179827
2024-02-26,On,ONON,32.790000915527344,https://query2.finance.yahoo.com/v8/finance/chart/ONON,2021-09-15,35.0,93.6857169015067
2024-02-27,On,ONON,34.099998474121094,https://query2.finance.yahoo.com/v8/finance/chart/ONON,2021-09-15,35.0,97.42856706891742
2024-02-28,On,ONON,34.25,https://query2.finance.yahoo.com/v8/finance/chart/ONON,2021-09-15,35.0,97.85714285714286
2024-02-29,On,ONON,35.02000045776367,https://query2.finance.yahoo.com/v8/finance/chart/ONON,2021-09-15,35.0,100.05714416503906
2024-03-01,On,ONON,34.650001525878906,https://query2.finance.yahoo.com/v8/finance/chart/ONON,2021-09-15,35.0,99.00000435965401
2024-03-04,On,ONON,34.029998779296875,https://query2.finance.yahoo.com/v8/finance/chart/ONON,2021-09-15,35.0,97.22856794084821
2024-03-05,On,ONON,33.029998779296875,https://query2.finance.yahoo.com/v8/finance/chart/ONON,2021-09-15,35.0,94.37142508370536
2024-03-06,On,ONON,32.63999938964844,https://query2.finance.yahoo.com/v8/finance/chart/ONON,2021-09-15,35.0,93.25714111328125
2024-03-07,On,ONON,32.02000045776367,https://query2.finance.yahoo.com/v8/finance/chart/ONON,2021-09-15,35.0,91.4857155936105
2024-03-08,On,ONON,33.09000015258789,https://query2.finance.yahoo.com/v8/finance/chart/ONON,2021-09-15,35.0,94.54285757882255
2024-03-11,On,ONON,33.619998931884766,https://query2.finance.yahoo.com/v8/finance/chart/ONON,2021-09-15,35.0,96.05713980538505
2024-03-12,On,ONON,30.63999938964844,https://query2.finance.yahoo.com/v8/finance/chart/ONON,2021-09-15,35.0,87.54285539899554
2024-03-13,On,ONON,33.279998779296875,https://query2.finance.yahoo.com/v8/finance/chart/ONON,2021-09-15,35.0,95.08571079799107
2024-03-14,On,ONON,32.68000030517578,https://query2.finance.yahoo.com/v8/finance/chart/ONON,2021-09-15,35.0,93.37142944335938
2024-03-15,On,ONON,33.22999954223633,https://query2.finance.yahoo.com/v8/finance/chart/ONON,2021-09-15,35.0,94.94285583496094
2024-03-18,On,ONON,33.099998474121094,https://query2.finance.yahoo.com/v8/finance/chart/ONON,2021-09-15,35.0,94.57142421177456
2024-03-19,On,ONON,34.22999954223633,https://query2.finance.yahoo.com/v8/finance/chart/ONON,2021-09-15,35.0,97.7999986921038
2024-03-20,On,ONON,34.72999954223633,https://query2.finance.yahoo.com/v8/finance/chart/ONON,2021-09-15,35.0,99.22857012067523
2024-03-21,On,ONON,35.61000061035156,https://query2.finance.yahoo.com/v8/finance/chart/ONON,2021-09-15,35.0,101.74285888671875
2024-03-22,On,ONON,34.709999084472656,https://query2.finance.yahoo.com/v8/finance/chart/ONON,2021-09-15,35.0,99.17142595563617
2024-03-25,On,ONON,34.59000015258789,https://query2.finance.yahoo.com/v8/finance/chart/ONON,2021-09-15,35.0,98.82857186453683
2024-03-26,On,ONON,34.04999923706055,https://query2.finance.yahoo.com/v8/finance/chart/ONON,2021-09-15,35.0,97.28571210588727
2024-03-27,On,ONON,34.7400016784668,https://query2.finance.yahoo.com/v8/finance/chart/ONON,2021-09-15,35.0,99.25714765276227
2024-03-28,On,ONON,35.380001068115234,https://query2.finance.yahoo.com/v8/finance/chart/ONON,2021-09-15,35.0,101.0857173374721
2024-04-01,On,ONON,35.220001220703125,https://query2.finance.yahoo.com/v8/finance/chart/ONON,2021-09-15,35.0,100.62857491629464
2024-04-02,On,ONON,34.290000915527344,https://query2.finance.yahoo.com/v8/finance/chart/ONON,2021-09-15,35.0,97.97143118722099
2024-04-03,On,ONON,33.18000030517578,https://query2.finance.yahoo.com/v8/finance/chart/ONON,2021-09-15,35.0,94.8000008719308
2024-04-04,On,ONON,32.150001525878906,https://query2.finance.yahoo.com/v8/finance/chart/ONON,2021-09-15,35.0,91.85714721679688
2024-04-05,On,ONON,31.979999542236328,https://query2.finance.yahoo.com/v8/finance/chart/ONON,2021-09-15,35.0,91.37142726353237
2024-04-08,On,ONON,32.56999969482422,https://query2.finance.yahoo.com/v8/finance/chart/ONON,2021-09-15,35.0,93.05714198521206
2024-04-09,On,ONON,33.11000061035156,https://query2.finance.yahoo.com/v8/finance/chart/ONON,2021-09-15,35.0,94.60000174386161
2024-04-10,On,ONON,32.08000183105469,https://query2.finance.yahoo.com/v8/finance/chart/ONON,2021-09-15,35.0,91.65714808872768
2024-04-11,On,ONON,32.79999923706055,https://query2.finance.yahoo.com/v8/finance/chart/ONON,2021-09-15,35.0,93.7142835344587
2024-04-12,On,ONON,32.869998931884766,https://query2.finance.yahoo.com/v8/finance/chart/ONON,2021-09-15,35.0,93.9142826625279
2024-04-15,On,ONON,32.209999084472656,https://query2.finance.yahoo.com/v8/finance/chart/ONON,2021-09-15,35.0,92.02856881277901
2024-04-16,On,ONON,32.560001373291016,https://query2.finance.yahoo.com/v8/finance/chart/ONON,2021-09-15,35.0,93.02857535226005
2024-04-17,On,ONON,33.369998931884766,https://query2.finance.yahoo.com/v8/finance/chart/ONON,2021-09-15,35.0,95.34285409109933
2024-04-18,On,ONON,33.0099983215332,https://query2.finance.yahoo.com/v8/finance/chart/ONON,2021-09-15,35.0,94.3142809186663
2024-04-19,On,ONON,31.57999992370605,https://query2.finance.yahoo.com/v8/finance/chart/ONON,2021-09-15,35.0,90.22857121058871
2024-04-22,On,ONON,31.93000030517578,https://query2.finance.yahoo.com/v8/finance/chart/ONON,2021-09-15,35.0,91.22857230050224
2024-04-23,On,ONON,32.560001373291016,https://query2.finance.yahoo.com/v8/finance/chart/ONON,2021-09-15,35.0,93.02857535226005
2024-04-24,On,ONON,32.36000061035156,https://query2.finance.yahoo.com/v8/finance/chart/ONON,2021-09-15,35.0,92.45714460100446
2024-04-25,On,ONON,31.940000534057617,https://query2.finance.yahoo.com/v8/finance/chart/ONON,2021-09-15,35.0,91.25714438302177
2024-04-26,On,ONON,32.790000915527344,https://query2.finance.yahoo.com/v8/finance/chart/ONON,2021-09-15,35.0,93.6857169015067
2024-04-29,On,ONON,32.61000061035156,https://query2.finance.yahoo.com/v8/finance/chart/ONON,2021-09-15,35.0,93.17143031529018
2024-04-30,On,ONON,31.75,https://query2.finance.yahoo.com/v8/finance/chart/ONON,2021-09-15,35.0,90.71428571428571
2024-05-01,On,ONON,31.290000915527344,https://query2.finance.yahoo.com/v8/finance/chart/ONON,2021-09-15,35.0,89.40000261579242
2024-05-02,On,ONON,32.7400016784668,https://query2.finance.yahoo.com/v8/finance/chart/ONON,2021-09-15,35.0,93.54286193847656
2024-05-03,On,ONON,33.27000045776367,https://query2.finance.yahoo.com/v8/finance/chart/ONON,2021-09-15,35.0,95.05714416503906
2024-05-06,On,ONON,34.040000915527344,https://query2.finance.yahoo.com/v8/finance/chart/ONON,2021-09-15,35.0,97.25714547293526
2024-05-07,On,ONON,34.0099983215332,https://query2.finance.yahoo.com/v8/finance/chart/ONON,2021-09-15,35.0,97.17142377580915
2024-05-08,On,ONON,32.97999954223633,https://query2.finance.yahoo.com/v8/finance/chart/ONON,2021-09-15,35.0,94.22857012067523
2024-05-09,On,ONON,31.299999237060547,https://query2.finance.yahoo.com/v8/finance/chart/ONON,2021-09-15,35.0,89.42856924874442
2024-05-10,On,ONON,30.39999961853028,https://query2.finance.yahoo.com/v8/finance/chart/ONON,2021-09-15,35.0,86.85714176722938
2024-05-13,On,ONON,30.690000534057617,https://query2.finance.yahoo.com/v8/finance/chart/ONON,2021-09-15,35.0,87.6857158115932
2024-05-14,On,ONON,36.29999923706055,https://query2.finance.yahoo.com/v8/finance/chart/ONON,2021-09-15,35.0,103.7142835344587
2024-05-15,On,ONON,36.41999816894531,https://query2.finance.yahoo.com/v8/finance/chart/ONON,2021-09-15,35.0,104.05713762555804
2024-05-16,On,ONON,36.63999938964844,https://query2.finance.yahoo.com/v8/finance/chart/ONON,2021-09-15,35.0,104.68571254185268
2024-05-17,On,ONON,38.119998931884766,https://query2.finance.yahoo.com/v8/finance/chart/ONON,2021-09-15,35.0,108.9142826625279
2024-05-20,On,ONON,38.36000061035156,https://query2.finance.yahoo.com/v8/finance/chart/ONON,2021-09-15,35.0,109.60000174386161
2024-05-21,On,ONON,37.310001373291016,https://query2.finance.yahoo.com/v8/finance/chart/ONON,2021-09-15,35.0,106.60000392368862
2024-05-22,On,ONON,37.59000015258789,https://query2.finance.yahoo.com/v8/finance/chart/ONON,2021-09-15,35.0,107.4000004359654
2024-05-23,On,ONON,38.40999984741211,https://query2.finance.yahoo.com/v8/finance/chart/ONON,2021-09-15,35.0,109.74285670689174
2024-05-24,On,ONON,40.22999954223633,https://query2.finance.yahoo.com/v8/finance/chart/ONON,2021-09-15,35.0,114.94285583496094
2024-05-28,On,ONON,41.81999969482422,https://query2.finance.yahoo.com/v8/finance/chart/ONON,2021-09-15,35.0,119.48571341378349
2024-05-29,On,ONON,42.650001525878906,https://query2.finance.yahoo.com/v8/finance/chart/ONON,2021-09-15,35.0,121.85714721679688
2024-05-30,On,ONON,42.59999847412109,https://query2.finance.yahoo.com/v8/finance/chart/ONON,2021-09-15,35.0,121.71428135463167
2024-05-31,On,ONON,42.540000915527344,https://query2.finance.yahoo.com/v8/finance/chart/ONON,2021-09-15,35.0,121.54285975864956
2024-06-03,On,ONON,41.2400016784668,https://query2.finance.yahoo.com/v8/finance/chart/ONON,2021-09-15,35.0,117.82857622419085
2024-06-04,On,ONON,40.81999969482422,https://query2.finance.yahoo.com/v8/finance/chart/ONON,2021-09-15,35.0,116.62857055664062
2024-06-05,On,ONON,42.0,https://query2.finance.yahoo.com/v8/finance/chart/ONON,2021-09-15,35.0,120.0
2024-06-06,On,ONON,42.20000076293945,https://query2.finance.yahoo.com/v8/finance/chart/ONON,2021-09-15,35.0,120.57143075125558
2024-06-07,On,ONON,42.34999847412109,https://query2.finance.yahoo.com/v8/finance/chart/ONON,2021-09-15,35.0,120.99999564034596
2024-06-10,On,ONON,42.72999954223633,https://query2.finance.yahoo.com/v8/finance/chart/ONON,2021-09-15,35.0,122.08571297781808
2024-06-11,On,ONON,43.790000915527344,https://query2.finance.yahoo.com/v8/finance/chart/ONON,2021-09-15,35.0,125.11428833007812
2024-06-12,On,ONON,43.630001068115234,https://query2.finance.yahoo.com/v8/finance/chart/ONON,2021-09-15,35.0,124.65714590890067
2024-06-13,On,ONON,42.900001525878906,https://query2.finance.yahoo.com/v8/finance/chart/ONON,2021-09-15,35.0,122.57143293108258
2024-06-14,On,ONON,42.0,https://query2.finance.yahoo.com/v8/finance/chart/ONON,2021-09-15,35.0,120.0
2024-06-17,On,ONON,41.630001068115234,https://query2.finance.yahoo.com/v8/finance/chart/ONON,2021-09-15,35.0,118.94286019461495
2024-06-18,On,ONON,42.22999954223633,https://query2.finance.yahoo.com/v8/finance/chart/ONON,2021-09-15,35.0,120.65714154924665
2024-06-20,On,ONON,41.72999954223633,https://query2.finance.yahoo.com/v8/finance/chart/ONON,2021-09-15,35.0,119.22857012067523
2024-06-21,On,ONON,39.720001220703125,https://query2.finance.yahoo.com/v8/finance/chart/ONON,2021-09-15,35.0,113.4857177734375
2024-06-24,On,ONON,39.02999877929688,https://query2.finance.yahoo.com/v8/finance/chart/ONON,2021-09-15,35.0,111.51428222656253
2024-06-25,On,ONON,38.7599983215332,https://query2.finance.yahoo.com/v8/finance/chart/ONON,2021-09-15,35.0,110.74285234723773
2024-06-26,On,ONON,38.59999847412109,https://query2.finance.yahoo.com/v8/finance/chart/ONON,2021-09-15,35.0,110.28570992606024
2024-06-27,On,ONON,39.02999877929688,https://query2.finance.yahoo.com/v8/finance/chart/ONON,2021-09-15,35.0,111.51428222656253
2024-06-28,On,ONON,38.79999923706055,https://query2.finance.yahoo.com/v8/finance/chart/ONON,2021-09-15,35.0,110.85714067731585
2024-07-01,On,ONON,38.02999877929688,https://query2.finance.yahoo.com/v8/finance/chart/ONON,2021-09-15,35.0,108.65713936941967
2024-07-02,On,ONON,37.220001220703125,https://query2.finance.yahoo.com/v8/finance/chart/ONON,2021-09-15,35.0,106.34286063058036
2024-07-03,On,ONON,36.650001525878906,https://query2.finance.yahoo.com/v8/finance/chart/ONON,2021-09-15,35.0,104.71429007393974
2024-07-05,On,ONON,37.18999862670898,https://query2.finance.yahoo.com/v8/finance/chart/ONON,2021-09-15,35.0,106.25713893345421
2024-07-08,On,ONON,37.93000030517578,https://query2.finance.yahoo.com/v8/finance/chart/ONON,2021-09-15,35.0,108.37142944335938
2024-07-09,On,ONON,37.20000076293945,https://query2.finance.yahoo.com/v8/finance/chart/ONON,2021-09-15,35.0,106.2857164655413
2024-07-10,On,ONON,36.630001068115234,https://query2.finance.yahoo.com/v8/finance/chart/ONON,2021-09-15,35.0,104.65714590890067
2024-07-11,On,ONON,37.02999877929688,https://query2.finance.yahoo.com/v8/finance/chart/ONON,2021-09-15,35.0,105.7999965122768
2024-07-12,On,ONON,37.5099983215332,https://query2.finance.yahoo.com/v8/finance/chart/ONON,2021-09-15,35.0,107.17142377580915
2024-07-15,On,ONON,37.59000015258789,https://query2.finance.yahoo.com/v8/finance/chart/ONON,2021-09-15,35.0,107.4000004359654
2024-07-16,On,ONON,39.20000076293945,https://query2.finance.yahoo.com/v8/finance/chart/ONON,2021-09-15,35.0,112.000002179827
2024-07-17,On,ONON,40.36000061035156,https://query2.finance.yahoo.com/v8/finance/chart/ONON,2021-09-15,35.0,115.31428745814732
2024-07-18,On,ONON,40.119998931884766,https://query2.finance.yahoo.com/v8/finance/chart/ONON,2021-09-15,35.0,114.62856837681362
2024-07-19,On,ONON,40.060001373291016,https://query2.finance.yahoo.com/v8/finance/chart/ONON,2021-09-15,35.0,114.45714678083148
2024-07-22,On,ONON,40.58000183105469,https://query2.finance.yahoo.com/v8/finance/chart/ONON,2021-09-15,35.0,115.94286237444196
2024-07-23,On,ONON,40.52000045776367,https://query2.finance.yahoo.com/v8/finance/chart/ONON,2021-09-15,35.0,115.77142987932477
2024-07-24,On,ONON,38.5,https://query2.finance.yahoo.com/v8/finance/chart/ONON,2021-09-15,35.0,110.0
2024-07-25,On,ONON,38.20000076293945,https://query2.finance.yahoo.com/v8/finance/chart/ONON,2021-09-15,35.0,109.14285932268415
2024-07-26,On,ONON,40.220001220703125,https://query2.finance.yahoo.com/v8/finance/chart/ONON,2021-09-15,35.0,114.91428920200893
2024-07-29,On,ONON,39.83000183105469,https://query2.finance.yahoo.com/v8/finance/chart/ONON,2021-09-15,35.0,113.80000523158482
2024-07-30,On,ONON,38.81999969482422,https://query2.finance.yahoo.com/v8/finance/chart/ONON,2021-09-15,35.0,110.91428484235492
2024-07-31,On,ONON,41.41999816894531,https://query2.finance.yahoo.com/v8/finance/chart/ONON,2021-09-15,35.0,118.34285191127232
2024-08-01,On,ONON,40.25,https://query2.finance.yahoo.com/v8/finance/chart/ONON,2021-09-15,35.0,115.0
2024-08-02,On,ONON,38.66999816894531,https://query2.finance.yahoo.com/v8/finance/chart/ONON,2021-09-15,35.0,110.48570905412946
2024-08-05,On,ONON,37.2400016784668,https://query2.finance.yahoo.com/v8/finance/chart/ONON,2021-09-15,35.0,106.40000479561942
2024-08-06,On,ONON,37.83000183105469,https://query2.finance.yahoo.com/v8/finance/chart/ONON,2021-09-15,35.0,108.08571951729911
2024-08-07,On,ONON,36.95000076293945,https://query2.finance.yahoo.com/v8/finance/chart/ONON,2021-09-15,35.0,105.57143075125558
2024-08-08,On,ONON,39.040000915527344,https://query2.finance.yahoo.com/v8/finance/chart/ONON,2021-09-15,35.0,111.54285975864956
2024-08-09,On,ONON,40.22999954223633,https://query2.finance.yahoo.com/v8/finance/chart/ONON,2021-09-15,35.0,114.94285583496094
2024-08-12,On,ONON,39.54999923706055,https://query2.finance.yahoo.com/v8/finance/chart/ONON,2021-09-15,35.0,112.999997820173
2024-08-13,On,ONON,41.27000045776367,https://query2.finance.yahoo.com/v8/finance/chart/ONON,2021-09-15,35.0,117.91428702218192
2024-08-14,On,ONON,40.560001373291016,https://query2.finance.yahoo.com/v8/finance/chart/ONON,2021-09-15,35.0,115.8857182094029
2024-08-15,On,ONON,42.72999954223633,https://query2.finance.yahoo.com/v8/finance/chart/ONON,2021-09-15,35.0,122.08571297781808
2024-08-16,On,ONON,42.540000915527344,https://query2.finance.yahoo.com/v8/finance/chart/ONON,2021-09-15,35.0,121.54285975864956
2024-08-19,On,ONON,42.45000076293945,https://query2.finance.yahoo.com/v8/finance/chart/ONON,2021-09-15,35.0,121.2857164655413
2024-08-20,On,ONON,41.72999954223633,https://query2.finance.yahoo.com/v8/finance/chart/ONON,2021-09-15,35.0,119.22857012067523
2024-08-21,On,ONON,43.459999084472656,https://query2.finance.yahoo.com/v8/finance/chart/ONON,2021-09-15,35.0,124.17142595563617
2024-08-22,On,ONON,43.18999862670898,https://query2.finance.yahoo.com/v8/finance/chart/ONON,2021-09-15,35.0,123.39999607631135
2024-08-23,On,ONON,44.56999969482422,https://query2.finance.yahoo.com/v8/finance/chart/ONON,2021-09-15,35.0,127.34285627092633
2024-08-26,On,ONON,45.900001525878906,https://query2.finance.yahoo.com/v8/finance/chart/ONON,2021-09-15,35.0,131.14286150251115
2024-08-27,On,ONON,47.91999816894531,https://query2.finance.yahoo.com/v8/finance/chart/ONON,2021-09-15,35.0,136.9142804827009
2024-08-28,On,ONON,46.369998931884766,https://query2.finance.yahoo.com/v8/finance/chart/ONON,2021-09-15,35.0,132.48571123395647
2024-08-29,On,ONON,46.91999816894531,https://query2.finance.yahoo.com/v8/finance/chart/ONON,2021-09-15,35.0,134.05713762555803
2024-08-30,On,ONON,46.97999954223633,https://query2.finance.yahoo.com/v8/finance/chart/ONON,2021-09-15,35.0,134.22857012067522
2024-09-03,On,ONON,46.06999969482422,https://query2.finance.yahoo.com/v8/finance/chart/ONON,2021-09-15,35.0,131.62857055664062
2024-09-04,On,ONON,45.70000076293945,https://query2.finance.yahoo.com/v8/finance/chart/ONON,2021-09-15,35.0,130.57143075125558
2024-09-05,On,ONON,44.77999877929688,https://query2.finance.yahoo.com/v8/finance/chart/ONON,2021-09-15,35.0,127.94285365513396
2024-09-06,On,ONON,44.43999862670898,https://query2.finance.yahoo.com/v8/finance/chart/ONON,2021-09-15,35.0,126.97142464773992
2024-09-09,On,ONON,44.36000061035156,https://query2.finance.yahoo.com/v8/finance/chart/ONON,2021-09-15,35.0,126.74285888671875
2024-09-10,On,ONON,45.2599983215332,https://query2.finance.yahoo.com/v8/finance/chart/ONON,2021-09-15,35.0,129.3142809186663
2024-09-11,On,ONON,46.41999816894531,https://query2.finance.yahoo.com/v8/finance/chart/ONON,2021-09-15,35.0,132.6285661969866
2024-09-12,On,ONON,49.04999923706055,https://query2.finance.yahoo.com/v8/finance/chart/ONON,2021-09-15,35.0,140.14285496303015
2024-09-13,On,ONON,48.630001068115234,https://query2.finance.yahoo.com/v8/finance/chart/ONON,2021-09-15,35.0,138.94286019461495
2024-09-16,On,ONON,49.880001068115234,https://query2.finance.yahoo.com/v8/finance/chart/ONON,2021-09-15,35.0,142.51428876604353
2024-09-17,On,ONON,49.25,https://query2.finance.yahoo.com/v8/finance/chart/ONON,2021-09-15,35.0,140.71428571428572
2024-09-18,On,ONON,50.93999862670898,https://query2.finance.yahoo.com/v8/finance/chart/ONON,2021-09-15,35.0,145.5428532191685
2024-09-19,On,ONON,49.72999954223633,https://query2.finance.yahoo.com/v8/finance/chart/ONON,2021-09-15,35.0,142.08571297781808
2024-09-20,On,ONON,49.95000076293945,https://query2.finance.yahoo.com/v8/finance/chart/ONON,2021-09-15,35.0,142.71428789411272
2024-09-23,On,ONON,50.40999984741211,https://query2.finance.yahoo.com/v8/finance/chart/ONON,2021-09-15,35.0,144.02857099260603
2024-09-24,On,ONON,50.56999969482422,https://query2.finance.yahoo.com/v8/finance/chart/ONON,2021-09-15,35.0,144.4857134137835
2024-09-25,On,ONON,50.20000076293945,https://query2.finance.yahoo.com/v8/finance/chart/ONON,2021-09-15,35.0,143.42857360839844
2024-09-26,On,ONON,51.56999969482422,https://query2.finance.yahoo.com/v8/finance/chart/ONON,2021-09-15,35.0,147.34285627092635
2024-09-27,On,ONON,51.130001068115234,https://query2.finance.yahoo.com/v8/finance/chart/ONON,2021-09-15,35.0,146.0857173374721
2024-09-30,On,ONON,50.150001525878906,https://query2.finance.yahoo.com/v8/finance/chart/ONON,2021-09-15,35.0,143.2857186453683
2024-10-01,On,ONON,49.34999847412109,https://query2.finance.yahoo.com/v8/finance/chart/ONON,2021-09-15,35.0,140.99999564034596
2024-10-02,On,ONON,49.209999084472656,https://query2.finance.yahoo.com/v8/finance/chart/ONON,2021-09-15,35.0,140.5999973842076
2024-10-03,On,ONON,49.66999816894531,https://query2.finance.yahoo.com/v8/finance/chart/ONON,2021-09-15,35.0,141.9142804827009
2024-10-04,On,ONON,51.709999084472656,https://query2.finance.yahoo.com/v8/finance/chart/ONON,2021-09-15,35.0,147.74285452706474
2024-10-07,On,ONON,50.400001525878906,https://query2.finance.yahoo.com/v8/finance/chart/ONON,2021-09-15,35.0,144.000004359654
2024-10-08,On,ONON,51.75,https://query2.finance.yahoo.com/v8/finance/chart/ONON,2021-09-15,35.0,147.85714285714286
2024-10-09,On,ONON,50.95000076293945,https://query2.finance.yahoo.com/v8/finance/chart/ONON,2021-09-15,35.0,145.57143075125558
2024-10-10,On,ONON,49.95000076293945,https://query2.finance.yahoo.com/v8/finance/chart/ONON,2021-09-15,35.0,142.71428789411272
2024-10-11,On,ONON,50.0,https://query2.finance.yahoo.com/v8/finance/chart/ONON,2021-09-15,35.0,142.85714285714286
2024-10-14,On,ONON,49.61000061035156,https://query2.finance.yahoo.com/v8/finance/chart/ONON,2021-09-15,35.0,141.74285888671875
2024-10-15,On,ONON,49.38999938964844,https://query2.finance.yahoo.com/v8/finance/chart/ONON,2021-09-15,35.0,141.1142839704241
2024-10-16,On,ONON,49.130001068115234,https://query2.finance.yahoo.com/v8/finance/chart/ONON,2021-09-15,35.0,140.3714316231864
2024-10-17,On,ONON,48.15999984741211,https://query2.finance.yahoo.com/v8/finance/chart/ONON,2021-09-15,35.0,137.5999995640346
2024-10-18,On,ONON,48.33000183105469,https://query2.finance.yahoo.com/v8/finance/chart/ONON,2021-09-15,35.0,138.0857195172991
2024-10-21,On,ONON,48.310001373291016,https://query2.finance.yahoo.com/v8/finance/chart/ONON,2021-09-15,35.0,138.02857535226005
2024-10-22,On,ONON,48.65999984741211,https://query2.finance.yahoo.com/v8/finance/chart/ONON,2021-09-15,35.0,139.02857099260603
2024-10-23,On,ONON,47.380001068115234,https://query2.finance.yahoo.com/v8/finance/chart/ONON,2021-09-15,35.0,135.3714316231864
2024-10-24,On,ONON,47.59000015258789,https://query2.finance.yahoo.com/v8/finance/chart/ONON,2021-09-15,35.0,135.97142900739397
2024-10-25,On,ONON,50.650001525878906,https://query2.finance.yahoo.com/v8/finance/chart/ONON,2021-09-15,35.0,144.71429007393974
2024-10-28,On,ONON,50.61000061035156,https://query2.finance.yahoo.com/v8/finance/chart/ONON,2021-09-15,35.0,144.6000017438616
2024-10-29,On,ONON,49.90999984741211,https://query2.finance.yahoo.com/v8/finance/chart/ONON,2021-09-15,35.0,142.5999995640346
2024-10-30,On,ONON,48.810001373291016,https://query2.finance.yahoo.com/v8/finance/chart/ONON,2021-09-15,35.0,139.45714678083147
2024-10-31,On,ONON,47.41999816894531,https://query2.finance.yahoo.com/v8/finance/chart/ONON,2021-09-15,35.0,135.48570905412947
2024-11-01,On,ONON,46.5,https://query2.finance.yahoo.com/v8/finance/chart/ONON,2021-09-15,35.0,132.85714285714286
2024-11-04,On,ONON,46.29999923706055,https://query2.finance.yahoo.com/v8/finance/chart/ONON,2021-09-15,35.0,132.28571210588728
2024-11-05,On,ONON,47.880001068115234,https://query2.finance.yahoo.com/v8/finance/chart/ONON,2021-09-15,35.0,136.8000030517578
2024-11-06,On,ONON,47.56999969482422,https://query2.finance.yahoo.com/v8/finance/chart/ONON,2021-09-15,35.0,135.9142848423549
2024-11-07,On,ONON,50.380001068115234,https://query2.finance.yahoo.com/v8/finance/chart/ONON,2021-09-15,35.0,143.94286019461495
2024-11-08,On,ONON,51.4900016784668,https://query2.finance.yahoo.com/v8/finance/chart/ONON,2021-09-15,35.0,147.11429050990515
2024-11-11,On,ONON,52.709999084472656,https://query2.finance.yahoo.com/v8/finance/chart/ONON,2021-09-15,35.0,150.5999973842076
2024-11-12,On,ONON,52.619998931884766,https://query2.finance.yahoo.com/v8/finance/chart/ONON,2021-09-15,35.0,150.34285409109933
2024-11-13,On,ONON,52.709999084472656,https://query2.finance.yahoo.com/v8/finance/chart/ONON,2021-09-15,35.0,150.5999973842076
2024-11-14,On,ONON,53.34999847412109,https://query2.finance.yahoo.com/v8/finance/chart/ONON,2021-09-15,35.0,152.42856706891737
2024-11-15,On,ONON,51.91999816894531,https://query2.finance.yahoo.com/v8/finance/chart/ONON,2021-09-15,35.0,148.34285191127233
2024-11-18,On,ONON,51.4900016784668,https://query2.finance.yahoo.com/v8/finance/chart/ONON,2021-09-15,35.0,147.11429050990515
2024-11-19,On,ONON,53.400001525878906,https://query2.finance.yahoo.com/v8/finance/chart/ONON,2021-09-15,35.0,152.5714329310826
2024-11-20,On,ONON,53.7400016784668,https://query2.finance.yahoo.com/v8/finance/chart/ONON,2021-09-15,35.0,153.54286193847656
2024-11-21,On,ONON,56.18999862670898,https://query2.finance.yahoo.com/v8/finance/chart/ONON,2021-09-15,35.0,160.5428532191685
2024-11-22,On,ONON,58.130001068115234,https://query2.finance.yahoo.com/v8/finance/chart/ONON,2021-09-15,35.0,166.0857173374721
2024-11-25,On,ONON,58.470001220703125,https://query2.finance.yahoo.com/v8/finance/chart/ONON,2021-09-15,35.0,167.05714634486608
2024-11-26,On,ONON,57.97999954223633,https://query2.finance.yahoo.com/v8/finance/chart/ONON,2021-09-15,35.0,165.65714154924666
2024-11-27,On,ONON,57.900001525878906,https://query2.finance.yahoo.com/v8/finance/chart/ONON,2021-09-15,35.0,165.42857578822546
2024-11-29,On,ONON,58.33000183105469,https://query2.finance.yahoo.com/v8/finance/chart/ONON,2021-09-15,35.0,166.65714808872767
2024-12-02,On,ONON,58.52999877929688,https://query2.finance.yahoo.com/v8/finance/chart/ONON,2021-09-15,35.0,167.22856794084825
2024-12-03,On,ONON,59.540000915527344,https://query2.finance.yahoo.com/v8/finance/chart/ONON,2021-09-15,35.0,170.11428833007812
2024-12-04,On,ONON,59.0,https://query2.finance.yahoo.com/v8/finance/chart/ONON,2021-09-15,35.0,168.57142857142858
2024-12-05,On,ONON,59.369998931884766,https://query2.finance.yahoo.com/v8/finance/chart/ONON,2021-09-15,35.0,169.6285683768136
2024-12-06,On,ONON,57.63999938964844,https://query2.finance.yahoo.com/v8/finance/chart/ONON,2021-09-15,35.0,164.68571254185267
2024-12-09,On,ONON,55.02000045776367,https://query2.finance.yahoo.com/v8/finance/chart/ONON,2021-09-15,35.0,157.2000013078962
2024-12-10,On,ONON,55.18000030517578,https://query2.finance.yahoo.com/v8/finance/chart/ONON,2021-09-15,35.0,157.65714372907365
2024-12-11,On,ONON,58.20000076293945,https://query2.finance.yahoo.com/v8/finance/chart/ONON,2021-09-15,35.0,166.2857164655413
2024-12-12,On,ONON,57.59999847412109,https://query2.finance.yahoo.com/v8/finance/chart/ONON,2021-09-15,35.0,164.57142421177454
2024-12-13,On,ONON,57.29999923706055,https://query2.finance.yahoo.com/v8/finance/chart/ONON,2021-09-15,35.0,163.7142835344587
2024-12-16,On,ONON,57.880001068115234,https://query2.finance.yahoo.com/v8/finance/chart/ONON,2021-09-15,35.0,165.3714316231864
2024-12-17,On,ONON,56.63999938964844,https://query2.finance.yahoo.com/v8/finance/chart/ONON,2021-09-15,35.0,161.82856968470983
2024-12-18,On,ONON,54.7599983215332,https://query2.finance.yahoo.com/v8/finance/chart/ONON,2021-09-15,35.0,156.45713806152344
2024-12-19,On,ONON,55.13999938964844,https://query2.finance.yahoo.com/v8/finance/chart/ONON,2021-09-15,35.0,157.54285539899553
2024-12-20,On,ONON,57.13999938964844,https://query2.finance.yahoo.com/v8/finance/chart/ONON,2021-09-15,35.0,163.25714111328125
2024-12-23,On,ONON,56.650001525878906,https://query2.finance.yahoo.com/v8/finance/chart/ONON,2021-09-15,35.0,161.85714721679688
2024-12-24,On,ONON,56.45000076293945,https://query2.finance.yahoo.com/v8/finance/chart/ONON,2021-09-15,35.0,161.2857164655413
2024-12-26,On,ONON,56.38999938964844,https://query2.finance.yahoo.com/v8/finance/chart/ONON,2021-09-15,35.0,161.1142839704241
2024-12-27,On,ONON,55.630001068115234,https://query2.finance.yahoo.com/v8/finance/chart/ONON,2021-09-15,35.0,158.94286019461495
2024-12-30,On,ONON,55.18999862670898,https://query2.finance.yahoo.com/v8/finance/chart/ONON,2021-09-15,35.0,157.68571036202565
2024-12-31,On,ONON,54.77000045776367,https://query2.finance.yahoo.com/v8/finance/chart/ONON,2021-09-15,35.0,156.48571559361048
2025-01-02,On,ONON,55.369998931884766,https://query2.finance.yahoo.com/v8/finance/chart/ONON,2021-09-15,35.0,158.1999969482422
2025-01-03,On,ONON,56.619998931884766,https://query2.finance.yahoo.com/v8/finance/chart/ONON,2021-09-15,35.0,161.77142551967077
2025-01-06,On,ONON,54.619998931884766,https://query2.finance.yahoo.com/v8/finance/chart/ONON,2021-09-15,35.0,156.05713980538505
2025-01-07,On,ONON,55.27999877929688,https://query2.finance.yahoo.com/v8/finance/chart/ONON,2021-09-15,35.0,157.94285365513394
2025-01-08,On,ONON,55.540000915527344,https://query2.finance.yahoo.com/v8/finance/chart/ONON,2021-09-15,35.0,158.6857169015067
2025-01-10,On,ONON,56.630001068115234,https://query2.finance.yahoo.com/v8/finance/chart/ONON,2021-09-15,35.0,161.8000030517578
2025-01-13,On,ONON,55.380001068115234,https://query2.finance.yahoo.com/v8/finance/chart/ONON,2021-09-15,35.0,158.22857448032923
2025-01-14,On,ONON,54.5,https://query2.finance.yahoo.com/v8/finance/chart/ONON,2021-09-15,35.0,155.71428571428572
2025-01-15,On,ONON,54.720001220703125,https://query2.finance.yahoo.com/v8/finance/chart/ONON,2021-09-15,35.0,156.34286063058036
2025-01-16,On,ONON,56.33000183105469,https://query2.finance.yahoo.com/v8/finance/chart/ONON,2021-09-15,35.0,160.94286237444197
2025-01-17,On,ONON,57.97999954223633,https://query2.finance.yahoo.com/v8/finance/chart/ONON,2021-09-15,35.0,165.65714154924666
2025-01-21,On,ONON,59.95000076293945,https://query2.finance.yahoo.com/v8/finance/chart/ONON,2021-09-15,35.0,171.2857164655413
2025-01-22,On,ONON,58.560001373291016,https://query2.finance.yahoo.com/v8/finance/chart/ONON,2021-09-15,35.0,167.31428963797433
2025-01-23,On,ONON,60.45000076293945,https://query2.finance.yahoo.com/v8/finance/chart/ONON,2021-09-15,35.0,172.71428789411272
2025-01-24,On,ONON,60.150001525878906,https://query2.finance.yahoo.com/v8/finance/chart/ONON,2021-09-15,35.0,171.85714721679688
2025-01-27,On,ONON,59.900001525878906,https://query2.finance.yahoo.com/v8/finance/chart/ONON,2021-09-15,35.0,171.14286150251115
2025-01-28,On,ONON,62.15999984741211,https://query2.finance.yahoo.com/v8/finance/chart/ONON,2021-09-15,35.0,177.5999995640346
2025-01-29,On,ONON,63.040000915527344,https://query2.finance.yahoo.com/v8/finance/chart/ONON,2021-09-15,35.0,180.11428833007812
2025-01-30,On,ONON,63.619998931884766,https://query2.finance.yahoo.com/v8/finance/chart/ONON,2021-09-15,35.0,181.77142551967077
2025-01-31,On,ONON,59.880001068115234,https://query2.finance.yahoo.com/v8/finance/chart/ONON,2021-09-15,35.0,171.0857173374721
2025-02-03,On,ONON,58.52000045776367,https://query2.finance.yahoo.com/v8/finance/chart/ONON,2021-09-15,35.0,167.2000013078962
2025-02-04,On,ONON,58.34000015258789,https://query2.finance.yahoo.com/v8/finance/chart/ONON,2021-09-15,35.0,166.6857147216797
2025-02-05,On,ONON,59.040000915527344,https://query2.finance.yahoo.com/v8/finance/chart/ONON,2021-09-15,35.0,168.6857169015067
2025-02-06,On,ONON,59.720001220703125,https://query2.finance.yahoo.com/v8/finance/chart/ONON,2021-09-15,35.0,170.62857491629464
2025-02-07,On,ONON,56.40999984741211,https://query2.finance.yahoo.com/v8/finance/chart/ONON,2021-09-15,35.0,161.17142813546317
2025-02-10,On,ONON,55.709999084472656,https://query2.finance.yahoo.com/v8/finance/chart/ONON,2021-09-15,35.0,159.17142595563615
2025-02-11,On,ONON,53.970001220703125,https://query2.finance.yahoo.com/v8/finance/chart/ONON,2021-09-15,35.0,154.20000348772322
2025-02-12,On,ONON,54.040000915527344,https://query2.finance.yahoo.com/v8/finance/chart/ONON,2021-09-15,35.0,154.4000026157924
2025-02-13,On,ONON,52.369998931884766,https://query2.finance.yahoo.com/v8/finance/chart/ONON,2021-09-15,35.0,149.6285683768136
2025-02-14,On,ONON,52.02999877929688,https://query2.finance.yahoo.com/v8/finance/chart/ONON,2021-09-15,35.0,148.65713936941967
2025-02-18,On,ONON,53.36000061035156,https://query2.finance.yahoo.com/v8/finance/chart/ONON,2021-09-15,35.0,152.45714460100447
2025-02-19,On,ONON,52.06999969482422,https://query2.finance.yahoo.com/v8/finance/chart/ONON,2021-09-15,35.0,148.77142769949776
2025-02-20,On,ONON,51.209999084472656,https://query2.finance.yahoo.com/v8/finance/chart/ONON,2021-09-15,35.0,146.3142830984933
2025-02-21,On,ONON,48.43999862670898,https://query2.finance.yahoo.com/v8/finance/chart/ONON,2021-09-15,35.0,138.39999607631137
2025-02-24,On,ONON,48.75,https://query2.finance.yahoo.com/v8/finance/chart/ONON,2021-09-15,35.0,139.28571428571428
2025-02-25,On,ONON,48.400001525878906,https://query2.finance.yahoo.com/v8/finance/chart/ONON,2021-09-15,35.0,138.2857186453683
2025-02-26,On,ONON,49.88999938964844,https://query2.finance.yahoo.com/v8/finance/chart/ONON,2021-09-15,35.0,142.54285539899553
2025-02-27,On,ONON,46.68999862670898,https://query2.finance.yahoo.com/v8/finance/chart/ONON,2021-09-15,35.0,133.39999607631137
2025-02-28,On,ONON,48.47999954223633,https://query2.finance.yahoo.com/v8/finance/chart/ONON,2021-09-15,35.0,138.51428440638952
2025-03-03,On,ONON,47.84999847412109,https://query2.finance.yahoo.com/v8/finance/chart/ONON,2021-09-15,35.0,136.71428135463168
2025-03-04,On,ONON,50.630001068115234,https://query2.finance.yahoo.com/v8/finance/chart/ONON,2021-09-15,35.0,144.65714590890067
2025-03-05,On,ONON,52.47999954223633,https://query2.finance.yahoo.com/v8/finance/chart/ONON,2021-09-15,35.0,149.94285583496094
2025-03-06,On,ONON,49.52999877929688,https://query2.finance.yahoo.com/v8/finance/chart/ONON,2021-09-15,35.0,141.51428222656253
2025-03-07,On,ONON,46.65999984741211,https://query2.finance.yahoo.com/v8/finance/chart/ONON,2021-09-15,35.0,133.3142852783203
2025-03-10,On,ONON,44.22999954223633,https://query2.finance.yahoo.com/v8/finance/chart/ONON,2021-09-15,35.0,126.37142726353237
2025-03-11,On,ONON,45.16999816894531,https://query2.finance.yahoo.com/v8/finance/chart/ONON,2021-09-15,35.0,129.05713762555803
2025-03-12,On,ONON,46.72999954223633,https://query2.finance.yahoo.com/v8/finance/chart/ONON,2021-09-15,35.0,133.51428440638952
2025-03-13,On,ONON,46.369998931884766,https://query2.finance.yahoo.com/v8/finance/chart/ONON,2021-09-15,35.0,132.48571123395647
2025-03-14,On,ONON,46.43999862670898,https://query2.finance.yahoo.com/v8/finance/chart/ONON,2021-09-15,35.0,132.68571036202565
2025-03-17,On,ONON,48.060001373291016,https://query2.finance.yahoo.com/v8/finance/chart/ONON,2021-09-15,35.0,137.31428963797433
2025-03-18,On,ONON,46.27999877929688,https://query2.finance.yahoo.com/v8/finance/chart/ONON,2021-09-15,35.0,132.22856794084825
2025-03-19,On,ONON,47.06999969482422,https://query2.finance.yahoo.com/v8/finance/chart/ONON,2021-09-15,35.0,134.4857134137835
2025-03-20,On,ONON,45.560001373291016,https://query2.finance.yahoo.com/v8/finance/chart/ONON,2021-09-15,35.0,130.1714324951172
2025-03-21,On,ONON,46.25,https://query2.finance.yahoo.com/v8/finance/chart/ONON,2021-09-15,35.0,132.14285714285714
2025-03-24,On,ONON,48.31999969482422,https://query2.finance.yahoo.com/v8/finance/chart/ONON,2021-09-15,35.0,138.05714198521204
2025-03-25,On,ONON,47.970001220703125,https://query2.finance.yahoo.com/v8/finance/chart/ONON,2021-09-15,35.0,137.05714634486608
2025-03-26,On,ONON,46.04999923706055,https://query2.finance.yahoo.com/v8/finance/chart/ONON,2021-09-15,35.0,131.57142639160156
2025-03-27,On,ONON,46.0,https://query2.finance.yahoo.com/v8/finance/chart/ONON,2021-09-15,35.0,131.42857142857142
2025-03-28,On,ONON,44.150001525878906,https://query2.finance.yahoo.com/v8/finance/chart/ONON,2021-09-15,35.0,126.14286150251117
2025-03-31,On,ONON,43.91999816894531,https://query2.finance.yahoo.com/v8/finance/chart/ONON,2021-09-15,35.0,125.48570905412946
2025-04-01,On,ONON,42.70000076293945,https://query2.finance.yahoo.com/v8/finance/chart/ONON,2021-09-15,35.0,122.000002179827
2025-04-02,On,ONON,44.91999816894531,https://query2.finance.yahoo.com/v8/finance/chart/ONON,2021-09-15,35.0,128.34285191127233
2025-04-03,On,ONON,37.650001525878906,https://query2.finance.yahoo.com/v8/finance/chart/ONON,2021-09-15,35.0,107.57143293108258
2025-04-04,On,ONON,39.61000061035156,https://query2.finance.yahoo.com/v8/finance/chart/ONON,2021-09-15,35.0,113.17143031529018
2025-04-07,On,ONON,40.970001220703125,https://query2.finance.yahoo.com/v8/finance/chart/ONON,2021-09-15,35.0,117.05714634486607
2025-04-08,On,ONON,38.90999984741211,https://query2.finance.yahoo.com/v8/finance/chart/ONON,2021-09-15,35.0,111.17142813546317
2025-04-09,On,ONON,45.0099983215332,https://query2.finance.yahoo.com/v8/finance/chart/ONON,2021-09-15,35.0,128.59999520438058
2025-04-10,On,ONON,43.02000045776367,https://query2.finance.yahoo.com/v8/finance/chart/ONON,2021-09-15,35.0,122.91428702218192
2025-04-11,On,ONON,43.5099983215332,https://query2.finance.yahoo.com/v8/finance/chart/ONON,2021-09-15,35.0,124.3142809186663
2025-04-14,On,ONON,43.16999816894531,https://query2.finance.yahoo.com/v8/finance/chart/ONON,2021-09-15,35.0,123.34285191127232
2025-04-15,On,ONON,42.66999816894531,https://query2.finance.yahoo.com/v8/finance/chart/ONON,2021-09-15,35.0,121.91428048270089
2025-04-16,On,ONON,41.75,https://query2.finance.yahoo.com/v8/finance/chart/ONON,2021-09-15,35.0,119.28571428571429
2025-04-17,On,ONON,42.5,https://query2.finance.yahoo.com/v8/finance/chart/ONON,2021-09-15,35.0,121.42857142857143
2025-04-21,On,ONON,41.310001373291016,https://query2.finance.yahoo.com/v8/finance/chart/ONON,2021-09-15,35.0,118.02857535226005
2025-04-22,On,ONON,42.630001068115234,https://query2.finance.yahoo.com/v8/finance/chart/ONON,2021-09-15,35.0,121.80000305175781
2025-04-23,On,ONON,43.93000030517578,https://query2.finance.yahoo.com/v8/finance/chart/ONON,2021-09-15,35.0,125.51428658621651
2025-04-24,On,ONON,44.7599983215332,https://query2.finance.yahoo.com/v8/finance/chart/ONON,2021-09-15,35.0,127.88570949009487
2025-04-25,On,ONON,45.02999877929688,https://query2.finance.yahoo.com/v8/finance/chart/ONON,2021-09-15,35.0,128.65713936941967
2025-04-28,On,ONON,46.59000015258789,https://query2.finance.yahoo.com/v8/finance/chart/ONON,2021-09-15,35.0,133.1142861502511
2025-04-29,On,ONON,47.900001525878906,https://query2.finance.yahoo.com/v8/finance/chart/ONON,2021-09-15,35.0,136.85714721679688
2025-04-30,On,ONON,48.11000061035156,https://query2.finance.yahoo.com/v8/finance/chart/ONON,2021-09-15,35.0,137.45714460100447
2025-05-01,On,ONON,47.720001220703125,https://query2.finance.yahoo.com/v8/finance/chart/ONON,2021-09-15,35.0,136.34286063058036
2025-05-02,On,ONON,48.90999984741211,https://query2.finance.yahoo.com/v8/finance/chart/ONON,2021-09-15,35.0,139.74285670689173
2025-05-05,On,ONON,48.88999938964844,https://query2.finance.yahoo.com/v8/finance/chart/ONON,2021-09-15,35.0,139.68571254185267
2025-05-06,On,ONON,48.20000076293945,https://query2.finance.yahoo.com/v8/finance/chart/ONON,2021-09-15,35.0,137.71428789411272
2025-05-07,On,ONON,48.52999877929688,https://query2.finance.yahoo.com/v8/finance/chart/ONON,2021-09-15,35.0,138.65713936941967
2025-05-08,On,ONON,49.720001220703125,https://query2.finance.yahoo.com/v8/finance/chart/ONON,2021-09-15,35.0,142.05714634486608
2025-05-09,On,ONON,49.41999816894531,https://query2.finance.yahoo.com/v8/finance/chart/ONON,2021-09-15,35.0,141.19999476841517
2025-05-12,On,ONON,51.310001373291016,https://query2.finance.yahoo.com/v8/finance/chart/ONON,2021-09-15,35.0,146.6000039236886
2025-05-13,On,ONON,57.380001068115234,https://query2.finance.yahoo.com/v8/finance/chart/ONON,2021-09-15,35.0,163.94286019461495
2025-05-14,On,ONON,57.59000015258789,https://query2.finance.yahoo.com/v8/finance/chart/ONON,2021-09-15,35.0,164.54285757882255
2025-05-15,On,ONON,60.25,https://query2.finance.yahoo.com/v8/finance/chart/ONON,2021-09-15,35.0,172.14285714285714
2025-05-16,On,ONON,59.900001525878906,https://query2.finance.yahoo.com/v8/finance/chart/ONON,2021-09-15,35.0,171.14286150251115
2025-05-19,On,ONON,59.9900016784668,https://query2.finance.yahoo.com/v8/finance/chart/ONON,2021-09-15,35.0,171.40000479561942
2025-05-20,On,ONON,59.66999816894531,https://query2.finance.yahoo.com/v8/finance/chart/ONON,2021-09-15,35.0,170.48570905412947
2025-05-21,On,ONON,59.13999938964844,https://query2.finance.yahoo.com/v8/finance/chart/ONON,2021-09-15,35.0,168.97142682756697
2025-05-22,On,ONON,58.81999969482422,https://query2.finance.yahoo.com/v8/finance/chart/ONON,2021-09-15,35.0,168.05714198521204
2025-05-23,On,ONON,58.43999862670898,https://query2.finance.yahoo.com/v8/finance/chart/ONON,2021-09-15,35.0,166.97142464773992
2025-05-27,On,ONON,60.68000030517578,https://query2.finance.yahoo.com/v8/finance/chart/ONON,2021-09-15,35.0,173.37142944335938
2025-05-28,On,ONON,59.77999877929688,https://query2.finance.yahoo.com/v8/finance/chart/ONON,2021-09-15,35.0,170.7999965122768
2025-05-29,On,ONON,58.84000015258789,https://query2.finance.yahoo.com/v8/finance/chart/ONON,2021-09-15,35.0,168.1142861502511
2025-05-30,On,ONON,59.38999938964844,https://query2.finance.yahoo.com/v8/finance/chart/ONON,2021-09-15,35.0,169.68571254185267
2025-06-02,On,ONON,59.13999938964844,https://query2.finance.yahoo.com/v8/finance/chart/ONON,2021-09-15,35.0,168.97142682756697
2025-06-03,On,ONON,58.52999877929688,https://query2.finance.yahoo.com/v8/finance/chart/ONON,2021-09-15,35.0,167.22856794084825
2025-06-04,On,ONON,58.02999877929688,https://query2.finance.yahoo.com/v8/finance/chart/ONON,2021-09-15,35.0,165.7999965122768
2025-06-05,On,ONON,56.95000076293945,https://query2.finance.yahoo.com/v8/finance/chart/ONON,2021-09-15,35.0,162.71428789411272
2025-06-06,On,ONON,56.560001373291016,https://query2.finance.yahoo.com/v8/finance/chart/ONON,2021-09-15,35.0,161.6000039236886
2025-06-09,On,ONON,56.459999084472656,https://query2.finance.yahoo.com/v8/finance/chart/ONON,2021-09-15,35.0,161.3142830984933
2025-06-10,On,ONON,56.93000030517578,https://query2.finance.yahoo.com/v8/finance/chart/ONON,2021-09-15,35.0,162.65714372907365
2025-06-11,On,ONON,56.790000915527344,https://query2.finance.yahoo.com/v8/finance/chart/ONON,2021-09-15,35.0,162.25714547293526
2025-06-12,On,ONON,55.72999954223633,https://query2.finance.yahoo.com/v8/finance/chart/ONON,2021-09-15,35.0,159.22857012067522
2025-06-13,On,ONON,52.2599983215332,https://query2.finance.yahoo.com/v8/finance/chart/ONON,2021-09-15,35.0,149.3142809186663
2025-06-16,On,ONON,53.0099983215332,https://query2.finance.yahoo.com/v8/finance/chart/ONON,2021-09-15,35.0,151.45713806152344
2025-06-17,On,ONON,52.08000183105469,https://query2.finance.yahoo.com/v8/finance/chart/ONON,2021-09-15,35.0,148.80000523158483
2025-06-18,On,ONON,51.869998931884766,https://query2.finance.yahoo.com/v8/finance/chart/ONON,2021-09-15,35.0,148.1999969482422
2025-06-20,On,ONON,52.66999816894531,https://query2.finance.yahoo.com/v8/finance/chart/ONON,2021-09-15,35.0,150.48570905412947
2025-06-23,On,ONON,53.06999969482422,https://query2.finance.yahoo.com/v8/finance/chart/ONON,2021-09-15,35.0,151.62857055664062
2025-06-24,On,ONON,52.459999084472656,https://query2.finance.yahoo.com/v8/finance/chart/ONON,2021-09-15,35.0,149.88571166992188
2025-06-25,On,ONON,51.47999954223633,https://query2.finance.yahoo.com/v8/finance/chart/ONON,2021-09-15,35.0,147.08571297781808
2025-06-26,On,ONON,51.59000015258789,https://query2.finance.yahoo.com/v8/finance/chart/ONON,2021-09-15,35.0,147.4000004359654
2025-06-27,On,ONON,52.4900016784668,https://query2.finance.yahoo.com/v8/finance/chart/ONON,2021-09-15,35.0,149.97143336704798
2025-06-30,On,ONON,52.04999923706055,https://query2.finance.yahoo.com/v8/finance/chart/ONON,2021-09-15,35.0,148.7142835344587
2025-07-01,On,ONON,52.209999084472656,https://query2.finance.yahoo.com/v8/finance/chart/ONON,2021-09-15,35.0,149.17142595563615
2025-07-02,On,ONON,53.70000076293945,https://query2.finance.yahoo.com/v8/finance/chart/ONON,2021-09-15,35.0,153.42857360839844
2025-07-03,On,ONON,54.310001373291016,https://query2.finance.yahoo.com/v8/finance/chart/ONON,2021-09-15,35.0,155.1714324951172
2025-07-07,On,ONON,54.36000061035156,https://query2.finance.yahoo.com/v8/finance/chart/ONON,2021-09-15,35.0,155.31428745814733
2025-07-08,On,ONON,52.59999847412109,https://query2.finance.yahoo.com/v8/finance/chart/ONON,2021-09-15,35.0,150.28570992606024
2025-07-09,On,ONON,54.119998931884766,https://query2.finance.yahoo.com/v8/finance/chart/ONON,2021-09-15,35.0,154.6285683768136
2025-07-10,On,ONON,53.310001373291016,https://query2.finance.yahoo.com/v8/finance/chart/ONON,2021-09-15,35.0,152.31428963797433
2025-07-11,On,ONON,52.43999862670898,https://query2.finance.yahoo.com/v8/finance/chart/ONON,2021-09-15,35.0,149.82856750488278
2025-07-14,On,ONON,53.2599983215332,https://query2.finance.yahoo.com/v8/finance/chart/ONON,2021-09-15,35.0,152.17142377580916
2025-07-15,On,ONON,53.459999084472656,https://query2.finance.yahoo.com/v8/finance/chart/ONON,2021-09-15,35.0,152.74285452706474
2025-07-16,On,ONON,52.880001068115234,https://query2.finance.yahoo.com/v8/finance/chart/ONON,2021-09-15,35.0,151.0857173374721
2025-07-17,On,ONON,54.2400016784668,https://query2.finance.yahoo.com/v8/finance/chart/ONON,2021-09-15,35.0,154.97143336704798
2025-07-18,On,ONON,53.119998931884766,https://query2.finance.yahoo.com/v8/finance/chart/ONON,2021-09-15,35.0,151.77142551967077
2025-07-21,On,ONON,53.209999084472656,https://query2.finance.yahoo.com/v8/finance/chart/ONON,2021-09-15,35.0,152.028568812779
2025-07-22,On,ONON,50.36000061035156,https://query2.finance.yahoo.com/v8/finance/chart/ONON,2021-09-15,35.0,143.8857160295759
2025-07-23,On,ONON,51.63999938964844,https://query2.finance.yahoo.com/v8/finance/chart/ONON,2021-09-15,35.0,147.54285539899553
2025-07-24,On,ONON,49.95000076293945,https://query2.finance.yahoo.com/v8/finance/chart/ONON,2021-09-15,35.0,142.71428789411272
2025-07-25,On,ONON,50.7599983215332,https://query2.finance.yahoo.com/v8/finance/chart/ONON,2021-09-15,35.0,145.02856663295202
2025-07-28,On,ONON,50.95000076293945,https://query2.finance.yahoo.com/v8/finance/chart/ONON,2021-09-15,35.0,145.57143075125558
2025-07-29,On,ONON,51.75,https://query2.finance.yahoo.com/v8/finance/chart/ONON,2021-09-15,35.0,147.85714285714286
2025-07-30,On,ONON,50.68000030517578,https://query2.finance.yahoo.com/v8/finance/chart/ONON,2021-09-15,35.0,144.8000008719308
2025-07-31,On,ONON,48.56999969482422,https://query2.finance.yahoo.com/v8/finance/chart/ONON,2021-09-15,35.0,138.77142769949776
2025-08-01,On,ONON,47.02999877929688,https://query2.finance.yahoo.com/v8/finance/chart/ONON,2021-09-15,35.0,134.3714250837054
2025-08-04,On,ONON,47.59999847412109,https://query2.finance.yahoo.com/v8/finance/chart/ONON,2021-09-15,35.0,135.99999564034596
2025-08-05,On,ONON,47.150001525878906,https://query2.finance.yahoo.com/v8/finance/chart/ONON,2021-09-15,35.0,134.71429007393974
2025-08-06,On,ONON,46.810001373291016,https://query2.finance.yahoo.com/v8/finance/chart/ONON,2021-09-15,35.0,133.74286106654577
2025-08-07,On,ONON,45.15999984741211,https://query2.finance.yahoo.com/v8/finance/chart/ONON,2021-09-15,35.0,129.02857099260603
2025-08-08,On,ONON,45.65999984741211,https://query2.finance.yahoo.com/v8/finance/chart/ONON,2021-09-15,35.0,130.45714242117745
2025-08-11,On,ONON,45.720001220703125,https://query2.finance.yahoo.com/v8/finance/chart/ONON,2021-09-15,35.0,130.62857491629464
2025-08-12,On,ONON,49.810001373291016,https://query2.finance.yahoo.com/v8/finance/chart/ONON,2021-09-15,35.0,142.31428963797433
2025-08-13,On,ONON,48.18999862670898,https://query2.finance.yahoo.com/v8/finance/chart/ONON,2021-09-15,35.0,137.68571036202565
2025-08-14,On,ONON,44.209999084472656,https://query2.finance.yahoo.com/v8/finance/chart/ONON,2021-09-15,35.0,126.3142830984933
2025-08-15,On,ONON,45.34000015258789,https://query2.finance.yahoo.com/v8/finance/chart/ONON,2021-09-15,35.0,129.54285757882255
2025-08-18,On,ONON,45.220001220703125,https://query2.finance.yahoo.com/v8/finance/chart/ONON,2021-09-15,35.0,129.20000348772322
2025-08-19,On,ONON,45.02999877929688,https://query2.finance.yahoo.com/v8/finance/chart/ONON,2021-09-15,35.0,128.65713936941967
2025-08-20,On,ONON,45.2400016784668,https://query2.finance.yahoo.com/v8/finance/chart/ONON,2021-09-15,35.0,129.25714765276228
2025-08-21,On,ONON,44.58000183105469,https://query2.finance.yahoo.com/v8/finance/chart/ONON,2021-09-15,35.0,127.37143380301339
2025-08-22,On,ONON,46.560001373291016,https://query2.finance.yahoo.com/v8/finance/chart/ONON,2021-09-15,35.0,133.02857535226005
2025-08-25,On,ONON,45.59000015258789,https://query2.finance.yahoo.com/v8/finance/chart/ONON,2021-09-15,35.0,130.25714329310827
2025-08-26,On,ONON,45.18000030517578,https://query2.finance.yahoo.com/v8/finance/chart/ONON,2021-09-15,35.0,129.0857151576451
2025-08-27,On,ONON,45.18000030517578,https://query2.finance.yahoo.com/v8/finance/chart/ONON,2021-09-15,35.0,129.0857151576451
2025-08-28,On,ONON,44.59000015258789,https://query2.finance.yahoo.com/v8/finance/chart/ONON,2021-09-15,35.0,127.4000004359654
2025-08-29,On,ONON,45.08000183105469,https://query2.finance.yahoo.com/v8/finance/chart/ONON,2021-09-15,35.0,128.80000523158483
2025-09-02,On,ONON,44.790000915527344,https://query2.finance.yahoo.com/v8/finance/chart/ONON,2021-09-15,35.0,127.97143118722099
2025-09-03,On,ONON,44.79999923706055,https://query2.finance.yahoo.com/v8/finance/chart/ONON,2021-09-15,35.0,127.999997820173
2025-09-04,On,ONON,46.04999923706055,https://query2.finance.yahoo.com/v8/finance/chart/ONON,2021-09-15,35.0,131.57142639160156
2025-09-05,On,ONON,45.52000045776367,https://query2.finance.yahoo.com/v8/finance/chart/ONON,2021-09-15,35.0,130.05714416503906
2025-09-08,On,ONON,45.20000076293945,https://query2.finance.yahoo.com/v8/finance/chart/ONON,2021-09-15,35.0,129.14285932268416
2025-09-09,On,ONON,44.38999938964844,https://query2.finance.yahoo.com/v8/finance/chart/ONON,2021-09-15,35.0,126.82856968470982
2025-09-10,On,ONON,42.84999847412109,https://query2.finance.yahoo.com/v8/finance/chart/ONON,2021-09-15,35.0,122.42856706891739
2025-09-11,On,ONON,43.29999923706055,https://query2.finance.yahoo.com/v8/finance/chart/ONON,2021-09-15,35.0,123.7142835344587
2025-09-12,On,ONON,42.88999938964844,https://query2.finance.yahoo.com/v8/finance/chart/ONON,2021-09-15,35.0,122.54285539899554
2025-09-15,On,ONON,42.66999816894531,https://query2.finance.yahoo.com/v8/finance/chart/ONON,2021-09-15,35.0,121.91428048270089
2025-09-16,On,ONON,43.02000045776367,https://query2.finance.yahoo.com/v8/finance/chart/ONON,2021-09-15,35.0,122.91428702218192
2025-09-17,On,ONON,43.84000015258789,https://query2.finance.yahoo.com/v8/finance/chart/ONON,2021-09-15,35.0,125.25714329310826
2025-09-18,On,ONON,44.9900016784668,https://query2.finance.yahoo.com/v8/finance/chart/ONON,2021-09-15,35.0,128.54286193847656
2025-09-19,On,ONON,45.22999954223633,https://query2.finance.yahoo.com/v8/finance/chart/ONON,2021-09-15,35.0,129.22857012067522
2025-09-22,On,ONON,45.59000015258789,https://query2.finance.yahoo.com/v8/finance/chart/ONON,2021-09-15,35.0,130.25714329310827
2025-09-23,On,ONON,45.86000061035156,https://query2.finance.yahoo.com/v8/finance/chart/ONON,2021-09-15,35.0,131.02857317243303
2025-09-24,On,ONON,45.7599983215332,https://query2.finance.yahoo.com/v8/finance/chart/ONON,2021-09-15,35.0,130.74285234723772
2025-09-25,On,ONON,43.91999816894531,https://query2.finance.yahoo.com/v8/finance/chart/ONON,2021-09-15,35.0,125.48570905412946
2025-09-26,On,ONON,42.470001220703125,https://query2.finance.yahoo.com/v8/finance/chart/ONON,2021-09-15,35.0,121.34286063058036
2025-09-29,On,ONON,43.59000015258789,https://query2.finance.yahoo.com/v8/finance/chart/ONON,2021-09-15,35.0,124.54285757882255
2025-09-30,On,ONON,42.34999847412109,https://query2.finance.yahoo.com/v8/finance/chart/ONON,2021-09-15,35.0,120.99999564034596
2025-10-01,On,ONON,40.959999084472656,https://query2.finance.yahoo.com/v8/finance/chart/ONON,2021-09-15,35.0,117.02856881277901
2025-10-02,On,ONON,42.36000061035156,https://query2.finance.yahoo.com/v8/finance/chart/ONON,2021-09-15,35.0,121.02857317243304
2025-10-03,On,ONON,42.09999847412109,https://query2.finance.yahoo.com/v8/finance/chart/ONON,2021-09-15,35.0,120.28570992606024
2025-10-06,On,ONON,42.56999969482422,https://query2.finance.yahoo.com/v8/finance/chart/ONON,2021-09-15,35.0,121.62857055664062
2025-10-07,On,ONON,41.709999084472656,https://query2.finance.yahoo.com/v8/finance/chart/ONON,2021-09-15,35.0,119.17142595563617
2025-10-08,On,ONON,43.619998931884766,https://query2.finance.yahoo.com/v8/finance/chart/ONON,2021-09-15,35.0,124.62856837681362
2025-10-09,On,ONON,43.29999923706055,https://query2.finance.yahoo.com/v8/finance/chart/ONON,2021-09-15,35.0,123.7142835344587
2025-10-10,On,ONON,41.86000061035156,https://query2.finance.yahoo.com/v8/finance/chart/ONON,2021-09-15,35.0,119.60000174386161
2025-10-13,On,ONON,42.970001220703125,https://query2.finance.yahoo.com/v8/finance/chart/ONON,2021-09-15,35.0,122.77143205915179
2025-10-14,On,ONON,42.18000030517578,https://query2.finance.yahoo.com/v8/finance/chart/ONON,2021-09-15,35.0,120.51428658621651
2025-10-15,On,ONON,41.43999862670898,https://query2.finance.yahoo.com/v8/finance/chart/ONON,2021-09-15,35.0,118.39999607631135
2025-10-16,On,ONON,41.97999954223633,https://query2.finance.yahoo.com/v8/finance/chart/ONON,2021-09-15,35.0,119.94285583496094
2025-10-17,On,ONON,41.81999969482422,https://query2.finance.yahoo.com/v8/finance/chart/ONON,2021-09-15,35.0,119.48571341378349
2025-10-20,On,ONON,41.470001220703125,https://query2.finance.yahoo.com/v8/finance/chart/ONON,2021-09-15,35.0,118.4857177734375
2025-10-21,On,ONON,42.90999984741211,https://query2.finance.yahoo.com/v8/finance/chart/ONON,2021-09-15,35.0,122.5999995640346
2025-10-22,On,ONON,42.27000045776367,https://query2.finance.yahoo.com/v8/finance/chart/ONON,2021-09-15,35.0,120.77142987932477
2025-10-23,On,ONON,43.22999954223633,https://query2.finance.yahoo.com/v8/finance/chart/ONON,2021-09-15,35.0,123.5142844063895
2025-10-24,On,ONON,41.70000076293945,https://query2.finance.yahoo.com/v8/finance/chart/ONON,2021-09-15,35.0,119.14285932268415
2025-10-27,On,ONON,42.209999084472656,https://query2.finance.yahoo.com/v8/finance/chart/ONON,2021-09-15,35.0,120.59999738420758
2025-10-28,On,ONON,41.16999816894531,https://query2.finance.yahoo.com/v8/finance/chart/ONON,2021-09-15,35.0,117.62856619698661
2025-10-29,On,ONON,39.290000915527344,https://query2.finance.yahoo.com/v8/finance/chart/ONON,2021-09-15,35.0,112.25714547293526
2025-10-30,On,ONON,37.22999954223633,https://query2.finance.yahoo.com/v8/finance/chart/ONON,2021-09-15,35.0,106.37142726353237
2025-10-31,On,ONON,37.150001525878906,https://query2.finance.yahoo.com/v8/finance/chart/ONON,2021-09-15,35.0,106.14286150251117
2025-11-03,On,ONON,36.459999084472656,https://query2.finance.yahoo.com/v8/finance/chart/ONON,2021-09-15,35.0,104.17142595563617
2025-11-04,On,ONON,36.20000076293945,https://query2.finance.yahoo.com/v8/finance/chart/ONON,2021-09-15,35.0,103.42857360839844
2025-11-05,On,ONON,36.08000183105469,https://query2.finance.yahoo.com/v8/finance/chart/ONON,2021-09-15,35.0,103.08571951729911
2025-11-06,On,ONON,35.5099983215332,https://query2.finance.yahoo.com/v8/finance/chart/ONON,2021-09-15,35.0,101.45713806152344
2025-11-07,On,ONON,35.0,https://query2.finance.yahoo.com/v8/finance/chart/ONON,2021-09-15,35.0,100.0
2025-11-10,On,ONON,34.959999084472656,https://query2.finance.yahoo.com/v8/finance/chart/ONON,2021-09-15,35.0,99.88571166992188
2025-11-11,On,ONON,35.18000030517578,https://query2.finance.yahoo.com/v8/finance/chart/ONON,2021-09-15,35.0,100.51428658621651
2025-11-12,On,ONON,41.5099983215332,https://query2.finance.yahoo.com/v8/finance/chart/ONON,2021-09-15,35.0,118.59999520438058
2025-11-13,On,ONON,42.400001525878906,https://query2.finance.yahoo.com/v8/finance/chart/ONON,2021-09-15,35.0,121.14286150251117
2025-11-14,On,ONON,42.400001525878906,https://query2.finance.yahoo.com/v8/finance/chart/ONON,2021-09-15,35.0,121.14286150251117
2025-11-17,On,ONON,41.400001525878906,https://query2.finance.yahoo.com/v8/finance/chart/ONON,2021-09-15,35.0,118.2857186453683
2025-11-18,On,ONON,42.65999984741211,https://query2.finance.yahoo.com/v8/finance/chart/ONON,2021-09-15,35.0,121.88571384974888
2025-11-19,On,ONON,43.29999923706055,https://query2.finance.yahoo.com/v8/finance/chart/ONON,2021-09-15,35.0,123.7142835344587
2025-11-20,On,ONON,41.41999816894531,https://query2.finance.yahoo.com/v8/finance/chart/ONON,2021-09-15,35.0,118.34285191127232
2025-11-21,On,ONON,41.27999877929688,https://query2.finance.yahoo.com/v8/finance/chart/ONON,2021-09-15,35.0,117.94285365513396
2025-11-24,On,ONON,40.790000915527344,https://query2.finance.yahoo.com/v8/finance/chart/ONON,2021-09-15,35.0,116.54285975864956
2025-11-25,On,ONON,41.7599983215332,https://query2.finance.yahoo.com/v8/finance/chart/ONON,2021-09-15,35.0,119.3142809186663
2025-11-26,On,ONON,43.18999862670898,https://query2.finance.yahoo.com/v8/finance/chart/ONON,2021-09-15,35.0,123.39999607631135
2025-11-28,On,ONON,43.9900016784668,https://query2.finance.yahoo.com/v8/finance/chart/ONON,2021-09-15,35.0,125.6857190813337
2025-12-01,On,ONON,44.68000030517578,https://query2.finance.yahoo.com/v8/finance/chart/ONON,2021-09-15,35.0,127.65714372907367
2025-12-02,On,ONON,45.150001525878906,https://query2.finance.yahoo.com/v8/finance/chart/ONON,2021-09-15,35.0,129.000004359654
2025-12-03,On,ONON,47.06999969482422,https://query2.finance.yahoo.com/v8/finance/chart/ONON,2021-09-15,35.0,134.4857134137835
2025-12-04,On,ONON,46.5099983215332,https://query2.finance.yahoo.com/v8/finance/chart/ONON,2021-09-15,35.0,132.88570949009485
2025-12-05,On,ONON,48.13999938964844,https://query2.finance.yahoo.com/v8/finance/chart/ONON,2021-09-15,35.0,137.54285539899553
2025-12-08,On,ONON,47.02000045776367,https://query2.finance.yahoo.com/v8/finance/chart/ONON,2021-09-15,35.0,134.34285845075334
2025-12-09,On,ONON,47.310001373291016,https://query2.finance.yahoo.com/v8/finance/chart/ONON,2021-09-15,35.0,135.1714324951172
2025-12-10,On,ONON,48.720001220703125,https://query2.finance.yahoo.com/v8/finance/chart/ONON,2021-09-15,35.0,139.20000348772322
2025-12-11,On,ONON,49.5,https://query2.finance.yahoo.com/v8/finance/chart/ONON,2021-09-15,35.0,141.42857142857142
2025-12-12,On,ONON,48.7599983215332,https://query2.finance.yahoo.com/v8/finance/chart/ONON,2021-09-15,35.0,139.3142809186663
2025-12-15,On,ONON,47.790000915527344,https://query2.finance.yahoo.com/v8/finance/chart/ONON,2021-09-15,35.0,136.54285975864954
2025-12-16,On,ONON,48.290000915527344,https://query2.finance.yahoo.com/v8/finance/chart/ONON,2021-09-15,35.0,137.971431187221
2025-12-17,On,ONON,48.09999847412109,https://query2.finance.yahoo.com/v8/finance/chart/ONON,2021-09-15,35.0,137.42856706891737
2025-12-18,On,ONON,48.459999084472656,https://query2.finance.yahoo.com/v8/finance/chart/ONON,2021-09-15,35.0,138.45714024135046
2025-12-19,On,ONON,48.56999969482422,https://query2.finance.yahoo.com/v8/finance/chart/ONON,2021-09-15,35.0,138.77142769949776
2025-12-22,On,ONON,48.13999938964844,https://query2.finance.yahoo.com/v8/finance/chart/ONON,2021-09-15,35.0,137.54285539899553
2025-12-23,On,ONON,47.88999938964844,https://query2.finance.yahoo.com/v8/finance/chart/ONON,2021-09-15,35.0,136.82856968470983
2025-12-24,On,ONON,46.4900016784668,https://query2.finance.yahoo.com/v8/finance/chart/ONON,2021-09-15,35.0,132.82857622419084
2025-12-26,On,ONON,46.77999877929688,https://query2.finance.yahoo.com/v8/finance/chart/ONON,2021-09-15,35.0,133.65713936941967
2025-12-29,On,ONON,47.459999084472656,https://query2.finance.yahoo.com/v8/finance/chart/ONON,2021-09-15,35.0,135.5999973842076
2025-12-30,On,ONON,47.45000076293945,https://query2.finance.yahoo.com/v8/finance/chart/ONON,2021-09-15,35.0,135.57143075125558
2025-12-31,On,ONON,46.47999954223633,https://query2.finance.yahoo.com/v8/finance/chart/ONON,2021-09-15,35.0,132.7999986921038
2026-01-02,On,ONON,46.95000076293945,https://query2.finance.yahoo.com/v8/finance/chart/ONON,2021-09-15,35.0,134.14285932268416
2026-01-05,On,ONON,49.0,https://query2.finance.yahoo.com/v8/finance/chart/ONON,2021-09-15,35.0,140.0
2026-01-06,On,ONON,49.040000915527344,https://query2.finance.yahoo.com/v8/finance/chart/ONON,2021-09-15,35.0,140.11428833007812
2026-01-07,On,ONON,48.65999984741211,https://query2.finance.yahoo.com/v8/finance/chart/ONON,2021-09-15,35.0,139.02857099260603
2026-01-08,On,ONON,50.630001068115234,https://query2.finance.yahoo.com/v8/finance/chart/ONON,2021-09-15,35.0,144.65714590890067
2026-01-09,On,ONON,49.119998931884766,https://query2.finance.yahoo.com/v8/finance/chart/ONON,2021-09-15,35.0,140.34285409109933
2026-01-12,On,ONON,48.90999984741211,https://query2.finance.yahoo.com/v8/finance/chart/ONON,2021-09-15,35.0,139.74285670689173
2026-01-13,On,ONON,47.2599983215332,https://query2.finance.yahoo.com/v8/finance/chart/ONON,2021-09-15,35.0,135.02856663295202
2026-01-14,On,ONON,45.06999969482422,https://query2.finance.yahoo.com/v8/finance/chart/ONON,2021-09-15,35.0,128.77142769949776
2026-01-15,On,ONON,46.0,https://query2.finance.yahoo.com/v8/finance/chart/ONON,2021-09-15,35.0,131.42857142857142
2026-01-16,On,ONON,45.04999923706055,https://query2.finance.yahoo.com/v8/finance/chart/ONON,2021-09-15,35.0,128.7142835344587
2026-01-20,On,ONON,44.119998931884766,https://query2.finance.yahoo.com/v8/finance/chart/ONON,2021-09-15,35.0,126.05713980538505
2026-01-21,On,ONON,46.29999923706055,https://query2.finance.yahoo.com/v8/finance/chart/ONON,2021-09-15,35.0,132.28571210588728
2026-01-22,On,ONON,46.619998931884766,https://query2.finance.yahoo.com/v8/finance/chart/ONON,2021-09-15,35.0,133.1999969482422
2026-01-23,On,ONON,45.959999084472656,https://query2.finance.yahoo.com/v8/finance/chart/ONON,2021-09-15,35.0,131.3142830984933
2026-01-26,On,ONON,46.470001220703125,https://query2.finance.yahoo.com/v8/finance/chart/ONON,2021-09-15,35.0,132.77143205915178
2026-01-27,On,ONON,45.52000045776367,https://query2.finance.yahoo.com/v8/finance/chart/ONON,2021-09-15,35.0,130.05714416503906
2026-01-28,On,ONON,44.86000061035156,https://query2.finance.yahoo.com/v8/finance/chart/ONON,2021-09-15,35.0,128.17143031529017
2026-01-29,On,ONON,45.02000045776367,https://query2.finance.yahoo.com/v8/finance/chart/ONON,2021-09-15,35.0,128.62857273646765
2026-01-30,On,ONON,45.25,https://query2.finance.yahoo.com/v8/finance/chart/ONON,2021-09-15,35.0,129.28571428571428
2026-02-02,On,ONON,45.93999862670898,https://query2.finance.yahoo.com/v8/finance/chart/ONON,2021-09-15,35.0,131.25713893345423
2026-02-03,On,ONON,44.130001068115234,https://query2.finance.yahoo.com/v8/finance/chart/ONON,2021-09-15,35.0,126.0857173374721
2026-02-04,On,ONON,43.869998931884766,https://query2.finance.yahoo.com/v8/finance/chart/ONON,2021-09-15,35.0,125.34285409109933
2026-02-05,On,ONON,42.91999816894531,https://query2.finance.yahoo.com/v8/finance/chart/ONON,2021-09-15,35.0,122.62856619698661
2026-02-06,On,ONON,43.470001220703125,https://query2.finance.yahoo.com/v8/finance/chart/ONON,2021-09-15,35.0,124.20000348772321
2026-02-09,On,ONON,44.34000015258789,https://query2.finance.yahoo.com/v8/finance/chart/ONON,2021-09-15,35.0,126.68571472167969
2026-02-10,On,ONON,45.29999923706055,https://query2.finance.yahoo.com/v8/finance/chart/ONON,2021-09-15,35.0,129.42856924874442
2026-02-11,On,ONON,45.290000915527344,https://query2.finance.yahoo.com/v8/finance/chart/ONON,2021-09-15,35.0,129.4000026157924
2026-02-12,On,ONON,44.27000045776367,https://query2.finance.yahoo.com/v8/finance/chart/ONON,2021-09-15,35.0,126.4857155936105
2026-02-13,On,ONON,45.290000915527344,https://query2.finance.yahoo.com/v8/finance/chart/ONON,2021-09-15,35.0,129.4000026157924
2026-02-17,On,ONON,46.65999984741211,https://query2.finance.yahoo.com/v8/finance/chart/ONON,2021-09-15,35.0,133.3142852783203
2026-02-18,On,ONON,47.33000183105469,https://query2.finance.yahoo.com/v8/finance/chart/ONON,2021-09-15,35.0,135.22857666015625
2026-02-19,On,ONON,48.02000045776367,https://query2.finance.yahoo.com/v8/finance/chart/ONON,2021-09-15,35.0,137.2000013078962
2026-02-20,On,ONON,49.41999816894531,https://query2.finance.yahoo.com/v8/finance/chart/ONON,2021-09-15,35.0,141.19999476841517
2026-02-23,On,ONON,47.43999862670898,https://query2.finance.yahoo.com/v8/finance/chart/ONON,2021-09-15,35.0,135.5428532191685
2026-02-24,On,ONON,46.790000915527344,https://query2.finance.yahoo.com/v8/finance/chart/ONON,2021-09-15,35.0,133.6857169015067
2026-02-25,On,ONON,46.650001525878906,https://query2.finance.yahoo.com/v8/finance/chart/ONON,2021-09-15,35.0,133.2857186453683
2026-02-26,On,ONON,47.59999847412109,https://query2.finance.yahoo.com/v8/finance/chart/ONON,2021-09-15,35.0,135.99999564034596
2026-02-27,On,ONON,46.47999954223633,https://query2.finance.yahoo.com/v8/finance/chart/ONON,2021-09-15,35.0,132.7999986921038
2026-03-02,On,ONON,46.7599983215332,https://query2.finance.yahoo.com/v8/finance/chart/ONON,2021-09-15,35.0,133.59999520438058
2026-03-03,On,ONON,43.90999984741211,https://query2.finance.yahoo.com/v8/finance/chart/ONON,2021-09-15,35.0,125.45714242117745
2026-03-04,On,ONON,43.22999954223633,https://query2.finance.yahoo.com/v8/finance/chart/ONON,2021-09-15,35.0,123.5142844063895
2026-03-05,On,ONON,43.369998931884766,https://query2.finance.yahoo.com/v8/finance/chart/ONON,2021-09-15,35.0,123.9142826625279
2026-03-06,On,ONON,41.459999084472656,https://query2.finance.yahoo.com/v8/finance/chart/ONON,2021-09-15,35.0,118.45714024135044
2026-03-09,On,ONON,41.18000030517578,https://query2.finance.yahoo.com/v8/finance/chart/ONON,2021-09-15,35.0,117.65714372907367
2026-03-10,On,ONON,41.02000045776367,https://query2.finance.yahoo.com/v8/finance/chart/ONON,2021-09-15,35.0,117.2000013078962
2026-03-11,On,ONON,39.43999862670898,https://query2.finance.yahoo.com/v8/finance/chart/ONON,2021-09-15,35.0,112.68571036202565
2026-03-12,On,ONON,37.959999084472656,https://query2.finance.yahoo.com/v8/finance/chart/ONON,2021-09-15,35.0,108.45714024135044
2026-03-13,On,ONON,37.9900016784668,https://query2.finance.yahoo.com/v8/finance/chart/ONON,2021-09-15,35.0,108.54286193847656
2026-03-16,On,ONON,39.25,https://query2.finance.yahoo.com/v8/finance/chart/ONON,2021-09-15,35.0,112.14285714285714
2026-03-17,On,ONON,39.790000915527344,https://query2.finance.yahoo.com/v8/finance/chart/ONON,2021-09-15,35.0,113.6857169015067
2026-03-18,On,ONON,39.04999923706055,https://query2.finance.yahoo.com/v8/finance/chart/ONON,2021-09-15,35.0,111.57142639160156
2026-03-19,On,ONON,38.869998931884766,https://query2.finance.yahoo.com/v8/finance/chart/ONON,2021-09-15,35.0,111.05713980538505
2026-03-20,On,ONON,37.65999984741211,https://query2.finance.yahoo.com/v8/finance/chart/ONON,2021-09-15,35.0,107.5999995640346
2026-03-23,On,ONON,39.86000061035156,https://query2.finance.yahoo.com/v8/finance/chart/ONON,2021-09-15,35.0,113.88571602957589
2026-03-24,On,ONON,39.59000015258789,https://query2.finance.yahoo.com/v8/finance/chart/ONON,2021-09-15,35.0,113.11428615025112
2026-03-25,On,ONON,35.15999984741211,https://query2.finance.yahoo.com/v8/finance/chart/ONON,2021-09-15,35.0,100.45714242117745
2026-03-26,On,ONON,32.11000061035156,https://query2.finance.yahoo.com/v8/finance/chart/ONON,2021-09-15,35.0,91.74285888671875
2026-03-27,On,ONON,32.38999938964844,https://query2.finance.yahoo.com/v8/finance/chart/ONON,2021-09-15,35.0,92.54285539899554
2026-03-30,On,ONON,31.8799991607666,https://query2.finance.yahoo.com/v8/finance/chart/ONON,2021-09-15,35.0,91.08571188790458
2026-03-31,On,ONON,34.02000045776367,https://query2.finance.yahoo.com/v8/finance/chart/ONON,2021-09-15,35.0,97.2000013078962
2026-04-01,On,ONON,34.77000045776367,https://query2.finance.yahoo.com/v8/finance/chart/ONON,2021-09-15,35.0,99.34285845075335
2026-04-02,On,ONON,33.029998779296875,https://query2.finance.yahoo.com/v8/finance/chart/ONON,2021-09-15,35.0,94.37142508370536
2026-04-06,On,ONON,33.66999816894531,https://query2.finance.yahoo.com/v8/finance/chart/ONON,2021-09-15,35.0,96.19999476841518
2026-04-07,On,ONON,32.209999084472656,https://query2.finance.yahoo.com/v8/finance/chart/ONON,2021-09-15,35.0,92.02856881277901
2026-04-08,On,ONON,33.810001373291016,https://query2.finance.yahoo.com/v8/finance/chart/ONON,2021-09-15,35.0,96.60000392368862
2026-04-09,On,ONON,34.439998626708984,https://query2.finance.yahoo.com/v8/finance/chart/ONON,2021-09-15,35.0,98.39999607631138
2026-04-10,On,ONON,33.54999923706055,https://query2.finance.yahoo.com/v8/finance/chart/ONON,2021-09-15,35.0,95.85714067731585
2026-04-13,On,ONON,34.189998626708984,https://query2.finance.yahoo.com/v8/finance/chart/ONON,2021-09-15,35.0,97.68571036202567
2026-04-14,On,ONON,35.58000183105469,https://query2.finance.yahoo.com/v8/finance/chart/ONON,2021-09-15,35.0,101.65714808872768
2026-04-15,On,ONON,35.43000030517578,https://query2.finance.yahoo.com/v8/finance/chart/ONON,2021-09-15,35.0,101.22857230050224
2026-04-16,On,ONON,35.41999816894531,https://query2.finance.yahoo.com/v8/finance/chart/ONON,2021-09-15,35.0,101.19999476841518
2026-04-17,On,ONON,36.95000076293945,https://query2.finance.yahoo.com/v8/finance/chart/ONON,2021-09-15,35.0,105.57143075125558
2026-04-20,On,ONON,37.25,https://query2.finance.yahoo.com/v8/finance/chart/ONON,2021-09-15,35.0,106.42857142857143
2026-04-21,On,ONON,36.72999954223633,https://query2.finance.yahoo.com/v8/finance/chart/ONON,2021-09-15,35.0,104.94285583496094
2026-04-22,On,ONON,36.59999847412109,https://query2.finance.yahoo.com/v8/finance/chart/ONON,2021-09-15,35.0,104.57142421177453
2026-04-23,On,ONON,36.220001220703125,https://query2.finance.yahoo.com/v8/finance/chart/ONON,2021-09-15,35.0,103.4857177734375
2026-04-24,On,ONON,36.25,https://query2.finance.yahoo.com/v8/finance/chart/ONON,2021-09-15,35.0,103.57142857142857
2026-04-27,On,ONON,35.93000030517578,https://query2.finance.yahoo.com/v8/finance/chart/ONON,2021-09-15,35.0,102.65714372907367
2026-04-28,On,ONON,35.43000030517578,https://query2.finance.yahoo.com/v8/finance/chart/ONON,2021-09-15,35.0,101.22857230050224
2026-04-29,On,ONON,35.33000183105469,https://query2.finance.yahoo.com/v8/finance/chart/ONON,2021-09-15,35.0,100.94286237444196
2026-04-30,On,ONON,35.61000061035156,https://query2.finance.yahoo.com/v8/finance/chart/ONON,2021-09-15,35.0,101.74285888671875
2026-05-01,On,ONON,34.540000915527344,https://query2.finance.yahoo.com/v8/finance/chart/ONON,2021-09-15,35.0,98.6857169015067
2026-05-04,On,ONON,34.290000915527344,https://query2.finance.yahoo.com/v8/finance/chart/ONON,2021-09-15,35.0,97.97143118722099
2026-05-05,On,ONON,34.59000015258789,https://query2.finance.yahoo.com/v8/finance/chart/ONON,2021-09-15,35.0,98.82857186453683
2026-05-06,On,ONON,36.060001373291016,https://query2.finance.yahoo.com/v8/finance/chart/ONON,2021-09-15,35.0,103.02857535226005
2026-05-07,On,ONON,35.650001525878906,https://query2.finance.yahoo.com/v8/finance/chart/ONON,2021-09-15,35.0,101.85714721679688
2026-05-08,On,ONON,35.2400016784668,https://query2.finance.yahoo.com/v8/finance/chart/ONON,2021-09-15,35.0,100.6857190813337
2026-05-11,On,ONON,34.040000915527344,https://query2.finance.yahoo.com/v8/finance/chart/ONON,2021-09-15,35.0,97.25714547293526
2026-05-12,On,ONON,33.83000183105469,https://query2.finance.yahoo.com/v8/finance/chart/ONON,2021-09-15,35.0,96.65714808872768
2026-05-13,On,ONON,35.38999938964844,https://query2.finance.yahoo.com/v8/finance/chart/ONON,2021-09-15,35.0,101.11428397042411
2026-05-14,On,ONON,36.84000015258789,https://query2.finance.yahoo.com/v8/finance/chart/ONON,2021-09-15,35.0,105.25714329310826
2026-05-15,On,ONON,37.2599983215332,https://query2.finance.yahoo.com/v8/finance/chart/ONON,2021-09-15,35.0,106.45713806152344
2026-05-18,On,ONON,38.09999847412109,https://query2.finance.yahoo.com/v8/finance/chart/ONON,2021-09-15,35.0,108.85713849748882
2026-05-19,On,ONON,37.34000015258789,https://query2.finance.yahoo.com/v8/finance/chart/ONON,2021-09-15,35.0,106.68571472167969
2026-05-20,On,ONON,37.84999847412109,https://query2.finance.yahoo.com/v8/finance/chart/ONON,2021-09-15,35.0,108.1428527832031
2026-05-21,On,ONON,39.18999862670898,https://query2.finance.yahoo.com/v8/finance/chart/ONON,2021-09-15,35.0,111.97142464773992
2026-05-22,On,ONON,39.810001373291016,https://query2.finance.yahoo.com/v8/finance/chart/ONON,2021-09-15,35.0,113.74286106654576
2026-05-26,On,ONON,40.31999969482422,https://query2.finance.yahoo.com/v8/finance/chart/ONON,2021-09-15,35.0,115.1999991280692
2026-05-27,On,ONON,39.619998931884766,https://query2.finance.yahoo.com/v8/finance/chart/ONON,2021-09-15,35.0,113.19999694824219
2026-05-28,On,ONON,39.75,https://query2.finance.yahoo.com/v8/finance/chart/ONON,2021-09-15,35.0,113.57142857142857
2026-05-29,On,ONON,40.81999969482422,https://query2.finance.yahoo.com/v8/finance/chart/ONON,2021-09-15,35.0,116.62857055664062
2026-06-01,On,ONON,39.630001068115234,https://query2.finance.yahoo.com/v8/finance/chart/ONON,2021-09-15,35.0,113.22857448032924
2026-06-02,On,ONON,38.31999969482422,https://query2.finance.yahoo.com/v8/finance/chart/ONON,2021-09-15,35.0,109.48571341378349
2026-06-03,On,ONON,37.52000045776367,https://query2.finance.yahoo.com/v8/finance/chart/ONON,2021-09-15,35.0,107.2000013078962
2026-06-04,On,ONON,37.470001220703125,https://query2.finance.yahoo.com/v8/finance/chart/ONON,2021-09-15,35.0,107.05714634486607
2026-06-05,On,ONON,37.08000183105469,https://query2.finance.yahoo.com/v8/finance/chart/ONON,2021-09-15,35.0,105.94286237444196
2026-06-08,On,ONON,37.11000061035156,https://query2.finance.yahoo.com/v8/finance/chart/ONON,2021-09-15,35.0,106.02857317243304
2026-06-09,On,ONON,38.25,https://query2.finance.yahoo.com/v8/finance/chart/ONON,2021-09-15,35.0,109.28571428571429
2026-06-10,On,ONON,38.0,https://query2.finance.yahoo.com/v8/finance/chart/ONON,2021-09-15,35.0,108.57142857142857
2026-06-11,On,ONON,39.209999084472656,https://query2.finance.yahoo.com/v8/finance/chart/ONON,2021-09-15,35.0,112.02856881277901
2026-06-12,On,ONON,38.58000183105469,https://query2.finance.yahoo.com/v8/finance/chart/ONON,2021-09-15,35.0,110.22857666015625
2026-06-15,On,ONON,38.68999862670898,https://query2.finance.yahoo.com/v8/finance/chart/ONON,2021-09-15,35.0,110.5428532191685
2026-06-16,On,ONON,38.060001373291016,https://query2.finance.yahoo.com/v8/finance/chart/ONON,2021-09-15,35.0,108.74286106654576
2026-06-17,On,ONON,37.720001220703125,https://query2.finance.yahoo.com/v8/finance/chart/ONON,2021-09-15,35.0,107.77143205915179
2026-06-18,On,ONON,38.880001068115234,https://query2.finance.yahoo.com/v8/finance/chart/ONON,2021-09-15,35.0,111.0857173374721
2026-06-22,On,ONON,36.209999084472656,https://query2.finance.yahoo.com/v8/finance/chart/ONON,2021-09-15,35.0,103.45714024135044
2026-06-23,On,ONON,35.13999938964844,https://query2.finance.yahoo.com/v8/finance/chart/ONON,2021-09-15,35.0,100.39999825613839
2026-06-24,On,ONON,36.91999816894531,https://query2.finance.yahoo.com/v8/finance/chart/ONON,2021-09-15,35.0,105.48570905412946
2026-06-25,On,ONON,36.58000183105469,https://query2.finance.yahoo.com/v8/finance/chart/ONON,2021-09-15,35.0,104.51429094587054
2026-06-26,On,ONON,37.06999969482422,https://query2.finance.yahoo.com/v8/finance/chart/ONON,2021-09-15,35.0,105.91428484235492
2026-06-29,On,ONON,35.41999816894531,https://query2.finance.yahoo.com/v8/finance/chart/ONON,2021-09-15,35.0,101.19999476841518
2026-06-30,On,ONON,35.41999816894531,https://query2.finance.yahoo.com/v8/finance/chart/ONON,2021-09-15,35.0,101.19999476841518
2026-07-01,On,ONON,35.560001373291016,https://query2.finance.yahoo.com/v8/finance/chart/ONON,2021-09-15,35.0,101.60000392368862
2026-07-02,On,ONON,36.83000183105469,https://query2.finance.yahoo.com/v8/finance/chart/ONON,2021-09-15,35.0,105.22857666015625
2026-07-06,On,ONON,36.869998931884766,https://query2.finance.yahoo.com/v8/finance/chart/ONON,2021-09-15,35.0,105.34285409109933
2026-07-07,On,ONON,36.619998931884766,https://query2.finance.yahoo.com/v8/finance/chart/ONON,2021-09-15,35.0,104.62856837681362
2026-07-08,On,ONON,36.380001068115234,https://query2.finance.yahoo.com/v8/finance/chart/ONON,2021-09-15,35.0,103.94286019461495
2026-07-09,On,ONON,36.77000045776367,https://query2.finance.yahoo.com/v8/finance/chart/ONON,2021-09-15,35.0,105.05714416503906
2026-07-10,On,ONON,38.540000915527344,https://query2.finance.yahoo.com/v8/finance/chart/ONON,2021-09-15,35.0,110.11428833007812
2026-07-13,On,ONON,37.91999816894531,https://query2.finance.yahoo.com/v8/finance/chart/ONON,2021-09-15,35.0,108.34285191127232
2026-07-14,On,ONON,37.7400016784668,https://query2.finance.yahoo.com/v8/finance/chart/ONON,2021-09-15,35.0,107.82857622419085
2026-07-15,On,ONON,37.459999084472656,https://query2.finance.yahoo.com/v8/finance/chart/ONON,2021-09-15,35.0,107.02856881277901
2026-07-16,On,ONON,38.20000076293945,https://query2.finance.yahoo.com/v8/finance/chart/ONON,2021-09-15,35.0,109.14285932268415
2026-07-17,On,ONON,37.20000076293945,https://query2.finance.yahoo.com/v8/finance/chart/ONON,2021-09-15,35.0,106.2857164655413
2026-07-20,On,ONON,37.650001525878906,https://query2.finance.yahoo.com/v8/finance/chart/ONON,2021-09-15,35.0,107.57143293108258
2026-07-21,On,ONON,37.2400016784668,https://query2.finance.yahoo.com/v8/finance/chart/ONON,2021-09-15,35.0,106.40000479561942
2026-07-22,On,ONON,36.650001525878906,https://query2.finance.yahoo.com/v8/finance/chart/ONON,2021-09-15,35.0,104.71429007393974
2026-07-23,On,ONON,34.84000015258789,https://query2.finance.yahoo.com/v8/finance/chart/ONON,2021-09-15,35.0,99.54285757882255
2026-07-24,On,ONON,35.81999969482422,https://query2.finance.yahoo.com/v8/finance/chart/ONON,2021-09-15,35.0,102.34285627092633
2026-07-27,On,ONON,37.060001373291016,https://query2.finance.yahoo.com/v8/finance/chart/ONON,2021-09-15,35.0,105.8857182094029
2026-07-28,On,ONON,37.88999938964844,https://query2.finance.yahoo.com/v8/finance/chart/ONON,2021-09-15,35.0,108.25714111328125
2026-07-29,On,ONON,37.90999984741211,https://query2.finance.yahoo.com/v8/finance/chart/ONON,2021-09-15,35.0,108.31428527832031
2026-07-30,On,ONON,37.09999847412109,https://query2.finance.yahoo.com/v8/finance/chart/ONON,2021-09-15,35.0,105.99999564034596
2026-07-31,On,ONON,36.2400016784668,https://query2.finance.yahoo.com/v8/finance/chart/ONON,2021-09-15,35.0,103.54286193847656
2026-08-03,On,ONON,37.95000076293945,https://query2.finance.yahoo.com/v8/finance/chart/ONON,2021-09-15,35.0,108.42857360839844
2026-08-04,On,ONON,37.61000061035156,https://query2.finance.yahoo.com/v8/finance/chart/ONON,2021-09-15,35.0,107.45714460100446
2026-08-05,On,ONON,38.18999862670898,https://query2.finance.yahoo.com/v8/finance/chart/ONON,2021-09-15,35.0,109.11428179059708
2026-08-06,On,ONON,37.34000015258789,https://query2.finance.yahoo.com/v8/finance/chart/ONON,2021-09-15,35.0,106.68571472167969
2026-08-07,On,ONON,37.54999923706055,https://query2.finance.yahoo.com/v8/finance/chart/ONON,2021-09-15,35.0,107.28571210588727
2026-08-10,On,ONON,38.77999877929688,https://query2.finance.yahoo.com/v8/finance/chart/ONON,2021-09-15,35.0,110.7999965122768
2026-08-11,On,ONON,30.90999984741211,https://query2.finance.yahoo.com/v8/finance/chart/ONON,2021-09-15,35.0,88.31428527832031
2026-08-12,On,ONON,31.01000022888184,https://query2.finance.yahoo.com/v8/finance/chart/ONON,2021-09-15,35.0,88.60000065394811
2026-08-13,On,ONON,31.59000015258789,https://query2.finance.yahoo.com/v8/finance/chart/ONON,2021-09-15,35.0,90.25714329310826
2026-08-14,On,ONON,32.220001220703125,https://query2.finance.yahoo.com/v8/finance/chart/ONON,2021-09-15,35.0,92.05714634486607
2026-08-17,On,ONON,31.309999465942383,https://query2.finance.yahoo.com/v8/finance/chart/ONON,2021-09-15,35.0,89.45714133126395
2026-08-18,On,ONON,31.030000686645508,https://query2.finance.yahoo.com/v8/finance/chart/ONON,2021-09-15,35.0,88.65714481898716
2026-08-19,On,ONON,31.26000022888184,https://query2.finance.yahoo.com/v8/finance/chart/ONON,2021-09-15,35.0,89.31428636823382
2026-08-20,On,ONON,29.89999961853028,https://query2.finance.yahoo.com/v8/finance/chart/ONON,2021-09-15,35.0,85.42857033865795
2026-08-21,On,ONON,30.020000457763672,https://query2.finance.yahoo.com/v8/finance/chart/ONON,2021-09-15,35.0,85.77142987932477
2026-08-24,On,ONON,29.51000022888184,https://query2.finance.yahoo.com/v8/finance/chart/ONON,2021-09-15,35.0,84.31428636823382
2026-08-25,On,ONON,28.82999992370605,https://query2.finance.yahoo.com/v8/finance/chart/ONON,2021-09-15,35.0,82.37142835344586
2026-08-26,On,ONON,29.229999542236328,https://query2.finance.yahoo.com/v8/finance/chart/ONON,2021-09-15,35.0,83.5142844063895
2026-08-27,On,ONON,28.950000762939453,https://query2.finance.yahoo.com/v8/finance/chart/ONON,2021-09-15,35.0,82.71428789411273
2026-08-28,On,ONON,28.850000381469727,https://query2.finance.yahoo.com/v8/finance/chart/ONON,2021-09-15,35.0,82.42857251848493
2026-08-31,On,ONON,28.5,https://query2.finance.yahoo.com/v8/finance/chart/ONON,2021-09-15,35.0,81.42857142857143
2026-09-01,On,ONON,27.729999542236328,https://query2.finance.yahoo.com/v8/finance/chart/ONON,2021-09-15,35.0,79.22857012067523
2026-09-02,On,ONON,27.799999237060547,https://query2.finance.yahoo.com/v8/finance/chart/ONON,2021-09-15,35.0,79.42856924874442
2026-09-03,On,ONON,28.36000061035156,https://query2.finance.yahoo.com/v8/finance/chart/ONON,2021-09-15,35.0,81.02857317243303
2026-09-04,On,ONON,27.989999771118164,https://query2.finance.yahoo.com/v8/finance/chart/ONON,2021-09-15,35.0,79.97142791748047
2026-09-08,On,ONON,27.270000457763672,https://query2.finance.yahoo.com/v8/finance/chart/ONON,2021-09-15,35.0,77.91428702218192
2026-09-09,On,ONON,26.84000015258789,https://query2.finance.yahoo.com/v8/finance/chart/ONON,2021-09-15,35.0,76.68571472167969
2026-09-10,On,ONON,26.850000381469727,https://query2.finance.yahoo.com/v8/finance/chart/ONON,2021-09-15,35.0,76.71428680419922
2026-09-11,On,ONON,27.40999984741211,https://query2.finance.yahoo.com/v8/finance/chart/ONON,2021-09-15,35.0,78.31428527832031
2026-09-14,On,ONON,27.46999931335449,https://query2.finance.yahoo.com/v8/finance/chart/ONON,2021-09-15,35.0,78.48571232386996
2026-09-15,On,ONON,26.76000022888184,https://query2.finance.yahoo.com/v8/finance/chart/ONON,2021-09-15,35.0,76.45714351109098
